file,data_loader,fov_points_only,data_mode,stage,grid_size_x,grid_size_y,grid_size_z,block_size_x,block_size_y,block_size_z,num_blocks_x,num_blocks_y,num_blocks_z,total_voxels,non_empty_voxels,voxel_sparsity,block_requests_total,block_voxel_limit,blocks_total,blocks_empty,blocks_nonempty,blocks_fraction_empty,blocks_over_capacity,blocks_max_voxels,blocks_max_fill_ratio,blocks_mean_voxels_per_block,blocks_mean_voxels_all,block_count_hist,Nonempty_block0,Nonempty_block1,Nonempty_block2,Nonempty_block3,Nonempty_block4,Nonempty_block5,Nonempty_block6,Nonempty_block7,Nonempty_block8,Nonempty_block9,Nonempty_block10,Nonempty_block11,Nonempty_block12,Nonempty_block13,Nonempty_block14,Nonempty_block15,Nonempty_block16,Nonempty_block17,Nonempty_block18,Nonempty_block19,Nonempty_block20,Nonempty_block21,Nonempty_block22,Nonempty_block23,Nonempty_block24,Nonempty_block25,Nonempty_block26,Nonempty_block27,Nonempty_block28,Nonempty_block29,Nonempty_block30,Nonempty_block31,Nonempty_block32,Nonempty_block33,Nonempty_block34,Nonempty_block35,Nonempty_block36,Nonempty_block37,Nonempty_block38,Nonempty_block39,Nonempty_block40,Nonempty_block41,Nonempty_block42,Nonempty_block43,Nonempty_block44,Nonempty_block45,Nonempty_block46,Nonempty_block47,Nonempty_block48,Nonempty_block49,Nonempty_block50,Nonempty_block51,Nonempty_block52,Nonempty_block53,Nonempty_block54,Nonempty_block55,Nonempty_block56,Nonempty_block57,Nonempty_block58,Nonempty_block59,Nonempty_block60,Nonempty_block61,Nonempty_block62,Nonempty_block63,Nonempty_block64,Nonempty_block65,Nonempty_block66,Nonempty_block67,Nonempty_block68,Nonempty_block69,Nonempty_block70,Nonempty_block71,Nonempty_block72,Nonempty_block73,Nonempty_block74,Nonempty_block75,Nonempty_block76,Nonempty_block77,Nonempty_block78,Nonempty_block79,Nonempty_block80,Nonempty_block81,Nonempty_block82,Nonempty_block83,Nonempty_block84,Nonempty_block85,Nonempty_block86,Nonempty_block87,Nonempty_block88,Nonempty_block89,Nonempty_block90,Nonempty_block91,Nonempty_block92,Nonempty_block93,Nonempty_block94,Nonempty_block95,Nonempty_block96,Nonempty_block97,Nonempty_block98,Nonempty_block99,Nonempty_block100,Nonempty_block101,Nonempty_block102,Nonempty_block103,Nonempty_block104,Nonempty_block105,Nonempty_block106,Nonempty_block107,Nonempty_block108,Nonempty_block109,Nonempty_block110,Nonempty_block111,Nonempty_block112,Nonempty_block113,Nonempty_block114,Nonempty_block115,Nonempty_block116,Nonempty_block117,Nonempty_block118,Nonempty_block119,Nonempty_block120,Nonempty_block121,Nonempty_block122,Nonempty_block123,Nonempty_block124,Nonempty_block125,Nonempty_block126,Nonempty_block127,Nonempty_block128,Nonempty_block129,Nonempty_block130,Nonempty_block131,Nonempty_block132,Nonempty_block133,Nonempty_block134,Nonempty_block135,Nonempty_block136,Nonempty_block137,Nonempty_block138,Nonempty_block139,Nonempty_block140,Nonempty_block141,Nonempty_block142,Nonempty_block143,Nonempty_block144,Nonempty_block145,Nonempty_block146,Nonempty_block147,Nonempty_block148,Nonempty_block149,Nonempty_block150,Nonempty_block151,Nonempty_block152,Nonempty_block153,Nonempty_block154,Nonempty_block155,Nonempty_block156,Nonempty_block157,Nonempty_block158,Nonempty_block159,Nonempty_block160,Nonempty_block161,Nonempty_block162,Nonempty_block163,Nonempty_block164,Nonempty_block165,Nonempty_block166,Nonempty_block167,Nonempty_block168,Nonempty_block169,Nonempty_block170,Nonempty_block171,Nonempty_block172,Nonempty_block173,Nonempty_block174,Nonempty_block175,Nonempty_block176,Nonempty_block177,Nonempty_block178,Nonempty_block179,Nonempty_block180,Nonempty_block181,Nonempty_block182,Nonempty_block183,Nonempty_block184,Nonempty_block185,Nonempty_block186,Nonempty_block187,Nonempty_block188,Nonempty_block189,Nonempty_block190,Nonempty_block191,Nonempty_block192,Nonempty_block193,Nonempty_block194,Nonempty_block195,Nonempty_block196,Nonempty_block197,Nonempty_block198,Nonempty_block199,Nonempty_block200,Nonempty_block201,Nonempty_block202,Nonempty_block203,Nonempty_block204,Nonempty_block205,Nonempty_block206,Nonempty_block207,Nonempty_block208,Nonempty_block209,Nonempty_block210,Nonempty_block211,Nonempty_block212,Nonempty_block213,Nonempty_block214,Nonempty_block215,Nonempty_block216,Nonempty_block217,Nonempty_block218,Nonempty_block219,Nonempty_block220,Nonempty_block221,Nonempty_block222,Nonempty_block223,Nonempty_block224,Nonempty_block225,Nonempty_block226,Nonempty_block227,Nonempty_block228
000000.bin,KittiDataset.__getitem__,True,kitti,conv4.0,176,200,5,10,10,6,18,20,1,176000,3337,0.018960227272727274,4802,600,360,301,59,0.8361111111111111,0,397,0.6616666666666666,81.38983050847457,13.338888888888889,0:301;1:1;2:1;3:2;4:4;5:1;6:1;8:13;10:4;12:4;21:1;33:1;36:1;38:1;49:1;50:1;52:1;53:1;56:1;76:1;78:1;93:1;95:1;97:1;98:1;110:1;180:1;200:1;215:1;261:1;274:1;288:1;298:1;326:1;334:1;379:1;387:1;397:1,12,36,8,12,8,10,8,93,180,52,4,8,4,10,8,97,334,274,98,8,3,6,56,288,387,200,8,12,4,5,10,3,1,10,261,379,215,38,8,8,8,2,50,298,397,110,76,326,95,33,78,53,12,8,49,21,8,8,4,,,,,,,,,,,,,,,,,,,,,,,,,,,,,,,,,,,,,,,,,,,,,,,,,,,,,,,,,,,,,,,,,,,,,,,,,,,,,,,,,,,,,,,,,,,,,,,,,,,,,,,,,,,,,,,,,,,,,,,,,,,,,,,,,,,,,,,,,,,,,,,,,,,,,,,,,,,,,,,,,,,,,,,,,,
000001.bin,KittiDataset.__getitem__,True,kitti,conv4.0,176,200,5,10,10,6,18,20,1,176000,10564,0.06002272727272727,15094,600,360,221,139,0.6138888888888889,0,326,0.5433333333333333,108.58992805755396,41.92777777777778,0:221;2:1;4:7;8:1;12:4;14:5;16:5;17:1;18:1;20:1;21:1;25:2;30:2;33:1;34:1;37:2;38:1;40:2;43:1;48:1;50:2;54:1;56:1;57:2;58:2;59:1;61:1;62:1;64:1;66:1;68:3;72:1;73:1;74:2;76:3;86:2;87:2;88:4;90:1;92:1;93:1;94:1;95:2;96:2;98:2;104:2;106:1;108:1;110:1;112:1;114:1;116:1;120:1;123:1;127:1;132:1;134:1;135:1;139:2;142:1;146:1;148:1;150:1;154:3;156:1;160:1;164:2;172:2;182:1;188:1;190:1;191:1;202:1;206:1;217:1;218:2;221:1;231:1;232:2;234:1;240:1;260:1;268:2;272:1;280:1;286:1;288:3;289:1;293:1;309:1;324:1;326:1,16,18,21,25,14,123,268,288,293,182,68,90,4,98,272,289,232,218,218,127,116,87,57,95,87,62,50,14,8,135,326,324,280,217,164,154,134,88,72,86,30,12,20,58,33,106,286,288,240,164,96,96,76,58,12,56,12,2,43,37,76,260,288,268,234,202,188,154,146,110,76,48,14,4,14,68,191,231,206,190,172,132,142,98,104,12,34,14,112,108,88,59,68,57,40,50,4,4,16,54,120,86,93,104,94,74,66,88,88,38,4,74,139,156,154,114,148,95,92,64,16,16,4,160,309,221,150,232,139,73,61,17,30,16,40,172,37,4,25,,,,,,,,,,,,,,,,,,,,,,,,,,,,,,,,,,,,,,,,,,,,,,,,,,,,,,,,,,,,,,,,,,,,,,,,,,,,,,,,,,,,,,,,,,
000002.bin,KittiDataset.__getitem__,True,kitti,conv4.0,176,200,5,10,10,6,18,20,1,176000,4695,0.026676136363636364,7228,600,360,298,62,0.8277777777777777,0,391,0.6516666666666666,116.58064516129032,20.07777777777778,0:298;4:2;6:1;9:1;10:1;21:1;31:2;32:1;36:1;42:1;43:1;44:2;45:1;46:1;53:1;58:2;64:1;68:1;69:1;70:1;71:1;73:1;74:2;76:1;79:1;81:2;83:1;88:1;96:1;98:1;108:1;127:1;134:1;139:1;143:1;144:2;145:1;161:1;162:1;163:1;168:1;179:1;180:1;184:1;188:1;197:1;205:1;211:1;214:1;252:1;264:2;271:1;274:1;354:1;391:1,74,79,81,74,139,145,127,143,70,88,69,46,4,9,32,73,71,197,252,274,264,188,180,161,211,96,68,53,31,31,6,81,98,44,168,271,354,391,264,205,163,144,179,44,76,36,83,162,214,184,58,108,134,144,64,43,45,42,58,4,10,21,,,,,,,,,,,,,,,,,,,,,,,,,,,,,,,,,,,,,,,,,,,,,,,,,,,,,,,,,,,,,,,,,,,,,,,,,,,,,,,,,,,,,,,,,,,,,,,,,,,,,,,,,,,,,,,,,,,,,,,,,,,,,,,,,,,,,,,,,,,,,,,,,,,,,,,,,,,,,,,,,,,,,,,
000003.bin,KittiDataset.__getitem__,True,kitti,conv4.0,176,200,5,10,10,6,18,20,1,176000,4219,0.023971590909090908,5970,600,360,298,62,0.8277777777777777,0,333,0.555,96.29032258064517,16.583333333333332,0:298;1:1;2:1;3:1;4:1;6:1;8:2;9:1;15:1;16:4;17:1;20:1;21:1;23:1;26:1;31:1;33:1;35:1;38:1;39:1;40:1;43:1;49:1;59:1;61:1;62:1;64:1;67:1;75:1;76:1;81:2;82:1;89:2;91:1;94:1;100:2;109:1;127:1;128:1;134:1;146:1;150:1;156:1;172:1;175:1;187:1;218:1;221:1;242:1;248:2;252:1;289:1;299:1;330:1;333:1,67,40,100,289,76,33,38,49,1,35,89,21,9,242,330,333,175,134,109,91,6,15,75,64,81,26,16,156,43,16,82,248,299,252,172,146,127,89,31,16,23,59,81,62,248,218,221,187,150,128,17,3,20,94,8,4,39,100,8,2,16,61,,,,,,,,,,,,,,,,,,,,,,,,,,,,,,,,,,,,,,,,,,,,,,,,,,,,,,,,,,,,,,,,,,,,,,,,,,,,,,,,,,,,,,,,,,,,,,,,,,,,,,,,,,,,,,,,,,,,,,,,,,,,,,,,,,,,,,,,,,,,,,,,,,,,,,,,,,,,,,,,,,,,,,,
000004.bin,KittiDataset.__getitem__,True,kitti,conv4.0,176,200,5,10,10,6,18,20,1,176000,11789,0.06698295454545454,17042,600,360,194,166,0.5388888888888889,0,325,0.5416666666666666,102.66265060240964,47.33888888888889,0:194;4:9;5:2;8:4;10:1;11:1;12:3;14:2;15:1;16:2;18:1;20:2;22:1;23:1;24:3;26:1;29:1;30:1;31:1;32:1;34:2;36:4;38:4;40:1;42:3;46:2;48:2;50:3;52:2;54:5;55:1;56:3;58:3;60:1;64:2;65:2;67:1;68:1;71:1;72:3;73:1;74:1;75:1;76:1;83:1;86:2;90:1;92:2;95:1;96:2;98:1;101:1;104:1;105:1;106:1;108:2;112:1;114:2;118:2;124:1;126:1;136:2;137:1;142:1;144:2;145:1;146:2;147:1;154:1;158:1;161:1;162:1;164:1;167:1;170:1;177:1;178:1;180:1;181:1;183:1;190:2;191:1;196:1;198:1;200:1;210:1;213:1;215:1;216:1;222:1;226:1;230:1;231:1;232:1;234:1;237:1;238:1;239:1;243:1;260:1;266:1;267:1;268:1;271:1;274:1;278:1;280:1;282:1;288:2;304:1;325:1,8,76,104,29,24,16,16,14,18,38,72,23,15,40,24,243,231,38,42,170,142,10,191,118,48,4,4,73,147,177,288,183,237,304,161,167,181,65,46,48,34,36,20,71,267,288,238,216,190,178,137,108,92,106,55,31,24,12,101,268,278,222,180,162,112,56,54,56,52,114,280,282,234,164,136,98,50,50,54,52,75,239,266,260,226,200,190,144,136,108,54,72,32,26,4,67,210,232,230,213,198,158,154,146,74,114,42,38,4,20,90,96,86,60,64,124,72,36,65,34,4,8,4,64,95,83,86,118,36,8,58,12,22,5,14,4,56,54,92,96,42,196,145,105,144,58,12,50,58,146,325,126,4,8,4,68,271,274,215,54,11,38,46,30,5,36,,,,,,,,,,,,,,,,,,,,,,,,,,,,,,,,,,,,,,,,,,,,,,,,,,,,,,,,,,,,,,,
000005.bin,KittiDataset.__getitem__,True,kitti,conv4.0,176,200,5,10,10,6,18,20,1,176000,11267,0.06401704545454545,15908,600,360,212,148,0.5888888888888889,0,338,0.5633333333333334,107.48648648648648,44.18888888888889,0:212;2:3;4:4;5:2;6:1;8:5;9:1;10:1;12:6;13:1;14:1;16:1;18:1;20:2;22:1;23:1;24:1;25:2;26:2;27:2;28:1;29:2;30:1;31:1;36:3;38:1;40:1;42:1;43:1;44:1;46:1;50:1;51:2;52:1;53:1;54:1;56:3;58:2;61:1;62:1;63:1;65:1;68:1;72:1;73:1;74:1;78:1;79:1;80:1;89:1;90:2;91:1;94:1;95:3;97:1;99:2;101:1;105:1;108:1;110:1;113:1;117:1;119:2;120:1;128:2;133:1;134:2;137:1;138:1;139:1;142:1;144:2;150:1;151:1;152:1;153:1;164:1;167:2;168:1;170:1;176:1;181:1;185:1;192:2;199:1;202:1;208:2;219:1;232:1;234:1;244:1;245:1;246:2;256:1;258:2;264:1;266:1;282:1;285:1;287:2;288:2;289:2;293:1;302:2;305:1;338:1,6,5,23,27,26,2,12,12,12,10,2,8,25,20,139,31,4,4,8,9,29,27,53,153,46,134,258,89,36,36,5,42,305,293,133,164,282,142,44,12,4,79,72,246,287,176,99,167,289,202,78,51,65,117,51,289,302,285,246,80,105,244,199,138,128,119,167,54,8,8,58,256,288,264,208,108,74,144,134,97,101,73,38,24,30,16,22,258,288,234,168,144,90,56,56,62,14,56,12,8,4,58,266,287,232,170,151,128,95,119,120,63,90,36,50,28,20,12,68,181,208,338,192,61,95,52,110,150,219,91,43,25,26,18,192,245,185,137,152,113,95,302,94,2,40,13,99,29,,,,,,,,,,,,,,,,,,,,,,,,,,,,,,,,,,,,,,,,,,,,,,,,,,,,,,,,,,,,,,,,,,,,,,,,,,,,,,,,,
000006.bin,KittiDataset.__getitem__,True,kitti,conv4.0,176,200,5,10,10,6,18,20,1,176000,8531,0.04847159090909091,12372,600,360,206,154,0.5722222222222222,0,311,0.5183333333333333,80.33766233766234,34.36666666666667,0:206;1:2;2:4;3:1;4:7;6:2;7:1;8:4;9:2;10:2;12:3;14:1;15:2;16:2;17:2;18:1;22:5;23:1;24:3;25:1;26:1;27:1;28:2;30:3;32:5;34:2;35:1;36:1;37:2;38:1;39:1;40:4;42:2;43:1;45:1;46:2;49:1;50:1;51:1;52:2;53:1;54:2;57:1;61:2;63:1;64:2;65:1;66:1;68:1;79:1;81:1;82:1;84:1;85:1;86:2;99:1;103:2;105:1;108:2;109:1;110:2;112:2;113:1;115:1;116:2;119:1;123:1;124:1;125:1;126:1;128:1;133:2;135:1;138:1;142:2;144:1;151:1;158:1;160:2;165:1;169:1;180:1;184:1;190:1;191:1;208:1;213:1;230:1;232:2;235:1;236:1;240:1;268:1;284:1;288:2;289:1;296:1;299:1;311:1,1,15,2,3,32,4,35,15,6,4,9,12,8,17,17,12,22,23,22,16,22,49,64,81,85,52,42,51,61,57,30,110,311,289,235,208,213,160,119,45,64,135,36,9,1,24,8,191,299,296,232,184,165,126,112,65,84,123,38,26,40,25,30,10,142,284,288,236,158,108,138,105,28,40,50,24,4,7,37,54,86,268,288,240,160,116,109,125,43,32,24,28,82,230,232,180,124,108,116,63,66,16,34,8,39,14,32,6,32,190,113,52,86,110,133,22,37,40,27,112,115,103,2,10,32,12,46,151,79,169,53,4,8,46,68,18,4,40,142,99,30,103,22,2,133,61,4,144,128,4,54,42,2,34,,,,,,,,,,,,,,,,,,,,,,,,,,,,,,,,,,,,,,,,,,,,,,,,,,,,,,,,,,,,,,,,,,,,,,,,,,,
000007.bin,KittiDataset.__getitem__,True,kitti,conv4.0,176,200,5,10,10,6,18,20,1,176000,12602,0.07160227272727272,19091,600,360,174,186,0.48333333333333334,0,313,0.5216666666666666,102.63978494623656,53.03055555555556,0:174;4:4;6:3;8:1;10:3;11:2;12:4;14:2;15:1;16:5;17:1;18:1;19:1;20:5;21:2;22:2;24:1;28:3;30:5;32:1;34:1;35:2;36:1;39:1;40:1;42:1;43:2;44:1;46:2;47:1;48:1;52:3;53:1;57:1;60:2;62:1;66:2;67:2;68:3;69:1;70:1;71:1;72:1;74:3;76:1;78:2;79:1;80:1;81:1;83:2;84:1;85:1;88:1;90:2;91:1;92:1;95:1;96:3;97:1;98:2;100:3;101:1;104:2;108:3;111:1;116:1;118:2;119:1;120:2;122:1;123:1;125:1;126:2;129:1;132:2;134:1;136:2;139:1;140:2;141:1;142:1;143:1;152:1;154:1;155:1;158:1;159:1;162:1;165:2;167:1;170:1;176:2;180:1;181:1;182:1;185:1;191:1;193:2;194:1;196:1;199:2;200:1;205:2;220:1;222:1;229:1;232:1;233:1;240:1;241:1;243:1;250:1;253:1;258:1;260:2;265:2;273:2;282:1;284:1;288:1;295:1;313:1,16,67,21,16,10,39,96,181,28,4,12,4,14,80,185,165,101,43,28,11,78,182,143,46,10,108,136,18,88,205,176,125,111,98,100,52,6,34,95,67,14,11,20,81,97,96,116,108,52,22,44,134,132,140,126,119,100,57,46,69,43,52,35,42,36,72,199,194,191,193,176,142,100,126,60,108,12,20,16,16,6,104,250,313,258,229,193,152,118,139,96,40,30,53,19,10,6,83,265,282,253,220,233,162,122,155,98,84,66,85,60,30,35,32,71,284,288,240,205,180,70,66,48,30,22,47,196,243,222,158,120,74,74,68,62,76,24,20,4,8,68,273,260,232,200,170,136,132,129,120,90,12,4,20,12,30,141,273,295,260,241,199,140,167,118,74,83,68,30,15,17,265,165,159,154,78,104,79,91,92,123,90,20,28,16,21,,,,,,,,,,,,,,,,,,,,,,,,,,,,,,,,,,,,,,,,,,,
000008.bin,KittiDataset.__getitem__,True,kitti,conv4.0,176,200,5,10,10,6,18,20,1,176000,5297,0.03009659090909091,7692,600,360,280,80,0.7777777777777778,0,316,0.5266666666666666,96.15,21.366666666666667,0:280;2:1;4:5;6:1;14:1;16:1;18:1;20:1;21:1;22:1;23:2;24:2;26:1;28:2;29:1;30:1;33:1;34:1;39:1;40:1;44:2;46:1;48:1;49:1;52:1;54:1;55:1;57:1;60:1;62:1;64:3;66:1;67:1;68:1;72:1;73:1;78:1;82:1;85:1;94:2;99:1;101:1;107:2;114:1;140:1;143:1;151:2;155:1;165:1;169:1;170:1;178:1;183:1;190:1;194:1;198:1;205:1;211:1;212:1;214:1;229:1;233:1;234:1;247:1;252:1;269:1;293:1;316:1,26,48,20,4,23,73,64,28,21,44,57,24,30,107,29,4,4,33,99,60,68,46,62,64,18,66,28,85,169,194,269,165,94,114,94,52,24,39,16,4,49,155,211,234,212,170,205,233,82,67,78,40,6,178,247,316,151,183,107,140,64,23,44,14,34,214,252,143,190,151,22,2,101,229,293,198,55,4,72,54,,,,,,,,,,,,,,,,,,,,,,,,,,,,,,,,,,,,,,,,,,,,,,,,,,,,,,,,,,,,,,,,,,,,,,,,,,,,,,,,,,,,,,,,,,,,,,,,,,,,,,,,,,,,,,,,,,,,,,,,,,,,,,,,,,,,,,,,,,,,,,,,,,,,,
000009.bin,KittiDataset.__getitem__,True,kitti,conv4.0,176,200,5,10,10,6,18,20,1,176000,11246,0.06389772727272727,16594,600,360,181,179,0.5027777777777778,0,288,0.48,92.70391061452514,46.09444444444444,0:181;2:2;3:1;4:9;6:4;7:1;8:5;10:1;12:6;14:3;15:1;16:3;18:7;22:2;23:1;24:3;25:1;26:1;27:2;28:2;30:2;32:1;34:1;35:1;36:2;40:1;42:1;44:2;46:1;48:2;50:2;51:1;56:2;59:1;60:1;62:1;64:2;68:2;70:1;71:1;74:2;76:1;77:1;78:3;81:1;82:2;84:3;85:1;86:2;92:1;96:2;98:2;99:1;101:1;102:2;104:1;106:1;108:1;109:1;110:2;111:1;112:4;114:1;115:1;116:1;120:2;123:4;124:1;126:1;127:1;131:1;132:1;134:3;136:1;137:1;139:1;142:2;144:1;150:1;156:1;166:3;172:1;173:1;177:1;178:1;184:1;186:2;190:1;194:1;200:1;201:1;204:1;217:1;222:2;223:1;224:1;238:1;246:1;247:1;250:2;255:1;266:1;268:2;276:1;278:1;280:1;283:1;285:1;288:1,18,4,18,14,59,6,12,26,166,71,4,27,115,112,110,6,82,68,144,77,50,6,3,22,15,18,112,142,98,116,186,132,84,84,84,98,7,30,12,34,166,166,134,124,106,92,123,101,111,64,35,4,8,8,56,222,250,222,194,186,184,178,126,110,104,24,2,10,70,247,285,268,255,224,177,134,114,108,44,81,8,22,4,16,12,96,283,280,250,268,190,120,60,40,36,16,4,12,86,278,276,238,204,150,96,48,48,42,36,28,12,74,266,288,246,172,142,112,86,68,78,14,50,4,46,18,4,14,76,223,217,173,134,156,139,102,120,109,123,82,131,99,112,51,62,200,137,123,136,201,85,78,127,123,74,56,4,30,102,18,18,28,44,2,8,78,24,25,64,6,16,12,18,27,8,23,32,24,4,,,,,,,,,,,,,,,,,,,,,,,,,,,,,,,,,,,,,,,,,,,,,,,,,,
000010.bin,KittiDataset.__getitem__,True,kitti,conv4.0,176,200,5,10,10,6,18,20,1,176000,8204,0.046613636363636364,11941,600,360,191,169,0.5305555555555556,0,310,0.5166666666666667,70.65680473372781,33.169444444444444,0:191;2:4;3:1;4:3;5:1;6:2;8:2;10:5;11:1;12:7;13:1;14:2;15:1;16:4;17:1;18:2;19:2;20:5;22:6;23:1;24:2;25:2;26:3;28:3;30:5;31:4;32:1;34:2;36:5;38:4;41:1;42:1;43:2;44:4;46:1;48:1;50:3;52:4;55:1;56:3;59:2;60:1;61:1;62:3;65:1;68:1;70:1;71:2;72:3;74:1;78:4;80:2;83:1;86:1;87:1;91:1;100:1;109:1;111:1;114:1;115:2;123:1;124:1;127:1;133:1;134:3;138:1;144:1;147:1;150:1;159:1;161:1;168:2;181:1;184:1;190:1;192:1;202:1;203:1;222:1;226:2;248:1;255:1;258:1;275:1;280:1;281:2;282:1;305:1;310:1,12,31,14,115,72,17,41,18,2,8,68,71,168,11,36,26,25,5,20,30,168,147,109,111,71,12,15,36,25,12,2,144,248,202,100,31,31,23,31,44,46,56,62,19,24,43,127,305,226,161,124,87,52,50,72,52,36,30,28,10,4,181,281,280,226,203,184,138,65,59,50,3,10,19,13,134,310,222,134,192,134,72,60,44,24,30,16,10,78,275,258,190,150,61,55,34,36,59,28,14,6,22,78,281,282,255,159,133,38,10,28,38,70,56,38,22,20,44,115,123,114,83,91,86,62,26,6,16,44,48,16,20,10,18,12,22,38,50,30,12,12,2,32,20,22,22,52,22,80,74,78,16,56,62,26,30,80,78,42,34,12,2,4,8,20,52,36,43,4,,,,,,,,,,,,,,,,,,,,,,,,,,,,,,,,,,,,,,,,,,,,,,,,,,,,,,,,,,,,
000011.bin,KittiDataset.__getitem__,True,kitti,conv4.0,176,200,5,10,10,6,18,20,1,176000,7946,0.04514772727272727,11329,600,360,250,110,0.6944444444444444,0,332,0.5533333333333333,102.99090909090908,31.469444444444445,0:250;3:1;4:4;6:2;8:3;9:1;10:2;11:1;12:4;13:1;14:1;15:2;16:1;18:2;19:2;26:1;28:1;29:1;30:1;32:1;34:1;36:1;38:1;43:1;44:2;46:1;48:1;49:1;50:1;51:2;54:2;55:1;57:1;64:1;69:1;72:1;73:1;76:1;78:1;79:1;81:1;83:1;86:1;87:1;90:1;92:1;94:1;102:1;106:2;109:1;110:1;112:1;117:1;123:1;126:1;132:1;134:1;135:2;136:1;138:1;143:1;147:1;152:1;159:1;168:1;169:1;170:2;176:1;180:1;184:1;187:1;191:1;192:2;211:1;213:1;218:1;228:1;232:1;234:1;240:1;244:1;247:2;266:2;268:1;285:1;290:1;294:1;300:1;332:1,8,117,73,15,106,109,147,54,10,38,159,192,110,81,106,12,4,54,244,240,232,26,4,19,6,14,64,12,28,86,266,332,228,300,211,136,135,34,79,18,78,50,18,15,32,112,294,290,234,180,152,123,135,72,48,44,170,43,8,69,8,46,266,285,268,218,187,138,102,90,44,30,176,87,13,55,49,143,213,247,192,247,126,36,76,83,4,132,92,12,51,29,51,168,191,184,170,169,134,94,57,10,9,11,12,6,16,4,19,3,,,,,,,,,,,,,,,,,,,,,,,,,,,,,,,,,,,,,,,,,,,,,,,,,,,,,,,,,,,,,,,,,,,,,,,,,,,,,,,,,,,,,,,,,,,,,,,,,,,,,,,,,,,,,,,,,,,,,,,
000012.bin,KittiDataset.__getitem__,True,kitti,conv4.0,176,200,5,10,10,6,18,20,1,176000,11761,0.06682386363636364,16853,600,360,165,195,0.4583333333333333,0,368,0.6133333333333333,86.42564102564103,46.81388888888889,0:165;2:1;4:7;6:2;7:1;8:3;10:3;12:4;15:1;16:3;18:1;19:1;20:3;21:1;22:4;24:5;25:1;26:5;28:4;29:1;30:1;32:3;36:2;37:1;38:2;40:4;42:1;44:1;45:1;46:1;47:1;48:1;50:11;52:2;53:1;54:2;56:2;57:3;58:5;59:3;60:1;62:2;63:1;64:3;69:1;70:1;72:1;76:2;78:4;80:1;82:3;84:2;86:2;90:1;91:3;92:4;96:1;98:3;100:1;104:2;106:1;110:1;112:2;113:2;114:1;116:2;118:1;120:2;124:1;125:1;129:1;132:2;135:1;139:1;151:1;152:1;156:1;157:1;159:1;162:1;164:3;170:2;174:1;175:1;176:1;177:1;179:1;182:1;192:1;214:2;217:1;218:1;232:2;234:1;236:1;238:2;250:1;251:1;254:1;257:1;274:1;277:1;280:1;338:1;368:2,2,57,4,50,368,69,4,96,217,368,42,12,78,50,76,98,218,338,152,26,28,120,175,80,91,50,84,157,234,277,232,170,59,12,64,250,214,214,118,116,92,56,36,114,82,59,182,236,192,78,63,251,280,238,176,110,104,64,50,24,50,32,46,82,10,22,70,254,274,232,156,112,113,62,58,28,50,50,12,12,8,120,177,257,238,164,159,151,86,78,62,48,36,28,44,30,20,47,139,164,174,162,124,86,54,58,54,10,56,26,6,6,38,129,132,132,116,84,82,50,60,4,50,16,16,15,22,92,170,106,125,98,58,91,78,26,8,28,50,53,16,100,92,91,50,22,25,7,26,57,32,38,40,24,4,52,104,52,45,24,29,18,19,57,164,135,90,24,32,58,92,64,40,37,98,179,21,26,72,76,59,10,112,113,22,40,4,58,8,20,20,24,40,4,4,,,,,,,,,,,,,,,,,,,,,,,,,,,,,,,,,,
000013.bin,KittiDataset.__getitem__,True,kitti,conv4.0,176,200,5,10,10,6,18,20,1,176000,11646,0.06617045454545455,16604,600,360,227,133,0.6305555555555555,1,601,1.0016666666666667,124.84210526315789,46.12222222222222,0:227;4:1;8:5;12:2;14:1;16:3;18:2;20:3;21:1;22:1;24:1;25:1;26:2;28:4;31:1;32:1;33:2;34:3;35:1;36:1;37:2;40:1;43:1;45:1;47:1;48:1;49:1;53:1;57:1;59:1;60:1;62:1;63:1;65:2;66:2;68:1;70:2;75:1;76:1;77:2;78:3;79:2;80:1;81:1;88:1;93:1;94:2;100:1;103:1;104:1;105:1;106:1;108:1;111:1;113:1;117:1;123:1;126:1;133:2;137:2;140:1;141:1;147:1;149:1;152:1;153:1;160:1;166:2;168:2;171:1;172:1;179:1;180:1;183:1;185:1;187:1;191:1;209:1;210:1;219:1;221:1;236:1;237:1;239:1;244:2;248:1;275:1;289:1;297:1;310:1;313:1;318:1;323:1;328:1;332:1;335:1;358:1;376:1;389:1;403:1;426:1;529:1;601:1,12,45,14,28,171,126,20,24,20,63,59,78,18,93,57,34,108,358,236,183,123,100,78,210,168,140,34,137,147,94,28,26,70,389,601,376,297,244,168,153,180,191,65,117,65,62,77,33,35,20,244,328,289,239,179,160,137,133,76,77,43,105,111,79,25,166,237,248,185,94,70,78,48,22,8,8,8,8,33,318,310,313,219,106,79,60,32,28,34,40,47,49,26,66,36,104,403,529,426,275,323,332,221,113,187,152,133,18,28,75,80,81,335,209,166,172,149,141,37,103,88,68,16,37,31,21,16,66,4,53,8,16,12,,,,,,,,,,,,,,,,,,,,,,,,,,,,,,,,,,,,,,,,,,,,,,,,,,,,,,,,,,,,,,,,,,,,,,,,,,,,,,,,,,,,,,,,,,,,,,,,
000014.bin,KittiDataset.__getitem__,True,kitti,conv4.0,176,200,5,10,10,6,18,20,1,176000,11819,0.0671534090909091,17139,600,360,207,153,0.575,0,431,0.7183333333333334,112.01960784313725,47.608333333333334,0:207;2:4;4:9;6:2;7:1;8:4;10:1;11:1;12:2;14:2;15:1;16:4;17:2;18:6;20:3;22:1;24:1;28:2;30:2;34:2;36:2;40:3;41:1;42:2;43:1;46:1;48:1;50:1;52:1;56:1;60:2;62:1;63:1;65:3;66:1;67:1;68:3;71:1;72:2;74:1;77:1;78:1;79:4;82:2;91:1;92:1;97:2;99:1;105:1;108:1;113:1;114:2;117:1;119:1;130:1;132:1;138:1;141:1;145:1;149:1;152:1;154:1;158:1;163:2;168:1;169:1;174:2;178:1;182:1;185:1;186:1;189:1;213:1;215:1;221:1;223:1;227:1;234:1;237:1;248:1;250:1;254:1;259:2;262:1;271:1;274:1;280:1;282:1;287:1;288:1;298:1;318:1;319:1;320:2;321:1;325:1;330:1;338:1;351:1;386:1;392:1;418:1;431:1,4,8,18,8,6,52,18,28,41,42,6,72,114,18,28,17,15,163,237,67,77,71,18,16,4,4,2,4,56,351,259,117,79,185,169,63,50,65,18,36,82,40,72,254,386,248,259,318,227,287,105,79,68,17,48,30,14,97,320,338,330,280,262,182,152,213,65,82,78,42,12,16,12,40,221,321,298,215,186,138,74,66,46,16,18,20,79,34,36,14,20,250,282,234,178,174,132,108,114,145,119,168,62,60,34,99,40,60,274,320,288,325,319,271,189,223,91,141,149,92,65,79,43,20,113,418,431,392,174,158,130,154,68,163,97,30,10,2,4,4,11,68,22,7,2,4,24,16,4,4,2,8,8,,,,,,,,,,,,,,,,,,,,,,,,,,,,,,,,,,,,,,,,,,,,,,,,,,,,,,,,,,,,,,,,,,,,,,,,,,,,
000015.bin,KittiDataset.__getitem__,True,kitti,conv4.0,176,200,5,10,10,6,18,20,1,176000,5931,0.03369886363636364,8491,600,360,251,109,0.6972222222222222,0,358,0.5966666666666667,77.89908256880734,23.586111111111112,0:251;2:3;3:1;4:3;5:1;6:2;8:4;10:1;12:7;13:1;14:1;16:3;17:1;18:1;19:1;20:1;21:2;22:4;28:1;29:2;30:1;32:3;33:2;36:2;39:2;40:1;41:1;42:1;44:1;48:1;49:3;50:2;52:2;54:1;55:1;56:3;58:1;59:1;60:1;62:2;64:2;65:1;69:1;72:2;77:1;81:1;86:1;87:1;95:1;100:1;103:1;117:1;122:1;123:1;125:1;151:1;154:1;159:1;177:1;195:1;224:1;227:2;228:1;232:1;246:1;257:1;282:1;283:1;296:1;308:1;314:1;317:1;319:1;358:1,10,14,17,12,49,49,55,12,21,36,29,72,65,5,2,32,29,32,6,122,317,296,227,151,64,56,30,56,56,12,4,18,228,282,358,283,195,123,100,62,52,59,50,42,52,20,39,177,227,314,319,308,232,159,154,95,87,81,77,8,44,103,3,2,64,246,257,224,125,117,40,39,58,69,49,13,22,16,86,33,62,54,33,36,22,16,12,19,72,32,28,60,21,50,6,22,48,8,4,16,12,2,22,8,4,41,12,8,12,,,,,,,,,,,,,,,,,,,,,,,,,,,,,,,,,,,,,,,,,,,,,,,,,,,,,,,,,,,,,,,,,,,,,,,,,,,,,,,,,,,,,,,,,,,,,,,,,,,,,,,,,,,,,,,,,,,,,,,,
000016.bin,KittiDataset.__getitem__,True,kitti,conv4.0,176,200,5,10,10,6,18,20,1,176000,8755,0.04974431818181818,12521,600,360,178,182,0.49444444444444446,0,288,0.48,68.7967032967033,34.78055555555556,0:178;2:6;3:1;4:9;5:1;6:3;7:1;8:8;9:1;10:3;12:7;14:1;15:1;16:7;18:4;19:1;20:2;21:1;22:2;24:3;25:1;27:3;28:2;29:1;30:4;31:1;32:3;34:7;36:6;37:2;38:2;40:6;42:4;43:1;49:1;50:1;51:3;52:1;53:1;54:2;55:1;58:1;61:1;64:3;65:1;66:1;68:3;70:1;71:1;72:2;80:2;81:1;82:1;84:1;88:1;98:1;100:2;103:1;106:1;108:1;109:1;110:1;111:1;117:1;118:1;124:1;126:2;130:1;134:1;143:1;152:1;156:1;158:1;175:1;177:1;178:1;182:2;183:1;188:1;189:1;195:1;196:2;198:1;202:1;207:1;213:1;214:1;228:1;230:1;253:1;254:1;258:1;270:1;274:2;286:2;288:1,16,34,24,84,16,4,2,12,30,40,32,4,16,36,50,43,65,12,52,12,12,10,38,4,22,38,100,130,80,20,34,29,9,5,10,72,81,42,16,28,36,66,68,54,40,40,40,72,51,80,55,98,68,42,36,110,64,34,8,37,8,36,42,27,4,24,30,68,188,183,126,124,88,54,82,30,2,100,274,286,254,213,175,143,158,32,19,18,182,286,288,270,196,134,106,117,108,103,58,70,24,34,12,12,195,253,274,228,196,178,156,118,109,53,49,40,18,8,34,16,61,27,152,258,214,202,207,111,30,36,71,8,4,8,34,12,16,189,230,177,198,51,6,6,36,16,8,8,18,37,6,2,4,8,4,10,2,31,21,4,2,3,42,25,22,20,40,51,2,34,64,64,18,28,7,4,14,27,182,126,32,15,,,,,,,,,,,,,,,,,,,,,,,,,,,,,,,,,,,,,,,,,,,,,,,
000017.bin,KittiDataset.__getitem__,True,kitti,conv4.0,176,200,5,10,10,6,18,20,1,176000,11354,0.06451136363636363,16299,600,360,171,189,0.475,0,318,0.53,86.23809523809524,45.275,0:171;2:1;4:6;5:1;6:3;8:7;10:4;12:2;14:3;15:2;18:3;19:1;20:2;22:2;24:5;26:4;28:4;31:1;33:2;34:1;36:6;38:3;39:1;40:1;41:1;42:1;43:2;45:1;48:5;50:1;51:3;52:2;54:4;56:3;58:2;60:1;62:2;64:1;65:1;66:3;68:1;70:3;72:1;74:2;76:1;78:1;79:1;80:2;82:3;83:1;84:2;86:1;88:1;90:1;91:1;92:4;95:1;100:1;101:1;102:2;103:1;104:3;105:1;106:4;107:1;110:1;118:1;121:1;128:1;129:1;133:1;136:3;137:1;140:1;141:1;142:1;144:1;147:2;148:3;156:1;158:2;160:1;162:1;164:1;166:1;169:1;182:1;200:1;202:1;208:1;216:1;218:1;225:1;228:1;236:1;237:1;238:1;242:1;245:1;246:1;264:1;270:1;286:3;288:2;300:1;318:1,110,19,15,202,238,4,26,14,95,318,148,5,10,80,88,4,65,147,237,216,141,43,51,136,133,148,84,54,36,92,142,121,182,147,62,51,66,245,225,166,158,106,92,48,48,103,36,8,34,54,82,33,80,264,288,228,164,104,82,100,70,48,56,8,4,2,40,6,144,286,288,242,148,106,102,90,84,52,54,8,8,156,300,286,246,160,102,140,104,106,70,48,24,26,39,28,86,270,286,208,136,92,104,74,56,14,58,36,8,78,236,218,158,106,64,52,54,28,66,8,20,12,42,162,200,137,118,107,74,60,36,38,22,12,10,129,136,128,72,68,10,43,33,41,18,8,66,92,58,24,28,82,51,6,4,101,105,22,48,50,38,79,83,45,6,70,169,28,62,76,31,26,56,24,91,36,14,4,10,15,18,36,24,24,26,20,38,18,4,,,,,,,,,,,,,,,,,,,,,,,,,,,,,,,,,,,,,,,,
000018.bin,KittiDataset.__getitem__,True,kitti,conv4.0,176,200,5,10,10,6,18,20,1,176000,11936,0.06781818181818182,16864,600,360,136,224,0.37777777777777777,0,355,0.5916666666666667,75.28571428571429,46.84444444444444,0:136;1:1;2:4;3:2;4:7;6:2;7:1;8:4;9:1;10:2;11:3;12:6;13:1;14:2;15:1;16:7;17:1;18:5;19:3;20:2;21:1;22:3;23:2;24:2;25:1;26:5;27:1;28:3;29:1;30:3;31:2;32:3;33:1;34:2;36:4;37:2;38:4;40:4;41:1;42:4;43:1;44:1;45:1;46:2;48:2;49:2;50:3;52:6;53:2;54:4;56:2;57:2;58:1;59:2;60:1;65:1;66:2;70:2;72:1;73:1;74:2;76:1;79:3;80:3;82:2;84:1;85:2;86:2;88:1;90:2;94:1;96:3;97:1;98:1;103:3;108:1;110:1;111:1;116:1;120:1;122:1;125:2;130:1;131:1;132:1;139:1;140:1;144:1;148:2;151:1;152:1;155:3;157:1;159:1;164:2;167:1;170:1;178:2;183:1;186:1;188:1;194:1;200:1;204:1;210:1;215:1;230:1;234:1;238:1;240:1;246:1;257:1;258:1;268:1;276:1;277:1;287:1;293:1;301:1;306:1;309:1;355:1,8,12,2,16,24,2,18,22,42,53,11,31,33,8,42,40,48,97,18,13,210,178,70,59,50,26,82,32,12,22,26,152,164,215,355,186,276,52,80,111,70,40,28,44,108,148,194,155,125,79,151,46,27,38,59,79,103,24,50,188,238,170,96,103,116,26,43,36,20,29,26,14,18,10,86,240,234,204,178,230,155,65,36,49,49,30,46,57,38,23,4,159,309,301,257,144,122,82,131,80,52,32,54,42,31,11,8,12,88,287,268,246,148,110,72,94,38,16,85,16,19,16,14,16,52,277,306,258,183,167,140,130,90,20,54,2,76,200,157,139,85,120,96,26,86,28,125,37,3,17,12,80,98,60,50,52,56,74,4,52,164,73,6,4,12,74,96,90,40,56,28,48,34,4,42,2,30,54,36,58,36,66,4,10,19,23,3,22,16,54,84,34,52,19,37,18,21,15,32,4,40,38,8,9,16,1,4,11,155,293,79,45,103,57,25,6,66,132,30,41,7,53,18,12,,,,,
000019.bin,KittiDataset.__getitem__,True,kitti,conv4.0,176,200,5,10,10,6,18,20,1,176000,5258,0.029875,7061,600,360,280,80,0.7777777777777778,0,294,0.49,88.2625,19.613888888888887,0:280;2:3;6:1;8:3;10:1;12:3;14:1;15:1;16:1;19:1;20:1;21:1;22:1;24:1;26:1;29:1;30:1;32:2;36:1;37:1;38:1;39:1;40:1;47:1;50:1;58:1;62:1;72:1;74:1;76:1;77:2;78:1;80:1;83:1;88:1;98:1;100:1;102:1;104:2;105:1;108:1;112:1;114:1;115:1;118:1;120:2;123:1;124:2;126:1;128:1;131:1;135:1;138:2;143:1;144:1;149:1;157:2;166:1;177:1;182:1;191:3;193:1;200:1;209:1;236:1;294:1,36,39,126,294,128,83,120,144,166,191,149,123,58,47,114,2,8,138,236,135,177,182,157,124,191,100,37,32,19,22,21,14,12,40,209,200,191,193,157,131,112,104,80,74,62,30,8,24,8,26,20,50,108,120,118,138,102,98,76,38,72,6,78,15,32,29,2,12,77,143,124,104,115,88,105,16,12,77,10,2,,,,,,,,,,,,,,,,,,,,,,,,,,,,,,,,,,,,,,,,,,,,,,,,,,,,,,,,,,,,,,,,,,,,,,,,,,,,,,,,,,,,,,,,,,,,,,,,,,,,,,,,,,,,,,,,,,,,,,,,,,,,,,,,,,,,,,,,,,,,,,,,,,,,,
000020.bin,KittiDataset.__getitem__,True,kitti,conv4.0,176,200,5,10,10,6,18,20,1,176000,5609,0.03186931818181818,7887,600,360,285,75,0.7916666666666666,0,316,0.5266666666666666,105.16,21.908333333333335,0:285;2:1;4:3;5:1;6:2;8:2;10:1;12:2;16:3;20:1;22:2;23:1;26:2;27:1;28:3;32:1;36:1;51:1;54:2;56:1;58:1;60:2;61:1;66:1;70:1;71:1;72:1;74:1;80:1;83:1;84:1;87:1;89:1;90:1;94:2;106:1;119:1;127:1;132:1;149:1;161:1;175:1;180:1;190:1;196:1;212:1;224:1;229:1;231:1;236:1;238:1;240:1;245:1;256:1;262:1;263:1;266:1;286:1;292:1;295:1;306:1;316:1,4,80,4,84,23,70,66,22,51,20,127,71,83,16,60,54,4,16,240,190,87,58,28,32,60,149,56,61,295,292,229,132,54,28,36,12,89,6,8,224,316,180,94,90,196,263,106,94,26,8,28,256,286,266,236,306,262,175,119,26,72,212,238,231,245,161,74,27,22,10,2,12,6,16,5,,,,,,,,,,,,,,,,,,,,,,,,,,,,,,,,,,,,,,,,,,,,,,,,,,,,,,,,,,,,,,,,,,,,,,,,,,,,,,,,,,,,,,,,,,,,,,,,,,,,,,,,,,,,,,,,,,,,,,,,,,,,,,,,,,,,,,,,,,,,,,,,,,,,,,,,,,
000021.bin,KittiDataset.__getitem__,True,kitti,conv4.0,176,200,5,10,10,6,18,20,1,176000,5506,0.03128409090909091,7801,600,360,280,80,0.7777777777777778,0,333,0.555,97.5125,21.669444444444444,0:280;2:1;3:1;4:8;8:4;9:1;12:1;13:1;14:1;16:1;17:2;18:2;20:2;25:1;27:1;30:1;32:1;34:1;36:1;37:1;39:1;42:1;44:1;46:1;48:1;52:1;58:2;66:1;67:1;72:2;75:2;76:1;86:1;88:1;90:1;91:1;98:1;108:1;113:1;117:1;127:1;132:1;142:1;143:1;147:1;150:1;175:1;183:1;197:1;207:1;224:1;228:1;236:1;243:1;255:1;260:1;268:1;271:1;278:2;290:1;292:1;298:1;299:1;333:1,32,17,4,58,197,42,4,4,75,224,228,243,75,207,147,113,44,3,17,4,72,260,298,278,271,255,143,86,39,18,27,52,20,16,4,18,108,290,292,236,175,142,127,98,66,34,30,2,4,14,90,299,333,268,117,150,132,91,48,67,9,4,8,8,12,88,278,183,76,36,72,46,37,20,25,8,8,4,13,58,,,,,,,,,,,,,,,,,,,,,,,,,,,,,,,,,,,,,,,,,,,,,,,,,,,,,,,,,,,,,,,,,,,,,,,,,,,,,,,,,,,,,,,,,,,,,,,,,,,,,,,,,,,,,,,,,,,,,,,,,,,,,,,,,,,,,,,,,,,,,,,,,,,,,
000022.bin,KittiDataset.__getitem__,True,kitti,conv4.0,176,200,5,10,10,6,18,20,1,176000,8946,0.050829545454545454,13177,600,360,224,136,0.6222222222222222,0,327,0.545,96.88970588235294,36.602777777777774,0:224;3:1;4:1;5:1;6:1;7:2;8:3;10:1;11:1;12:1;14:1;15:1;16:5;17:2;18:2;19:1;20:1;21:1;24:1;25:1;26:3;31:1;32:3;38:2;39:1;40:1;44:2;46:2;47:2;48:2;49:1;51:1;54:1;55:1;57:1;58:1;60:3;62:1;63:1;64:2;66:2;68:2;71:1;72:2;73:1;74:3;82:1;83:1;84:1;87:1;88:1;89:1;90:1;91:1;94:1;96:1;97:1;98:1;102:1;103:1;107:1;114:1;115:1;116:1;117:1;118:1;120:2;122:2;123:1;127:1;128:1;130:1;132:1;135:1;136:1;138:2;140:1;144:3;148:1;153:1;161:1;162:2;171:1;177:1;183:1;188:1;195:1;202:1;205:1;208:1;213:1;222:1;236:1;239:1;255:1;258:1;261:1;264:1;274:1;279:1;281:1;293:1;294:1;310:1;327:1,135,258,205,171,122,82,18,63,213,327,310,279,281,208,148,162,123,115,153,122,57,16,62,26,17,195,255,236,177,138,83,102,88,58,64,40,16,60,10,47,18,44,264,274,293,202,140,118,120,128,98,94,16,55,16,11,14,74,261,294,239,120,136,144,162,87,74,44,38,73,16,74,48,144,114,46,222,188,183,161,132,127,89,60,8,130,91,12,6,103,117,48,15,31,8,51,26,47,116,32,60,20,4,64,5,38,84,49,72,8,39,19,24,46,144,96,66,90,21,17,25,138,97,72,71,3,54,68,107,66,7,7,68,32,32,26,,,,,,,,,,,,,,,,,,,,,,,,,,,,,,,,,,,,,,,,,,,,,,,,,,,,,,,,,,,,,,,,,,,,,,,,,,,,,,,,,,,,,,,,,,,,,
000023.bin,KittiDataset.__getitem__,True,kitti,conv4.0,176,200,5,10,10,6,18,20,1,176000,10463,0.05944886363636363,14957,600,360,224,136,0.6222222222222222,0,327,0.545,109.9779411764706,41.547222222222224,0:224;2:1;4:2;6:1;8:6;10:2;12:2;14:2;15:1;16:4;18:1;26:1;28:1;30:1;31:1;32:1;34:4;36:1;37:2;38:2;39:1;40:1;44:1;45:1;48:1;50:1;53:1;54:4;55:1;59:1;62:1;64:2;65:2;66:1;67:1;70:2;72:1;78:3;79:1;82:1;83:2;87:1;89:1;90:1;94:1;99:1;100:1;102:2;103:1;104:2;108:1;110:1;112:1;113:2;114:2;118:1;119:1;121:2;126:1;128:1;130:2;136:1;138:2;140:1;148:1;149:1;153:1;154:1;156:1;160:1;161:1;164:1;166:2;170:1;171:1;184:1;192:2;194:1;203:1;208:2;210:1;226:1;232:1;235:1;247:1;248:1;258:1;260:1;262:1;264:1;274:1;275:2;284:1;286:1;288:1;302:1;305:1;308:1;312:1;327:1,10,12,39,55,121,274,302,308,128,118,38,87,260,275,247,258,194,130,110,83,65,83,89,54,34,8,16,8,154,327,312,275,210,171,148,119,90,65,59,28,12,14,37,30,114,284,288,248,164,114,104,54,54,38,48,16,34,31,78,262,286,264,232,208,192,166,136,102,66,44,16,6,2,70,192,226,208,184,160,130,140,104,70,36,40,15,100,112,78,62,67,64,50,34,14,26,4,8,16,72,126,108,103,113,99,79,64,102,54,4,8,78,149,153,170,138,166,53,94,34,10,8,156,305,203,161,235,82,113,45,8,18,138,121,37,32,,,,,,,,,,,,,,,,,,,,,,,,,,,,,,,,,,,,,,,,,,,,,,,,,,,,,,,,,,,,,,,,,,,,,,,,,,,,,,,,,,,,,,,,,,,,,
000024.bin,KittiDataset.__getitem__,True,kitti,conv4.0,176,200,5,10,10,6,18,20,1,176000,8599,0.048857954545454545,12370,600,360,222,138,0.6166666666666667,0,346,0.5766666666666667,89.6376811594203,34.361111111111114,0:222;1:1;2:5;4:4;6:1;8:4;9:2;10:4;11:1;12:2;14:1;16:4;17:2;18:3;19:1;20:2;22:3;24:2;26:2;30:3;32:2;34:2;36:2;40:1;41:1;42:1;44:1;46:4;48:2;50:1;53:1;54:3;58:2;59:1;60:2;64:1;66:1;68:2;72:1;74:2;77:3;88:1;89:1;90:1;91:1;96:2;98:1;102:2;103:1;105:1;106:1;109:1;112:1;113:1;114:2;116:1;122:1;123:1;125:3;126:1;142:1;144:2;154:1;159:2;160:2;166:1;182:1;185:1;192:1;214:1;220:1;228:1;236:1;240:1;246:1;249:1;264:1;278:1;287:1;288:2;289:1;304:1;316:1;317:1;325:1;331:1;346:1,112,182,125,59,16,2,72,287,346,316,325,278,192,91,41,1,46,264,288,246,214,166,220,228,236,160,77,10,2,68,289,304,240,160,122,102,123,88,103,159,142,109,64,9,58,317,331,288,249,159,125,77,113,34,22,4,53,11,4,2,68,144,90,74,102,125,60,106,46,20,36,30,34,8,9,17,48,24,22,26,30,44,46,30,2,2,116,185,154,144,96,89,24,48,8,16,20,17,18,96,98,114,58,77,36,66,10,10,6,8,8,10,54,26,74,16,22,32,50,16,32,4,105,126,54,54,18,19,46,14,4,60,12,114,40,18,12,42,,,,,,,,,,,,,,,,,,,,,,,,,,,,,,,,,,,,,,,,,,,,,,,,,,,,,,,,,,,,,,,,,,,,,,,,,,,,,,,,,,,,,,,,,,,
000025.bin,KittiDataset.__getitem__,True,kitti,conv4.0,176,200,5,10,10,6,18,20,1,176000,4944,0.02809090909090909,6706,600,360,275,85,0.7638888888888888,0,282,0.47,78.89411764705882,18.627777777777776,0:275;1:3;2:3;4:1;5:1;6:1;8:1;9:1;10:2;11:1;12:1;13:1;14:2;15:1;16:2;17:1;18:1;22:1;28:3;29:2;30:1;32:1;33:1;34:1;35:1;36:1;38:2;41:1;48:1;50:1;51:1;56:1;57:1;58:3;63:1;66:2;69:1;70:1;74:1;75:1;78:1;79:1;80:1;83:1;86:1;93:1;94:2;103:1;105:1;108:1;111:1;114:1;119:1;145:1;160:1;164:2;177:1;192:1;194:2;196:1;206:1;225:1;228:1;230:1;244:2;250:1;257:1;282:1,5,12,4,10,11,33,50,13,35,66,48,83,38,18,79,257,194,228,192,80,51,78,94,86,56,22,93,16,28,69,164,194,225,160,111,105,103,108,58,74,38,28,30,16,10,36,145,282,177,206,196,230,244,114,57,34,58,14,2,1,9,1,2,14,164,244,250,70,94,75,28,58,66,63,29,17,2,15,1,29,119,32,41,8,6,,,,,,,,,,,,,,,,,,,,,,,,,,,,,,,,,,,,,,,,,,,,,,,,,,,,,,,,,,,,,,,,,,,,,,,,,,,,,,,,,,,,,,,,,,,,,,,,,,,,,,,,,,,,,,,,,,,,,,,,,,,,,,,,,,,,,,,,,,,,,,,,
000026.bin,KittiDataset.__getitem__,True,kitti,conv4.0,176,200,5,10,10,6,18,20,1,176000,6338,0.03601136363636363,9353,600,360,268,92,0.7444444444444445,0,348,0.58,101.66304347826087,25.980555555555554,0:268;2:2;3:1;4:2;5:1;6:2;8:2;12:2;14:1;16:1;18:3;20:2;21:2;22:2;24:2;26:1;34:2;35:1;36:2;37:1;38:1;39:1;40:1;43:2;44:1;46:1;48:1;56:2;57:1;59:1;60:1;66:1;69:1;71:1;73:1;75:1;78:2;82:1;83:1;88:1;109:1;117:2;125:1;127:1;140:1;147:1;159:3;160:1;162:1;166:1;172:2;174:1;176:1;180:1;187:1;188:1;190:1;191:1;208:1;223:1;227:1;228:1;232:1;245:1;246:1;259:1;260:1;267:2;274:1;310:1;322:1;348:1,57,39,8,2,36,37,6,22,36,83,2,66,191,267,180,188,162,187,245,159,18,18,35,34,260,274,246,208,172,174,227,172,18,24,38,60,78,109,88,22,20,232,259,267,190,166,159,159,127,43,46,26,78,69,82,147,71,59,322,348,310,223,228,176,140,125,12,24,4,48,5,40,4,75,117,117,73,44,56,43,21,8,16,14,160,56,12,34,3,6,21,20,,,,,,,,,,,,,,,,,,,,,,,,,,,,,,,,,,,,,,,,,,,,,,,,,,,,,,,,,,,,,,,,,,,,,,,,,,,,,,,,,,,,,,,,,,,,,,,,,,,,,,,,,,,,,,,,,,,,,,,,,,,,,,,,,,,,,,,,,
000027.bin,KittiDataset.__getitem__,True,kitti,conv4.0,176,200,5,10,10,6,18,20,1,176000,6242,0.03546590909090909,9091,600,360,259,101,0.7194444444444444,0,363,0.605,90.00990099009901,25.252777777777776,0:259;2:1;4:6;6:2;8:1;10:2;12:1;16:2;18:1;20:4;24:1;25:2;26:2;28:3;32:1;35:1;37:1;38:1;40:1;42:1;43:1;45:1;46:1;48:5;51:1;52:5;54:3;55:1;56:1;58:2;60:1;62:1;70:1;72:1;73:1;78:1;79:1;80:1;82:1;87:1;88:2;98:1;100:2;104:2;105:1;106:1;108:1;110:1;114:1;116:1;134:1;137:1;138:1;144:1;158:1;162:1;176:1;203:1;207:1;208:1;217:1;221:1;230:1;260:1;261:1;264:1;270:1;276:2;292:1;347:2;363:1,4,79,40,347,208,260,176,10,138,221,207,347,270,137,114,110,55,52,62,4,48,20,28,51,12,108,276,276,230,158,100,100,88,48,48,54,28,20,4,43,292,363,217,162,116,104,82,48,54,60,42,54,16,87,134,24,56,78,98,70,52,52,52,37,20,4,26,45,20,10,52,58,73,80,46,106,88,25,28,8,16,58,6,48,32,203,144,264,35,18,4,6,25,4,38,261,105,2,104,72,26,,,,,,,,,,,,,,,,,,,,,,,,,,,,,,,,,,,,,,,,,,,,,,,,,,,,,,,,,,,,,,,,,,,,,,,,,,,,,,,,,,,,,,,,,,,,,,,,,,,,,,,,,,,,,,,,,,,,,,,,,,,,,,,,
000028.bin,KittiDataset.__getitem__,True,kitti,conv4.0,176,200,5,10,10,6,18,20,1,176000,3329,0.018914772727272728,4792,600,360,302,58,0.8388888888888889,0,394,0.6566666666666666,82.62068965517241,13.311111111111112,0:302;1:1;2:2;3:1;4:5;5:3;6:1;7:3;8:8;10:1;12:4;16:1;29:1;32:1;38:1;48:1;50:3;52:2;76:1;78:1;88:1;95:2;101:1;117:1;180:1;201:1;227:1;267:1;271:1;275:1;313:1;320:1;328:1;374:1;383:1;394:1,8,32,8,12,8,7,5,95,180,52,4,8,4,7,5,95,328,267,101,4,3,6,50,271,394,201,4,12,4,5,10,2,1,16,275,374,227,38,8,8,7,2,52,313,383,117,76,320,88,48,78,50,12,12,50,29,8,8,,,,,,,,,,,,,,,,,,,,,,,,,,,,,,,,,,,,,,,,,,,,,,,,,,,,,,,,,,,,,,,,,,,,,,,,,,,,,,,,,,,,,,,,,,,,,,,,,,,,,,,,,,,,,,,,,,,,,,,,,,,,,,,,,,,,,,,,,,,,,,,,,,,,,,,,,,,,,,,,,,,,,,,,,,,
000029.bin,KittiDataset.__getitem__,True,kitti,conv4.0,176,200,5,10,10,6,18,20,1,176000,4088,0.02322727272727273,6246,600,360,297,63,0.825,0,345,0.575,99.14285714285714,17.35,0:297;2:2;4:1;6:2;8:1;10:1;12:1;14:1;16:1;18:1;24:2;26:1;28:1;30:1;31:1;33:1;34:1;38:1;39:1;43:1;45:2;46:1;48:1;53:1;61:1;67:1;68:2;71:2;81:1;84:1;88:3;89:2;90:1;95:1;102:1;103:1;107:1;110:1;113:1;131:1;138:1;164:1;179:1;189:1;213:1;215:1;220:1;270:2;286:1;292:1;293:1;294:1;329:1;345:1,33,31,26,71,53,71,89,61,113,45,18,24,68,6,213,329,345,270,270,179,110,102,81,95,38,28,12,10,88,6,164,294,292,286,293,189,88,90,89,107,103,46,68,34,14,88,138,220,215,131,84,48,45,39,67,43,30,24,16,4,2,8,2,,,,,,,,,,,,,,,,,,,,,,,,,,,,,,,,,,,,,,,,,,,,,,,,,,,,,,,,,,,,,,,,,,,,,,,,,,,,,,,,,,,,,,,,,,,,,,,,,,,,,,,,,,,,,,,,,,,,,,,,,,,,,,,,,,,,,,,,,,,,,,,,,,,,,,,,,,,,,,,,,,,,,,
000030.bin,KittiDataset.__getitem__,True,kitti,conv4.0,176,200,5,10,10,6,18,20,1,176000,3551,0.020176136363636365,5135,600,360,295,65,0.8194444444444444,0,294,0.49,79.0,14.26388888888889,0:295;1:1;2:1;4:2;6:5;8:1;10:2;14:1;16:4;20:2;22:1;24:1;26:1;28:1;30:1;32:1;33:2;42:2;43:1;52:1;53:1;54:2;56:2;57:1;69:1;76:1;85:1;92:1;94:1;95:1;102:1;104:2;107:1;112:1;114:1;122:2;126:2;136:1;143:1;156:1;175:1;177:1;203:1;230:1;233:1;263:1;269:1;282:1;294:1,4,2,24,56,104,156,95,20,28,92,42,33,6,6,54,233,263,203,107,102,122,126,112,143,76,56,126,94,69,33,16,4,32,282,294,269,230,175,177,114,136,104,122,30,52,10,26,16,57,85,43,42,54,53,6,6,6,16,14,16,22,8,1,20,10,,,,,,,,,,,,,,,,,,,,,,,,,,,,,,,,,,,,,,,,,,,,,,,,,,,,,,,,,,,,,,,,,,,,,,,,,,,,,,,,,,,,,,,,,,,,,,,,,,,,,,,,,,,,,,,,,,,,,,,,,,,,,,,,,,,,,,,,,,,,,,,,,,,,,,,,,,,,,,,,,,,,
000031.bin,KittiDataset.__getitem__,True,kitti,conv4.0,176,200,5,10,10,6,18,20,1,176000,6220,0.03534090909090909,8670,600,360,264,96,0.7333333333333333,0,319,0.5316666666666666,90.3125,24.083333333333332,0:264;2:4;4:7;5:1;6:1;8:5;10:1;14:2;16:3;19:1;21:1;22:1;29:1;33:1;35:2;36:1;38:1;41:1;44:1;46:2;48:1;52:1;56:1;58:2;62:4;63:1;64:2;66:1;68:2;71:1;78:2;82:1;86:1;88:2;89:1;90:2;99:1;100:1;103:1;112:1;119:1;121:1;123:1;129:1;131:1;135:1;137:1;146:1;148:1;160:1;168:1;171:1;172:1;173:1;179:1;180:1;186:1;204:1;208:1;227:1;232:1;235:1;258:1;259:1;260:1;265:1;266:1;280:1;294:1;319:1,8,35,5,6,119,146,29,66,171,260,129,21,62,280,121,88,160,89,99,112,90,62,36,44,46,46,8,4,41,33,135,235,204,168,148,179,100,78,52,58,62,78,56,8,8,4,64,259,265,258,294,137,90,86,38,58,62,14,4,4,4,2,68,266,232,131,123,48,2,2,4,10,16,22,16,4,8,88,319,186,227,173,82,71,68,35,63,103,208,180,14,172,64,2,19,16,,,,,,,,,,,,,,,,,,,,,,,,,,,,,,,,,,,,,,,,,,,,,,,,,,,,,,,,,,,,,,,,,,,,,,,,,,,,,,,,,,,,,,,,,,,,,,,,,,,,,,,,,,,,,,,,,,,,,,,,,,,,,,,,,,,,,
000032.bin,KittiDataset.__getitem__,True,kitti,conv4.0,176,200,5,10,10,6,18,20,1,176000,5515,0.03133522727272727,8075,600,360,267,93,0.7416666666666667,0,341,0.5683333333333334,86.82795698924731,22.430555555555557,0:267;2:1;3:1;4:6;6:1;8:2;11:1;14:4;15:1;16:3;18:2;20:1;24:1;26:1;28:1;29:1;31:1;32:1;33:1;36:3;37:1;38:1;40:4;42:2;46:1;48:2;50:1;51:1;52:1;53:1;54:1;58:1;65:1;71:2;74:1;82:1;89:2;92:1;94:2;100:1;102:1;105:1;106:1;113:1;114:1;119:2;120:2;124:1;128:1;133:1;134:1;147:1;151:1;153:1;157:1;178:1;182:1;184:1;204:1;205:1;217:1;244:1;251:1;262:1;269:1;272:1;280:1;294:1;299:1;341:1,4,20,31,4,40,8,3,58,205,294,244,94,40,46,6,38,28,4,33,15,89,217,182,153,151,133,53,14,18,40,52,36,14,32,4,134,280,251,204,157,114,92,54,48,120,89,65,16,4,29,2,105,299,341,269,184,124,94,50,14,119,106,113,74,82,272,262,119,51,48,36,36,42,100,102,147,37,71,178,120,128,42,14,16,71,18,40,24,16,8,11,4,26,,,,,,,,,,,,,,,,,,,,,,,,,,,,,,,,,,,,,,,,,,,,,,,,,,,,,,,,,,,,,,,,,,,,,,,,,,,,,,,,,,,,,,,,,,,,,,,,,,,,,,,,,,,,,,,,,,,,,,,,,,,,,,,,,,,,,,,,
000033.bin,KittiDataset.__getitem__,True,kitti,conv4.0,176,200,5,10,10,6,18,20,1,176000,11812,0.06711363636363636,16541,600,360,148,212,0.4111111111111111,0,292,0.4866666666666667,78.02358490566037,45.94722222222222,0:148;3:1;4:6;6:3;7:1;8:3;9:2;10:3;12:5;13:2;14:1;15:1;16:3;17:1;18:2;19:2;20:5;21:2;22:1;24:2;26:1;27:1;28:3;29:2;30:4;32:4;33:2;34:5;35:1;36:3;37:3;38:1;40:1;42:1;43:2;44:2;46:2;47:1;48:3;49:2;50:3;52:3;54:1;55:1;56:5;58:4;59:1;60:1;61:1;62:7;63:2;66:1;69:1;70:1;71:3;72:2;73:2;76:1;77:1;78:2;80:3;81:1;84:1;87:1;88:1;92:2;94:1;95:1;96:1;99:1;100:2;101:1;102:1;107:4;108:2;112:3;114:2;117:1;118:2;124:2;125:1;126:3;133:3;136:2;137:2;140:1;142:1;143:1;144:1;147:1;154:1;163:1;165:1;166:1;170:1;171:1;172:2;174:2;176:1;181:2;189:1;196:1;197:1;198:1;204:1;213:2;214:1;222:1;224:1;234:1;240:1;251:1;269:1;274:1;286:1;292:1,62,136,112,61,7,8,8,21,27,43,44,13,21,17,34,37,28,6,30,47,20,4,3,20,37,37,29,28,32,20,33,58,32,8,71,73,43,34,29,33,30,48,50,62,66,15,95,125,76,71,49,62,101,80,46,42,36,40,38,18,107,133,174,107,87,84,99,108,118,58,78,18,50,34,147,154,137,165,181,171,136,126,112,133,48,59,56,26,20,71,124,174,198,197,176,166,100,77,124,92,69,32,34,48,22,10,133,224,222,204,181,189,137,96,72,73,118,62,63,35,24,14,4,142,286,274,234,172,144,92,56,52,50,56,10,12,36,12,78,292,269,240,172,126,94,100,80,56,54,16,4,34,28,88,170,102,108,80,72,62,58,30,30,24,12,36,13,213,140,114,117,143,126,81,114,63,12,9,20,6,196,19,4,19,163,52,10,214,62,4,9,55,62,251,46,112,213,107,12,70,60,16,6,52,44,16,58,32,4,49,107,56,,,,,,,,,,,,,,,,,
000034.bin,KittiDataset.__getitem__,True,kitti,conv4.0,176,200,5,10,10,6,18,20,1,176000,9188,0.052204545454545455,12702,600,360,214,146,0.5944444444444444,0,306,0.51,87.0,35.28333333333333,0:214;3:1;4:5;8:7;10:3;12:4;14:1;16:4;20:3;22:3;28:1;29:1;32:2;33:1;34:2;35:1;36:5;38:1;39:1;40:3;42:3;44:2;46:3;48:3;52:2;54:2;56:1;58:2;61:2;62:1;67:1;68:4;69:1;70:3;71:1;73:3;74:1;75:1;76:2;78:1;79:1;81:1;82:1;87:1;91:1;92:1;96:1;99:1;102:1;104:2;105:2;106:1;107:1;110:1;111:1;112:1;114:1;115:1;116:1;120:1;122:3;124:1;129:1;132:1;137:1;141:1;146:1;149:2;150:1;155:1;160:1;162:1;164:1;172:1;181:1;201:1;202:1;206:1;212:1;230:1;236:1;253:1;255:1;257:1;258:1;260:1;262:1;264:1;267:1;276:1;278:2;306:1,10,16,40,48,36,12,12,22,36,16,73,73,44,61,8,4,8,99,155,75,10,4,32,20,44,82,32,22,16,68,253,257,201,149,122,141,102,71,91,48,3,42,52,34,20,92,262,306,264,212,206,202,124,76,74,104,22,4,52,81,4,36,112,278,278,260,236,172,160,132,106,96,62,10,42,8,48,8,8,70,267,276,230,150,115,56,70,54,54,40,14,40,181,258,116,120,162,146,68,58,122,69,46,39,34,35,8,68,255,12,87,105,110,114,73,137,38,105,12,36,68,42,36,111,164,79,122,46,78,70,58,76,61,4,16,149,129,104,107,20,33,67,28,46,29,8,,,,,,,,,,,,,,,,,,,,,,,,,,,,,,,,,,,,,,,,,,,,,,,,,,,,,,,,,,,,,,,,,,,,,,,,,,,,,,,,,,,
000035.bin,KittiDataset.__getitem__,True,kitti,conv4.0,176,200,5,10,10,6,18,20,1,176000,9302,0.05285227272727273,13744,600,360,165,195,0.4583333333333333,0,332,0.5533333333333333,70.48205128205129,38.17777777777778,0:165;2:5;3:1;4:13;6:5;8:6;9:1;10:5;12:6;13:2;14:2;15:1;16:4;18:1;20:2;22:3;23:2;24:6;25:3;26:4;27:1;28:3;30:3;31:1;32:1;34:2;35:1;36:2;37:1;38:3;40:2;42:2;43:1;44:2;46:1;47:1;48:1;50:2;52:1;54:4;55:1;56:5;57:3;58:1;60:2;61:1;64:1;65:1;66:3;67:1;69:1;70:2;71:1;72:1;74:1;77:3;78:3;80:1;81:1;82:2;86:1;87:2;88:1;90:2;93:1;96:1;97:1;100:1;104:1;112:1;116:1;118:1;120:1;122:1;124:2;125:2;139:1;144:1;145:1;146:1;147:1;150:1;153:1;158:1;163:1;164:1;169:1;173:1;176:1;178:1;180:1;189:1;194:1;198:1;209:1;214:1;218:1;228:1;230:1;250:1;256:1;279:1;281:1;286:1;289:1;316:1;318:1;319:1;332:1,6,3,26,14,8,6,57,44,2,22,36,38,26,8,56,30,40,44,4,4,9,124,56,4,25,37,13,38,57,4,10,14,8,96,198,173,218,279,66,65,43,57,28,60,71,50,10,2,61,178,189,125,120,194,180,124,87,77,35,78,82,67,15,4,4,209,316,318,250,281,228,145,116,58,34,74,52,70,36,28,24,4,122,286,332,230,144,112,104,56,56,2,86,16,8,4,10,87,289,319,256,169,88,54,8,12,12,56,30,31,38,26,24,18,66,150,158,125,163,147,42,16,25,2,2,8,6,12,34,10,25,146,164,214,139,66,97,100,90,93,40,4,4,4,10,54,153,118,60,47,54,64,81,42,12,28,24,69,78,72,78,24,6,16,32,24,55,80,46,77,24,12,16,12,70,23,77,22,23,26,50,176,82,48,20,54,30,6,4,4,90,13,27,20,22,,,,,,,,,,,,,,,,,,,,,,,,,,,,,,,,,,
000036.bin,KittiDataset.__getitem__,True,kitti,conv4.0,176,200,5,10,10,6,18,20,1,176000,9329,0.05300568181818182,13393,600,360,139,221,0.3861111111111111,0,283,0.4716666666666667,60.60180995475113,37.202777777777776,0:139;2:2;3:1;4:6;5:1;6:2;7:2;8:5;10:2;11:1;12:5;13:2;14:7;16:3;17:2;18:6;20:4;21:2;22:7;24:2;25:3;26:2;27:1;28:2;30:4;31:1;32:2;33:1;34:2;36:3;37:2;38:2;39:1;40:1;41:1;42:4;44:3;45:1;46:1;47:2;48:2;49:2;50:4;51:1;52:4;53:1;55:2;56:4;57:3;58:3;60:2;61:1;62:2;63:1;64:1;65:1;66:1;67:2;68:3;69:2;70:4;71:1;72:1;73:2;74:2;76:3;80:1;81:2;82:1;86:3;88:2;89:2;90:1;91:1;94:3;97:2;98:5;100:1;101:2;104:1;105:2;106:1;107:2;108:3;109:2;110:1;113:1;115:2;117:1;120:1;121:4;123:1;125:1;130:1;131:1;134:1;135:1;142:1;147:1;153:1;162:1;173:1;183:1;188:1;208:1;210:1;220:1;222:1;283:1,16,97,66,53,50,31,22,50,12,101,89,30,10,26,108,60,8,44,12,38,56,56,52,14,50,42,4,7,123,51,33,8,58,76,47,3,8,18,22,48,5,58,107,56,21,44,134,104,68,62,20,28,30,17,67,109,105,63,80,117,98,91,108,42,34,22,14,8,16,153,105,121,110,68,67,147,89,97,115,58,38,56,42,12,47,121,208,121,86,131,50,60,48,70,88,37,82,2,18,20,8,107,283,188,86,52,34,25,17,11,36,55,13,22,16,12,49,28,68,220,115,73,62,39,32,14,14,12,14,27,7,40,173,183,109,90,94,69,61,49,113,76,32,20,52,22,22,74,222,162,121,120,86,94,74,76,18,36,20,18,36,100,98,94,108,70,70,73,142,57,25,26,6,72,52,98,70,64,69,98,10,14,18,4,4,30,130,46,45,37,81,22,14,4,24,71,4,6,13,57,2,30,101,135,21,106,4,18,125,81,44,24,98,55,65,25,42,210,57,88,41,,,,,,,,
000037.bin,KittiDataset.__getitem__,True,kitti,conv4.0,176,200,5,10,10,6,18,20,1,176000,4596,0.026113636363636363,6356,600,360,300,60,0.8333333333333334,0,339,0.565,105.93333333333334,17.655555555555555,0:300;2:2;4:4;5:1;7:1;8:4;9:1;10:1;12:1;14:1;16:1;17:1;18:1;20:2;23:2;24:1;25:1;31:1;42:1;44:2;46:1;50:1;52:1;68:1;90:1;92:1;99:1;104:1;110:1;120:1;127:1;145:1;164:1;182:1;188:1;191:1;194:1;197:1;201:1;205:1;269:1;273:1;276:1;284:1;288:1;298:1;301:1;302:1;310:1;335:1;339:1,18,9,5,127,335,301,276,191,197,164,120,99,68,25,20,44,31,14,8,188,302,310,339,273,269,205,201,194,110,23,52,104,46,50,16,24,182,288,284,298,145,92,90,44,42,4,17,4,4,20,2,8,23,12,8,7,2,8,10,4,,,,,,,,,,,,,,,,,,,,,,,,,,,,,,,,,,,,,,,,,,,,,,,,,,,,,,,,,,,,,,,,,,,,,,,,,,,,,,,,,,,,,,,,,,,,,,,,,,,,,,,,,,,,,,,,,,,,,,,,,,,,,,,,,,,,,,,,,,,,,,,,,,,,,,,,,,,,,,,,,,,,,,,,,
000038.bin,KittiDataset.__getitem__,True,kitti,conv4.0,176,200,5,10,10,6,18,20,1,176000,8424,0.047863636363636365,12057,600,360,184,176,0.5111111111111111,0,307,0.5116666666666667,68.50568181818181,33.49166666666667,0:184;1:2;2:5;4:6;6:4;8:7;9:1;10:7;12:4;14:3;16:2;17:2;18:4;19:1;20:3;22:3;24:2;25:1;26:3;27:3;28:4;29:1;30:2;32:3;34:2;35:1;36:2;37:1;38:1;40:2;41:1;42:2;44:2;46:2;50:2;54:1;58:4;59:1;60:2;62:3;64:3;65:1;66:2;68:2;69:1;70:4;72:1;74:1;75:3;76:1;78:1;80:2;85:3;86:1;87:2;88:2;91:1;96:1;97:1;98:1;101:1;102:2;103:2;105:1;108:1;110:2;118:1;122:1;126:1;128:1;129:1;134:1;137:1;142:1;148:1;150:1;153:1;158:1;160:1;169:1;171:1;185:1;188:1;198:1;213:1;214:1;219:1;232:1;240:1;244:2;248:1;270:1;283:1;284:2;307:1,28,34,4,59,42,2,97,68,74,75,4,4,60,65,35,28,118,8,19,66,28,20,12,30,153,78,44,72,16,62,101,27,46,20,27,29,2,2,20,1,2,9,4,105,98,62,25,86,85,17,24,10,6,12,10,213,283,307,214,232,244,137,62,32,36,87,14,26,16,1,10,8,169,284,284,248,198,240,160,66,64,58,64,18,40,34,38,87,219,244,270,150,134,122,88,76,68,70,58,30,4,58,22,40,126,129,102,54,46,32,42,58,18,128,37,32,8,8,26,185,188,142,96,50,14,18,22,85,70,75,10,26,14,24,80,102,88,70,70,50,10,12,18,2,4,6,64,158,171,110,36,75,69,8,110,80,27,8,60,108,91,148,85,8,103,103,41,17,10,10,44,6,28,22,12,6,,,,,,,,,,,,,,,,,,,,,,,,,,,,,,,,,,,,,,,,,,,,,,,,,,,,,
000039.bin,KittiDataset.__getitem__,True,kitti,conv4.0,176,200,5,10,10,6,18,20,1,176000,4706,0.026738636363636364,6459,600,360,292,68,0.8111111111111111,0,289,0.4816666666666667,94.98529411764706,17.941666666666666,0:292;3:2;4:1;5:2;6:3;8:4;12:1;20:1;24:1;27:1;28:1;31:1;32:2;35:1;36:2;38:1;44:1;46:1;48:1;49:1;50:1;54:1;56:1;58:1;72:1;76:2;77:1;78:1;80:1;81:1;86:1;95:1;102:1;108:1;112:1;115:1;117:1;119:1;138:1;142:1;150:2;160:1;170:1;171:1;176:1;194:1;199:1;208:1;209:1;226:1;229:2;230:1;234:2;246:1;255:1;289:1,3,78,150,170,171,117,76,80,72,35,49,48,46,38,32,24,8,8,108,230,289,255,112,119,160,56,32,44,28,76,8,194,234,226,246,208,142,138,176,50,36,31,58,95,199,102,150,229,229,234,209,86,8,81,115,77,12,20,27,36,54,6,5,4,6,6,5,3,,,,,,,,,,,,,,,,,,,,,,,,,,,,,,,,,,,,,,,,,,,,,,,,,,,,,,,,,,,,,,,,,,,,,,,,,,,,,,,,,,,,,,,,,,,,,,,,,,,,,,,,,,,,,,,,,,,,,,,,,,,,,,,,,,,,,,,,,,,,,,,,,,,,,,,,,,,,,,,,,
000040.bin,KittiDataset.__getitem__,True,kitti,conv4.0,176,200,5,10,10,6,18,20,1,176000,8672,0.049272727272727274,12678,600,360,237,123,0.6583333333333333,0,405,0.675,103.07317073170732,35.21666666666667,0:237;2:2;3:1;4:4;5:1;6:1;8:3;9:1;10:2;13:3;14:2;16:1;18:2;21:2;22:2;24:5;26:4;30:2;32:1;36:1;38:2;40:1;41:1;42:1;44:3;46:3;48:1;58:1;61:1;62:2;63:1;69:1;70:2;71:2;73:1;76:2;77:1;80:1;81:1;87:1;92:1;96:3;104:1;107:1;115:1;117:1;120:1;121:1;128:3;139:1;140:1;142:1;146:2;147:1;148:1;149:1;154:1;162:1;165:1;166:1;174:1;176:1;177:1;178:1;179:1;180:1;182:1;188:2;221:1;222:1;230:1;237:1;242:1;251:1;252:1;256:1;257:2;260:1;271:1;272:1;281:1;284:1;288:1;290:1;315:1;345:1;405:1,4,2,13,4,32,140,81,30,4,2,76,345,405,290,73,13,96,104,71,24,44,24,44,96,272,252,177,180,117,96,146,188,179,61,58,41,3,24,120,315,288,284,260,166,178,107,46,80,22,71,30,9,8,21,221,271,256,230,176,162,128,115,121,24,77,13,21,6,26,70,242,257,257,222,182,148,165,149,63,24,22,92,251,281,237,174,142,128,146,36,46,38,18,10,26,128,188,147,154,139,44,62,18,10,46,14,4,62,69,38,87,26,48,76,40,42,8,14,8,70,26,16,5,,,,,,,,,,,,,,,,,,,,,,,,,,,,,,,,,,,,,,,,,,,,,,,,,,,,,,,,,,,,,,,,,,,,,,,,,,,,,,,,,,,,,,,,,,,,,,,,,,,,,,,,,,
000041.bin,KittiDataset.__getitem__,True,kitti,conv4.0,176,200,5,10,10,6,18,20,1,176000,11548,0.06561363636363636,16280,600,360,166,194,0.46111111111111114,0,306,0.51,83.91752577319588,45.22222222222222,0:166;1:1;2:3;3:1;4:10;6:3;8:9;10:4;12:3;13:1;14:5;15:1;16:4;18:4;19:1;20:8;22:2;24:2;25:1;26:2;28:2;29:1;30:1;32:1;33:2;34:1;36:1;38:1;39:1;40:1;43:1;46:2;48:1;49:1;51:1;52:4;54:2;56:1;58:2;60:2;62:2;63:1;64:3;66:3;67:1;70:1;71:2;72:3;73:1;74:4;76:3;80:1;82:1;84:1;88:2;89:1;90:1;92:2;93:1;96:3;98:1;100:1;102:1;106:1;107:1;109:1;112:2;113:1;114:1;118:1;119:1;120:1;123:2;124:1;131:1;132:1;136:2;140:1;144:2;146:1;147:1;153:1;154:1;157:1;158:3;165:1;172:1;182:3;186:2;188:1;194:1;198:1;200:1;202:1;206:1;218:2;224:1;228:1;234:1;244:1;247:1;248:2;255:1;264:1;270:1;275:1;284:2;286:1;289:1;297:1;306:1,14,43,28,36,89,18,22,8,144,172,66,25,58,64,2,46,71,93,153,107,51,76,38,4,100,147,109,26,80,8,8,8,12,124,206,188,76,8,20,52,136,113,26,2,14,74,140,119,52,72,14,64,10,33,112,33,4,6,60,200,158,157,154,96,96,120,49,70,66,24,39,71,6,10,90,244,275,255,182,136,158,106,72,64,88,74,13,63,48,8,131,297,306,270,224,182,158,114,92,102,28,58,22,20,46,40,4,82,284,284,248,186,132,76,66,56,54,10,8,8,12,4,74,264,286,234,198,186,92,88,165,98,60,30,73,19,20,72,218,182,248,123,62,74,144,62,18,20,4,1,3,18,118,247,289,228,194,112,146,84,123,96,52,29,20,16,24,202,218,34,67,4,20,32,20,52,16,16,4,16,54,18,14,14,2,12,6,20,10,4,4,15,8,4,,,,,,,,,,,,,,,,,,,,,,,,,,,,,,,,,,,
000042.bin,KittiDataset.__getitem__,True,kitti,conv4.0,176,200,5,10,10,6,18,20,1,176000,9294,0.052806818181818184,13163,600,360,211,149,0.5861111111111111,0,323,0.5383333333333333,88.34228187919463,36.56388888888889,0:211;2:2;4:6;6:3;8:5;9:1;11:1;12:4;13:1;16:2;18:6;22:1;24:3;28:2;29:1;30:1;31:2;32:1;34:1;35:2;37:2;39:1;40:1;42:1;45:3;46:3;48:2;49:1;50:1;51:1;52:1;54:1;55:1;56:2;58:1;61:1;62:1;66:1;68:2;69:1;70:1;72:1;74:1;76:3;77:2;78:2;80:1;82:2;84:1;85:3;86:1;87:1;88:2;93:1;94:1;96:1;98:1;101:1;105:1;106:3;107:1;112:1;113:1;114:1;116:1;117:1;118:2;122:2;126:2;127:1;128:1;132:1;134:1;142:1;150:1;152:1;158:1;159:2;162:1;166:1;168:1;171:1;178:1;179:1;181:1;188:1;192:1;212:1;231:1;232:1;238:1;241:1;256:1;257:1;272:1;283:1;284:1;288:3;289:1;323:1,4,18,18,2,18,11,9,127,283,323,231,192,241,168,101,70,134,105,69,40,56,6,31,162,288,288,272,212,178,122,112,106,117,106,107,78,87,45,77,12,118,284,288,232,158,126,68,54,62,106,46,24,22,12,8,82,256,289,257,238,188,152,116,122,98,85,58,37,16,24,16,49,171,159,128,94,74,66,56,39,52,13,28,4,18,8,24,142,150,126,76,76,51,46,68,6,32,8,4,2,88,118,114,96,84,85,61,18,50,31,8,6,72,113,93,88,86,45,48,37,29,30,4,42,179,181,159,166,132,35,80,18,77,28,34,45,46,85,55,35,82,78,76,12,12,48,4,4,8,,,,,,,,,,,,,,,,,,,,,,,,,,,,,,,,,,,,,,,,,,,,,,,,,,,,,,,,,,,,,,,,,,,,,,,,,,,,,,,,
000043.bin,KittiDataset.__getitem__,True,kitti,conv4.0,176,200,5,10,10,6,18,20,1,176000,5887,0.03344886363636364,8463,600,360,264,96,0.7333333333333333,0,323,0.5383333333333333,88.15625,23.508333333333333,0:264;2:3;4:2;6:2;8:1;10:1;12:2;14:1;15:1;16:4;17:2;19:1;20:1;21:1;24:2;25:1;28:3;30:2;31:2;32:2;33:2;34:2;35:1;36:1;37:1;38:3;44:1;45:1;46:1;48:1;54:1;56:1;61:1;63:1;65:1;67:1;70:1;72:1;78:1;79:1;82:1;86:1;92:1;94:1;100:1;105:1;106:1;108:1;109:1;115:1;116:1;121:1;123:2;126:2;130:2;136:1;142:1;149:1;151:1;167:1;185:1;193:1;196:1;212:1;216:1;241:1;273:1;289:2;292:1;294:1;298:1;310:1;313:1;323:1,4,2,12,6,16,16,21,63,16,15,33,79,142,193,105,72,32,36,44,31,10,100,310,323,298,167,149,123,115,126,94,56,30,126,292,294,273,241,130,121,82,123,106,28,46,116,289,313,289,216,136,109,92,70,86,28,28,12,20,67,35,8,130,212,196,185,78,32,65,61,38,24,34,31,151,19,33,37,16,6,25,108,48,38,54,17,2,4,2,17,38,34,45,14,30,24,,,,,,,,,,,,,,,,,,,,,,,,,,,,,,,,,,,,,,,,,,,,,,,,,,,,,,,,,,,,,,,,,,,,,,,,,,,,,,,,,,,,,,,,,,,,,,,,,,,,,,,,,,,,,,,,,,,,,,,,,,,,,,,,,,,,,
000044.bin,KittiDataset.__getitem__,True,kitti,conv4.0,176,200,5,10,10,6,18,20,1,176000,11570,0.06573863636363636,16602,600,360,194,166,0.5388888888888889,0,512,0.8533333333333334,100.01204819277109,46.11666666666667,0:194;1:1;2:7;4:5;5:1;8:7;9:1;10:1;11:2;12:3;14:2;15:1;16:4;20:5;22:3;24:3;26:2;28:3;30:3;33:1;34:1;36:4;40:1;41:1;44:2;45:1;46:2;47:1;48:2;50:2;51:1;52:2;54:2;56:1;57:1;58:1;60:1;62:2;66:2;67:1;72:1;73:1;77:1;80:1;82:1;84:3;85:1;88:1;90:4;93:1;94:4;96:2;97:1;106:1;107:2;108:1;112:1;113:1;114:1;116:1;120:1;127:2;131:3;134:1;136:1;138:2;140:1;141:2;142:1;148:2;161:1;166:1;169:1;174:1;176:1;182:1;183:1;186:1;190:1;194:1;204:1;226:1;236:1;237:1;239:1;245:2;255:1;256:2;262:1;264:1;308:1;315:1;318:1;322:1;333:1;337:1;346:1;383:1;439:1;488:1;491:1;512:1,8,11,2,4,33,4,5,2,46,97,10,30,138,50,85,14,1,2,8,16,120,169,73,116,28,2,12,4,148,333,255,237,93,114,94,16,45,20,22,24,16,20,8,127,512,488,439,491,245,194,174,182,256,77,72,84,141,57,30,9,161,346,318,308,264,190,204,166,131,66,58,62,48,4,51,15,183,262,322,186,138,88,94,94,62,20,30,8,44,8,67,4,2,50,46,127,113,107,44,36,60,94,56,131,106,134,112,90,52,34,47,239,383,236,107,140,148,136,131,96,226,80,142,20,28,12,84,315,245,84,90,256,337,141,108,176,90,14,22,41,82,90,24,11,66,54,40,48,36,36,8,28,96,52,12,20,26,36,2,54,22,24,2,26,16,8,,,,,,,,,,,,,,,,,,,,,,,,,,,,,,,,,,,,,,,,,,,,,,,,,,,,,,,,,,,,,,,
000045.bin,KittiDataset.__getitem__,True,kitti,conv4.0,176,200,5,10,10,6,18,20,1,176000,10064,0.05718181818181818,14700,600,360,217,143,0.6027777777777777,0,296,0.49333333333333335,102.7972027972028,40.833333333333336,0:217;2:1;4:2;6:1;8:2;11:1;12:2;16:3;18:2;20:2;22:2;26:1;27:2;30:3;32:1;33:2;36:2;38:2;40:1;42:3;43:1;44:1;46:3;47:2;48:1;49:1;50:1;52:1;54:1;56:2;58:3;59:1;60:1;63:1;64:1;65:3;66:2;68:1;69:1;70:2;71:1;72:1;73:1;76:3;77:1;80:1;82:1;83:3;84:2;86:3;90:1;91:1;92:1;94:1;95:1;96:1;99:1;101:2;102:1;103:1;104:1;105:1;109:1;110:1;116:1;124:1;127:1;128:1;130:1;132:2;135:1;136:1;140:1;142:1;146:1;150:2;157:1;168:2;173:1;176:1;179:1;180:1;188:1;201:1;204:1;213:1;224:1;227:1;228:1;231:1;232:1;236:1;238:1;243:1;250:1;252:1;258:1;260:1;266:1;276:1;282:1;283:1;284:1;288:3;296:1,33,105,127,77,84,83,22,65,95,83,58,66,69,33,36,176,231,173,136,96,124,56,103,73,43,11,42,65,47,70,238,296,243,250,168,140,146,101,135,72,76,18,50,20,59,76,266,288,276,258,228,204,168,132,82,110,30,68,40,30,26,86,282,284,260,232,180,128,102,92,76,70,46,16,12,94,288,288,252,188,132,80,56,60,58,58,32,8,8,71,224,283,236,201,157,150,104,86,99,65,52,4,16,42,18,47,227,150,213,130,86,44,36,49,6,12,2,4,46,46,38,179,142,109,116,83,48,101,63,54,30,84,66,20,27,91,38,90,64,42,16,22,27,,,,,,,,,,,,,,,,,,,,,,,,,,,,,,,,,,,,,,,,,,,,,,,,,,,,,,,,,,,,,,,,,,,,,,,,,,,,,,,,,,,,,,
000046.bin,KittiDataset.__getitem__,True,kitti,conv4.0,176,200,5,10,10,6,18,20,1,176000,6896,0.03918181818181818,9945,600,360,251,109,0.6972222222222222,0,303,0.505,91.23853211009174,27.625,0:251;2:1;3:2;4:5;6:1;7:1;8:6;10:4;13:2;14:3;16:3;18:2;22:2;24:1;26:1;27:1;32:1;38:1;39:1;40:3;42:2;43:2;44:1;46:1;48:1;50:1;51:1;53:1;56:1;59:1;65:1;66:1;67:1;69:1;70:2;74:1;77:1;80:1;82:1;83:1;84:1;86:1;94:1;98:1;99:2;102:1;105:1;108:1;110:1;118:1;120:1;122:1;123:1;125:1;126:1;128:2;141:1;152:1;168:1;172:1;173:1;186:1;188:1;195:1;198:1;206:1;207:1;209:1;210:1;214:1;216:1;221:1;227:1;235:1;247:1;260:2;264:1;272:1;273:1;278:1;284:1;303:1,4,6,3,123,227,99,94,51,110,105,99,86,70,40,32,22,8,209,214,260,207,128,152,172,141,65,42,10,13,10,8,4,120,260,284,264,206,210,126,108,66,56,46,10,4,4,50,195,247,235,188,198,168,128,82,98,70,74,10,77,24,22,53,173,272,216,303,186,118,84,67,16,40,125,38,44,43,3,59,221,273,278,122,102,69,39,2,80,40,48,16,42,83,13,43,27,26,16,18,18,8,7,8,4,8,14,14,14,8,,,,,,,,,,,,,,,,,,,,,,,,,,,,,,,,,,,,,,,,,,,,,,,,,,,,,,,,,,,,,,,,,,,,,,,,,,,,,,,,,,,,,,,,,,,,,,,,,,,,,,,,,,,,,,,,,,,,,,,,
000047.bin,KittiDataset.__getitem__,True,kitti,conv4.0,176,200,5,10,10,6,18,20,1,176000,6808,0.038681818181818185,9939,600,360,267,93,0.7416666666666667,0,394,0.6566666666666666,106.87096774193549,27.608333333333334,0:267;4:3;6:4;8:3;10:1;12:3;14:1;16:2;18:1;20:1;22:2;24:1;26:1;29:1;32:1;36:2;42:2;43:2;49:2;50:1;54:1;62:1;67:1;72:1;74:1;75:1;76:1;79:1;81:1;82:2;83:1;84:1;85:1;87:1;89:1;92:1;94:1;100:1;101:1;102:2;104:1;111:2;112:3;114:1;117:1;119:1;124:1;126:1;136:1;138:1;139:1;145:1;146:1;154:1;166:1;180:1;188:3;200:1;222:1;232:1;244:2;267:1;278:1;296:1;305:1;306:1;313:1;315:1;341:1;394:2,43,87,6,4,111,394,394,296,188,154,111,267,200,124,145,146,72,92,42,49,6,139,315,313,278,244,222,102,180,138,85,112,119,82,82,42,94,22,136,305,306,232,188,188,79,83,62,24,10,84,341,244,74,126,112,50,112,67,36,81,101,114,49,16,8,18,29,4,12,6,43,102,166,12,26,14,6,20,4,117,89,75,54,16,8,8,22,12,32,36,104,100,76,,,,,,,,,,,,,,,,,,,,,,,,,,,,,,,,,,,,,,,,,,,,,,,,,,,,,,,,,,,,,,,,,,,,,,,,,,,,,,,,,,,,,,,,,,,,,,,,,,,,,,,,,,,,,,,,,,,,,,,,,,,,,,,,,,,,,,,,
000048.bin,KittiDataset.__getitem__,True,kitti,conv4.0,176,200,5,10,10,6,18,20,1,176000,6593,0.03746022727272727,9467,600,360,247,113,0.6861111111111111,0,362,0.6033333333333334,83.77876106194691,26.29722222222222,0:247;2:3;4:7;5:1;6:1;7:2;8:11;9:1;10:3;11:1;12:2;16:3;18:2;22:1;24:1;26:1;27:1;29:1;30:1;32:5;33:1;36:1;38:1;39:1;41:2;42:1;43:1;44:1;46:1;50:1;52:2;53:1;56:1;57:1;58:1;59:1;60:1;64:1;73:1;74:1;78:1;82:1;87:1;94:1;103:1;106:1;107:1;108:1;110:1;114:1;119:2;123:1;127:1;130:1;132:1;134:2;140:1;142:1;153:1;163:1;165:1;173:1;174:1;175:1;198:1;208:1;209:1;214:1;219:1;220:2;231:1;252:1;275:1;280:1;287:1;297:1;301:1;306:1;362:2,8,4,8,11,5,10,7,2,7,87,220,142,127,173,175,163,64,32,18,29,52,74,52,4,9,43,44,280,306,231,287,220,123,119,73,36,38,32,22,16,57,110,301,297,275,198,134,134,132,165,32,8,8,42,33,18,12,32,130,362,362,214,252,209,153,108,106,8,12,58,94,39,46,26,4,82,219,208,78,119,103,56,16,50,41,6,16,30,114,174,140,107,59,10,8,60,27,41,53,32,10,8,8,24,8,8,4,4,2,4,8,4,2,,,,,,,,,,,,,,,,,,,,,,,,,,,,,,,,,,,,,,,,,,,,,,,,,,,,,,,,,,,,,,,,,,,,,,,,,,,,,,,,,,,,,,,,,,,,,,,,,,,,,,,,,,,,,,,,,,,,
000049.bin,KittiDataset.__getitem__,True,kitti,conv4.0,176,200,5,10,10,6,18,20,1,176000,5825,0.03309659090909091,8430,600,360,245,115,0.6805555555555556,0,311,0.5183333333333333,73.30434782608695,23.416666666666668,0:245;2:1;3:1;4:5;6:3;8:7;9:1;10:1;12:4;14:3;16:3;17:2;18:2;19:1;22:2;25:1;26:3;27:2;31:1;32:1;34:2;36:2;38:2;39:3;40:4;41:1;42:2;44:1;45:1;48:3;51:2;54:1;58:1;59:1;63:1;66:1;72:1;73:2;76:1;77:1;78:2;84:1;86:1;88:1;90:1;91:1;92:1;94:1;95:2;98:1;100:1;101:2;108:1;110:2;131:1;136:1;138:1;154:1;157:1;175:1;178:1;188:2;201:1;229:1;256:1;272:1;281:1;293:1;294:1;304:1;305:1;307:1;311:1,12,6,6,8,26,14,26,10,39,78,66,4,42,39,84,8,4,108,154,73,18,39,95,38,94,41,48,188,175,88,131,110,54,38,8,4,31,157,100,73,51,27,36,78,44,19,9,4,18,16,16,8,178,307,304,293,281,98,48,136,90,45,22,36,27,8,16,188,294,311,229,272,201,101,101,63,59,91,25,32,26,2,92,256,305,138,95,76,40,4,3,17,77,86,110,48,42,22,58,12,8,8,14,6,12,34,14,40,72,12,51,40,40,34,17,,,,,,,,,,,,,,,,,,,,,,,,,,,,,,,,,,,,,,,,,,,,,,,,,,,,,,,,,,,,,,,,,,,,,,,,,,,,,,,,,,,,,,,,,,,,,,,,,,,,,,,,,,,,,,,,,,
000050.bin,KittiDataset.__getitem__,True,kitti,conv4.0,176,200,5,10,10,6,18,20,1,176000,4435,0.025198863636363637,6321,600,360,294,66,0.8166666666666667,0,329,0.5483333333333333,95.77272727272727,17.558333333333334,0:294;1:1;4:3;8:2;12:2;14:2;16:1;18:2;21:1;22:1;26:1;31:2;34:1;43:2;45:1;48:1;51:1;52:1;57:1;62:1;64:1;76:1;78:1;80:1;82:1;86:1;87:1;90:1;92:3;98:1;99:1;102:1;103:1;104:1;111:1;116:1;121:1;130:1;138:1;143:1;145:2;146:1;147:1;148:1;150:1;170:1;180:1;182:1;195:1;209:1;220:1;230:1;246:1;294:1;302:1;329:1,21,4,4,209,148,145,87,31,52,57,82,12,8,34,8,14,18,1,26,150,294,329,180,130,104,146,90,48,45,31,22,4,14,62,80,43,16,170,302,230,246,220,182,138,143,99,76,92,121,98,86,92,12,111,195,92,102,145,147,116,103,51,43,78,64,18,,,,,,,,,,,,,,,,,,,,,,,,,,,,,,,,,,,,,,,,,,,,,,,,,,,,,,,,,,,,,,,,,,,,,,,,,,,,,,,,,,,,,,,,,,,,,,,,,,,,,,,,,,,,,,,,,,,,,,,,,,,,,,,,,,,,,,,,,,,,,,,,,,,,,,,,,,,,,,,,,,,
000051.bin,KittiDataset.__getitem__,True,kitti,conv4.0,176,200,5,10,10,6,18,20,1,176000,10652,0.06052272727272727,15575,600,360,171,189,0.475,0,327,0.545,82.4074074074074,43.263888888888886,0:171;2:3;3:1;4:7;5:2;6:2;8:16;10:1;12:6;14:6;16:4;18:1;19:1;20:6;22:3;24:1;26:1;28:2;29:1;32:2;34:2;38:1;40:2;42:5;43:1;45:1;46:1;48:2;49:1;50:1;52:2;54:6;56:2;57:1;58:1;62:3;63:2;64:1;67:1;68:4;69:1;70:1;72:1;74:1;76:1;78:1;80:1;81:1;84:2;85:1;86:2;88:1;91:2;96:1;97:1;98:1;99:1;102:2;103:2;104:1;108:1;109:1;110:1;111:2;113:1;115:3;116:1;120:1;124:1;125:1;130:2;132:1;138:2;139:2;144:2;146:1;148:1;157:1;158:1;160:1;162:1;163:1;166:2;172:1;175:1;178:1;182:1;184:1;186:1;193:1;194:1;196:1;206:1;207:1;209:1;211:1;213:1;228:1;232:1;241:1;254:1;264:1;269:1;280:1;292:1;294:1;297:1;301:1;305:1;327:1,8,8,2,34,12,4,26,52,12,22,40,12,20,19,40,48,8,8,16,4,14,84,63,70,88,34,8,6,4,8,86,144,175,115,50,8,14,22,8,14,20,138,157,132,91,98,42,54,103,2,32,16,2,38,172,211,163,96,103,113,130,68,54,18,5,4,28,62,228,305,182,130,146,138,45,63,42,78,264,294,194,148,86,72,84,102,108,29,14,20,158,301,297,213,196,166,99,74,42,52,56,8,8,14,124,269,280,232,178,144,116,76,62,54,32,54,8,8,12,58,57,209,241,184,139,111,81,80,68,62,56,68,254,206,166,139,104,110,68,54,49,28,8,20,3,42,162,186,160,292,125,115,64,91,54,20,111,5,16,120,193,327,109,115,46,42,102,67,85,43,24,4,97,207,69,6,14,48,12,16,12,8,4,4,8,8,22,10,20,,,,,,,,,,,,,,,,,,,,,,,,,,,,,,,,,,,,,,,,
000052.bin,KittiDataset.__getitem__,True,kitti,conv4.0,176,200,5,10,10,6,18,20,1,176000,7433,0.042232954545454546,10569,600,360,230,130,0.6388888888888888,0,357,0.595,81.3,29.358333333333334,0:230;1:1;2:4;4:1;6:1;7:1;8:7;9:1;10:3;11:3;12:2;14:1;15:1;16:2;18:1;19:1;20:4;21:1;22:3;23:1;25:2;26:5;27:1;28:2;31:1;32:1;36:1;38:2;40:1;42:2;44:1;45:1;47:1;49:1;50:1;51:2;52:1;56:2;57:1;59:1;60:2;61:1;63:1;64:2;65:1;67:1;70:2;71:1;72:1;74:1;75:1;76:1;89:1;92:1;93:4;94:1;106:1;107:1;108:1;111:1;114:2;116:1;119:1;121:1;122:2;133:1;137:1;139:1;140:1;141:1;143:1;146:1;156:1;158:1;160:1;162:1;174:1;186:1;208:1;209:1;215:1;220:1;222:1;227:1;233:1;250:1;268:1;282:1;293:1;336:1;355:2;357:1,11,1,8,16,2,49,23,51,26,26,107,67,10,8,61,186,75,20,22,11,18,70,357,227,121,94,63,22,8,27,8,8,64,250,336,355,209,56,156,93,28,12,45,93,282,268,293,174,38,108,208,57,2,20,70,355,215,19,11,2,8,59,158,36,12,28,40,162,233,222,71,56,42,60,44,47,7,65,160,220,92,50,52,106,26,111,146,26,31,114,133,122,139,116,26,15,119,21,10,42,122,137,143,93,20,25,74,93,89,2,76,10,20,25,16,38,6,60,141,72,4,22,114,140,64,9,32,51,14,8,,,,,,,,,,,,,,,,,,,,,,,,,,,,,,,,,,,,,,,,,,,,,,,,,,,,,,,,,,,,,,,,,,,,,,,,,,,,,,,,,,,,,,,,,,,,,,,,,,,
000053.bin,KittiDataset.__getitem__,True,kitti,conv4.0,176,200,5,10,10,6,18,20,1,176000,5594,0.03178409090909091,7789,600,360,275,85,0.7638888888888888,0,310,0.5166666666666667,91.63529411764706,21.636111111111113,0:275;4:5;7:1;8:3;9:1;10:1;12:1;13:1;14:1;16:1;18:1;22:1;23:1;24:1;25:1;28:1;29:1;32:2;34:1;35:1;37:1;41:1;42:2;44:1;46:1;47:1;49:1;52:2;53:2;56:1;57:2;59:2;67:1;69:2;73:1;76:1;85:1;87:1;97:1;99:1;100:2;102:1;106:1;107:1;124:1;133:1;134:2;136:2;139:1;140:2;143:1;151:1;156:1;165:1;167:1;172:1;174:1;178:2;206:1;210:1;236:1;241:1;243:1;264:1;277:1;288:1;304:1;310:1,4,4,8,67,85,49,59,41,10,7,24,52,9,151,165,143,97,134,133,87,100,140,59,57,12,32,139,210,304,178,136,134,136,42,69,46,37,53,4,8,178,277,264,288,236,156,174,100,102,56,69,57,34,18,32,8,124,310,206,241,243,167,172,76,52,47,53,29,44,13,23,106,140,99,107,73,25,42,28,4,4,22,35,16,14,,,,,,,,,,,,,,,,,,,,,,,,,,,,,,,,,,,,,,,,,,,,,,,,,,,,,,,,,,,,,,,,,,,,,,,,,,,,,,,,,,,,,,,,,,,,,,,,,,,,,,,,,,,,,,,,,,,,,,,,,,,,,,,,,,,,,,,,,,,,,,,,
000054.bin,KittiDataset.__getitem__,True,kitti,conv4.0,176,200,5,10,10,6,18,20,1,176000,3355,0.0190625,4830,600,360,303,57,0.8416666666666667,0,403,0.6716666666666666,84.73684210526316,13.416666666666666,0:303;2:1;3:2;4:6;5:1;6:1;8:5;10:1;11:1;12:5;16:4;21:1;22:1;24:1;30:1;36:1;37:1;45:1;46:1;52:2;73:1;78:1;83:1;88:2;94:1;99:1;116:1;176:1;191:1;217:1;265:1;267:1;296:1;301:1;325:1;333:1;369:1;375:1;403:1,24,8,16,4,8,4,16,8,94,176,36,8,12,2,4,4,16,8,88,333,265,99,3,6,73,296,369,191,30,12,5,10,3,12,267,375,217,37,22,16,11,52,301,403,116,78,325,88,45,83,52,12,4,12,46,21,4,,,,,,,,,,,,,,,,,,,,,,,,,,,,,,,,,,,,,,,,,,,,,,,,,,,,,,,,,,,,,,,,,,,,,,,,,,,,,,,,,,,,,,,,,,,,,,,,,,,,,,,,,,,,,,,,,,,,,,,,,,,,,,,,,,,,,,,,,,,,,,,,,,,,,,,,,,,,,,,,,,,,,,,,,,,,
000055.bin,KittiDataset.__getitem__,True,kitti,conv4.0,176,200,5,10,10,6,18,20,1,176000,11762,0.06682954545454546,17370,600,360,160,200,0.4444444444444444,0,292,0.4866666666666667,86.85,48.25,0:160;1:1;2:2;4:4;5:1;8:4;9:1;10:1;12:4;13:1;14:4;15:1;16:4;17:1;18:3;20:3;22:2;24:5;26:2;28:1;29:1;30:3;31:1;34:4;35:1;36:4;38:2;40:4;42:1;43:1;44:2;46:3;48:1;50:3;51:2;52:4;54:2;55:1;56:3;58:1;59:2;62:2;65:3;66:2;67:2;68:1;69:1;71:1;72:1;74:1;75:3;76:1;77:2;78:2;79:1;82:2;84:1;86:1;87:1;88:2;89:1;92:3;94:2;96:2;102:1;104:1;105:2;106:2;107:2;110:1;112:1;113:2;114:1;115:1;117:1;122:2;123:1;124:2;125:1;126:1;130:2;136:3;137:1;138:1;141:1;142:2;146:1;148:2;150:1;152:1;154:1;158:2;160:1;162:1;164:1;166:1;168:1;172:1;178:2;179:1;183:1;185:1;187:1;188:2;193:1;194:1;207:1;218:1;223:1;224:2;232:1;248:1;250:1;259:1;266:1;288:4;292:1,8,65,9,2,46,130,160,1,2,51,141,207,105,50,148,148,154,178,137,87,34,48,88,104,112,56,67,114,107,106,94,115,138,110,96,66,54,52,46,24,71,117,5,77,123,40,51,75,74,77,66,34,26,35,24,106,124,183,266,105,162,223,52,113,125,65,79,75,136,40,38,12,166,288,292,250,224,178,224,126,72,38,44,20,42,14,20,142,288,288,232,158,122,185,75,28,24,26,16,4,4,4,67,259,288,248,194,158,124,92,94,96,86,92,59,43,30,18,62,172,187,188,146,122,89,102,82,50,92,15,24,16,31,164,218,188,179,168,150,130,82,136,36,88,36,40,36,20,68,54,46,56,50,34,52,44,40,14,22,4,30,78,84,58,76,65,34,12,13,36,62,18,22,17,14,16,8,59,193,136,69,152,142,113,12,10,18,52,55,107,78,30,16,56,8,29,8,14,24,12,,,,,,,,,,,,,,,,,,,,,,,,,,,,,
000056.bin,KittiDataset.__getitem__,True,kitti,conv4.0,176,200,5,10,10,6,18,20,1,176000,13574,0.077125,19656,600,360,175,185,0.4861111111111111,0,476,0.7933333333333333,106.24864864864865,54.6,0:175;1:1;2:2;4:7;5:1;6:2;8:12;9:3;10:2;11:1;12:4;16:7;18:3;19:1;20:2;22:1;24:2;26:5;27:1;28:1;29:1;30:3;32:1;33:1;35:4;36:3;38:1;39:2;40:3;42:3;43:3;45:2;46:1;53:4;54:2;55:1;57:1;58:1;60:2;62:1;66:1;67:1;71:1;72:1;73:1;74:2;87:1;88:1;90:1;92:1;94:2;95:1;96:1;98:1;100:2;101:1;103:1;104:1;105:1;108:1;109:1;110:1;114:1;116:1;119:1;122:1;124:1;125:1;128:1;129:1;133:1;134:1;140:1;145:1;146:1;150:1;154:1;156:1;157:1;162:1;168:1;172:2;175:1;180:1;181:1;188:1;197:1;199:1;203:1;218:1;219:1;224:1;229:1;233:1;245:1;247:1;253:1;263:1;264:1;273:1;280:1;284:1;287:1;291:1;295:2;315:2;316:1;319:1;330:1;331:1;348:1;355:1;373:1;374:1;381:1;392:1;396:1;403:1;404:1;405:1;476:1,12,12,16,4,6,4,8,8,9,43,40,26,6,11,71,94,74,29,4,24,94,157,125,39,26,8,16,22,16,16,53,224,253,181,109,100,66,8,32,57,28,18,16,4,134,381,476,396,319,287,219,101,42,53,58,30,40,92,45,18,87,392,405,403,348,331,273,162,145,140,103,98,60,38,96,73,43,245,330,295,280,233,172,156,114,122,72,54,88,27,43,40,33,199,247,229,180,129,108,95,54,30,30,18,4,8,26,263,316,315,264,203,168,133,124,119,62,100,42,39,4,104,374,355,295,373,404,284,197,154,188,150,55,175,9,8,24,45,218,291,315,172,90,105,74,53,67,46,53,9,36,116,128,8,35,26,20,36,16,8,12,42,146,35,35,2,12,20,60,110,35,8,19,10,2,10,26,36,8,8,5,1,16,4,8,,,,,,,,,,,,,,,,,,,,,,,,,,,,,,,,,,,,,,,,,,,,
000057.bin,KittiDataset.__getitem__,True,kitti,conv4.0,176,200,5,10,10,6,18,20,1,176000,6106,0.03469318181818182,8679,600,360,276,84,0.7666666666666667,0,329,0.5483333333333333,103.32142857142857,24.108333333333334,0:276;2:1;4:5;6:1;8:4;10:1;12:5;13:1;20:1;21:1;24:1;25:1;26:3;27:1;29:1;30:3;34:1;44:2;46:1;56:1;60:3;62:1;68:2;72:1;73:1;76:1;78:1;81:1;83:1;85:1;87:2;99:1;100:2;107:1;113:2;114:1;119:1;121:1;129:1;130:1;150:1;158:1;177:1;182:1;208:1;212:1;214:1;225:1;229:1;234:2;243:1;256:1;259:1;274:1;282:1;283:1;286:1;290:1;300:1;313:1;315:1;329:1,4,81,20,4,100,259,313,256,129,34,100,121,46,68,113,62,12,8,12,12,8,30,130,300,290,208,229,243,177,114,76,119,85,87,30,26,12,6,4,24,12,214,283,282,234,212,274,107,78,68,72,60,60,44,13,8,30,315,329,286,225,182,150,158,113,44,99,83,27,73,29,26,60,87,234,4,4,2,8,26,56,10,21,25,,,,,,,,,,,,,,,,,,,,,,,,,,,,,,,,,,,,,,,,,,,,,,,,,,,,,,,,,,,,,,,,,,,,,,,,,,,,,,,,,,,,,,,,,,,,,,,,,,,,,,,,,,,,,,,,,,,,,,,,,,,,,,,,,,,,,,,,,,,,,,,,,
000058.bin,KittiDataset.__getitem__,True,kitti,conv4.0,176,200,5,10,10,6,18,20,1,176000,3341,0.018982954545454546,4833,600,360,306,54,0.85,0,383,0.6383333333333333,89.5,13.425,0:306;3:2;4:3;5:1;6:1;8:7;10:5;12:2;16:2;18:1;21:1;24:1;31:1;32:1;40:1;46:1;48:1;50:1;52:1;56:1;62:1;74:1;76:1;85:1;88:1;91:1;101:1;110:1;183:1;195:1;215:1;277:1;284:1;297:1;306:1;324:1;326:1;370:1;377:1;383:1,24,8,10,8,10,8,91,183,48,4,8,4,10,8,85,326,284,101,3,6,56,277,377,195,32,12,5,10,3,62,306,370,215,31,18,16,8,52,297,383,110,76,324,88,40,74,50,10,8,46,21,4,16,12,,,,,,,,,,,,,,,,,,,,,,,,,,,,,,,,,,,,,,,,,,,,,,,,,,,,,,,,,,,,,,,,,,,,,,,,,,,,,,,,,,,,,,,,,,,,,,,,,,,,,,,,,,,,,,,,,,,,,,,,,,,,,,,,,,,,,,,,,,,,,,,,,,,,,,,,,,,,,,,,,,,,,,,,,,,,,,,
000059.bin,KittiDataset.__getitem__,True,kitti,conv4.0,176,200,5,10,10,6,18,20,1,176000,12360,0.07022727272727272,18010,600,360,150,210,0.4166666666666667,0,385,0.6416666666666667,85.76190476190476,50.02777777777778,0:150;1:1;2:3;3:2;4:11;5:1;6:1;8:9;10:5;11:1;12:4;14:3;16:3;18:2;20:3;24:2;25:1;26:2;27:1;28:3;30:3;31:1;32:1;33:1;34:1;35:3;36:2;37:1;38:3;39:2;40:1;44:1;45:2;46:4;48:2;49:2;50:3;51:3;54:1;55:1;56:1;57:1;58:1;60:2;64:1;66:1;68:2;70:1;71:1;72:2;73:1;74:2;75:1;78:2;79:1;80:2;82:1;83:1;84:1;85:3;86:4;90:3;92:1;94:1;96:3;97:1;98:1;100:1;101:1;104:2;105:1;107:1;108:1;109:2;110:1;112:1;116:1;117:1;118:1;119:1;121:4;122:2;126:3;130:2;132:2;143:2;144:2;146:1;150:1;152:1;156:1;159:2;160:1;164:1;168:2;172:1;177:1;184:1;187:1;189:1;193:1;194:2;195:1;201:1;206:1;208:1;214:1;224:1;228:1;230:2;231:1;236:2;253:1;268:1;269:2;283:1;284:1;288:3;385:1,12,75,189,38,64,51,37,68,32,4,4,4,2,1,3,253,228,78,45,35,10,4,20,18,14,31,201,177,101,79,8,8,4,126,78,14,172,385,121,11,86,48,94,83,8,55,71,159,38,46,122,72,283,143,73,107,118,195,105,85,58,208,112,184,86,56,156,60,39,24,35,30,39,24,25,4,57,214,269,159,206,194,96,116,85,109,80,121,66,50,38,6,121,269,284,230,194,187,144,90,90,117,70,104,74,40,36,12,26,144,288,288,236,168,108,152,90,50,49,28,46,85,8,12,16,84,268,288,230,231,193,146,132,104,110,46,26,28,18,2,80,236,224,168,150,92,86,48,36,54,60,28,51,4,5,30,130,122,100,82,72,68,50,44,4,10,98,164,160,130,96,121,33,45,10,4,126,126,49,74,143,96,86,109,119,10,8,20,27,35,12,132,97,2,20,16,51,14,30,8,3,16,34,10,46,4,8,4,8,8,,,,,,,,,,,,,,,,,,,
000060.bin,KittiDataset.__getitem__,True,kitti,conv4.0,176,200,5,10,10,6,18,20,1,176000,10620,0.06034090909090909,15153,600,360,175,185,0.4861111111111111,0,295,0.49166666666666664,81.90810810810811,42.09166666666667,0:175;2:4;4:8;6:3;7:2;8:11;10:3;12:6;14:2;15:2;16:9;18:1;20:1;24:4;26:2;30:4;31:1;32:2;34:1;36:1;38:3;39:1;40:3;42:1;43:3;44:3;46:3;48:3;49:1;50:1;52:2;54:1;55:2;56:2;58:3;59:1;60:1;61:1;62:1;63:1;64:1;68:2;70:1;71:1;74:1;76:2;78:1;79:1;80:3;81:2;82:2;85:1;86:1;90:1;91:1;92:1;93:1;96:3;98:1;99:1;106:1;109:1;112:2;116:1;118:1;124:2;125:1;130:2;132:1;133:1;137:1;140:1;141:1;144:1;146:1;149:1;150:1;152:1;156:1;158:1;163:1;164:1;175:1;176:1;180:2;182:1;197:1;206:1;207:1;216:1;224:1;226:1;231:1;233:1;240:2;255:1;262:1;263:1;264:1;276:1;278:1;280:1;284:2;288:2;289:1;295:1,7,14,7,2,2,12,8,141,71,81,62,46,2,4,14,10,44,26,12,149,255,295,224,216,133,92,43,38,16,12,24,8,43,175,231,207,116,112,80,109,52,31,36,8,44,40,16,82,264,288,278,263,206,158,146,96,164,58,32,56,12,6,8,124,284,284,289,262,226,180,176,150,130,58,76,49,30,12,4,78,288,280,276,182,98,68,44,46,16,8,16,20,4,4,4,81,240,240,233,197,180,156,140,125,93,8,50,10,18,30,52,16,8,10,16,39,54,55,34,40,38,16,46,24,4,30,132,152,130,106,96,80,64,4,32,8,8,76,96,74,82,55,90,42,91,58,48,24,16,4,59,163,137,86,70,63,61,43,48,6,12,2,80,124,79,144,112,99,85,118,60,8,24,68,6,30,26,40,48,16,38,56,8,15,15,,,,,,,,,,,,,,,,,,,,,,,,,,,,,,,,,,,,,,,,,,,,
000061.bin,KittiDataset.__getitem__,True,kitti,conv4.0,176,200,5,10,10,6,18,20,1,176000,6333,0.03598295454545455,9028,600,360,263,97,0.7305555555555555,0,354,0.59,93.0721649484536,25.07777777777778,0:263;1:1;2:3;4:3;5:1;6:3;7:1;8:1;10:2;11:2;12:3;14:2;16:3;18:2;22:3;23:1;24:2;25:1;26:1;27:1;28:1;29:1;30:3;31:1;32:1;33:1;35:1;36:1;37:3;44:1;51:1;54:1;55:1;56:2;58:1;63:1;68:1;70:1;71:1;72:1;74:1;76:1;80:1;84:1;86:1;98:1;126:1;134:1;137:1;151:1;163:1;178:1;188:1;191:1;198:1;202:1;203:1;211:1;212:1;217:1;218:1;227:1;236:1;237:1;245:1;248:1;260:1;261:1;283:1;288:1;292:1;302:1;309:1;320:1;334:1;354:1,4,2,7,25,18,22,56,37,29,16,28,70,98,56,14,14,36,31,54,134,126,151,71,10,6,72,283,248,191,203,137,51,6,58,260,288,320,218,68,32,237,302,292,11,2,202,309,334,16,22,245,211,354,212,5,86,217,236,198,227,63,35,163,74,76,178,80,18,2,11,27,37,55,44,4,26,24,10,30,261,33,8,30,84,23,30,188,22,1,12,6,12,37,16,12,24,4,,,,,,,,,,,,,,,,,,,,,,,,,,,,,,,,,,,,,,,,,,,,,,,,,,,,,,,,,,,,,,,,,,,,,,,,,,,,,,,,,,,,,,,,,,,,,,,,,,,,,,,,,,,,,,,,,,,,,,,,,,,,,,,,,,,,
000062.bin,KittiDataset.__getitem__,True,kitti,conv4.0,176,200,5,10,10,6,18,20,1,176000,5313,0.0301875,7700,600,360,281,79,0.7805555555555556,0,321,0.535,97.46835443037975,21.38888888888889,0:281;4:3;7:1;8:1;12:1;13:1;14:1;15:1;16:2;18:1;20:1;24:2;27:3;28:1;31:1;34:1;37:1;38:3;39:1;42:1;44:1;45:2;48:1;54:1;56:1;58:1;59:1;61:1;62:1;63:1;65:1;68:1;69:2;77:2;82:1;84:2;86:1;91:1;102:1;104:1;106:1;112:1;115:1;131:1;133:1;140:2;142:1;144:1;150:1;156:2;174:1;179:1;183:1;185:1;192:1;193:1;213:1;225:1;247:1;254:1;258:1;284:1;297:1;305:1;307:1;321:1,27,24,16,16,8,77,247,133,63,48,24,104,44,38,69,58,4,4,4,68,284,307,297,254,185,91,69,84,56,13,27,18,37,140,61,28,193,225,192,150,131,62,34,38,77,38,42,15,45,31,115,12,142,174,213,156,140,84,86,45,144,183,156,59,27,54,258,321,305,179,102,65,82,14,39,20,106,112,7,,,,,,,,,,,,,,,,,,,,,,,,,,,,,,,,,,,,,,,,,,,,,,,,,,,,,,,,,,,,,,,,,,,,,,,,,,,,,,,,,,,,,,,,,,,,,,,,,,,,,,,,,,,,,,,,,,,,,,,,,,,,,,,,,,,,,,,,,,,,,,,,,,,,,,
000063.bin,KittiDataset.__getitem__,True,kitti,conv4.0,176,200,5,10,10,6,18,20,1,176000,5568,0.031636363636363636,8040,600,360,270,90,0.75,0,300,0.5,89.33333333333333,22.333333333333332,0:270;2:1;3:2;4:2;6:2;8:3;10:2;11:1;14:4;17:1;21:2;24:1;25:1;26:1;30:1;32:3;34:1;38:1;43:2;46:1;47:1;51:1;53:1;58:1;59:1;62:1;64:1;65:2;66:1;69:2;71:1;76:1;78:1;79:1;80:1;83:1;86:1;87:2;88:2;90:1;95:1;96:1;97:1;100:1;109:2;112:1;115:1;120:2;126:2;138:1;140:1;141:1;143:1;149:1;150:1;152:1;157:1;170:1;182:1;188:1;191:1;213:1;214:1;225:1;245:1;246:2;253:1;263:1;285:1;300:1,8,8,26,6,59,38,4,6,11,76,86,87,115,143,66,24,25,43,149,141,150,152,100,88,58,32,46,14,32,95,53,62,182,285,120,87,80,138,51,47,79,71,30,14,32,2,65,263,245,253,126,97,96,140,157,120,126,69,43,4,14,14,83,170,191,246,213,188,109,112,34,21,21,10,8,214,300,246,225,109,65,64,10,3,90,69,88,78,17,3,,,,,,,,,,,,,,,,,,,,,,,,,,,,,,,,,,,,,,,,,,,,,,,,,,,,,,,,,,,,,,,,,,,,,,,,,,,,,,,,,,,,,,,,,,,,,,,,,,,,,,,,,,,,,,,,,,,,,,,,,,,,,,,,,,,,,,,,,,,
000064.bin,KittiDataset.__getitem__,True,kitti,conv4.0,176,200,5,10,10,6,18,20,1,176000,9136,0.05190909090909091,12847,600,360,188,172,0.5222222222222223,0,341,0.5683333333333334,74.69186046511628,35.68611111111111,0:188;2:2;4:6;6:5;8:6;10:4;12:5;14:5;15:1;16:1;17:1;18:1;19:1;20:4;22:2;23:1;24:1;26:6;28:5;29:2;30:5;31:1;32:1;34:2;36:1;37:2;38:1;39:2;40:1;42:3;43:3;44:3;46:1;47:1;48:1;49:1;50:1;52:1;53:1;56:2;57:1;58:1;62:2;64:7;66:2;68:1;70:3;72:1;76:1;77:1;78:1;82:3;86:1;88:1;91:1;92:2;93:1;96:2;97:1;98:1;100:1;101:1;102:2;104:1;110:1;111:2;116:1;117:1;121:1;123:1;128:2;130:1;132:1;135:1;138:1;142:1;144:1;156:2;158:2;162:1;168:1;171:1;178:1;179:1;185:1;193:1;204:1;212:1;222:1;240:1;246:1;266:1;269:1;270:1;284:1;286:1;298:2;300:1;341:1,101,17,14,193,156,4,26,39,23,4,10,82,70,6,6,57,138,92,14,12,19,110,158,117,53,66,266,121,6,4,8,6,30,43,18,78,269,341,185,44,20,26,44,97,40,8,8,2,26,2,144,298,300,178,128,179,96,64,46,34,38,39,16,4,156,298,284,246,162,100,128,104,102,62,48,28,28,30,31,86,270,286,212,142,96,102,70,68,14,56,32,8,76,240,222,158,98,64,50,56,30,64,10,28,12,42,168,204,135,116,111,82,62,30,42,26,14,10,130,132,123,72,64,10,37,29,44,14,8,64,92,64,20,28,88,49,6,4,93,111,28,47,52,37,70,82,43,8,66,171,24,64,77,29,42,58,20,91,43,12,4,12,15,26,36,22,26,30,22,34,20,12,,,,,,,,,,,,,,,,,,,,,,,,,,,,,,,,,,,,,,,,,,,,,,,,,,,,,,,,,
000065.bin,KittiDataset.__getitem__,True,kitti,conv4.0,176,200,5,10,10,6,18,20,1,176000,4144,0.023545454545454546,5692,600,360,310,50,0.8611111111111112,0,302,0.5033333333333333,113.84,15.811111111111112,0:310;5:2;8:3;10:1;13:1;15:1;22:1;24:1;26:1;27:1;28:1;29:1;34:1;46:1;48:1;62:1;64:1;70:1;87:1;91:1;92:1;94:1;98:1;106:1;108:1;112:1;113:1;119:1;124:1;128:1;132:1;149:1;168:1;176:1;178:1;188:1;190:1;192:1;196:1;207:1;210:1;230:1;247:1;254:1;266:1;283:1;300:1;302:1,13,46,15,8,29,5,87,247,176,124,168,92,24,70,119,28,8,192,302,266,196,210,108,98,188,113,10,112,300,283,254,132,149,94,190,106,91,230,207,178,64,34,26,128,48,8,22,27,62,5,,,,,,,,,,,,,,,,,,,,,,,,,,,,,,,,,,,,,,,,,,,,,,,,,,,,,,,,,,,,,,,,,,,,,,,,,,,,,,,,,,,,,,,,,,,,,,,,,,,,,,,,,,,,,,,,,,,,,,,,,,,,,,,,,,,,,,,,,,,,,,,,,,,,,,,,,,,,,,,,,,,,,,,,,,,,,,,,,,,
000066.bin,KittiDataset.__getitem__,True,kitti,conv4.0,176,200,5,10,10,6,18,20,1,176000,6947,0.03947159090909091,10197,600,360,272,88,0.7555555555555555,0,452,0.7533333333333333,115.875,28.325,0:272;2:2;4:4;6:1;8:1;10:1;11:1;12:1;16:1;17:1;19:1;20:2;22:2;23:1;26:2;27:1;28:2;29:1;30:2;31:1;33:1;34:1;36:1;40:1;43:1;46:2;48:1;49:2;50:1;51:1;53:1;54:1;58:2;61:1;66:1;69:1;75:1;79:1;82:1;96:1;98:1;119:1;125:1;126:1;137:1;140:1;160:1;162:1;165:1;174:1;183:2;199:1;201:1;202:1;203:1;204:1;213:1;226:1;227:2;240:1;242:1;246:1;250:1;253:1;262:1;270:1;277:1;294:1;302:1;309:1;312:1;320:1;345:1;392:1;452:1,17,66,31,12,20,4,6,33,20,28,48,137,119,165,204,227,202,75,30,54,46,34,36,10,26,19,174,320,312,277,227,162,203,126,98,79,49,22,40,29,46,2,26,226,246,262,240,199,201,140,183,125,61,82,50,22,49,2,58,250,253,392,309,345,302,160,69,30,16,28,58,294,452,213,96,53,27,4,8,43,242,270,4,51,183,23,11,4,,,,,,,,,,,,,,,,,,,,,,,,,,,,,,,,,,,,,,,,,,,,,,,,,,,,,,,,,,,,,,,,,,,,,,,,,,,,,,,,,,,,,,,,,,,,,,,,,,,,,,,,,,,,,,,,,,,,,,,,,,,,,,,,,,,,,,,,,,,,,
000067.bin,KittiDataset.__getitem__,True,kitti,conv4.0,176,200,5,10,10,6,18,20,1,176000,7487,0.042539772727272725,10621,600,360,204,156,0.5666666666666667,0,307,0.5116666666666667,68.08333333333333,29.502777777777776,0:204;2:4;4:6;5:1;6:2;8:6;10:3;11:1;12:3;14:4;15:1;16:8;18:1;20:2;23:1;24:3;27:2;28:4;29:2;30:1;31:1;32:6;33:1;34:1;35:1;36:3;38:2;40:3;41:1;42:3;43:1;44:1;45:2;47:1;48:2;52:1;53:2;54:2;56:1;58:2;60:2;61:1;62:1;63:1;64:2;65:1;66:1;68:2;70:1;71:1;73:1;74:3;80:1;83:1;84:1;85:1;87:1;88:1;89:1;90:2;92:1;94:2;98:1;100:1;101:1;108:1;112:1;114:2;118:2;119:1;120:2;122:1;125:1;127:1;128:1;136:1;138:1;160:1;168:1;174:1;182:1;190:2;192:1;218:1;238:1;254:1;272:1;276:1;284:1;286:1;290:1;295:1;307:1,24,32,16,63,8,2,2,16,28,36,36,4,10,30,54,41,65,14,58,15,11,14,45,28,42,92,122,84,20,24,27,10,5,8,64,88,38,16,28,36,58,60,56,44,40,38,74,53,74,52,101,68,47,32,118,64,35,16,45,8,33,32,27,2,4,28,68,190,174,118,125,90,42,60,29,98,276,284,254,218,168,128,119,94,42,31,34,14,24,182,286,290,272,192,136,90,94,112,83,71,85,40,32,12,12,138,307,238,80,62,54,70,100,89,29,48,43,20,8,32,16,66,295,160,120,108,74,87,2,4,48,16,61,120,114,114,190,127,6,40,16,8,8,18,23,53,73,4,4,32,14,10,12,6,4,16,,,,,,,,,,,,,,,,,,,,,,,,,,,,,,,,,,,,,,,,,,,,,,,,,,,,,,,,,,,,,,,,,,,,,,,,,
000068.bin,KittiDataset.__getitem__,True,kitti,conv4.0,176,200,5,10,10,6,18,20,1,176000,5649,0.03209659090909091,7708,600,360,276,84,0.7666666666666667,0,353,0.5883333333333334,91.76190476190476,21.41111111111111,0:276;4:3;7:1;8:1;10:1;12:2;14:4;16:4;18:1;20:1;22:2;24:2;26:1;30:1;31:1;38:3;39:1;40:1;44:1;46:1;48:4;50:1;52:2;53:1;65:2;66:2;68:1;70:1;71:2;72:1;73:2;86:1;96:1;98:3;101:1;105:1;117:1;124:1;126:1;130:1;131:1;134:1;135:1;136:1;140:1;144:1;145:1;146:1;153:1;184:1;189:2;204:1;212:1;223:1;251:1;296:1;309:1;333:1;338:1;344:1;353:1,7,73,184,135,98,145,136,72,134,52,44,66,98,4,101,333,338,189,146,96,53,38,14,16,46,70,26,16,39,14,126,309,344,296,223,204,140,50,153,73,38,22,22,12,4,14,10,144,251,353,212,189,68,105,48,30,48,98,16,12,16,117,66,124,71,8,4,20,31,131,130,86,65,71,65,48,48,38,40,52,24,18,24,14,,,,,,,,,,,,,,,,,,,,,,,,,,,,,,,,,,,,,,,,,,,,,,,,,,,,,,,,,,,,,,,,,,,,,,,,,,,,,,,,,,,,,,,,,,,,,,,,,,,,,,,,,,,,,,,,,,,,,,,,,,,,,,,,,,,,,,,,,,,,,,,,,
000069.bin,KittiDataset.__getitem__,True,kitti,conv4.0,176,200,5,10,10,6,18,20,1,176000,10347,0.058789772727272725,14639,600,360,179,181,0.49722222222222223,0,292,0.4866666666666667,80.87845303867404,40.66388888888889,0:179;1:1;2:2;4:4;6:4;7:1;8:9;10:1;12:4;13:1;14:3;15:1;16:2;17:4;20:3;22:3;23:2;24:3;25:1;26:2;27:2;28:4;29:1;30:3;31:1;32:2;34:3;35:1;36:2;38:1;40:4;44:1;46:3;47:1;52:3;56:2;57:1;58:1;60:4;61:2;62:1;63:1;64:3;65:1;66:1;68:1;69:1;72:1;74:1;77:1;78:2;79:3;80:1;82:2;84:3;85:1;86:2;89:2;91:1;92:2;94:1;95:1;96:1;98:1;100:2;101:1;104:3;106:1;110:1;112:1;113:1;118:1;120:1;123:3;130:1;133:2;134:1;135:1;136:1;138:1;148:1;150:1;155:1;157:1;169:1;172:1;174:2;176:1;178:1;185:1;189:1;196:1;205:1;211:1;222:1;226:1;233:1;244:3;262:1;265:1;266:1;267:1;273:1;282:1;284:2;288:1;292:1,7,64,28,8,8,16,20,40,85,22,4,24,12,8,12,38,61,35,2,8,30,8,16,14,78,89,74,4,26,28,8,79,113,86,66,84,123,89,12,118,134,82,112,28,110,226,155,17,56,120,92,52,22,14,4,61,189,80,30,64,211,185,169,133,96,63,47,27,36,44,78,32,24,98,262,288,244,233,176,136,123,84,57,56,91,20,60,36,30,148,284,284,266,222,196,174,104,100,84,60,46,34,6,26,6,92,273,282,244,174,104,106,60,46,14,22,6,4,12,8,69,267,292,265,172,150,130,104,94,135,52,40,100,17,65,46,62,244,138,40,82,64,68,72,79,8,34,25,2,23,32,205,101,20,29,95,178,58,52,28,34,79,40,8,6,77,157,133,123,23,15,10,86,60,24,1,27,17,13,31,17,,,,,,,,,,,,,,,,,,,,,,,,,,,,,,,,,,,,,,,,,,,,,,,,
000070.bin,KittiDataset.__getitem__,True,kitti,conv4.0,176,200,5,10,10,6,18,20,1,176000,3352,0.019045454545454546,4825,600,360,306,54,0.85,0,391,0.6516666666666666,89.35185185185185,13.402777777777779,0:306;1:1;2:1;3:2;4:5;5:1;6:1;8:6;9:1;10:3;12:3;14:1;24:1;33:2;48:2;49:1;52:1;55:1;56:1;74:1;76:1;79:1;90:1;92:1;94:1;98:1;112:1;185:1;199:1;201:1;263:1;282:1;293:1;298:1;328:1;332:1;373:1;390:1;391:1,24,4,4,14,8,8,4,92,185,48,10,4,8,4,94,328,263,98,3,6,74,282,391,201,12,8,5,10,3,1,56,293,373,199,33,8,12,9,2,52,298,390,112,76,332,90,48,79,55,10,12,49,33,8,,,,,,,,,,,,,,,,,,,,,,,,,,,,,,,,,,,,,,,,,,,,,,,,,,,,,,,,,,,,,,,,,,,,,,,,,,,,,,,,,,,,,,,,,,,,,,,,,,,,,,,,,,,,,,,,,,,,,,,,,,,,,,,,,,,,,,,,,,,,,,,,,,,,,,,,,,,,,,,,,,,,,,,,,,,,,,,
000071.bin,KittiDataset.__getitem__,True,kitti,conv4.0,176,200,5,10,10,6,18,20,1,176000,10284,0.05843181818181818,15089,600,360,202,158,0.5611111111111111,0,309,0.515,95.5,41.91388888888889,0:202;1:1;2:3;4:1;6:8;8:5;10:3;12:4;16:4;18:1;20:4;21:2;22:3;24:1;26:2;28:1;30:1;35:1;36:1;37:1;38:1;40:2;42:3;44:1;46:2;47:1;48:1;49:1;52:1;53:1;56:1;57:1;58:1;60:2;61:1;62:1;64:2;66:2;67:2;68:1;72:3;73:1;75:1;76:2;78:1;80:2;82:2;83:1;85:1;86:1;88:1;92:1;93:2;94:1;96:5;99:2;103:1;104:1;105:1;106:1;108:2;115:1;117:1;123:1;127:2;128:1;131:1;133:2;134:1;136:1;138:1;140:1;144:1;148:1;155:1;159:1;163:1;166:1;169:1;170:1;174:1;176:1;181:1;184:1;187:1;198:1;200:1;202:1;210:1;212:1;213:1;218:1;222:1;236:2;250:1;252:1;265:1;268:1;281:1;284:2;286:1;288:1;292:1;294:1;295:1;298:1;309:1,60,42,82,76,2,96,93,80,61,21,66,82,12,8,24,10,57,131,159,128,42,38,16,8,12,8,44,22,20,148,133,108,96,56,26,35,83,46,30,21,36,176,236,170,106,76,104,96,80,60,78,22,6,16,4,12,94,236,292,210,198,218,155,115,92,68,64,53,47,20,8,16,8,99,284,294,309,181,108,72,66,58,20,22,6,6,88,284,286,281,163,96,64,86,72,26,40,10,20,75,268,288,250,200,140,136,133,117,85,99,52,48,37,28,6,72,212,222,184,166,134,144,103,138,127,127,96,123,105,73,46,40,213,298,265,252,295,169,174,67,49,18,16,202,187,67,42,6,6,2,10,93,62,2,6,1,12,6,,,,,,,,,,,,,,,,,,,,,,,,,,,,,,,,,,,,,,,,,,,,,,,,,,,,,,,,,,,,,,,,,,,,,,,
000072.bin,KittiDataset.__getitem__,True,kitti,conv4.0,176,200,5,10,10,6,18,20,1,176000,10824,0.0615,15096,600,360,165,195,0.4583333333333333,0,307,0.5116666666666667,77.41538461538461,41.93333333333333,0:165;3:1;4:12;5:2;6:3;8:12;10:1;12:3;13:2;14:3;16:7;17:3;18:2;19:1;20:5;21:1;22:2;24:3;25:1;26:3;27:1;28:6;29:2;30:5;31:2;32:2;33:1;34:2;35:1;36:4;38:4;42:1;43:1;44:1;48:2;52:1;55:2;56:1;57:1;58:1;62:3;64:1;66:3;67:1;68:1;70:3;74:1;76:5;77:1;78:1;81:1;82:2;84:1;86:1;88:2;92:1;93:1;95:1;97:1;100:3;108:1;114:2;115:1;117:2;118:1;120:1;126:2;127:1;130:1;132:1;134:1;142:1;154:1;156:1;160:1;161:1;164:2;171:1;172:1;174:1;181:1;184:2;188:2;193:1;200:1;208:1;212:3;214:2;218:1;221:1;226:1;228:1;233:1;236:1;240:1;254:1;262:1;280:1;284:1;286:1;289:2;301:1;307:1,5,4,34,22,30,16,36,25,43,28,8,29,14,24,33,38,35,21,16,24,5,4,4,8,20,16,10,4,8,3,6,4,26,22,20,14,30,30,28,42,12,26,16,20,12,4,100,108,76,70,44,62,36,30,19,8,20,4,16,8,66,200,214,212,212,184,100,156,64,67,55,20,34,8,77,262,289,289,240,208,193,161,117,127,82,38,84,76,8,171,286,284,254,218,214,221,181,114,130,62,62,76,31,26,18,142,301,307,228,164,126,126,68,38,36,16,32,14,76,280,233,86,48,66,100,134,114,92,88,82,57,58,28,28,24,66,226,236,188,118,70,28,6,36,29,88,17,18,4,32,172,212,184,174,154,78,27,56,70,28,4,30,48,8,55,132,74,38,31,13,6,8,12,8,13,81,76,164,188,160,120,95,115,117,97,93,52,8,4,8,4,4,17,17,16,,,,,,,,,,,,,,,,,,,,,,,,,,,,,,,,,,
000073.bin,KittiDataset.__getitem__,True,kitti,conv4.0,176,200,5,10,10,6,18,20,1,176000,5917,0.03361931818181818,8310,600,360,284,76,0.7888888888888889,0,330,0.55,109.34210526315789,23.083333333333332,0:284;2:1;4:2;6:2;8:1;10:1;14:2;16:2;18:1;20:1;21:1;22:1;24:1;25:1;32:1;42:1;46:1;47:1;48:2;49:3;50:2;54:1;59:1;60:1;66:1;67:1;69:1;73:1;77:1;78:1;79:1;81:1;93:2;100:1;105:1;111:1;114:2;119:1;123:1;130:1;135:1;141:1;142:1;150:1;151:1;157:2;163:1;168:1;169:1;183:1;184:1;194:2;196:1;204:1;216:1;219:1;255:1;268:1;282:1;284:2;285:1;295:1;299:1;330:1,47,2,14,14,49,59,16,50,111,69,48,4,81,299,330,255,196,157,151,114,123,50,4,18,54,42,93,49,46,150,295,284,268,204,157,141,130,77,73,20,48,142,78,119,32,25,194,284,282,285,219,216,168,93,79,66,49,16,6,21,100,169,194,183,163,184,105,114,135,67,22,24,60,8,6,10,,,,,,,,,,,,,,,,,,,,,,,,,,,,,,,,,,,,,,,,,,,,,,,,,,,,,,,,,,,,,,,,,,,,,,,,,,,,,,,,,,,,,,,,,,,,,,,,,,,,,,,,,,,,,,,,,,,,,,,,,,,,,,,,,,,,,,,,,,,,,,,,,,,,,,,,,
000074.bin,KittiDataset.__getitem__,True,kitti,conv4.0,176,200,5,10,10,6,18,20,1,176000,5454,0.030988636363636364,7809,600,360,286,74,0.7944444444444444,0,353,0.5883333333333334,105.52702702702703,21.691666666666666,0:286;3:2;4:3;5:1;7:1;8:1;10:2;12:2;14:1;16:1;18:1;21:2;24:3;26:1;34:1;37:1;38:1;39:1;51:2;54:1;55:1;56:1;58:1;62:1;63:1;68:1;72:1;74:1;78:1;83:1;86:1;91:1;92:1;97:1;98:1;108:1;109:1;111:1;112:1;123:1;124:1;139:1;150:1;153:1;164:1;166:1;170:1;171:1;172:1;175:1;187:1;199:1;203:1;204:1;208:1;214:1;225:1;234:1;250:2;258:1;268:1;285:1;306:1;311:1;353:1,3,86,24,109,164,51,208,187,214,92,268,234,171,204,51,199,306,250,166,150,225,63,56,250,353,311,170,175,153,203,91,62,55,3,58,172,285,258,139,124,108,68,98,72,8,12,83,123,78,74,37,111,34,12,4,38,112,97,21,26,7,4,18,54,39,21,10,5,16,24,10,24,14,4,,,,,,,,,,,,,,,,,,,,,,,,,,,,,,,,,,,,,,,,,,,,,,,,,,,,,,,,,,,,,,,,,,,,,,,,,,,,,,,,,,,,,,,,,,,,,,,,,,,,,,,,,,,,,,,,,,,,,,,,,,,,,,,,,,,,,,,,,,,,,,,,,,,,,,,,,,,
000075.bin,KittiDataset.__getitem__,True,kitti,conv4.0,176,200,5,10,10,6,18,20,1,176000,6024,0.034227272727272724,8881,600,360,280,80,0.7777777777777778,0,345,0.575,111.0125,24.669444444444444,0:280;1:1;2:1;3:1;4:3;8:5;9:1;10:1;16:2;17:1;19:1;22:1;25:2;26:1;27:1;37:1;42:1;48:3;50:1;52:1;55:1;58:1;59:1;60:1;62:1;63:1;64:1;73:1;75:2;78:1;80:1;83:1;85:1;94:1;98:1;102:3;103:1;109:1;111:1;115:1;131:1;138:2;142:1;149:1;154:1;163:1;165:1;198:1;207:1;211:1;212:1;215:1;220:1;229:1;233:1;262:1;266:1;276:1;278:3;279:1;290:1;306:2;311:1;345:1,37,9,22,8,4,16,8,42,80,8,75,138,103,102,102,59,16,10,48,62,211,48,8,75,278,306,345,212,154,64,78,102,48,50,111,215,109,85,27,2,165,306,311,279,207,220,163,83,142,25,4,17,58,98,26,131,262,290,278,266,198,149,94,73,25,1,115,278,276,229,233,138,55,63,52,60,19,3,8,4,,,,,,,,,,,,,,,,,,,,,,,,,,,,,,,,,,,,,,,,,,,,,,,,,,,,,,,,,,,,,,,,,,,,,,,,,,,,,,,,,,,,,,,,,,,,,,,,,,,,,,,,,,,,,,,,,,,,,,,,,,,,,,,,,,,,,,,,,,,,,,,,,,,,,
000076.bin,KittiDataset.__getitem__,True,kitti,conv4.0,176,200,5,10,10,6,18,20,1,176000,4998,0.028397727272727272,7088,600,360,294,66,0.8166666666666667,0,372,0.62,107.39393939393939,19.68888888888889,0:294;4:3;8:6;9:1;10:2;12:1;13:1;14:2;16:2;19:1;20:2;21:1;24:3;37:1;39:1;40:1;41:1;47:1;52:1;54:2;63:1;82:1;86:2;96:1;102:1;112:1;115:1;139:1;149:1;153:1;157:1;165:1;166:1;168:1;171:1;172:1;188:1;198:1;203:1;211:1;222:1;223:1;256:1;260:1;264:1;271:1;277:1;302:1;313:1;320:1;336:1;372:1,47,39,4,8,112,264,211,165,153,172,157,82,63,37,9,10,4,19,24,14,166,277,302,271,198,223,222,139,96,14,12,4,40,16,20,16,168,336,320,256,260,149,203,102,54,8,8,115,313,372,188,171,86,86,41,8,8,8,24,24,20,10,21,52,54,13,,,,,,,,,,,,,,,,,,,,,,,,,,,,,,,,,,,,,,,,,,,,,,,,,,,,,,,,,,,,,,,,,,,,,,,,,,,,,,,,,,,,,,,,,,,,,,,,,,,,,,,,,,,,,,,,,,,,,,,,,,,,,,,,,,,,,,,,,,,,,,,,,,,,,,,,,,,,,,,,,,,
000077.bin,KittiDataset.__getitem__,True,kitti,conv4.0,176,200,5,10,10,6,18,20,1,176000,6037,0.03430113636363637,8913,600,360,267,93,0.7416666666666667,0,307,0.5116666666666667,95.83870967741936,24.758333333333333,0:267;2:3;4:3;5:1;6:1;8:3;9:1;12:3;16:1;18:1;19:1;20:1;24:1;26:1;28:3;29:2;32:1;34:1;36:1;38:1;40:3;42:1;44:1;46:1;47:1;52:1;54:1;57:2;58:3;60:1;66:1;68:1;70:1;71:1;72:1;73:3;76:1;78:1;83:1;84:1;89:1;92:1;97:1;104:2;109:1;110:1;116:1;122:1;126:1;127:1;130:1;131:1;134:1;150:1;163:1;173:1;179:1;201:1;207:1;209:1;219:1;220:1;229:1;233:1;235:1;238:1;259:1;264:1;268:1;278:1;279:1;286:1;291:2;307:1,40,12,2,8,73,259,92,71,47,38,8,34,29,40,58,122,307,291,179,207,109,126,131,58,89,66,52,70,57,72,68,46,84,279,291,278,264,173,130,104,76,73,54,36,60,4,28,24,40,268,286,238,150,116,163,201,209,134,73,20,58,28,42,26,12,97,229,235,219,104,220,233,127,78,32,6,5,19,12,28,2,9,44,18,2,110,83,4,8,4,16,57,29,,,,,,,,,,,,,,,,,,,,,,,,,,,,,,,,,,,,,,,,,,,,,,,,,,,,,,,,,,,,,,,,,,,,,,,,,,,,,,,,,,,,,,,,,,,,,,,,,,,,,,,,,,,,,,,,,,,,,,,,,,,,,,,,,,,,,,,,
000078.bin,KittiDataset.__getitem__,True,kitti,conv4.0,176,200,5,10,10,6,18,20,1,176000,5434,0.030875,7868,600,360,274,86,0.7611111111111111,0,327,0.545,91.48837209302326,21.855555555555554,0:274;2:2;3:1;4:6;5:1;6:1;8:4;9:1;12:2;14:1;16:1;18:2;20:3;22:2;28:1;34:1;40:1;41:1;42:1;43:1;45:1;46:1;47:2;49:2;50:1;54:1;56:1;57:1;58:1;61:1;63:1;66:1;68:1;76:1;78:1;80:1;84:1;96:1;97:1;107:1;108:2;109:1;110:1;112:1;120:1;126:1;135:2;140:1;142:1;144:1;152:1;158:1;160:1;167:1;180:2;190:2;226:2;230:1;248:1;250:1;295:1;298:1;318:1;319:1;326:1;327:1,20,4,49,56,2,6,18,18,4,61,226,46,43,96,54,68,110,120,78,22,42,20,40,8,8,180,318,326,295,250,144,126,142,47,45,50,66,47,76,28,8,4,9,230,327,298,248,190,152,158,180,160,109,97,108,84,57,20,3,80,226,135,135,58,112,319,190,167,41,12,16,63,108,140,22,107,49,5,34,4,14,4,8,12,4,2,,,,,,,,,,,,,,,,,,,,,,,,,,,,,,,,,,,,,,,,,,,,,,,,,,,,,,,,,,,,,,,,,,,,,,,,,,,,,,,,,,,,,,,,,,,,,,,,,,,,,,,,,,,,,,,,,,,,,,,,,,,,,,,,,,,,,,,,,,,,,,,
000079.bin,KittiDataset.__getitem__,True,kitti,conv4.0,176,200,5,10,10,6,18,20,1,176000,7654,0.04348863636363636,10876,600,360,198,162,0.55,0,308,0.5133333333333333,67.1358024691358,30.211111111111112,0:198;2:5;3:1;4:5;6:2;7:2;8:4;9:1;10:4;12:3;13:2;14:5;15:1;16:5;17:2;18:1;20:5;21:2;22:2;23:2;24:3;27:1;28:3;29:1;30:3;32:2;33:2;34:2;35:1;36:3;37:1;38:1;40:4;41:1;42:2;43:2;44:1;47:2;49:1;50:1;51:1;52:1;53:1;56:3;57:1;60:4;66:2;67:1;68:2;69:2;72:1;73:1;75:1;77:1;80:1;81:1;83:1;84:1;86:1;89:1;90:2;93:1;94:1;98:1;101:1;104:1;106:1;109:1;110:1;111:1;112:2;120:1;122:1;123:1;126:1;127:1;129:1;136:1;138:1;142:1;143:1;144:1;148:1;152:1;156:1;168:1;173:1;182:1;188:1;196:1;198:1;214:1;220:1;254:1;268:2;274:1;284:1;286:1;288:1;308:1,24,36,16,73,12,2,2,16,22,32,36,4,10,34,52,40,67,14,56,13,4,13,47,28,42,94,120,84,18,20,20,9,7,10,68,86,38,16,30,36,56,60,56,42,40,40,80,51,75,53,101,66,43,30,112,66,35,8,37,8,33,32,27,2,4,28,68,188,168,127,123,90,44,60,29,98,274,284,254,220,173,129,142,69,24,30,24,14,20,182,286,288,268,196,136,90,93,112,83,69,81,41,33,12,12,138,308,148,104,106,122,152,126,111,60,50,43,20,8,34,16,77,268,109,110,60,23,89,40,22,57,20,4,47,16,2,28,156,198,214,143,10,17,3,21,23,15,49,2,7,21,4,14,14,10,8,14,6,6,17,144,72,,,,,,,,,,,,,,,,,,,,,,,,,,,,,,,,,,,,,,,,,,,,,,,,,,,,,,,,,,,,,,,,,,,
000080.bin,KittiDataset.__getitem__,True,kitti,conv4.0,176,200,5,10,10,6,18,20,1,176000,12814,0.07280681818181818,18493,600,360,164,196,0.45555555555555555,0,339,0.565,94.35204081632654,51.36944444444445,0:164;2:1;4:7;5:1;6:1;8:8;9:2;10:6;12:4;14:4;16:4;18:8;19:1;20:2;22:3;23:2;24:1;26:4;28:3;29:1;30:1;31:1;32:4;34:2;36:5;37:1;38:6;46:2;47:1;48:2;50:3;56:1;57:2;60:1;61:1;62:1;64:3;65:1;66:1;68:1;69:1;70:1;72:1;75:1;77:1;80:1;82:2;86:1;87:1;89:2;90:1;92:1;93:1;94:2;95:1;96:1;100:1;104:1;106:1;110:1;114:1;115:1;116:3;117:2;123:1;125:1;127:1;128:2;130:1;132:3;133:1;136:1;138:1;143:1;149:1;151:1;156:1;158:1;161:1;162:1;164:1;171:1;173:1;175:1;176:2;177:2;180:1;184:2;195:1;196:1;199:1;201:1;212:2;216:1;218:1;219:1;224:2;229:1;234:1;237:1;238:1;242:1;255:1;260:1;264:2;270:1;272:1;282:1;283:1;284:2;286:2;292:1;293:2;328:1;339:1,26,8,4,18,31,61,8,5,70,143,151,23,10,16,18,127,94,23,10,22,75,283,293,328,339,292,219,171,116,149,156,89,30,82,38,57,229,238,175,128,114,138,133,92,89,64,36,26,14,22,32,87,255,284,264,224,212,132,115,96,100,36,64,38,28,46,28,26,128,293,282,264,234,224,184,110,104,95,50,12,32,18,10,10,9,90,286,284,242,199,180,116,62,38,50,57,26,8,4,82,270,286,272,260,161,60,38,14,32,47,18,28,12,16,12,6,69,218,237,201,177,158,136,116,72,36,48,4,36,176,212,196,184,162,130,123,117,80,46,4,16,8,56,66,48,64,38,29,37,8,2,8,106,177,216,176,195,164,117,94,93,65,68,24,4,36,38,32,16,9,4,10,173,77,22,4,8,18,18,20,18,19,10,34,14,18,86,132,20,14,34,50,125,132,12,8,,,,,,,,,,,,,,,,,,,,,,,,,,,,,,,,,
000081.bin,KittiDataset.__getitem__,True,kitti,conv4.0,176,200,5,10,10,6,18,20,1,176000,8324,0.04729545454545454,11810,600,360,242,118,0.6722222222222223,0,362,0.6033333333333334,100.08474576271186,32.80555555555556,0:242;2:1;4:6;6:1;8:7;12:4;16:2;18:1;20:1;22:1;24:3;28:1;30:1;32:1;35:1;36:1;37:1;40:1;42:1;45:2;48:6;50:1;52:3;54:2;56:2;57:1;60:2;62:1;64:2;65:2;66:1;68:1;72:1;79:1;80:1;82:2;83:1;86:1;90:1;97:1;98:1;102:2;104:1;109:2;112:1;115:1;116:1;117:1;122:1;123:1;126:1;129:1;132:1;139:1;142:1;146:2;148:1;154:1;155:2;157:1;158:1;170:1;174:1;176:1;194:1;210:1;220:1;223:1;230:1;234:1;246:1;260:1;261:1;262:1;275:1;276:1;278:1;284:3;288:1;294:1;343:1;362:1,2,8,4,4,48,60,109,155,97,123,72,6,30,24,66,223,45,12,48,50,4,117,80,12,54,45,35,12,68,262,362,210,155,154,122,146,79,54,102,22,18,60,62,24,82,260,288,275,261,194,158,157,139,126,65,28,24,65,42,146,284,284,246,176,142,82,56,52,56,4,52,8,37,132,276,278,220,170,148,104,48,48,48,48,20,40,83,284,343,294,234,230,174,116,115,90,52,64,32,64,36,8,8,57,98,109,102,112,129,86,12,4,16,8,8,16,4,8,,,,,,,,,,,,,,,,,,,,,,,,,,,,,,,,,,,,,,,,,,,,,,,,,,,,,,,,,,,,,,,,,,,,,,,,,,,,,,,,,,,,,,,,,,,,,,,,,,,,,,,,,,,,,,,
000082.bin,KittiDataset.__getitem__,True,kitti,conv4.0,176,200,5,10,10,6,18,20,1,176000,10531,0.059835227272727276,15113,600,360,213,147,0.5916666666666667,0,425,0.7083333333333334,102.80952380952381,41.980555555555554,0:213;1:1;2:2;3:1;4:3;6:3;8:5;12:3;14:1;16:4;17:1;18:1;20:2;22:2;26:1;30:3;31:1;32:1;37:1;39:1;40:3;46:1;47:1;48:1;49:1;50:2;51:2;52:2;54:4;56:3;57:1;58:2;59:1;60:2;62:2;63:1;64:1;68:2;70:1;71:1;74:3;76:3;78:1;80:1;85:1;87:1;88:1;93:1;96:2;100:1;102:3;103:1;106:1;107:1;110:1;111:1;113:1;115:1;117:1;122:3;124:1;125:1;130:1;132:1;133:1;134:1;135:1;138:1;142:1;143:1;146:1;148:1;154:1;160:3;164:1;165:1;166:1;167:1;168:1;174:1;182:1;190:2;201:1;226:1;228:1;230:2;239:1;244:2;257:1;266:1;279:1;282:1;283:1;285:1;286:3;288:1;293:1;310:1;362:1;425:1,4,8,2,57,134,107,201,71,1,20,47,102,103,68,48,12,54,40,51,310,425,283,362,285,230,165,164,135,115,54,58,76,8,20,59,239,279,228,160,122,100,102,74,30,12,8,4,56,282,288,244,190,146,124,106,74,76,26,78,50,60,16,16,80,286,286,230,182,132,174,143,62,62,30,54,52,8,8,70,266,286,226,160,122,111,63,76,56,56,49,54,18,12,74,244,257,96,168,102,166,138,154,85,51,6,16,88,68,40,190,293,160,50,142,148,110,87,6,22,93,58,6,37,125,32,40,130,64,30,52,16,117,96,31,3,2,22,46,14,133,167,60,4,113,122,39,17,,,,,,,,,,,,,,,,,,,,,,,,,,,,,,,,,,,,,,,,,,,,,,,,,,,,,,,,,,,,,,,,,,,,,,,,,,,,,,,,,,
000083.bin,KittiDataset.__getitem__,True,kitti,conv4.0,176,200,5,10,10,6,18,20,1,176000,10007,0.056857954545454545,14316,600,360,170,190,0.4722222222222222,0,296,0.49333333333333335,75.34736842105264,39.766666666666666,0:170;1:2;2:4;4:14;6:4;8:12;9:1;10:1;12:6;13:1;14:6;15:1;16:2;18:3;19:2;20:1;21:1;22:1;23:3;25:1;26:2;27:1;28:5;32:4;33:2;34:1;35:1;36:1;38:1;39:3;40:1;44:1;46:2;47:1;48:4;50:2;51:1;52:2;55:2;57:1;58:3;64:2;65:2;66:2;68:4;70:1;72:2;73:1;75:1;76:1;77:1;80:2;81:1;83:1;85:1;88:1;90:2;91:3;92:1;95:1;96:1;100:1;102:1;103:1;105:1;107:1;108:2;112:1;115:1;118:1;119:1;125:2;127:2;132:1;133:1;137:1;140:1;142:1;151:1;154:1;164:1;165:2;166:2;170:1;172:2;175:1;179:1;190:1;194:1;215:1;216:1;241:1;244:1;254:1;257:1;258:1;263:1;265:1;266:1;269:1;280:1;290:2;292:1;293:1;295:1;296:1,8,8,4,15,39,8,4,14,14,6,16,81,65,12,19,8,4,68,170,125,1,4,4,4,32,4,2,23,105,172,151,55,58,33,25,19,12,13,8,32,4,83,244,265,254,269,175,91,194,91,100,68,125,58,48,75,12,88,296,280,290,241,216,166,132,127,115,46,80,50,85,26,8,6,172,290,292,266,263,190,108,127,80,57,39,28,9,34,20,4,28,154,293,258,164,165,166,66,14,32,51,23,12,2,4,179,257,70,52,44,28,72,27,4,18,18,8,40,142,26,48,102,112,77,90,38,36,14,140,90,16,8,32,92,68,8,18,48,66,50,28,64,46,4,6,22,108,165,103,14,35,47,95,76,73,107,118,119,91,8,215,295,137,133,55,21,28,48,96,64,68,52,2,58,39,72,65,10,4,6,1,8,4,14,12,33,2,12,23,8,,,,,,,,,,,,,,,,,,,,,,,,,,,,,,,,,,,,,,,
000084.bin,KittiDataset.__getitem__,True,kitti,conv4.0,176,200,5,10,10,6,18,20,1,176000,5187,0.02947159090909091,7585,600,360,289,71,0.8027777777777778,0,340,0.5666666666666667,106.83098591549296,21.069444444444443,0:289;1:1;2:1;3:1;4:1;6:1;7:1;9:1;10:1;12:1;16:2;17:1;26:1;27:1;30:1;36:1;38:1;42:2;47:1;48:2;49:1;51:1;56:1;58:1;59:1;65:1;66:1;68:1;69:1;72:1;74:1;80:2;84:1;91:1;96:1;97:1;100:1;104:1;105:1;106:1;111:1;120:1;125:1;128:1;130:1;132:1;139:1;142:1;145:2;154:1;167:1;175:1;183:1;192:1;195:1;197:1;199:1;208:1;209:1;225:1;257:1;258:1;270:1;274:1;309:1;339:1;340:1,68,47,38,125,74,16,175,309,209,225,257,197,142,132,66,1,36,208,199,145,96,130,104,139,195,183,145,72,91,339,340,270,258,274,167,80,56,48,84,100,10,97,27,120,192,42,26,59,111,80,58,48,6,30,4,128,17,49,154,106,2,16,9,65,105,7,12,42,3,51,69,,,,,,,,,,,,,,,,,,,,,,,,,,,,,,,,,,,,,,,,,,,,,,,,,,,,,,,,,,,,,,,,,,,,,,,,,,,,,,,,,,,,,,,,,,,,,,,,,,,,,,,,,,,,,,,,,,,,,,,,,,,,,,,,,,,,,,,,,,,,,,,,,,,,,,,,,,,,,,
000085.bin,KittiDataset.__getitem__,True,kitti,conv4.0,176,200,5,10,10,6,18,20,1,176000,6512,0.037,9815,600,360,263,97,0.7305555555555555,0,346,0.5766666666666667,101.18556701030928,27.26388888888889,0:263;2:1;4:3;6:5;7:1;8:4;12:4;16:1;18:2;20:4;22:2;23:1;26:4;29:1;30:1;31:1;32:1;36:1;38:1;39:1;41:1;44:1;49:2;56:1;63:1;66:1;74:1;76:1;80:1;81:1;89:1;90:2;94:2;95:1;96:1;98:1;100:1;102:1;104:1;116:1;122:1;124:1;127:1;132:1;133:1;135:2;137:1;143:1;146:1;151:1;160:1;162:1;167:1;170:2;178:1;179:1;199:1;209:1;214:1;222:1;237:1;242:1;258:1;282:1;288:1;290:1;299:1;301:1;304:1;305:2;327:1;346:1,7,12,20,6,22,41,20,66,56,6,95,299,170,116,49,12,135,89,38,16,74,237,282,199,146,63,18,26,127,132,80,44,6,26,18,4,170,305,346,305,214,124,102,94,98,104,90,76,39,36,29,6,2,137,301,288,290,258,209,178,167,90,151,143,122,81,23,20,12,4,135,179,242,304,327,222,133,94,30,49,31,26,26,8,20,162,160,100,96,32,6,12,22,8,4,8,8,,,,,,,,,,,,,,,,,,,,,,,,,,,,,,,,,,,,,,,,,,,,,,,,,,,,,,,,,,,,,,,,,,,,,,,,,,,,,,,,,,,,,,,,,,,,,,,,,,,,,,,,,,,,,,,,,,,,,,,,,,,,,,,,,,,,
000086.bin,KittiDataset.__getitem__,True,kitti,conv4.0,176,200,5,10,10,6,18,20,1,176000,6416,0.036454545454545455,9181,600,360,243,117,0.675,0,345,0.575,78.47008547008546,25.502777777777776,0:243;2:6;3:1;4:7;5:2;6:1;7:1;8:7;9:1;10:1;11:1;12:3;13:1;14:2;15:1;16:2;18:1;19:1;20:3;21:1;22:1;23:1;24:1;25:1;26:2;27:1;31:1;34:1;35:1;37:1;38:1;42:1;44:3;46:1;56:1;58:1;61:1;62:3;64:1;65:1;67:2;73:3;75:1;76:2;77:2;79:1;81:1;86:1;89:2;96:1;97:1;100:2;104:1;115:1;118:1;132:1;140:1;142:1;143:1;152:1;156:1;160:1;169:1;170:1;172:1;194:1;198:2;202:1;212:1;224:1;238:1;241:1;242:1;249:1;250:1;288:1;289:2;315:1;331:1;345:1,8,2,8,14,20,4,14,22,26,2,5,15,26,35,37,2,12,25,16,104,169,241,142,62,11,16,44,23,10,3,38,4,224,315,345,331,212,100,62,73,152,89,81,76,156,289,288,238,198,140,89,65,58,76,198,61,44,115,160,242,250,289,97,67,100,77,42,118,96,20,24,172,194,132,73,27,2,8,62,249,170,202,143,86,67,7,12,46,13,4,6,75,79,44,73,77,31,21,12,20,19,4,34,18,8,8,4,64,56,4,2,4,8,2,5,9,8,,,,,,,,,,,,,,,,,,,,,,,,,,,,,,,,,,,,,,,,,,,,,,,,,,,,,,,,,,,,,,,,,,,,,,,,,,,,,,,,,,,,,,,,,,,,,,,,,,,,,,,,,,,,,,,,
000087.bin,KittiDataset.__getitem__,True,kitti,conv4.0,176,200,5,10,10,6,18,20,1,176000,10513,0.05973295454545455,15163,600,360,177,183,0.49166666666666664,0,289,0.4816666666666667,82.85792349726776,42.11944444444445,0:177;2:2;4:8;8:11;10:3;11:2;12:5;14:3;15:1;16:3;18:2;19:2;20:3;22:7;26:4;27:1;28:3;30:1;31:1;32:2;33:1;34:2;36:2;38:3;40:2;41:1;42:2;46:1;47:1;48:3;50:1;52:3;54:3;56:1;60:4;61:1;62:1;64:3;66:1;68:1;70:1;72:2;74:2;76:1;77:1;78:2;79:2;80:1;81:1;82:2;84:2;86:1;89:1;92:1;94:2;96:1;101:1;102:1;104:1;105:1;108:1;110:3;114:3;115:1;116:1;118:2;120:1;124:1;125:2;133:1;134:1;140:1;141:1;144:1;149:1;151:1;152:2;168:1;172:1;173:1;174:1;176:1;180:2;181:2;182:1;187:1;195:1;200:1;206:1;218:1;220:1;238:1;246:1;248:1;256:1;258:1;264:1;267:1;268:1;276:1;281:1;284:1;286:1;288:2;289:1,8,8,46,22,31,52,8,4,8,8,26,105,34,32,32,78,60,4,68,4,22,16,54,54,104,26,70,28,10,4,22,40,168,174,84,62,64,64,94,30,72,11,40,28,173,151,96,79,82,54,22,66,4,38,4,60,220,267,172,181,125,74,125,110,34,22,15,8,79,268,289,281,218,200,195,176,78,50,28,26,141,288,284,248,182,118,134,114,52,14,60,26,10,144,286,288,246,180,110,114,102,86,52,64,84,36,4,8,82,258,276,238,206,152,152,108,76,42,48,22,16,74,264,256,140,118,72,56,80,81,94,33,20,8,19,41,116,48,120,181,180,187,149,124,101,20,10,8,8,16,89,20,38,18,12,14,14,19,18,27,12,12,115,133,42,114,77,48,2,47,12,36,38,92,60,110,61,12,2,4,8,22,11,,,,,,,,,,,,,,,,,,,,,,,,,,,,,,,,,,,,,,,,,,,,,,
000088.bin,KittiDataset.__getitem__,True,kitti,conv4.0,176,200,5,10,10,6,18,20,1,176000,10270,0.058352272727272725,14569,600,360,187,173,0.5194444444444445,0,362,0.6033333333333334,84.21387283236994,40.46944444444444,0:187;1:1;2:3;4:10;6:5;8:5;10:5;12:4;14:3;16:5;18:1;20:3;22:3;25:1;26:4;27:2;28:2;30:1;31:1;32:2;34:2;36:2;38:3;39:1;42:1;44:4;45:1;46:1;50:1;52:2;54:3;55:1;56:1;58:2;59:1;61:1;63:2;64:1;65:1;66:2;68:6;70:3;72:1;74:1;76:1;81:1;82:1;83:1;87:2;89:2;90:1;94:2;96:1;98:1;100:1;102:1;103:1;104:3;106:1;107:1;109:1;111:1;112:2;114:1;126:1;128:1;130:2;133:1;134:1;136:1;137:2;141:1;146:1;148:1;155:1;156:1;157:1;160:1;170:1;171:1;174:1;179:1;209:1;214:1;222:1;224:1;228:1;239:1;252:1;255:1;262:1;268:2;270:1;275:1;279:1;282:2;284:1;286:2;287:1;292:1;362:1,2,42,10,32,87,94,8,16,10,28,14,27,61,10,252,362,68,4,112,52,65,103,26,44,4,68,287,255,141,89,209,68,74,26,25,70,45,55,18,8,22,106,268,282,270,239,157,146,89,128,54,44,70,56,14,46,10,31,114,284,286,262,228,174,179,130,126,82,70,26,44,12,20,16,20,59,282,286,224,160,96,104,68,52,32,36,8,6,4,63,275,292,268,214,148,104,50,58,58,137,38,16,68,102,4,98,171,279,109,54,66,20,26,112,107,12,54,28,34,130,87,36,22,34,64,222,155,170,133,137,94,8,16,63,66,136,38,134,156,22,14,4,4,76,104,1,6,6,12,72,111,38,10,4,6,6,2,39,27,8,16,81,90,100,68,4,12,44,4,30,83,2,4,,,,,,,,,,,,,,,,,,,,,,,,,,,,,,,,,,,,,,,,,,,,,,,,,,,,,,,,
000089.bin,KittiDataset.__getitem__,True,kitti,conv4.0,176,200,5,10,10,6,18,20,1,176000,3873,0.022005681818181817,5295,600,360,302,58,0.8388888888888889,0,266,0.44333333333333336,91.29310344827586,14.708333333333334,0:302;4:1;7:1;18:1;20:1;25:1;26:1;28:1;30:1;33:1;34:1;36:2;37:1;44:1;46:2;49:1;51:1;55:1;58:1;60:1;63:1;64:1;67:1;68:1;69:1;71:1;76:1;77:1;78:2;86:1;88:1;92:1;94:1;97:1;98:1;99:1;101:1;102:1;103:2;105:1;108:1;110:1;113:1;141:1;155:1;160:1;163:1;164:1;178:1;199:1;206:1;223:1;236:1;251:1;266:1,26,20,34,69,55,60,28,46,46,30,25,33,251,206,163,155,199,160,78,64,68,101,36,18,4,7,92,266,164,223,178,110,76,108,98,102,99,49,37,86,103,97,63,103,236,141,113,105,78,77,88,71,94,67,36,51,58,44,,,,,,,,,,,,,,,,,,,,,,,,,,,,,,,,,,,,,,,,,,,,,,,,,,,,,,,,,,,,,,,,,,,,,,,,,,,,,,,,,,,,,,,,,,,,,,,,,,,,,,,,,,,,,,,,,,,,,,,,,,,,,,,,,,,,,,,,,,,,,,,,,,,,,,,,,,,,,,,,,,,,,,,,,,,
000090.bin,KittiDataset.__getitem__,True,kitti,conv4.0,176,200,5,10,10,6,18,20,1,176000,5646,0.03207954545454546,8139,600,360,279,81,0.775,0,385,0.6416666666666667,100.48148148148148,22.608333333333334,0:279;2:3;4:3;6:2;7:2;8:2;9:1;10:3;12:1;14:2;15:1;16:1;18:2;19:1;24:1;25:1;26:2;27:1;29:1;30:1;34:1;36:2;37:1;40:1;41:1;42:1;45:1;53:1;56:1;57:1;61:1;68:1;69:1;70:1;72:1;73:1;76:2;89:1;104:1;106:1;107:1;122:1;130:1;148:1;153:1;155:1;163:1;164:1;165:1;173:1;179:1;184:1;209:1;215:1;236:1;237:1;242:1;256:1;257:1;259:1;279:1;282:2;300:1;354:1;374:1;376:1;385:1,2,29,8,18,56,15,4,53,69,10,6,104,107,2,4,8,10,106,155,7,36,179,165,41,7,72,259,215,40,6,18,279,374,68,30,354,376,130,16,256,385,148,14,2,209,300,257,153,164,34,76,236,237,282,122,45,42,242,163,282,37,27,61,173,89,4,14,10,57,25,26,184,19,70,24,36,73,76,12,9,26,,,,,,,,,,,,,,,,,,,,,,,,,,,,,,,,,,,,,,,,,,,,,,,,,,,,,,,,,,,,,,,,,,,,,,,,,,,,,,,,,,,,,,,,,,,,,,,,,,,,,,,,,,,,,,,,,,,,,,,,,,,,,,,,,,,,,,,,,,,,,,,,,,,,
000091.bin,KittiDataset.__getitem__,True,kitti,conv4.0,176,200,5,10,10,6,18,20,1,176000,10848,0.061636363636363635,15798,600,360,180,180,0.5,0,311,0.5183333333333333,87.76666666666667,43.88333333333333,0:180;2:1;4:7;6:1;8:7;9:1;10:2;12:7;14:3;15:1;18:4;19:2;20:4;22:1;24:3;26:2;28:3;29:3;30:2;32:1;33:1;34:1;36:3;41:2;42:1;43:1;44:2;46:1;48:5;49:1;52:2;54:2;55:1;56:1;57:2;59:1;60:1;62:2;64:4;65:2;68:3;72:2;74:1;75:1;76:1;77:1;79:2;80:3;81:1;82:2;88:1;89:1;91:1;92:1;94:1;95:1;96:1;97:2;98:1;102:1;104:1;108:2;109:2;110:1;112:2;114:1;115:1;120:1;123:2;124:1;130:1;132:3;133:1;137:1;138:1;140:1;142:1;146:1;148:1;154:2;156:1;157:1;161:1;162:1;166:3;168:1;170:1;178:1;186:1;194:1;199:1;204:1;207:1;213:2;214:2;216:1;223:1;224:1;231:1;236:1;239:1;254:1;256:1;262:1;271:1;282:1;286:1;290:2;311:1,4,20,28,28,4,4,19,48,30,36,24,8,29,22,30,48,14,12,2,62,29,33,109,64,36,4,4,82,130,157,161,62,24,18,12,18,148,166,133,95,96,54,12,108,43,4,28,8,32,178,216,154,110,76,112,146,98,89,46,8,8,15,60,214,290,213,132,140,132,72,48,65,12,80,262,286,214,123,115,91,74,123,108,49,12,166,282,290,223,166,156,138,72,44,42,26,52,14,8,120,254,256,231,162,132,112,92,68,48,64,24,44,4,18,55,213,239,186,137,114,79,75,56,57,48,20,68,271,224,168,124,102,104,81,64,65,10,18,6,8,57,154,170,142,236,199,77,80,79,94,34,64,41,88,204,311,207,82,80,54,97,59,97,41,19,20,68,194,109,9,10,12,29,52,14,36,26,12,20,8,,,,,,,,,,,,,,,,,,,,,,,,,,,,,,,,,,,,,,,,,,,,,,,,,
000092.bin,KittiDataset.__getitem__,True,kitti,conv4.0,176,200,5,10,10,6,18,20,1,176000,8667,0.04924431818181818,12427,600,360,237,123,0.6583333333333333,0,319,0.5316666666666666,101.03252032520325,34.519444444444446,0:237;2:3;3:1;4:2;6:1;8:5;10:1;12:1;14:2;16:2;18:2;22:3;24:1;25:1;26:1;28:2;29:1;30:2;32:2;34:1;35:1;36:2;39:1;40:1;42:1;47:2;48:2;49:1;50:1;51:1;52:1;60:4;62:1;64:3;65:1;67:1;68:2;76:2;80:1;82:1;85:1;90:1;91:2;92:1;93:1;96:3;104:1;107:1;108:1;111:1;113:1;115:1;116:1;119:1;128:1;131:1;133:1;135:1;140:1;141:1;143:2;149:1;151:1;153:1;156:1;164:1;168:1;172:1;174:2;179:1;180:1;184:1;187:1;190:2;191:1;198:1;204:1;205:1;218:1;231:1;234:1;237:1;246:1;260:1;264:1;265:1;266:1;270:1;284:1;292:1;293:1;301:1;319:1,18,16,24,2,4,34,131,32,4,10,91,151,135,149,260,218,115,92,107,80,18,8,8,8,96,319,301,264,172,174,231,179,82,32,68,14,8,104,292,293,266,204,128,143,96,60,30,52,14,22,36,8,16,76,270,284,234,184,140,116,90,50,28,64,60,108,39,30,28,153,51,205,237,174,190,168,143,62,40,64,48,180,96,29,26,67,65,265,190,187,133,60,22,3,36,85,119,25,64,164,198,48,35,191,156,113,42,22,49,2,47,246,93,6,60,141,111,91,2,47,68,76,12,,,,,,,,,,,,,,,,,,,,,,,,,,,,,,,,,,,,,,,,,,,,,,,,,,,,,,,,,,,,,,,,,,,,,,,,,,,,,,,,,,,,,,,,,,,,,,,,,,,,,,,,,,
000093.bin,KittiDataset.__getitem__,True,kitti,conv4.0,176,200,5,10,10,6,18,20,1,176000,7253,0.04121022727272727,10657,600,360,242,118,0.6722222222222223,0,300,0.5,90.3135593220339,29.602777777777778,0:242;2:1;4:6;5:1;8:2;9:1;10:4;12:1;14:1;16:5;17:3;19:1;22:4;23:1;26:1;29:2;30:1;32:3;33:1;35:1;39:1;41:1;42:2;44:2;46:3;48:1;53:1;55:2;60:1;63:1;64:1;67:1;72:2;76:1;78:1;79:2;82:1;83:1;84:1;87:1;90:1;91:1;94:2;96:1;100:1;102:2;103:1;104:1;109:1;113:1;116:1;117:2;119:1;124:2;125:2;131:1;132:1;134:1;135:1;139:1;142:1;143:2;144:2;153:1;160:1;161:1;172:1;179:1;189:1;195:1;206:1;221:1;222:1;223:1;228:1;244:1;259:1;265:1;278:1;283:1;285:2;289:1;300:1,12,10,4,16,22,5,23,94,102,33,35,46,55,29,17,16,16,30,83,143,221,223,222,90,124,48,10,2,79,206,285,300,265,143,72,64,53,32,22,4,144,259,244,285,228,142,116,124,102,46,14,8,16,153,278,289,283,172,134,96,82,76,113,22,16,4,17,42,100,135,125,109,63,60,72,87,179,144,160,117,94,42,32,55,39,32,132,104,139,91,103,195,117,119,46,19,10,4,4,26,67,84,44,79,189,29,44,161,17,125,22,4,9,131,41,8,78,10,,,,,,,,,,,,,,,,,,,,,,,,,,,,,,,,,,,,,,,,,,,,,,,,,,,,,,,,,,,,,,,,,,,,,,,,,,,,,,,,,,,,,,,,,,,,,,,,,,,,,,,,,,,,,,,
000094.bin,KittiDataset.__getitem__,True,kitti,conv4.0,176,200,5,10,10,6,18,20,1,176000,4716,0.026795454545454546,7073,600,360,298,62,0.8277777777777777,0,384,0.64,114.08064516129032,19.647222222222222,0:298;1:1;2:1;4:3;6:1;10:1;14:1;17:1;23:1;26:1;30:2;44:1;48:1;49:1;52:1;53:1;56:1;60:1;61:1;62:1;66:1;74:1;76:1;83:1;89:1;90:1;91:1;96:1;102:2;104:1;110:1;111:1;112:1;116:1;117:1;120:1;121:2;124:1;132:1;134:1;141:1;151:1;158:1;159:1;161:1;175:1;180:1;191:1;201:1;219:1;264:1;271:1;273:1;275:1;282:1;313:1;328:1;384:1,4,112,116,56,74,10,90,61,23,4,14,26,53,104,313,328,384,191,158,134,121,62,30,110,49,159,76,60,17,6,201,282,271,273,264,180,161,96,91,111,275,219,83,48,117,44,30,102,132,141,175,124,66,121,102,89,151,120,52,4,2,1,,,,,,,,,,,,,,,,,,,,,,,,,,,,,,,,,,,,,,,,,,,,,,,,,,,,,,,,,,,,,,,,,,,,,,,,,,,,,,,,,,,,,,,,,,,,,,,,,,,,,,,,,,,,,,,,,,,,,,,,,,,,,,,,,,,,,,,,,,,,,,,,,,,,,,,,,,,,,,,,,,,,,,,
000095.bin,KittiDataset.__getitem__,True,kitti,conv4.0,176,200,5,10,10,6,18,20,1,176000,7281,0.04136931818181818,10288,600,360,226,134,0.6277777777777778,0,349,0.5816666666666667,76.77611940298507,28.57777777777778,0:226;2:3;3:1;4:3;6:5;8:2;11:2;12:1;13:2;14:3;15:1;16:4;18:3;20:5;21:3;22:1;24:3;26:2;28:1;29:1;30:2;31:2;33:1;34:4;35:1;36:2;37:1;38:1;40:1;43:2;45:2;46:2;48:1;49:1;50:1;52:1;54:1;62:1;66:2;70:2;73:1;74:1;75:1;77:1;78:2;80:3;82:1;85:3;88:1;89:1;90:1;92:1;93:1;99:1;101:1;103:1;108:1;109:1;111:2;112:1;113:1;114:1;115:1;116:1;119:2;121:1;125:1;135:1;142:1;150:1;152:1;154:1;169:1;174:1;184:1;186:1;214:1;218:1;227:1;228:1;231:1;235:1;236:1;241:2;245:1;266:1;286:1;309:1;349:1,20,16,125,186,154,135,116,114,75,29,6,35,20,8,50,70,30,20,6,30,18,13,2,4,34,78,54,21,31,36,85,266,309,103,115,111,34,16,45,2,21,14,14,22,13,89,228,245,236,184,111,85,26,16,34,24,12,28,113,241,227,241,169,150,80,24,21,33,26,34,16,20,4,82,286,349,218,174,152,112,52,14,15,43,31,18,6,77,231,88,49,119,214,108,99,70,3,6,37,24,48,78,40,38,119,235,62,80,66,36,43,18,101,93,80,20,11,92,46,8,6,66,74,85,45,2,46,142,109,121,90,4,73,11,,,,,,,,,,,,,,,,,,,,,,,,,,,,,,,,,,,,,,,,,,,,,,,,,,,,,,,,,,,,,,,,,,,,,,,,,,,,,,,,,,,,,,,,,,,,,,,
000096.bin,KittiDataset.__getitem__,True,kitti,conv4.0,176,200,5,10,10,6,18,20,1,176000,5399,0.030676136363636364,7715,600,360,281,79,0.7805555555555556,0,317,0.5283333333333333,97.65822784810126,21.430555555555557,0:281;4:3;5:1;7:1;8:1;11:1;12:1;16:1;17:2;19:1;20:1;24:1;26:1;30:1;34:1;39:1;40:1;42:1;43:1;46:1;47:2;51:1;52:1;53:1;63:2;64:3;68:2;69:1;70:1;71:1;75:2;77:1;79:1;86:1;87:1;95:1;97:2;105:1;109:1;114:1;115:1;116:1;122:1;123:2;125:1;126:1;127:1;129:1;131:2;135:1;139:1;142:1;150:1;157:1;183:1;185:1;188:1;192:1;193:1;196:1;208:1;217:1;238:1;239:2;250:1;301:1;317:1,11,4,86,193,109,127,63,39,183,317,131,131,114,139,123,69,5,123,250,239,238,157,122,135,196,150,97,125,19,53,188,239,208,185,129,105,115,68,42,68,77,71,52,17,75,192,217,301,142,75,87,63,64,40,7,64,17,26,46,34,47,116,70,64,51,95,126,16,4,30,47,43,97,79,20,4,8,24,12,,,,,,,,,,,,,,,,,,,,,,,,,,,,,,,,,,,,,,,,,,,,,,,,,,,,,,,,,,,,,,,,,,,,,,,,,,,,,,,,,,,,,,,,,,,,,,,,,,,,,,,,,,,,,,,,,,,,,,,,,,,,,,,,,,,,,,,,,,,,,,,,,,,,,,
000097.bin,KittiDataset.__getitem__,True,kitti,conv4.0,176,200,5,10,10,6,18,20,1,176000,11367,0.06458522727272727,16337,600,360,184,176,0.5111111111111111,0,288,0.48,92.82386363636364,45.38055555555555,0:184;2:2;4:2;6:4;7:1;8:5;9:1;10:2;12:3;15:1;16:4;18:1;21:2;24:2;26:4;30:5;31:1;32:1;33:2;34:7;35:1;36:5;38:3;39:1;40:1;42:1;43:1;44:2;46:3;48:3;50:1;52:2;53:1;54:1;56:2;58:4;60:1;62:3;64:1;66:2;67:1;70:2;72:1;74:2;76:1;77:1;78:1;79:1;80:1;81:1;82:1;86:1;88:1;93:1;94:1;95:2;98:1;100:2;102:1;104:4;106:2;108:2;112:1;114:2;118:1;122:1;124:2;125:1;127:1;128:2;130:1;132:1;140:1;142:1;144:1;148:1;149:1;150:1;152:1;154:1;158:1;161:1;166:2;170:1;180:1;184:1;186:1;189:1;194:1;198:1;205:1;210:1;212:1;214:1;224:1;230:1;231:1;238:1;241:1;242:2;246:2;249:1;250:1;256:1;260:1;266:2;287:1;288:4,2,8,4,4,8,18,12,62,8,48,31,43,36,34,30,16,54,16,58,6,34,205,224,231,194,166,93,12,26,50,38,34,149,161,106,114,95,34,48,70,56,7,9,39,36,72,242,266,214,186,144,180,66,70,108,58,60,21,26,58,249,288,260,212,184,140,127,108,62,46,30,30,6,124,287,288,242,154,128,78,104,88,46,46,33,33,30,132,288,288,246,170,128,142,148,118,80,62,48,38,26,2,82,256,266,246,198,150,166,104,56,10,30,35,38,44,24,74,238,230,158,124,102,104,125,100,104,114,98,94,52,21,15,36,210,250,241,189,152,95,53,26,40,66,32,16,36,6,8,34,76,44,79,64,16,34,112,130,52,58,42,8,6,24,86,122,106,74,100,67,77,34,12,10,81,36,,,,,,,,,,,,,,,,,,,,,,,,,,,,,,,,,,,,,,,,,,,,,,,,,,,,,
000098.bin,KittiDataset.__getitem__,True,kitti,conv4.0,176,200,5,10,10,6,18,20,1,176000,7253,0.04121022727272727,10350,600,360,234,126,0.65,0,391,0.6516666666666666,82.14285714285714,28.75,0:234;2:4;3:1;4:5;6:2;8:7;9:1;10:2;12:6;15:2;16:3;17:1;18:3;22:5;24:1;25:2;28:1;30:1;32:2;33:1;34:3;35:1;40:1;41:1;44:1;46:1;49:1;50:1;52:2;54:2;55:1;60:2;62:1;65:1;66:1;71:2;74:2;75:1;78:1;80:2;82:1;83:1;87:1;88:1;92:2;94:1;97:1;100:1;101:1;103:1;106:1;108:1;110:1;111:1;114:2;115:1;117:1;122:2;129:1;134:1;136:1;142:1;153:1;158:1;164:1;177:1;188:1;190:1;192:1;195:1;200:1;209:1;211:2;214:1;217:1;228:1;237:1;238:1;264:1;272:1;331:1;364:1;369:1;391:1,8,18,24,4,8,8,46,54,80,34,3,33,60,80,83,136,195,228,238,115,106,92,74,35,9,41,177,88,75,364,391,369,331,272,188,94,52,34,16,12,17,100,101,52,103,214,217,211,237,97,71,71,40,62,66,2,209,117,134,211,200,192,164,142,122,114,78,158,82,12,110,129,15,111,114,264,108,190,122,65,153,92,74,22,12,30,54,49,18,22,32,34,25,22,25,87,8,2,6,15,8,4,32,22,2,28,4,12,12,10,16,6,4,44,55,8,16,50,60,22,8,4,10,18,2,12,,,,,,,,,,,,,,,,,,,,,,,,,,,,,,,,,,,,,,,,,,,,,,,,,,,,,,,,,,,,,,,,,,,,,,,,,,,,,,,,,,,,,,,,,,,,,,,,,,,,,,,
000099.bin,KittiDataset.__getitem__,True,kitti,conv4.0,176,200,5,10,10,6,18,20,1,176000,6676,0.037931818181818185,9538,600,360,185,175,0.5138888888888888,0,328,0.5466666666666666,54.502857142857145,26.494444444444444,0:185;1:1;2:1;4:10;5:1;6:3;7:1;8:7;10:4;11:1;12:8;14:8;15:1;16:9;17:1;18:3;20:3;22:5;24:3;26:3;28:7;30:6;31:2;32:5;34:3;36:4;37:1;38:2;40:3;41:1;42:2;43:1;46:3;47:2;49:1;51:3;52:2;54:1;55:1;56:1;58:1;61:1;64:3;65:1;66:3;67:1;72:2;75:1;76:2;78:1;80:2;81:1;82:2;90:1;94:1;98:1;100:1;103:1;105:2;107:1;117:1;124:1;130:1;138:1;141:1;147:1;154:1;173:1;176:1;181:1;182:2;197:2;227:1;229:1;243:1;256:1;271:1;277:1;285:1;328:1,4,30,28,14,16,10,22,22,7,10,40,103,32,4,67,37,18,31,8,30,124,130,181,182,66,12,55,12,4,16,8,4,38,105,154,227,141,72,47,6,8,26,24,32,12,1,34,14,76,147,75,82,76,49,32,47,51,6,12,197,243,285,229,176,138,256,107,40,36,31,4,36,8,42,30,6,197,277,328,271,182,100,94,78,46,66,14,22,16,36,28,8,2,51,65,173,117,54,30,51,20,12,28,18,4,10,90,64,72,105,42,8,16,34,28,12,16,14,24,52,56,4,61,80,28,66,14,4,43,14,41,82,80,98,64,20,46,36,40,11,17,16,30,22,8,14,4,26,12,18,24,38,12,16,28,26,20,32,4,16,16,28,34,58,22,64,52,81,15,30,10,46,14,32,5,,,,,,,,,,,,,,,,,,,,,,,,,,,,,,,,,,,,,,,,,,,,,,,,,,,,,,
000100.bin,KittiDataset.__getitem__,True,kitti,conv4.0,176,200,5,10,10,6,18,20,1,176000,6481,0.036823863636363634,9514,600,360,269,91,0.7472222222222222,0,371,0.6183333333333333,104.54945054945055,26.427777777777777,0:269;1:1;2:1;4:6;5:1;6:1;8:5;10:1;16:1;17:1;20:3;22:1;24:2;27:2;28:1;30:1;31:1;32:2;36:1;40:2;48:1;52:1;58:1;60:1;61:2;62:1;64:1;67:1;68:1;79:1;81:1;84:1;87:1;88:2;89:2;96:1;100:1;101:1;112:1;113:1;124:2;127:1;134:1;135:1;140:1;143:1;145:1;146:1;152:1;159:1;160:1;176:1;184:1;189:1;196:1;199:1;212:1;222:1;223:1;229:1;230:1;233:1;246:1;253:1;268:1;270:1;272:1;288:1;289:1;290:1;297:1;306:1;371:1,32,5,1,4,8,17,30,58,36,4,89,272,212,145,146,4,101,96,40,28,8,4,81,230,268,199,143,135,32,24,40,160,79,48,8,4,27,16,20,176,289,297,290,223,159,124,64,60,88,87,52,61,61,22,127,306,288,270,253,233,222,134,88,124,189,100,89,67,10,113,196,184,229,371,246,152,84,31,8,27,20,8,2,4,24,140,62,112,68,20,6,,,,,,,,,,,,,,,,,,,,,,,,,,,,,,,,,,,,,,,,,,,,,,,,,,,,,,,,,,,,,,,,,,,,,,,,,,,,,,,,,,,,,,,,,,,,,,,,,,,,,,,,,,,,,,,,,,,,,,,,,,,,,,,,,,,,,,,,,,
000101.bin,KittiDataset.__getitem__,True,kitti,conv4.0,176,200,5,10,10,6,18,20,1,176000,11472,0.06518181818181819,16355,600,360,154,206,0.42777777777777776,0,315,0.525,79.39320388349515,45.43055555555556,0:154;2:2;4:9;6:4;8:8;10:6;12:4;14:4;16:7;17:2;18:3;19:1;20:1;22:5;24:6;26:2;27:1;28:2;32:5;34:2;36:2;39:1;40:2;42:5;43:1;44:2;45:1;46:5;47:1;48:1;50:2;51:1;52:1;53:1;54:3;56:3;58:1;60:2;62:2;63:1;64:3;66:2;67:2;68:3;69:1;70:1;72:1;73:1;74:1;75:3;76:1;78:2;79:1;80:1;82:1;84:1;85:1;86:2;88:1;89:1;90:1;92:1;95:1;98:1;100:1;102:4;103:1;106:2;107:1;113:1;114:2;116:2;122:2;127:1;128:1;130:1;132:1;133:1;134:1;138:1;140:1;141:2;144:1;148:1;154:1;157:2;160:1;162:1;164:1;169:1;174:1;178:1;182:1;187:1;200:1;217:1;222:1;230:2;231:1;232:1;246:1;257:1;272:2;278:1;280:1;281:1;283:1;290:2;296:2;298:1;315:1,44,6,10,26,19,47,58,18,12,8,34,8,32,85,66,36,40,46,20,16,14,62,51,42,12,6,24,8,84,4,76,64,98,24,10,28,78,60,4,54,24,18,138,160,102,122,52,82,2,10,90,62,14,50,200,257,133,92,106,132,72,79,42,22,54,116,16,53,246,296,296,230,157,100,154,141,78,80,68,46,46,64,6,75,230,315,298,232,182,134,102,88,86,60,63,6,32,12,32,16,144,280,278,290,231,164,157,102,74,114,17,75,46,56,43,22,2,128,272,283,290,162,86,56,24,24,24,16,42,187,272,281,217,174,148,114,102,141,45,36,16,10,22,66,222,178,127,89,67,73,67,69,48,27,4,4,34,106,140,169,95,50,44,64,56,28,14,8,8,107,130,42,46,54,32,8,22,8,8,4,22,12,10,18,68,70,68,17,32,4,26,42,116,113,103,75,40,16,39,16,4,4,4,10,14,122,,,,,,,,,,,,,,,,,,,,,,,
000102.bin,KittiDataset.__getitem__,True,kitti,conv4.0,176,200,5,10,10,6,18,20,1,176000,5879,0.03340340909090909,8533,600,360,293,67,0.8138888888888889,0,327,0.545,127.35820895522389,23.70277777777778,0:293;6:1;8:2;9:2;12:3;14:1;16:1;20:1;23:1;26:1;28:1;29:1;30:2;34:1;43:2;52:1;55:1;58:1;71:1;78:1;81:2;83:1;100:1;102:1;109:1;124:1;129:2;133:1;142:1;143:1;145:1;147:2;150:1;159:1;167:1;175:1;184:1;189:1;195:1;196:1;200:1;205:1;207:1;209:2;211:1;212:1;217:1;221:1;223:1;236:1;247:1;259:1;265:1;271:1;286:2;306:1;327:1,81,12,30,109,26,52,129,29,6,81,189,71,12,100,223,102,9,14,30,83,124,200,142,16,55,221,145,167,184,147,8,43,212,150,217,195,211,12,8,143,175,207,236,259,58,129,247,286,271,209,34,265,286,306,205,43,133,327,196,209,23,78,147,159,20,28,9,,,,,,,,,,,,,,,,,,,,,,,,,,,,,,,,,,,,,,,,,,,,,,,,,,,,,,,,,,,,,,,,,,,,,,,,,,,,,,,,,,,,,,,,,,,,,,,,,,,,,,,,,,,,,,,,,,,,,,,,,,,,,,,,,,,,,,,,,,,,,,,,,,,,,,,,,,,,,,,,,,
000103.bin,KittiDataset.__getitem__,True,kitti,conv4.0,176,200,5,10,10,6,18,20,1,176000,3349,0.019028409090909092,4814,600,360,308,52,0.8555555555555555,0,396,0.66,92.57692307692308,13.372222222222222,0:308;1:1;2:1;3:2;4:3;5:1;6:2;8:4;9:1;10:2;12:3;16:2;18:1;22:1;24:1;25:1;39:1;49:1;50:1;51:1;52:2;55:1;76:1;82:1;88:1;91:1;99:1;112:1;116:1;181:1;199:1;226:1;273:1;275:1;278:1;298:1;330:1;334:1;378:2;396:1,24,8,4,22,10,91,181,52,4,4,18,6,88,330,273,112,3,6,50,278,378,199,12,8,5,10,3,1,16,275,378,226,39,8,12,9,2,52,298,396,116,76,334,99,51,82,55,16,12,49,25,8,,,,,,,,,,,,,,,,,,,,,,,,,,,,,,,,,,,,,,,,,,,,,,,,,,,,,,,,,,,,,,,,,,,,,,,,,,,,,,,,,,,,,,,,,,,,,,,,,,,,,,,,,,,,,,,,,,,,,,,,,,,,,,,,,,,,,,,,,,,,,,,,,,,,,,,,,,,,,,,,,,,,,,,,,,,,,,,,,
000104.bin,KittiDataset.__getitem__,True,kitti,conv4.0,176,200,5,10,10,6,18,20,1,176000,9697,0.05509659090909091,13933,600,360,195,165,0.5416666666666666,0,332,0.5533333333333333,84.44242424242424,38.702777777777776,0:195;1:1;2:2;3:1;4:7;6:5;7:1;8:8;10:1;11:1;12:3;14:4;15:1;16:2;17:1;18:2;19:1;20:7;21:1;22:3;24:2;25:1;26:3;27:1;28:1;29:1;30:2;31:1;33:1;34:4;40:1;42:1;47:2;48:3;49:1;50:1;51:1;52:2;54:2;57:1;58:2;64:1;66:1;71:1;72:1;75:1;76:1;78:1;80:1;82:2;84:2;88:2;93:1;94:1;97:1;98:2;99:1;100:1;102:2;105:3;107:1;110:1;111:1;113:2;114:1;117:1;121:1;124:1;127:1;129:1;131:1;142:1;148:1;149:1;150:1;152:2;153:1;155:1;156:1;164:1;166:1;172:2;173:1;183:1;184:1;189:1;190:2;193:1;196:1;197:1;200:2;202:1;206:1;207:1;210:1;218:1;225:1;226:1;228:1;232:1;233:1;239:1;254:1;266:2;303:1;309:1;332:1,11,124,17,4,7,14,14,27,40,6,14,31,12,48,4,88,193,78,111,54,93,16,26,82,183,131,20,20,18,14,8,34,97,28,52,54,51,4,8,6,4,24,4,10,266,200,173,22,84,30,25,1,15,22,20,6,8,42,190,226,200,114,52,50,71,100,57,47,8,8,47,172,232,225,207,102,155,153,152,33,12,2,4,80,202,197,210,196,233,189,29,34,8,2,8,4,24,6,34,129,309,332,254,105,98,76,66,98,88,84,58,82,121,48,49,21,113,266,303,152,48,12,8,20,16,22,58,64,34,102,117,127,30,72,206,190,184,172,142,110,20,18,94,107,99,75,3,26,150,218,228,156,148,166,149,113,6,20,105,239,164,105,20,19,26,,,,,,,,,,,,,,,,,,,,,,,,,,,,,,,,,,,,,,,,,,,,,,,,,,,,,,,,,,,,,,,,
000105.bin,KittiDataset.__getitem__,True,kitti,conv4.0,176,200,5,10,10,6,18,20,1,176000,11705,0.06650568181818182,16902,600,360,143,217,0.3972222222222222,0,298,0.49666666666666665,77.88940092165899,46.95,0:143;2:2;4:9;5:1;6:1;7:1;8:6;9:1;10:4;12:9;14:2;15:1;16:1;18:3;20:4;21:1;22:1;24:3;25:1;26:5;28:5;29:1;30:6;31:1;32:1;33:1;34:2;36:2;37:1;38:2;39:1;40:1;41:1;42:4;44:1;45:2;46:2;48:4;50:3;52:3;54:2;55:2;56:4;57:1;58:2;59:1;60:1;61:1;62:3;64:2;65:1;66:5;67:2;68:3;69:1;70:5;72:1;73:1;76:2;78:1;80:1;81:1;85:1;86:3;91:2;94:1;95:1;96:1;98:1;99:2;102:1;108:1;110:2;112:1;113:1;114:1;118:1;127:1;129:1;131:2;132:1;133:1;134:1;136:1;137:1;138:2;139:1;141:1;143:1;146:1;147:1;150:1;152:1;153:1;156:1;158:2;160:4;161:1;165:1;174:1;182:1;183:3;184:1;185:1;186:1;190:1;193:1;194:2;198:2;206:2;213:1;224:1;232:1;238:1;247:1;248:1;283:1;288:1;291:1;298:1,4,12,24,26,45,38,57,131,68,4,4,28,129,95,4,65,14,86,26,4,36,14,30,42,54,158,78,26,64,24,8,85,131,58,34,52,30,20,28,29,12,56,66,25,54,52,69,50,45,68,48,48,32,10,48,186,141,147,190,165,143,94,66,70,33,67,4,55,160,182,198,184,160,134,102,98,46,76,12,46,8,12,86,198,183,206,174,158,139,110,70,50,76,41,31,36,67,30,18,194,298,291,248,193,150,110,72,52,70,50,66,12,18,132,283,288,232,160,138,96,66,62,64,56,42,8,4,56,224,247,194,183,156,136,91,81,66,42,58,16,12,20,70,160,185,213,183,161,133,153,108,118,99,73,6,28,18,127,238,206,91,113,152,137,146,99,56,114,68,5,55,48,10,8,4,2,12,9,30,40,138,80,70,42,62,22,30,24,10,2,37,7,86,59,39,26,112,62,60,44,61,4,15,28,38,12,30,34,26,12,28,20,8,20,10,21,8,,,,,,,,,,,,
000106.bin,KittiDataset.__getitem__,True,kitti,conv4.0,176,200,5,10,10,6,18,20,1,176000,9630,0.05471590909090909,13735,600,360,192,168,0.5333333333333333,0,312,0.52,81.75595238095238,38.15277777777778,0:192;2:1;4:3;5:4;6:1;7:1;8:10;10:3;11:1;12:2;13:2;14:2;15:1;16:3;18:2;19:2;20:3;21:1;22:2;23:1;24:4;26:4;27:2;28:3;30:2;32:4;33:1;34:1;35:1;36:1;37:2;38:2;42:2;43:1;45:1;46:2;48:2;49:1;50:3;52:1;53:3;54:3;55:1;56:1;57:1;58:2;59:1;60:1;62:1;63:1;66:1;70:2;74:1;79:2;80:2;83:1;85:1;88:1;94:1;95:2;96:1;104:1;106:1;109:2;112:2;113:2;120:2;121:2;122:1;125:2;128:2;130:1;132:1;136:1;138:1;145:1;146:1;151:1;152:1;157:1;160:1;166:1;167:1;171:1;176:1;179:1;189:1;190:1;196:1;203:1;207:1;225:1;227:1;235:1;250:1;252:1;255:1;282:1;284:1;286:2;294:1;300:1;307:1;310:1;312:2,46,7,26,58,43,32,30,16,22,8,45,37,58,6,21,80,54,37,14,8,28,16,5,152,121,160,79,35,10,5,83,235,310,294,252,227,166,136,95,85,59,26,112,62,70,42,74,151,171,157,145,130,109,122,104,80,53,23,33,54,46,32,11,190,312,312,300,255,203,179,146,138,113,128,57,10,60,32,26,15,132,286,286,250,176,112,106,50,54,18,66,16,88,284,307,282,225,196,167,125,94,96,52,70,36,48,24,8,26,56,207,79,128,109,50,53,38,30,22,49,63,8,48,189,125,55,120,120,121,113,95,53,38,34,8,4,32,13,12,20,19,12,5,19,4,50,42,10,5,13,20,24,28,24,14,20,2,4,27,18,8,8,28,24,8,27,8,8,,,,,,,,,,,,,,,,,,,,,,,,,,,,,,,,,,,,,,,,,,,,,,,,,,,,,,,,,,,,,
000107.bin,KittiDataset.__getitem__,True,kitti,conv4.0,176,200,5,10,10,6,18,20,1,176000,6199,0.03522159090909091,8423,600,360,262,98,0.7277777777777777,0,321,0.535,85.94897959183673,23.397222222222222,0:262;4:5;6:1;8:2;12:2;14:1;15:1;18:2;22:1;23:2;24:1;26:2;28:2;30:1;31:1;32:1;34:1;36:1;38:1;40:2;41:1;43:1;44:4;46:2;50:1;52:2;54:3;55:1;56:1;57:2;58:1;59:1;62:1;63:1;66:1;68:1;70:1;76:1;77:1;83:1;88:1;92:1;96:1;98:1;99:1;100:1;105:1;106:1;109:1;110:1;111:1;113:1;114:2;120:1;130:1;131:1;137:1;138:1;144:1;145:1;147:1;151:1;154:1;161:1;164:1;178:1;179:1;185:1;186:1;197:1;204:1;217:1;223:1;229:2;230:1;236:1;245:1;321:1,23,57,137,138,96,83,36,54,113,52,52,41,70,30,8,144,185,197,105,99,55,62,44,24,6,15,44,57,43,26,38,145,223,217,154,151,111,131,88,44,63,66,56,18,40,14,114,245,236,229,229,114,92,110,58,44,68,32,54,50,179,186,204,230,130,100,147,31,12,22,34,28,4,77,164,161,178,98,106,321,54,12,59,76,46,46,26,40,18,28,109,120,4,4,4,8,23,4,,,,,,,,,,,,,,,,,,,,,,,,,,,,,,,,,,,,,,,,,,,,,,,,,,,,,,,,,,,,,,,,,,,,,,,,,,,,,,,,,,,,,,,,,,,,,,,,,,,,,,,,,,,,,,,,,,,,,,,,,,,,,,,,,,,
000108.bin,KittiDataset.__getitem__,True,kitti,conv4.0,176,200,5,10,10,6,18,20,1,176000,6625,0.037642045454545456,9670,600,360,252,108,0.7,0,365,0.6083333333333333,89.53703703703704,26.86111111111111,0:252;2:2;4:2;8:8;10:2;12:2;13:1;14:5;16:2;18:1;20:2;21:1;22:2;28:1;30:3;32:1;34:1;36:2;38:2;42:3;44:1;47:2;48:1;50:1;51:1;52:1;54:2;59:1;60:3;61:1;64:2;65:1;70:1;73:2;74:2;77:1;80:3;82:1;84:1;86:1;88:1;90:1;95:1;97:2;100:1;102:2;118:1;120:1;127:2;130:1;133:1;137:1;156:1;172:1;178:1;186:1;191:1;197:1;210:1;217:1;220:1;236:1;256:1;264:1;276:1;283:1;288:1;295:1;314:1;332:1;334:1;348:1;365:1,8,8,133,54,10,51,14,18,97,8,14,2,283,365,47,8,59,191,21,64,120,288,348,186,84,20,48,74,236,210,47,74,73,36,10,88,264,314,256,197,172,127,64,73,60,50,82,77,65,61,38,14,127,276,295,178,118,102,100,95,97,28,4,14,13,22,8,16,220,332,334,217,156,130,137,90,60,34,52,16,32,12,12,42,86,36,30,44,60,80,80,102,70,80,54,42,38,8,22,4,30,2,14,30,8,20,42,8,,,,,,,,,,,,,,,,,,,,,,,,,,,,,,,,,,,,,,,,,,,,,,,,,,,,,,,,,,,,,,,,,,,,,,,,,,,,,,,,,,,,,,,,,,,,,,,,,,,,,,,,,,,,,,,,,,,,,,,,,
000109.bin,KittiDataset.__getitem__,True,kitti,conv4.0,176,200,5,10,10,6,18,20,1,176000,3313,0.018823863636363635,4757,600,360,305,55,0.8472222222222222,0,387,0.645,86.49090909090908,13.213888888888889,0:305;2:1;3:1;4:3;5:1;6:4;8:7;10:3;12:4;16:3;24:2;39:1;42:1;52:3;53:1;64:1;75:1;76:1;84:1;90:2;92:1;114:1;185:1;198:1;214:1;267:1;281:1;283:1;298:1;320:1;326:1;372:1;375:1;387:1,24,8,4,16,6,92,185,64,4,4,16,6,90,326,281,84,8,3,6,52,283,375,198,8,12,12,5,10,2,10,267,372,214,39,8,16,6,52,298,387,114,76,320,90,42,75,53,10,12,52,24,8,8,12,8,,,,,,,,,,,,,,,,,,,,,,,,,,,,,,,,,,,,,,,,,,,,,,,,,,,,,,,,,,,,,,,,,,,,,,,,,,,,,,,,,,,,,,,,,,,,,,,,,,,,,,,,,,,,,,,,,,,,,,,,,,,,,,,,,,,,,,,,,,,,,,,,,,,,,,,,,,,,,,,,,,,,,,,,,,,,,,
000110.bin,KittiDataset.__getitem__,True,kitti,conv4.0,176,200,5,10,10,6,18,20,1,176000,6914,0.03928409090909091,9899,600,360,242,118,0.6722222222222223,0,331,0.5516666666666666,83.88983050847457,27.497222222222224,0:242;4:2;5:3;6:3;7:1;8:5;9:1;10:3;12:2;14:3;15:1;16:4;19:1;21:2;22:4;24:1;25:1;26:1;28:2;29:2;30:2;31:1;34:3;36:1;38:2;39:1;41:1;46:3;48:1;51:1;54:2;56:1;57:1;60:2;64:2;67:1;68:1;69:1;70:1;72:2;74:1;76:3;77:1;79:2;80:1;81:1;82:2;88:1;92:1;102:1;103:2;112:1;113:1;116:1;119:1;128:1;140:1;142:1;151:1;165:2;166:1;169:1;186:1;195:1;203:1;221:1;238:1;242:1;244:1;245:1;251:1;261:1;268:1;286:1;300:1;304:1;319:1;322:1;328:1;331:1,22,46,5,9,69,8,21,16,5,38,4,80,82,8,14,82,54,22,16,64,128,203,79,36,102,39,119,165,166,245,221,195,103,113,151,103,48,12,4,186,300,304,268,242,251,165,169,112,57,76,34,46,6,142,286,319,261,116,88,72,68,72,74,60,56,54,238,322,328,76,10,6,19,22,30,30,5,10,8,64,331,244,140,51,29,79,81,41,34,25,28,10,16,12,15,70,67,76,7,26,77,92,29,34,16,24,46,28,38,21,31,14,60,14,22,8,8,6,,,,,,,,,,,,,,,,,,,,,,,,,,,,,,,,,,,,,,,,,,,,,,,,,,,,,,,,,,,,,,,,,,,,,,,,,,,,,,,,,,,,,,,,,,,,,,,,,,,,,,,,,,,,,,,
000111.bin,KittiDataset.__getitem__,True,kitti,conv4.0,176,200,5,10,10,6,18,20,1,176000,9023,0.051267045454545454,12940,600,360,207,153,0.575,0,327,0.545,84.57516339869281,35.94444444444444,0:207;2:3;4:4;5:2;6:3;8:3;10:1;12:4;14:3;15:1;16:1;18:3;20:1;21:1;22:2;25:1;26:3;27:1;28:3;29:1;30:1;32:2;33:1;34:2;35:2;36:2;38:3;39:2;40:1;41:1;44:3;45:1;48:3;52:1;54:2;55:1;56:1;57:2;60:4;62:4;63:1;64:3;66:1;74:2;75:1;76:1;79:1;80:1;81:2;82:2;83:2;84:1;88:1;91:1;92:2;94:1;96:1;97:1;99:1;100:1;102:1;107:1;110:2;112:1;114:1;118:1;121:1;129:2;131:1;132:2;138:1;142:1;144:1;148:2;151:1;159:1;160:1;171:1;173:2;176:1;182:2;184:1;186:1;194:2;198:1;200:2;217:1;219:1;220:1;229:1;244:1;262:1;286:1;287:1;288:1;292:1;324:1;327:1,81,5,28,200,27,14,2,8,138,118,229,148,112,110,62,5,94,60,44,48,36,35,57,30,36,45,38,18,2,2,41,75,91,33,4,79,287,327,142,62,22,28,48,8,4,4,21,148,288,324,219,244,184,99,129,82,29,22,14,12,14,132,286,292,262,194,200,107,100,74,44,26,32,18,60,8,76,176,198,220,194,217,129,74,60,56,48,80,25,32,16,39,131,173,182,159,83,40,35,63,39,34,12,12,26,38,173,186,132,114,88,84,83,62,38,6,15,26,18,92,96,64,54,60,66,12,62,6,10,34,121,57,144,64,52,82,160,92,97,55,4,102,151,182,28,81,171,110,44,20,54,6,64,,,,,,,,,,,,,,,,,,,,,,,,,,,,,,,,,,,,,,,,,,,,,,,,,,,,,,,,,,,,,,,,,,,,,,,,,,,,
000112.bin,KittiDataset.__getitem__,True,kitti,conv4.0,176,200,5,10,10,6,18,20,1,176000,7254,0.04121590909090909,10675,600,360,214,146,0.5944444444444444,0,360,0.6,73.11643835616438,29.65277777777778,0:214;2:1;3:1;4:6;5:2;6:7;7:2;8:5;10:4;11:3;12:4;13:1;14:3;15:1;16:2;17:1;18:5;20:3;22:1;23:1;24:1;27:3;28:1;29:1;30:2;32:2;33:1;34:4;36:1;38:1;39:1;40:2;42:3;44:2;46:1;48:2;49:1;50:2;54:1;55:3;56:1;58:3;60:1;61:1;62:1;63:1;64:1;65:1;67:2;70:2;72:1;74:1;76:1;77:1;80:1;81:1;85:1;86:1;94:2;98:1;105:1;110:2;112:1;119:1;126:1;129:1;138:1;140:1;151:1;168:1;176:1;184:1;193:1;194:1;201:1;202:1;207:1;212:1;213:1;215:1;231:1;267:1;268:1;271:1;282:1;288:1;289:1;292:1;315:1;323:1;346:1;360:1,81,65,12,38,72,32,6,28,55,61,17,7,29,24,27,44,94,60,4,3,67,138,54,46,67,20,5,10,55,267,323,176,85,11,18,8,5,15,30,48,202,346,360,215,168,55,36,4,18,6,12,2,6,18,22,44,140,282,289,315,212,184,193,110,70,14,80,86,40,62,98,50,77,151,292,288,268,194,126,112,129,74,58,49,94,14,39,201,58,33,119,271,207,231,76,56,105,213,42,30,34,64,10,58,42,23,4,4,18,7,8,8,20,50,16,10,42,18,8,34,10,40,70,110,63,14,48,11,4,32,12,20,13,27,34,16,6,12,27,34,8,11,6,4,6,6,,,,,,,,,,,,,,,,,,,,,,,,,,,,,,,,,,,,,,,,,,,,,,,,,,,,,,,,,,,,,,,,,,,,,,,,,,,,,,,,,,,
000113.bin,KittiDataset.__getitem__,True,kitti,conv4.0,176,200,5,10,10,6,18,20,1,176000,7677,0.04361931818181818,11148,600,360,241,119,0.6694444444444444,0,288,0.48,93.68067226890756,30.966666666666665,0:241;2:3;4:3;6:3;7:2;8:3;9:2;10:1;12:4;14:2;16:4;18:3;19:1;24:2;25:1;28:2;30:3;33:2;38:2;40:1;41:1;42:3;43:1;45:1;47:1;48:1;50:2;52:1;53:1;55:1;56:1;58:2;67:1;68:1;70:1;71:1;73:1;74:1;80:1;84:2;85:1;87:1;90:2;97:1;105:1;106:1;107:1;110:1;111:1;113:1;122:1;124:1;132:1;135:2;146:1;149:1;152:1;153:1;155:1;170:1;172:1;182:2;184:1;190:1;192:1;194:2;198:1;204:1;205:1;206:1;209:1;215:1;217:1;219:1;229:1;230:1;234:1;237:1;244:1;269:1;276:1;279:1;283:1;286:1;287:1;288:1,8,42,30,4,18,107,152,90,7,6,14,42,10,6,24,56,30,7,9,6,28,38,8,155,84,42,70,45,9,80,90,146,194,217,269,124,106,4,53,110,50,18,73,25,16,237,287,288,230,182,194,153,58,58,52,33,87,50,47,68,28,12,135,276,286,192,184,244,122,71,40,55,12,33,2,12,16,16,48,219,283,190,172,206,229,170,85,43,215,182,209,279,204,132,30,38,97,198,234,135,67,14,2,111,205,149,12,74,84,41,105,113,8,2,18,19,16,24,4,,,,,,,,,,,,,,,,,,,,,,,,,,,,,,,,,,,,,,,,,,,,,,,,,,,,,,,,,,,,,,,,,,,,,,,,,,,,,,,,,,,,,,,,,,,,,,,,,,,,,,,,,,,,,,
000114.bin,KittiDataset.__getitem__,True,kitti,conv4.0,176,200,5,10,10,6,18,20,1,176000,7727,0.04390340909090909,10841,600,360,229,131,0.6361111111111111,0,292,0.4866666666666667,82.7557251908397,30.113888888888887,0:229;1:2;2:1;4:3;5:1;6:4;7:2;8:5;12:3;14:1;15:2;16:1;18:6;20:2;21:1;22:3;25:1;28:1;30:2;32:3;35:1;36:2;37:1;40:2;42:1;43:1;45:2;46:2;47:1;48:1;49:2;50:4;51:2;52:1;53:1;54:2;56:1;57:1;58:3;60:4;61:1;62:2;64:1;66:1;69:1;70:1;74:1;78:3;81:1;86:1;87:1;97:1;105:1;118:2;122:1;125:1;131:1;134:1;135:1;136:1;145:1;153:1;157:1;160:1;161:1;162:1;165:1;169:1;177:1;199:1;219:1;229:1;240:1;241:2;245:1;248:1;252:1;253:1;254:1;255:1;258:1;269:1;271:1;273:1;275:1;276:1;292:1,22,49,4,50,35,60,45,258,199,64,8,8,36,14,48,56,45,50,25,43,47,241,252,292,153,118,134,58,105,20,36,40,1,6,1,60,157,241,253,240,135,58,28,6,8,15,2,78,273,248,269,245,46,60,60,54,52,6,4,8,20,61,255,275,276,169,162,161,74,70,66,40,51,46,18,32,37,57,229,271,254,160,87,50,22,32,12,18,30,18,12,6,18,51,131,122,136,78,81,125,18,7,7,15,78,145,62,53,69,32,18,12,42,22,8,21,165,219,177,86,50,118,97,58,49,54,62,5,16,4,30,,,,,,,,,,,,,,,,,,,,,,,,,,,,,,,,,,,,,,,,,,,,,,,,,,,,,,,,,,,,,,,,,,,,,,,,,,,,,,,,,,,,,,,,,,,,,,,,,,
000115.bin,KittiDataset.__getitem__,True,kitti,conv4.0,176,200,5,10,10,6,18,20,1,176000,11844,0.06729545454545455,16876,600,360,162,198,0.45,0,297,0.495,85.23232323232324,46.87777777777778,0:162;2:5;4:8;6:2;8:14;9:1;11:1;12:5;14:1;16:2;17:1;18:1;20:2;21:1;22:3;23:1;24:4;25:4;26:1;28:3;29:2;30:2;32:1;33:2;34:1;37:1;38:2;39:1;40:3;42:1;43:1;44:2;45:1;46:1;48:2;50:1;52:3;55:1;56:2;57:2;58:1;59:2;60:1;62:2;64:3;66:1;68:3;70:3;71:1;73:1;74:1;75:1;76:1;78:1;80:1;83:2;84:2;85:1;86:2;88:1;92:1;94:2;97:1;99:2;102:1;103:1;104:2;106:2;107:2;108:1;110:1;112:2;113:1;121:1;122:2;123:2;125:2;126:2;128:2;129:1;130:1;132:1;134:1;139:1;141:1;142:2;143:1;144:1;147:2;156:1;158:2;162:3;167:1;178:1;180:1;188:1;190:1;213:2;224:2;230:1;232:2;236:1;240:1;250:1;259:1;260:1;263:1;270:1;272:1;274:1;277:1;286:1;287:1;288:1;290:1;297:1,20,12,16,70,59,59,129,125,4,4,40,64,29,25,97,83,126,22,8,12,4,48,126,108,71,123,52,4,8,24,122,190,162,86,44,28,2,8,40,123,112,58,8,83,144,20,167,128,147,75,39,103,33,21,99,45,8,62,290,232,142,107,142,125,86,52,84,85,57,24,18,23,17,88,260,286,213,230,130,134,104,94,38,60,24,106,40,4,68,76,113,272,287,250,224,180,156,128,122,74,68,22,28,42,12,29,33,44,263,277,240,158,112,104,94,62,26,30,2,14,4,6,2,64,270,288,236,162,132,162,68,56,84,139,50,38,46,55,8,78,232,178,110,188,121,8,66,92,64,32,4,16,8,30,102,57,141,274,224,213,147,107,99,80,143,70,37,25,73,259,297,48,56,11,9,34,12,8,8,158,106,25,8,43,70,8,28,24,4,2,22,52,12,6,2,8,8,25,,,,,,,,,,,,,,,,,,,,,,,,,,,,,,,
000116.bin,KittiDataset.__getitem__,True,kitti,conv4.0,176,200,5,10,10,6,18,20,1,176000,5648,0.032090909090909094,8516,600,360,265,95,0.7361111111111112,0,291,0.485,89.6421052631579,23.655555555555555,0:265;4:2;8:2;10:1;12:1;13:1;14:2;15:1;16:2;18:2;20:3;22:1;27:2;29:1;30:1;33:1;38:2;40:1;46:1;48:1;49:1;51:1;54:2;55:2;56:2;58:2;60:2;62:1;63:1;64:3;65:4;67:2;69:2;73:1;77:1;78:1;80:1;83:1;90:2;96:1;99:1;102:1;104:1;105:1;108:1;111:2;112:1;115:2;120:1;126:1;130:1;133:2;135:1;158:1;168:1;178:1;192:1;198:1;201:1;202:1;206:1;218:1;219:1;220:1;230:2;233:1;240:1;241:1;242:1;291:1,12,8,38,4,13,29,16,56,102,104,69,55,90,14,18,14,16,69,33,99,241,111,56,120,105,202,67,22,4,10,62,77,158,291,218,201,220,111,80,65,58,58,49,30,55,135,78,27,83,240,198,168,133,126,178,63,115,65,15,18,20,51,130,27,54,206,233,219,192,230,230,90,60,48,65,67,64,60,46,20,20,64,108,112,115,133,54,8,65,242,96,73,64,40,38,,,,,,,,,,,,,,,,,,,,,,,,,,,,,,,,,,,,,,,,,,,,,,,,,,,,,,,,,,,,,,,,,,,,,,,,,,,,,,,,,,,,,,,,,,,,,,,,,,,,,,,,,,,,,,,,,,,,,,,,,,,,,,,,,,,,,,
000117.bin,KittiDataset.__getitem__,True,kitti,conv4.0,176,200,5,10,10,6,18,20,1,176000,8223,0.04672159090909091,12035,600,360,205,155,0.5694444444444444,0,312,0.52,77.64516129032258,33.43055555555556,0:205;1:1;2:3;4:8;6:4;7:2;8:8;9:1;10:2;11:1;12:4;14:1;15:1;16:2;18:4;19:1;20:1;22:2;23:2;24:3;26:2;27:1;30:2;33:1;34:1;36:3;38:3;39:1;40:2;42:1;46:3;47:1;48:2;49:1;50:1;55:2;62:2;63:2;64:2;65:1;69:1;70:4;72:1;73:1;74:1;76:1;77:1;78:2;79:1;80:1;81:1;83:2;86:1;90:1;92:2;93:1;94:1;96:2;97:1;99:1;100:4;103:1;111:1;112:1;116:1;118:1;120:1;121:1;122:1;132:1;141:1;144:1;150:3;151:1;152:1;166:1;170:1;175:1;186:2;198:1;208:1;209:1;212:1;213:1;214:1;218:1;224:1;231:1;242:2;251:1;254:1;257:1;283:1;284:1;304:1;312:1,6,2,18,2,34,4,16,30,33,150,80,23,38,10,18,47,93,26,73,94,7,6,20,46,116,42,12,64,86,36,83,55,14,22,49,64,69,150,152,23,4,8,55,231,198,46,39,224,63,4,4,6,96,254,212,97,16,70,186,46,4,74,251,92,100,48,1,121,186,19,8,92,283,257,214,111,99,79,242,24,72,175,208,242,170,120,96,144,218,112,15,76,284,304,312,209,150,100,78,81,151,213,166,36,83,100,103,27,122,100,65,62,70,78,141,90,70,26,12,24,4,18,12,22,70,38,40,18,48,8,132,118,4,8,7,9,6,11,50,4,8,38,10,40,63,36,62,77,30,2,8,24,12,8,8,,,,,,,,,,,,,,,,,,,,,,,,,,,,,,,,,,,,,,,,,,,,,,,,,,,,,,,,,,,,,,,,,,,,,,,,,,
000118.bin,KittiDataset.__getitem__,True,kitti,conv4.0,176,200,5,10,10,6,18,20,1,176000,4126,0.023443181818181818,5687,600,360,305,55,0.8472222222222222,0,312,0.52,103.4,15.797222222222222,0:305;1:1;2:3;4:1;6:1;8:2;12:2;14:2;20:2;22:1;23:1;32:1;34:1;42:1;43:1;45:1;47:1;59:1;66:1;82:1;98:3;99:1;102:1;105:2;107:1;112:1;114:1;120:1;123:1;124:1;142:1;154:1;162:2;183:1;192:2;195:2;196:1;220:1;236:1;242:1;286:1;290:1;303:1;312:1,8,12,20,22,14,2,43,98,192,220,114,107,102,32,14,124,47,2,4,1,8,123,303,290,195,195,154,98,82,162,59,6,98,286,312,242,196,112,66,142,183,45,105,236,192,162,120,42,34,99,105,2,12,23,20,,,,,,,,,,,,,,,,,,,,,,,,,,,,,,,,,,,,,,,,,,,,,,,,,,,,,,,,,,,,,,,,,,,,,,,,,,,,,,,,,,,,,,,,,,,,,,,,,,,,,,,,,,,,,,,,,,,,,,,,,,,,,,,,,,,,,,,,,,,,,,,,,,,,,,,,,,,,,,,,,,,,,,,,,,,,,,
000119.bin,KittiDataset.__getitem__,True,kitti,conv4.0,176,200,5,10,10,6,18,20,1,176000,7089,0.040278409090909094,10168,600,360,269,91,0.7472222222222222,0,435,0.725,111.73626373626374,28.244444444444444,0:269;2:3;3:1;4:7;5:1;6:2;8:1;12:2;14:2;16:1;18:1;19:1;22:1;28:1;34:1;38:6;40:1;42:2;44:1;45:1;46:2;48:2;50:2;53:2;70:1;71:1;73:1;74:1;77:1;87:1;92:1;93:1;95:1;99:1;104:1;105:1;108:1;112:1;131:1;138:1;142:1;144:1;150:1;151:1;160:1;162:1;165:1;180:1;185:1;191:1;192:1;211:1;219:1;224:1;230:1;248:1;259:1;267:1;271:1;272:1;274:1;275:1;283:1;294:1;303:1;305:1;312:1;316:1;345:1;388:1;435:1,4,4,2,2,16,38,4,4,4,105,144,70,44,142,112,46,18,22,77,388,435,303,294,305,274,219,185,165,108,104,38,6,6,38,5,160,271,272,230,192,180,99,74,73,42,53,92,14,12,40,38,4,48,248,312,283,151,150,38,28,53,50,48,42,38,8,50,71,2,45,275,345,316,224,191,46,34,87,19,14,3,12,131,259,267,211,162,95,138,93,4,,,,,,,,,,,,,,,,,,,,,,,,,,,,,,,,,,,,,,,,,,,,,,,,,,,,,,,,,,,,,,,,,,,,,,,,,,,,,,,,,,,,,,,,,,,,,,,,,,,,,,,,,,,,,,,,,,,,,,,,,,,,,,,,,,,,,,,,,,
000120.bin,KittiDataset.__getitem__,True,kitti,conv4.0,176,200,5,10,10,6,18,20,1,176000,7082,0.040238636363636365,10268,600,360,235,125,0.6527777777777778,0,310,0.5166666666666667,82.144,28.522222222222222,0:235;2:1;3:1;4:4;5:1;6:5;8:8;10:2;12:3;14:1;15:1;16:2;18:2;22:2;23:2;24:2;26:3;28:1;30:2;32:1;33:1;34:2;36:1;38:3;39:1;40:2;41:1;44:1;48:2;50:1;52:2;54:2;57:1;58:3;61:2;65:2;66:2;71:1;72:2;73:3;76:1;77:1;79:1;81:1;86:1;87:1;89:1;92:1;98:1;105:2;106:1;112:2;115:1;121:1;125:1;130:1;134:1;137:1;140:1;145:1;146:1;151:1;155:1;156:1;166:1;167:1;174:1;191:1;206:1;221:1;222:1;225:1;236:1;241:1;248:1;252:1;264:1;270:1;278:1;284:1;286:1;296:1;300:1;310:1,4,8,23,48,38,38,52,34,22,40,92,6,10,65,112,81,16,66,252,225,61,36,6,8,15,39,73,6,12,98,278,296,151,106,115,167,125,5,23,22,33,54,12,166,270,300,264,236,206,105,72,72,44,50,86,89,30,6,146,241,286,221,191,134,57,58,79,54,58,66,32,24,40,3,87,140,222,77,30,105,8,38,18,24,2,18,8,4,73,310,248,174,145,52,156,61,41,48,65,10,58,284,155,130,71,112,76,121,8,12,14,28,34,137,73,26,8,6,26,8,16,4,4,26,8,,,,,,,,,,,,,,,,,,,,,,,,,,,,,,,,,,,,,,,,,,,,,,,,,,,,,,,,,,,,,,,,,,,,,,,,,,,,,,,,,,,,,,,,,,,,,,,,,,,,,,,,
000121.bin,KittiDataset.__getitem__,True,kitti,conv4.0,176,200,5,10,10,6,18,20,1,176000,9803,0.05569886363636364,14063,600,360,140,220,0.3888888888888889,0,288,0.48,63.92272727272727,39.06388888888889,0:140;2:4;3:1;4:5;5:2;6:1;7:2;8:14;9:2;10:1;11:1;12:11;13:4;14:2;15:1;16:8;18:2;19:2;20:4;21:1;22:3;23:2;24:2;25:2;26:4;28:1;29:2;30:5;31:2;32:3;33:2;34:1;35:2;36:5;37:1;38:3;39:1;40:4;41:1;42:2;43:1;44:4;45:2;46:2;47:2;48:2;50:2;51:1;52:1;54:1;55:1;56:3;57:2;58:2;59:1;60:2;61:1;62:2;63:1;64:3;66:2;67:1;68:3;71:1;72:2;73:2;77:1;80:1;82:1;84:2;85:1;87:1;90:1;92:1;93:1;95:2;96:1;98:1;100:1;101:1;104:1;107:1;109:1;111:1;113:1;116:1;119:1;120:1;125:1;128:1;130:1;134:1;138:1;143:1;148:1;152:1;155:1;168:1;172:1;174:1;178:2;182:1;188:1;190:1;194:1;212:1;217:1;219:1;224:1;252:1;257:1;262:1;268:1;274:1;276:1;282:1;284:1;286:1;288:2,24,36,16,73,12,2,2,20,26,32,36,4,10,30,48,40,66,12,58,13,11,13,46,28,44,96,120,84,18,20,29,9,5,8,63,87,38,16,30,36,56,60,58,44,40,38,71,51,77,52,100,68,45,30,116,64,35,16,47,8,33,32,25,6,8,46,12,68,188,172,119,125,84,44,56,39,4,16,22,98,274,284,252,217,174,128,113,34,73,8,16,25,16,182,286,288,268,190,134,90,92,155,57,16,15,9,31,12,12,138,276,282,224,194,178,152,130,107,64,48,41,18,8,20,12,66,257,288,262,212,168,95,36,42,85,62,2,4,30,13,67,219,148,80,104,111,30,26,60,64,14,8,21,29,55,101,62,82,32,33,19,5,13,26,61,24,12,4,59,109,143,95,93,47,20,8,22,8,16,12,3,43,37,54,22,36,45,2,8,8,42,50,7,50,12,44,19,12,8,40,68,26,31,14,23,23,8,7,4,57,8,56,35,8,40,38,12,72,178,72,,,,,,,,,
000122.bin,KittiDataset.__getitem__,True,kitti,conv4.0,176,200,5,10,10,6,18,20,1,176000,7175,0.04076704545454545,10385,600,360,238,122,0.6611111111111111,0,428,0.7133333333333334,85.12295081967213,28.84722222222222,0:238;2:4;4:8;6:1;7:1;8:1;10:4;12:1;14:2;16:4;17:1;18:4;20:2;21:1;22:1;24:2;25:1;26:1;28:1;29:1;30:2;32:3;34:4;38:1;41:2;42:1;44:1;48:3;57:1;58:2;62:1;64:1;67:1;68:3;70:3;72:1;78:1;80:1;83:1;86:1;87:2;88:2;90:3;93:1;94:1;95:1;97:1;107:1;113:2;114:1;118:1;127:1;128:1;130:1;132:1;134:1;140:1;142:1;154:1;155:1;157:1;160:1;161:1;163:1;182:2;191:1;195:1;196:1;199:1;223:1;239:1;242:1;245:1;261:1;263:1;275:1;282:1;288:1;344:1;349:1;428:1,2,4,12,4,4,114,17,90,191,38,4,10,199,182,2,64,349,428,195,86,44,90,88,242,163,87,88,70,34,32,16,87,261,288,282,239,118,94,80,62,48,90,93,57,58,48,32,16,68,160,161,182,140,132,128,134,41,16,10,14,22,24,18,113,275,245,263,223,196,130,113,68,68,34,28,20,30,4,97,344,154,42,26,29,20,10,10,24,32,16,18,4,70,127,25,2,14,18,72,83,30,21,95,107,34,6,4,70,78,58,2,7,4,48,41,34,155,142,157,67,18,8,,,,,,,,,,,,,,,,,,,,,,,,,,,,,,,,,,,,,,,,,,,,,,,,,,,,,,,,,,,,,,,,,,,,,,,,,,,,,,,,,,,,,,,,,,,,,,,,,,,,,,,,,,,
000123.bin,KittiDataset.__getitem__,True,kitti,conv4.0,176,200,5,10,10,6,18,20,1,176000,11380,0.0646590909090909,16413,600,360,209,151,0.5805555555555556,0,430,0.7166666666666667,108.69536423841059,45.59166666666667,0:209;2:2;4:6;5:1;6:1;8:6;12:2;13:1;14:1;16:4;18:2;19:1;20:6;22:4;24:2;25:1;26:2;28:1;30:4;32:3;37:2;38:1;39:1;40:1;41:2;42:3;44:1;48:3;49:1;53:1;54:2;55:1;56:1;59:1;60:1;61:1;64:2;66:1;67:2;71:1;75:1;79:2;82:1;83:1;86:1;92:1;93:1;94:1;95:3;101:1;102:1;106:2;108:2;112:1;114:1;116:2;117:1;119:1;120:2;123:1;128:1;131:1;139:1;140:1;148:1;154:1;163:1;164:1;166:1;175:1;176:1;198:1;215:1;220:1;225:1;226:1;228:1;238:3;239:1;242:1;256:1;261:2;262:1;266:1;269:1;270:1;286:2;293:1;298:1;301:1;306:1;311:1;314:1;318:1;336:1;337:1;343:1;350:1;395:1;416:1;430:1,13,64,6,24,75,55,26,8,32,16,30,20,16,4,53,79,128,79,56,22,8,12,8,4,71,131,175,163,301,95,48,66,102,22,20,95,25,18,93,343,269,395,220,311,262,94,42,54,5,61,95,20,14,12,41,337,350,318,293,226,266,215,106,119,114,40,42,22,20,2,26,242,314,270,225,176,120,120,92,30,48,28,16,4,8,24,256,286,238,166,140,106,148,139,112,117,48,37,67,101,82,30,64,286,306,336,298,261,239,238,123,154,116,49,44,83,60,86,54,108,416,430,261,238,228,164,108,198,116,41,39,67,22,20,4,30,59,42,37,32,16,32,38,19,20,2,8,8,4,4,18,,,,,,,,,,,,,,,,,,,,,,,,,,,,,,,,,,,,,,,,,,,,,,,,,,,,,,,,,,,,,,,,,,,,,,,,,,,,,,
000124.bin,KittiDataset.__getitem__,True,kitti,conv4.0,176,200,5,10,10,6,18,20,1,176000,9893,0.05621022727272727,14710,600,360,178,182,0.49444444444444446,0,362,0.6033333333333334,80.82417582417582,40.861111111111114,0:178;2:4;3:1;4:7;5:1;6:3;8:7;9:1;10:3;13:3;16:1;18:6;20:3;22:3;23:2;25:2;26:2;27:1;28:1;29:1;30:2;32:1;34:1;36:2;38:4;39:1;40:1;41:1;42:4;44:3;45:1;46:4;48:1;49:2;52:1;56:3;57:1;58:1;59:1;61:2;63:1;64:1;65:1;66:2;68:1;69:3;70:1;71:1;72:2;74:1;76:2;77:1;78:3;80:1;82:1;84:1;85:2;86:1;88:2;89:1;90:2;94:2;96:1;100:3;102:1;104:1;105:1;106:2;108:2;109:1;110:2;112:1;113:1;118:2;119:1;120:1;121:1;122:1;123:1;126:1;128:1;134:1;135:1;136:2;140:2;144:2;146:1;148:2;153:1;158:1;164:1;172:1;178:1;189:2;193:1;200:1;212:1;214:1;221:1;227:1;229:1;234:1;244:1;250:1;264:1;267:1;277:1;282:1;288:1;313:1;362:1,2,4,4,8,3,4,18,18,8,30,23,6,46,8,58,126,39,2,26,52,109,121,70,66,46,20,26,8,13,25,158,267,113,136,144,153,140,136,110,120,66,72,61,20,13,22,214,362,313,264,234,172,119,88,64,89,74,36,42,46,16,4,102,288,282,212,164,140,106,68,56,29,10,42,9,42,5,69,244,277,250,200,146,118,112,78,65,82,72,40,34,56,27,76,229,227,193,148,128,100,90,71,59,8,49,45,25,44,189,221,135,94,78,96,178,134,110,69,22,18,22,8,18,105,123,42,57,144,148,122,100,88,69,76,100,48,23,78,46,63,189,118,108,94,84,90,86,85,38,41,38,85,36,13,38,6,6,4,4,18,104,61,108,2,10,18,10,28,44,56,106,77,80,38,2,4,8,20,44,32,49,30,,,,,,,,,,,,,,,,,,,,,,,,,,,,,,,,,,,,,,,,,,,,,,,
000125.bin,KittiDataset.__getitem__,True,kitti,conv4.0,176,200,5,10,10,6,18,20,1,176000,10904,0.06195454545454546,15594,600,360,131,229,0.3638888888888889,0,299,0.49833333333333335,68.09606986899563,43.31666666666667,0:131;1:1;2:1;3:1;4:9;6:2;8:5;10:5;12:4;14:7;15:1;16:8;18:3;20:9;21:1;22:2;24:6;26:2;27:1;28:2;30:7;31:2;32:3;34:2;36:2;38:2;39:1;40:3;41:1;42:3;44:6;45:2;46:3;48:1;50:2;51:1;52:3;54:2;56:5;58:3;60:2;62:2;63:1;64:2;65:1;66:1;67:1;68:3;70:3;71:2;72:4;73:1;74:1;75:2;76:2;78:1;81:1;83:1;84:2;86:3;87:1;88:1;89:1;90:3;94:2;95:1;98:2;100:4;102:1;104:5;107:2;108:2;109:3;110:1;112:1;114:2;115:1;117:1;118:1;120:2;123:1;124:1;126:1;128:2;132:2;138:1;147:1;149:2;152:1;158:1;160:1;170:1;171:1;178:1;180:1;184:2;190:1;195:1;198:1;224:1;226:1;234:1;243:1;244:1;251:1;252:1;269:1;299:1,4,50,75,44,36,20,16,32,70,76,62,90,48,16,14,12,28,68,107,72,44,58,20,4,20,4,4,30,100,84,128,114,38,18,52,12,8,16,14,56,108,104,120,74,58,30,66,18,100,20,64,72,124,147,104,84,24,38,76,8,42,138,160,100,46,70,114,115,109,104,42,14,32,60,10,58,244,198,180,132,42,44,120,75,104,107,46,8,20,98,56,67,251,299,252,152,170,54,68,108,86,72,87,24,15,16,34,190,243,184,123,78,46,24,30,20,44,98,56,31,26,20,45,195,226,184,126,94,56,44,40,30,16,44,32,24,71,234,269,224,158,110,90,90,86,149,88,36,40,24,22,51,178,171,128,104,109,73,100,70,30,34,22,16,4,28,117,112,94,63,109,132,41,6,26,86,18,14,52,102,62,65,6,14,4,8,10,4,52,2,60,118,95,12,30,16,14,24,10,12,3,71,45,89,14,54,16,72,21,31,10,10,4,20,30,40,50,4,1,20,56,81,68,8,27,149,64,83,39
000126.bin,KittiDataset.__getitem__,True,kitti,conv4.0,176,200,5,10,10,6,18,20,1,176000,6672,0.037909090909090906,9614,600,360,270,90,0.75,0,395,0.6583333333333333,106.82222222222222,26.705555555555556,0:270;4:6;6:2;7:1;8:5;9:1;12:1;14:2;16:1;20:1;22:1;24:2;26:2;28:1;29:1;35:1;36:1;37:1;38:1;40:1;43:1;46:1;49:1;52:1;54:1;55:1;60:2;61:1;64:1;66:1;68:1;69:1;78:1;87:1;88:1;90:1;95:1;98:1;106:1;108:1;109:1;120:1;122:1;124:1;126:1;131:1;132:2;135:1;141:1;146:2;156:1;162:1;165:1;169:1;170:1;176:1;182:1;185:1;207:1;226:1;229:1;234:1;248:1;253:1;255:1;260:1;262:2;265:1;285:1;287:1;314:1;326:1;347:1;395:1,35,162,146,68,6,66,314,347,141,207,185,37,4,4,4,24,262,326,262,255,265,260,176,78,132,52,9,229,285,248,170,182,169,156,126,226,124,38,253,395,287,122,109,132,165,146,135,108,64,90,61,7,54,234,131,55,4,28,69,106,88,46,40,87,95,49,43,120,60,60,29,98,36,26,24,26,6,20,8,8,12,16,22,4,8,8,8,4,14,14,,,,,,,,,,,,,,,,,,,,,,,,,,,,,,,,,,,,,,,,,,,,,,,,,,,,,,,,,,,,,,,,,,,,,,,,,,,,,,,,,,,,,,,,,,,,,,,,,,,,,,,,,,,,,,,,,,,,,,,,,,,,,,,,,,,,,,,,,,,
000127.bin,KittiDataset.__getitem__,True,kitti,conv4.0,176,200,5,10,10,6,18,20,1,176000,9029,0.05130113636363636,13011,600,360,176,184,0.4888888888888889,0,305,0.5083333333333333,70.71195652173913,36.141666666666666,0:176;1:1;2:6;3:1;4:5;5:2;6:3;7:1;8:7;9:1;10:4;12:3;14:3;16:3;17:1;18:4;19:3;20:4;22:3;23:1;24:6;25:1;26:2;28:3;29:2;30:3;32:2;33:3;34:2;36:1;38:3;39:2;40:1;41:1;42:3;43:1;44:2;46:2;48:1;49:1;50:2;51:1;52:4;53:1;54:2;56:2;57:1;58:2;59:1;62:1;64:3;65:1;66:1;67:2;70:1;74:3;76:1;77:1;78:3;79:2;80:1;82:1;84:1;85:1;86:2;92:1;96:1;99:1;100:1;102:2;104:1;105:1;112:1;122:1;124:1;140:1;141:2;142:1;144:1;146:1;149:1;151:1;152:1;154:1;156:1;170:1;172:2;176:1;194:1;196:1;201:1;220:2;228:1;240:2;242:1;244:1;252:1;262:1;269:1;288:3;295:1;296:1;305:1,12,14,2,67,4,24,8,19,12,42,8,24,4,10,52,49,3,5,92,9,24,24,32,76,18,7,41,105,64,2,50,33,33,52,38,70,34,2,22,124,86,39,96,2,25,1,29,16,8,18,14,42,140,172,141,74,59,2,22,80,26,20,50,64,240,296,176,102,34,23,57,18,46,19,16,30,82,269,252,141,112,54,78,74,56,40,16,156,305,295,194,172,142,100,102,42,77,10,22,8,144,288,288,228,170,154,104,78,56,18,8,28,86,262,288,242,196,146,149,66,58,2,12,6,6,74,240,220,152,122,62,48,52,24,46,26,53,33,28,44,201,244,220,151,78,84,43,85,5,30,4,10,4,58,79,19,10,36,38,99,44,20,8,6,32,38,52,79,24,64,29,4,14,51,65,39,54,17,67,28,8,20,20,30,,,,,,,,,,,,,,,,,,,,,,,,,,,,,,,,,,,,,,,,,,,,,
000128.bin,KittiDataset.__getitem__,True,kitti,conv4.0,176,200,5,10,10,6,18,20,1,176000,10588,0.06015909090909091,15119,600,360,209,151,0.5805555555555556,0,399,0.665,100.12582781456953,41.99722222222222,0:209;2:2;4:4;6:1;8:11;10:1;12:1;13:1;14:2;16:1;20:2;21:1;24:3;26:6;28:1;31:1;34:1;37:1;39:1;41:2;42:1;43:1;44:1;45:1;46:2;47:1;48:3;49:1;50:3;52:3;54:1;55:1;56:2;57:1;58:1;60:2;61:1;64:1;65:1;66:1;67:1;70:1;72:1;74:2;76:1;78:2;79:1;81:1;84:2;88:2;92:2;93:1;94:1;96:1;100:1;104:2;110:2;111:1;115:1;116:2;118:1;120:1;121:1;124:1;125:1;126:1;127:2;128:1;129:1;130:1;134:1;136:1;141:1;144:1;148:1;154:1;155:1;158:1;160:1;166:1;169:1;180:1;186:1;187:2;188:1;189:1;190:1;209:1;212:2;221:1;224:1;234:2;256:1;259:1;266:1;268:2;273:1;282:1;284:1;286:1;289:1;297:1;304:1;341:1;351:1;399:1,13,60,16,58,187,111,6,129,399,256,127,74,12,8,26,61,84,74,67,94,56,41,14,72,304,351,341,289,268,209,169,127,110,96,76,39,37,42,8,8,14,130,268,273,224,187,124,116,66,64,52,81,52,4,2,104,286,282,234,160,116,100,48,50,48,20,52,8,78,259,284,266,234,212,180,148,110,120,50,88,8,20,8,8,65,189,221,212,186,158,144,126,136,48,118,4,8,26,190,166,78,44,50,41,46,28,24,24,8,10,56,26,34,93,115,121,60,43,26,8,8,31,45,55,47,104,92,84,46,57,26,26,2,70,297,125,188,155,154,134,128,88,141,54,92,79,21,4,24,49,4,,,,,,,,,,,,,,,,,,,,,,,,,,,,,,,,,,,,,,,,,,,,,,,,,,,,,,,,,,,,,,,,,,,,,,,,,,,,,,
000129.bin,KittiDataset.__getitem__,True,kitti,conv4.0,176,200,5,10,10,6,18,20,1,176000,9751,0.05540340909090909,13952,600,360,216,144,0.6,0,288,0.48,96.88888888888889,38.75555555555555,0:216;1:1;2:6;4:3;5:1;6:1;8:1;9:1;10:2;12:5;14:1;17:1;18:1;20:4;23:2;24:1;27:1;31:1;32:1;34:1;35:1;40:4;43:2;44:2;45:2;46:1;48:2;50:3;51:1;56:6;58:2;60:2;61:2;62:1;63:1;70:2;72:3;73:1;79:2;80:2;82:1;84:4;87:1;89:1;91:2;95:1;96:2;98:2;100:1;102:1;104:2;106:1;108:1;110:2;111:1;113:1;114:1;115:1;122:2;124:2;127:1;128:1;146:1;147:1;156:1;158:1;170:1;172:1;174:2;177:1;187:1;193:1;202:1;205:1;217:2;218:1;220:1;226:1;232:1;234:2;241:1;244:1;258:1;259:1;260:2;262:1;266:1;278:1;286:1;288:4,44,127,110,102,80,96,43,89,72,43,2,56,58,12,40,174,220,177,111,48,45,51,45,62,2,44,80,56,18,70,244,266,234,241,217,205,124,91,84,87,56,20,40,10,23,82,262,288,278,260,234,202,172,128,40,110,20,84,32,12,113,288,288,260,218,174,122,96,72,58,70,20,14,4,106,286,288,232,170,114,84,98,60,60,50,20,12,2,2,72,217,259,226,193,158,124,104,108,84,40,91,35,1,61,258,100,187,156,104,50,27,24,10,46,17,48,8,2,6,23,115,146,95,147,122,50,98,56,79,79,56,4,5,31,9,63,61,73,4,34,56,12,12,2,,,,,,,,,,,,,,,,,,,,,,,,,,,,,,,,,,,,,,,,,,,,,,,,,,,,,,,,,,,,,,,,,,,,,,,,,,,,,,,,,,,,,
000130.bin,KittiDataset.__getitem__,True,kitti,conv4.0,176,200,5,10,10,6,18,20,1,176000,3270,0.018579545454545456,4703,600,360,303,57,0.8416666666666667,0,392,0.6533333333333333,82.50877192982456,13.063888888888888,0:303;1:1;2:1;3:2;4:3;5:1;6:1;8:14;10:4;12:2;21:1;32:1;34:1;38:1;45:1;50:1;52:2;55:1;76:1;78:2;93:2;95:1;112:1;180:1;200:1;213:1;259:1;262:1;275:1;297:1;322:1;330:1;378:1;383:1;392:1,8,32,8,8,8,10,8,93,180,52,4,8,4,10,8,93,330,262,78,8,3,6,52,275,383,200,8,12,4,5,10,3,1,10,259,378,213,38,8,8,8,2,50,297,392,112,76,322,95,34,78,55,12,8,45,21,8,,,,,,,,,,,,,,,,,,,,,,,,,,,,,,,,,,,,,,,,,,,,,,,,,,,,,,,,,,,,,,,,,,,,,,,,,,,,,,,,,,,,,,,,,,,,,,,,,,,,,,,,,,,,,,,,,,,,,,,,,,,,,,,,,,,,,,,,,,,,,,,,,,,,,,,,,,,,,,,,,,,,,,,,,,,,
000131.bin,KittiDataset.__getitem__,True,kitti,conv4.0,176,200,5,10,10,6,18,20,1,176000,9520,0.05409090909090909,13657,600,360,162,198,0.45,0,303,0.505,68.97474747474747,37.93611111111111,0:162;2:2;3:1;4:5;5:1;6:3;8:6;10:9;11:1;12:6;14:6;15:1;16:2;17:1;18:5;20:9;22:2;23:2;24:3;26:5;27:1;28:2;29:1;30:4;31:3;32:2;34:1;35:1;36:2;37:3;38:2;41:1;42:2;44:3;46:3;47:1;48:3;50:3;52:1;53:1;54:3;55:1;56:1;57:1;58:4;59:1;60:3;61:1;62:1;64:2;66:2;68:1;70:3;72:1;73:1;74:2;76:2;80:3;82:1;84:1;86:1;87:1;88:2;90:1;92:1;97:1;99:1;110:3;113:2;116:1;117:1;118:1;123:1;124:1;127:1;131:1;132:3;137:1;141:1;144:2;145:1;146:1;148:2;154:1;166:1;171:1;172:1;179:1;180:2;206:1;224:1;225:1;233:1;241:1;262:1;266:1;267:1;269:1;276:1;281:1;286:2;290:1;303:1,14,6,14,20,80,66,52,58,44,22,10,38,54,50,24,44,74,30,18,50,56,48,20,34,26,6,18,42,12,58,8,18,46,26,32,28,66,54,50,30,22,12,26,145,144,99,148,76,92,57,10,8,29,23,27,68,206,132,141,132,90,73,86,70,30,20,16,20,88,266,303,269,225,180,113,55,46,24,2,10,44,26,12,31,172,276,286,267,179,146,110,58,64,70,48,60,59,31,20,6,166,286,290,262,118,84,127,74,148,87,20,5,15,124,281,224,132,88,113,233,46,60,37,14,20,35,171,241,180,58,116,32,4,20,38,154,80,60,54,16,10,42,14,62,76,20,14,30,82,48,12,10,10,47,36,4,10,24,144,72,53,12,18,10,17,2,36,110,70,8,8,11,8,4,131,97,61,41,117,23,12,80,10,4,31,26,8,37,18,137,110,3,14,28,64,4,123,37,,,,,,,,,,,,,,,,,,,,,,,,,,,,,,,
000132.bin,KittiDataset.__getitem__,True,kitti,conv4.0,176,200,5,10,10,6,18,20,1,176000,7431,0.04222159090909091,10672,600,360,275,85,0.7638888888888888,0,397,0.6616666666666666,125.55294117647058,29.644444444444446,0:275;1:1;4:2;6:1;7:1;10:1;12:1;13:1;14:1;16:3;18:3;20:2;22:1;26:1;28:1;31:1;33:1;36:3;40:3;44:2;53:1;54:1;55:1;59:1;67:1;68:1;69:1;86:2;88:1;94:1;98:1;105:1;107:1;111:1;118:1;119:1;120:1;123:1;130:2;131:1;144:1;146:1;157:1;170:1;176:1;177:1;182:2;184:1;190:1;196:1;199:1;204:1;219:1;228:1;230:1;237:1;238:1;244:1;255:1;256:1;259:1;268:1;282:1;288:2;297:1;301:1;304:1;325:1;333:1;376:1;397:1,6,16,16,16,20,12,59,33,18,36,1,18,36,105,130,119,86,53,13,86,190,184,237,256,238,157,94,44,14,22,4,20,40,67,40,36,301,376,325,230,182,182,44,40,54,55,130,123,146,98,28,176,288,244,196,144,120,111,107,170,219,131,31,204,288,268,255,282,259,228,177,68,18,7,297,397,333,304,199,26,10,88,118,69,4,,,,,,,,,,,,,,,,,,,,,,,,,,,,,,,,,,,,,,,,,,,,,,,,,,,,,,,,,,,,,,,,,,,,,,,,,,,,,,,,,,,,,,,,,,,,,,,,,,,,,,,,,,,,,,,,,,,,,,,,,,,,,,,,,,,,,,,,,,,,,,,,
000133.bin,KittiDataset.__getitem__,True,kitti,conv4.0,176,200,5,10,10,6,18,20,1,176000,10298,0.05851136363636364,14425,600,360,193,167,0.5361111111111111,0,288,0.48,86.37724550898204,40.06944444444444,0:193;2:1;4:5;7:1;8:7;9:1;12:7;14:3;15:1;16:1;17:1;18:1;19:1;20:2;22:1;23:2;24:3;25:1;26:3;28:1;32:3;34:2;35:1;36:1;38:1;40:2;42:3;44:1;45:3;46:1;47:1;48:2;50:4;52:2;53:1;54:2;55:1;56:4;57:1;58:1;60:2;61:1;63:1;64:3;65:1;66:3;68:1;70:1;74:1;76:1;78:1;80:4;81:1;84:2;87:1;88:1;92:4;94:1;95:1;96:1;98:1;99:1;100:2;102:2;107:1;110:1;112:1;114:2;116:1;120:1;121:1;122:2;124:2;127:1;130:1;132:1;134:2;136:1;144:2;152:1;158:1;161:1;166:1;177:1;182:1;184:1;190:2;198:1;204:1;211:3;214:1;216:1;238:1;251:1;255:1;260:1;266:1;270:1;276:2;284:1;288:4,8,20,54,50,40,12,48,64,80,18,26,12,26,58,42,28,66,8,42,80,64,38,4,4,12,68,130,112,127,17,14,92,124,110,56,251,8,8,56,80,26,32,32,211,121,47,8,4,107,24,66,184,158,136,116,88,65,45,102,55,45,19,2,24,36,23,92,276,276,260,190,204,100,99,84,60,56,48,63,23,25,40,144,288,288,270,214,190,144,122,92,94,50,54,14,24,7,96,288,288,238,152,122,84,50,46,52,8,12,4,76,266,284,255,182,166,134,120,42,98,61,81,87,57,16,74,216,198,124,134,102,100,44,78,56,34,60,9,34,161,211,211,95,114,64,53,114,80,15,20,50,8,132,177,45,12,4,92,70,66,32,12,22,14,52,35,12,,,,,,,,,,,,,,,,,,,,,,,,,,,,,,,,,,,,,,,,,,,,,,,,,,,,,,,,,,,,,,
000134.bin,KittiDataset.__getitem__,True,kitti,conv4.0,176,200,5,10,10,6,18,20,1,176000,8885,0.050482954545454546,13000,600,360,192,168,0.5333333333333333,0,306,0.51,77.38095238095238,36.111111111111114,0:192;2:3;3:2;4:6;5:1;6:3;7:3;8:2;9:1;10:2;11:1;12:5;13:1;16:2;18:1;19:1;20:4;21:1;22:1;24:3;26:2;27:1;28:3;29:1;31:1;32:1;33:1;34:3;36:1;38:1;39:1;40:5;41:1;42:3;43:2;44:2;45:3;48:2;51:1;52:1;53:1;54:1;56:1;57:1;58:3;59:3;60:4;61:2;63:1;64:1;66:1;68:3;69:1;70:1;71:1;72:1;74:3;75:1;77:1;80:2;81:1;84:1;89:2;94:1;95:1;96:1;97:2;100:1;101:2;102:1;103:1;104:2;106:1;112:1;117:1;120:1;122:1;125:1;128:2;138:2;144:2;147:1;148:2;155:1;160:1;165:1;166:1;176:1;177:1;178:1;183:1;186:1;191:1;194:1;198:1;208:1;213:1;220:1;223:1;245:1;263:1;268:1;274:1;276:1;288:2;300:1;306:1,8,43,9,12,40,10,45,7,3,125,77,28,89,26,4,39,128,59,36,52,138,103,2,27,61,63,48,45,58,42,61,81,95,74,64,34,20,59,194,183,160,147,144,31,22,48,97,117,58,34,20,53,24,94,276,300,268,220,148,128,60,19,40,34,166,288,288,245,177,148,104,58,43,10,5,12,6,144,306,274,223,191,138,104,44,44,20,13,60,42,28,41,7,84,263,208,186,74,42,68,66,60,45,71,101,70,12,12,6,57,176,198,155,38,24,4,6,16,28,40,3,4,29,120,178,112,80,68,26,12,7,102,213,165,89,60,75,101,33,4,18,40,4,24,106,96,97,80,100,122,74,72,40,56,51,16,11,20,21,69,54,4,8,2,68,2,59,32,,,,,,,,,,,,,,,,,,,,,,,,,,,,,,,,,,,,,,,,,,,,,,,,,,,,,,,,,,,,,
000135.bin,KittiDataset.__getitem__,True,kitti,conv4.0,176,200,5,10,10,6,18,20,1,176000,9440,0.053636363636363635,13091,600,360,207,153,0.575,0,337,0.5616666666666666,85.56209150326798,36.36388888888889,0:207;2:3;3:1;4:4;5:1;7:1;8:2;10:1;12:7;14:5;16:5;18:1;20:2;22:1;23:1;26:3;27:1;28:2;32:3;33:3;34:5;37:1;38:2;40:1;41:2;42:2;44:2;45:1;46:1;48:1;50:5;51:1;52:1;53:2;54:2;56:3;59:2;60:1;61:1;63:1;68:1;72:2;73:1;74:3;80:3;81:1;84:1;85:3;86:2;88:2;90:4;93:1;99:1;100:2;101:1;104:1;108:2;109:1;116:1;122:1;123:1;129:1;130:1;134:1;139:1;140:1;143:1;150:1;151:1;160:1;162:1;168:1;169:1;176:1;200:1;213:1;220:1;234:1;243:1;246:1;247:2;251:1;253:1;256:1;257:1;266:2;276:1;284:1;285:1;286:1;303:2;337:1,2,4,26,26,8,33,46,3,88,10,14,34,100,45,5,90,34,53,50,44,108,63,80,12,50,86,90,32,34,12,4,41,59,20,32,16,28,68,257,243,84,99,37,33,42,14,12,26,2,4,90,256,303,337,251,253,200,139,129,16,23,12,20,16,116,286,284,276,213,162,90,74,34,52,28,74,53,16,14,22,56,246,247,234,168,134,123,100,85,74,56,50,38,50,266,303,247,220,176,151,104,85,60,51,81,42,8,14,72,266,285,160,169,109,93,12,12,108,59,48,18,2,54,7,44,101,32,27,38,56,33,80,122,143,72,4,14,86,12,40,85,54,140,130,61,50,34,73,150,80,41,88,16,,,,,,,,,,,,,,,,,,,,,,,,,,,,,,,,,,,,,,,,,,,,,,,,,,,,,,,,,,,,,,,,,,,,,,,,,,,,
000136.bin,KittiDataset.__getitem__,True,kitti,conv4.0,176,200,5,10,10,6,18,20,1,176000,6993,0.039732954545454544,9910,600,360,264,96,0.7333333333333333,0,313,0.5216666666666666,103.22916666666667,27.52777777777778,0:264;2:2;3:1;4:5;5:2;8:1;9:1;10:1;12:1;13:1;14:2;15:1;18:4;20:2;21:1;23:1;24:1;25:2;26:2;28:1;29:1;31:1;33:1;38:1;39:1;46:1;48:1;51:1;54:2;64:1;66:1;72:1;73:1;74:1;76:1;86:2;89:1;91:1;94:2;96:2;100:1;104:2;111:1;119:1;120:1;138:1;139:2;142:1;158:1;160:1;161:1;162:1;168:1;169:2;174:1;177:1;178:1;182:1;208:1;222:1;230:2;238:1;240:2;242:1;244:1;246:1;258:1;259:1;266:1;268:1;270:1;271:1;277:1;292:1;313:1,8,21,25,13,4,29,14,4,26,39,10,48,18,2,24,138,162,161,94,120,139,74,46,54,26,66,18,4,96,104,168,292,270,208,160,104,91,94,76,31,25,18,222,266,242,258,246,178,182,259,119,51,64,14,169,244,271,230,174,177,277,96,3,15,5,86,240,268,240,100,111,313,158,54,73,230,139,86,28,89,142,238,72,20,5,33,9,169,23,18,20,38,12,4,4,2,,,,,,,,,,,,,,,,,,,,,,,,,,,,,,,,,,,,,,,,,,,,,,,,,,,,,,,,,,,,,,,,,,,,,,,,,,,,,,,,,,,,,,,,,,,,,,,,,,,,,,,,,,,,,,,,,,,,,,,,,,,,,,,,,,,,,
000137.bin,KittiDataset.__getitem__,True,kitti,conv4.0,176,200,5,10,10,6,18,20,1,176000,9879,0.056130681818181816,14557,600,360,191,169,0.5305555555555556,0,360,0.6,86.13609467455622,40.43611111111111,0:191;2:2;3:2;4:6;6:3;8:5;10:5;12:1;14:5;15:2;16:5;17:1;18:3;20:1;21:3;22:1;24:3;26:1;28:6;30:3;31:2;32:1;33:1;34:2;35:1;37:1;40:2;42:5;43:1;45:2;46:3;48:3;51:1;52:1;55:1;56:3;59:1;60:4;63:2;64:1;65:2;66:3;68:2;73:2;75:1;78:1;80:1;82:1;93:1;97:1;99:2;101:1;107:1;108:1;110:1;111:1;114:1;117:1;118:1;122:1;124:1;132:2;134:2;137:1;140:1;141:1;144:1;146:1;148:1;154:2;158:1;160:1;169:1;172:1;173:1;174:1;180:1;182:1;183:2;185:1;186:1;200:1;208:1;215:1;216:1;224:2;229:1;234:1;240:1;247:1;257:1;260:1;264:1;268:1;274:1;278:1;280:2;283:1;305:1;312:1;360:1,6,75,26,34,173,10,10,30,40,40,60,14,4,46,42,37,60,73,45,14,8,31,21,16,20,10,6,21,24,35,124,186,224,59,46,31,16,12,14,32,73,60,45,28,14,56,56,80,48,46,8,114,360,312,182,183,185,169,146,122,117,65,56,18,30,22,42,51,134,280,283,274,247,200,180,160,154,140,97,66,28,42,30,10,17,108,278,280,264,216,172,174,118,107,134,64,52,14,21,4,8,65,215,257,260,240,229,224,158,141,99,63,48,28,8,8,66,208,305,268,183,144,148,132,110,60,66,48,28,28,68,234,132,63,43,78,93,24,28,16,16,42,4,4,24,82,55,10,18,4,6,4,34,18,3,2,68,137,154,99,111,101,15,2,16,42,33,15,3,,,,,,,,,,,,,,,,,,,,,,,,,,,,,,,,,,,,,,,,,,,,,,,,,,,,,,,,,,,,
000138.bin,KittiDataset.__getitem__,True,kitti,conv4.0,176,200,5,10,10,6,18,20,1,176000,11290,0.06414772727272727,16114,600,360,156,204,0.43333333333333335,0,290,0.48333333333333334,78.99019607843137,44.76111111111111,0:156;2:2;3:2;4:6;6:8;7:3;8:6;9:1;10:6;11:2;12:2;13:2;14:2;15:2;16:1;17:2;18:3;19:2;20:5;21:1;22:2;23:2;24:5;25:3;26:3;27:1;28:2;29:3;30:2;31:2;32:5;33:2;34:2;35:2;36:4;39:1;42:5;44:2;46:2;48:1;50:5;52:3;57:1;60:2;69:1;70:2;71:2;75:2;76:1;77:2;80:3;81:2;82:2;86:1;87:1;92:1;93:1;96:1;97:1;99:1;102:1;107:2;114:1;118:2;120:1;124:2;132:2;139:1;140:1;142:1;143:2;146:1;148:1;150:3;158:2;159:1;163:1;164:1;166:2;168:1;174:1;180:2;182:1;196:1;204:1;206:1;207:1;212:3;216:1;217:1;219:1;220:1;234:1;236:1;242:1;252:2;255:1;261:1;264:1;266:1;274:1;282:2;284:2;285:1;290:1,4,23,7,21,28,10,25,19,13,24,35,15,29,33,6,12,17,29,32,50,31,26,39,25,23,17,6,30,6,13,26,7,3,11,9,6,8,24,80,77,81,44,57,35,28,18,8,4,8,31,143,159,150,118,81,75,86,60,36,36,16,6,10,52,207,220,204,114,148,132,158,107,70,19,20,25,10,26,71,255,285,282,236,196,146,180,168,150,42,52,14,27,8,12,150,284,284,264,242,234,163,166,118,96,77,60,50,34,20,36,20,142,282,290,266,164,132,97,139,50,36,24,34,32,76,252,274,261,93,50,32,92,82,50,32,20,4,42,52,219,252,212,174,124,82,30,18,14,10,22,2,42,182,212,206,166,158,124,120,99,71,32,6,10,24,24,10,44,87,102,48,22,46,80,42,15,18,8,140,216,143,180,212,217,107,33,20,42,80,46,6,70,69,75,29,11,4,2,8,6,4,3,7,4,,,,,,,,,,,,,,,,,,,,,,,,,
000139.bin,KittiDataset.__getitem__,True,kitti,conv4.0,176,200,5,10,10,6,18,20,1,176000,11655,0.06622159090909091,16653,600,360,176,184,0.4888888888888889,0,400,0.6666666666666666,90.5054347826087,46.25833333333333,0:176;2:4;4:5;5:1;6:2;7:1;8:5;10:4;12:4;14:2;15:1;16:2;18:4;19:1;20:2;22:1;24:1;25:1;26:2;28:1;29:1;30:4;31:1;34:2;35:1;36:5;37:1;40:1;41:2;44:5;46:2;47:1;48:2;51:2;52:1;54:3;56:3;58:4;59:1;60:2;61:1;62:4;66:4;74:2;77:1;78:3;80:1;81:1;82:2;83:1;84:1;85:1;86:3;88:1;90:1;91:1;94:2;96:1;99:1;102:1;103:1;104:1;110:1;111:1;112:1;113:1;116:1;117:1;118:3;124:1;125:1;126:1;127:1;128:1;129:1;130:1;134:1;136:1;142:1;144:1;150:1;152:2;153:1;156:1;157:1;158:1;159:1;163:1;170:2;173:1;183:1;184:3;185:1;187:1;199:1;206:1;207:1;210:2;218:1;220:1;227:1;230:1;234:1;244:1;253:1;254:1;259:1;264:1;273:1;274:1;279:1;280:1;287:1;289:1;301:1;400:1,2,4,4,19,8,14,52,81,41,110,37,10,5,31,8,30,56,36,7,44,287,400,301,289,234,47,66,150,18,8,2,51,4,62,218,184,130,127,117,118,102,118,157,80,86,44,36,60,16,36,152,170,125,99,77,44,48,56,62,54,6,58,48,14,51,34,210,253,210,152,126,66,86,58,60,74,4,40,10,29,44,124,273,279,264,220,184,158,142,90,88,111,34,82,18,20,18,83,254,280,274,244,230,184,128,104,96,58,54,66,8,10,12,62,207,227,206,185,173,136,118,112,78,56,78,36,26,20,94,199,170,30,46,36,54,12,26,6,2,25,18,12,94,116,30,8,46,82,62,91,24,22,30,44,12,10,113,259,187,134,84,103,163,156,153,129,144,66,2,78,159,183,59,16,35,85,61,58,86,28,41,74,15,4,,,,,,,,,,,,,,,,,,,,,,,,,,,,,,,,,,,,,,,,,,,,,
000140.bin,KittiDataset.__getitem__,True,kitti,conv4.0,176,200,5,10,10,6,18,20,1,176000,6119,0.03476704545454545,9010,600,360,265,95,0.7361111111111112,0,341,0.5683333333333334,94.84210526315789,25.02777777777778,0:265;2:2;4:4;7:1;8:4;10:2;12:3;16:1;20:1;22:1;23:1;24:1;26:2;29:2;30:1;32:2;34:3;35:1;36:2;38:1;43:2;45:1;46:1;48:2;49:1;50:1;51:1;53:2;54:1;60:1;62:1;64:1;66:3;69:1;70:1;72:1;75:2;76:1;79:1;83:1;84:1;104:1;119:1;120:1;124:1;125:1;127:1;139:2;144:1;150:2;161:2;164:1;165:1;171:1;178:1;188:2;194:1;244:1;248:1;252:1;256:1;262:1;271:1;277:1;280:1;297:1;308:1;312:1;330:1;341:1,12,2,8,34,79,8,8,16,54,161,119,125,66,7,26,46,72,271,330,244,188,83,23,2,4,10,4,75,30,252,341,248,178,164,144,76,66,66,26,139,35,22,8,4,188,256,262,277,150,194,171,36,32,48,49,48,43,34,75,4,12,165,280,312,308,139,84,70,62,45,53,50,36,43,38,127,10,69,120,124,104,32,150,297,161,64,53,34,29,12,60,20,29,51,24,,,,,,,,,,,,,,,,,,,,,,,,,,,,,,,,,,,,,,,,,,,,,,,,,,,,,,,,,,,,,,,,,,,,,,,,,,,,,,,,,,,,,,,,,,,,,,,,,,,,,,,,,,,,,,,,,,,,,,,,,,,,,,,,,,,,,,
000141.bin,KittiDataset.__getitem__,True,kitti,conv4.0,176,200,5,10,10,6,18,20,1,176000,11490,0.0652840909090909,16768,600,360,206,154,0.5722222222222222,0,505,0.8416666666666667,108.88311688311688,46.577777777777776,0:206;2:3;4:11;8:6;10:1;12:2;14:3;16:6;18:1;19:1;20:3;22:2;23:1;24:2;25:1;26:2;28:1;29:1;30:1;31:1;36:1;38:2;42:1;44:1;45:1;50:2;53:1;54:2;56:3;57:1;58:1;66:3;67:1;69:3;70:2;72:2;76:2;77:1;80:2;82:2;85:1;87:1;88:2;89:1;92:1;93:1;95:1;96:1;99:1;108:2;111:1;112:3;114:1;122:1;124:2;126:1;131:1;132:1;134:2;140:1;143:1;146:1;149:2;150:2;153:2;154:1;157:1;161:1;185:1;186:1;189:1;193:1;198:1;200:1;203:1;221:1;222:1;226:1;228:1;232:1;238:1;250:2;253:1;254:1;272:1;276:1;284:1;289:1;290:1;291:1;293:1;303:1;314:1;318:1;321:1;328:1;343:1;370:1;450:1;499:1;505:1,8,4,4,18,57,112,14,16,14,10,8,87,193,228,134,186,96,29,23,95,88,53,8,89,505,499,328,131,250,122,124,284,153,82,70,30,45,38,85,343,450,303,222,203,154,92,146,153,112,93,88,69,50,38,253,293,276,226,198,150,134,112,44,42,16,26,4,26,4,22,250,314,221,114,108,66,82,80,56,20,54,58,66,69,24,16,66,272,318,291,161,132,54,56,56,69,150,140,126,111,76,12,2,70,321,289,232,290,200,108,149,143,157,189,76,36,72,25,2,77,254,370,238,185,80,99,72,28,19,8,12,16,31,149,124,50,22,2,16,24,4,4,8,8,20,67,20,16,4,4,14,4,4,4,,,,,,,,,,,,,,,,,,,,,,,,,,,,,,,,,,,,,,,,,,,,,,,,,,,,,,,,,,,,,,,,,,,,,,,,,,,
000142.bin,KittiDataset.__getitem__,True,kitti,conv4.0,176,200,5,10,10,6,18,20,1,176000,4621,0.026255681818181817,6470,600,360,270,90,0.75,0,297,0.495,71.88888888888889,17.97222222222222,0:270;2:3;4:1;8:3;9:1;10:4;11:1;12:4;14:1;16:1;18:1;21:2;22:3;24:1;26:1;28:1;29:1;30:1;32:2;34:2;36:2;37:1;38:1;40:2;41:1;44:1;46:2;48:1;50:2;53:1;54:2;57:1;58:2;65:2;68:1;70:1;71:1;72:3;76:1;84:1;88:2;102:2;104:1;105:1;108:1;113:1;116:1;119:1;120:1;126:1;133:1;135:1;141:1;154:1;159:1;163:1;174:1;177:1;181:1;200:1;263:1;265:1;274:1;295:1;297:1,12,4,10,46,18,2,21,46,54,24,34,11,12,12,37,133,113,68,32,22,2,29,50,36,22,2,28,9,26,163,274,265,200,126,102,88,65,72,21,14,10,22,8,44,177,295,297,263,174,141,108,102,71,54,72,34,32,8,8,16,120,159,154,181,105,135,36,58,41,50,119,57,53,40,12,30,116,104,72,65,70,76,58,48,40,84,88,38,10,10,,,,,,,,,,,,,,,,,,,,,,,,,,,,,,,,,,,,,,,,,,,,,,,,,,,,,,,,,,,,,,,,,,,,,,,,,,,,,,,,,,,,,,,,,,,,,,,,,,,,,,,,,,,,,,,,,,,,,,,,,,,,,,,,,,,,,,,,,,,
000143.bin,KittiDataset.__getitem__,True,kitti,conv4.0,176,200,5,10,10,6,18,20,1,176000,9019,0.05124431818181818,12669,600,360,171,189,0.475,0,279,0.465,67.03174603174604,35.19166666666667,0:171;2:6;3:1;4:5;6:6;7:1;8:7;10:4;11:2;12:6;13:1;14:3;15:2;16:4;17:1;18:2;20:3;22:7;23:1;24:4;25:2;26:4;27:2;28:1;30:2;31:1;32:2;34:2;35:1;36:3;37:1;38:3;40:1;41:1;42:2;44:2;47:3;50:2;51:1;52:1;54:2;55:1;57:2;58:1;60:1;61:1;64:2;65:1;66:1;67:2;69:2;70:1;75:1;76:1;77:2;78:1;82:1;85:2;86:1;87:2;88:1;90:1;91:2;95:2;96:1;97:1;99:1;100:1;102:1;108:2;111:1;112:1;116:1;120:1;121:3;122:1;125:1;126:1;129:1;132:1;138:2;141:1;142:2;143:1;144:1;145:1;146:2;147:1;150:1;151:1;154:1;155:1;158:1;160:1;162:1;164:1;168:1;173:2;185:1;194:1;198:1;200:1;212:1;222:1;241:1;243:1;260:1;274:1;279:1,15,13,18,12,34,25,44,26,16,11,67,85,57,37,95,2,34,12,54,279,160,95,27,87,121,10,20,12,4,150,194,88,65,96,120,66,20,14,20,22,57,185,142,85,99,75,82,42,8,17,35,15,23,38,132,144,125,168,274,173,147,129,51,14,12,3,4,10,69,138,138,151,146,155,121,86,116,60,30,64,8,6,7,69,146,142,126,91,76,47,24,44,24,32,8,22,61,241,260,222,158,164,143,141,100,102,77,67,38,54,24,8,64,200,173,122,78,16,22,26,40,22,26,10,2,31,162,212,198,145,90,91,108,87,97,70,36,38,36,24,6,55,108,52,28,30,26,6,8,2,22,4,12,6,14,4,16,18,6,32,36,12,50,22,2,16,50,10,22,41,8,2,8,4,25,77,47,47,27,11,2,42,154,112,243,121,111,58,6,,,,,,,,,,,,,,,,,,,,,,,,,,,,,,,,,,,,,,,,
000144.bin,KittiDataset.__getitem__,True,kitti,conv4.0,176,200,5,10,10,6,18,20,1,176000,7457,0.04236931818181818,10773,600,360,250,110,0.6944444444444444,0,307,0.5116666666666667,97.93636363636364,29.925,0:250;2:3;4:5;6:2;7:1;8:2;10:1;12:2;14:1;18:4;23:1;24:2;25:1;26:1;27:1;28:1;29:1;30:2;32:1;33:1;34:1;36:4;37:1;38:1;40:2;41:1;44:1;52:2;53:1;55:1;62:3;72:1;76:1;77:1;78:1;82:1;87:1;91:1;94:1;95:1;97:1;102:1;105:2;106:1;109:1;114:1;115:1;116:1;122:1;123:1;124:1;125:1;130:1;133:1;134:1;139:1;141:1;143:1;145:1;149:1;153:1;154:1;158:2;159:1;164:1;168:1;170:2;172:1;182:1;185:2;188:1;190:1;191:1;194:1;210:1;229:1;245:1;250:1;258:1;264:1;266:1;276:1;280:1;290:1;300:1;307:1,55,27,10,4,18,78,106,133,87,25,4,18,149,143,102,53,82,12,4,12,94,158,190,194,24,14,37,29,36,4,26,185,300,276,185,245,188,141,115,33,62,97,30,23,6,24,154,290,307,258,170,123,134,105,122,34,62,40,159,28,44,125,264,280,266,210,158,182,116,72,77,18,32,130,36,38,36,91,114,172,250,191,145,229,95,41,62,52,2,109,36,52,2,40,124,164,170,168,153,139,105,76,30,2,7,8,18,6,4,8,,,,,,,,,,,,,,,,,,,,,,,,,,,,,,,,,,,,,,,,,,,,,,,,,,,,,,,,,,,,,,,,,,,,,,,,,,,,,,,,,,,,,,,,,,,,,,,,,,,,,,,,,,,,,,,,,,,,,,,
000145.bin,KittiDataset.__getitem__,True,kitti,conv4.0,176,200,5,10,10,6,18,20,1,176000,10297,0.05850568181818182,14695,600,360,208,152,0.5777777777777777,0,327,0.545,96.67763157894737,40.81944444444444,0:208;2:2;3:1;4:1;6:4;8:4;10:3;12:6;13:1;14:2;15:1;16:2;20:3;21:1;22:3;23:1;24:3;26:4;32:1;34:2;37:1;39:2;40:1;43:1;44:2;48:1;50:3;51:1;54:3;55:1;56:2;58:2;60:1;61:2;62:1;65:1;70:3;71:1;74:1;76:1;77:1;79:1;80:3;86:2;87:2;88:1;94:1;97:1;99:2;100:2;101:1;102:1;103:1;104:1;107:1;112:1;113:1;117:3;119:1;122:1;124:2;125:1;134:1;135:1;136:1;137:2;145:1;150:1;151:1;152:1;153:1;158:2;160:1;162:1;163:1;164:1;165:1;168:1;172:1;174:1;177:2;178:1;191:1;194:1;205:1;206:1;215:1;216:1;218:1;224:1;230:1;232:1;240:1;241:1;266:1;271:1;273:1;286:1;294:1;295:1;302:1;305:1;309:1;327:1,34,12,153,24,54,100,14,6,21,8,124,3,12,158,145,2,13,194,8,24,40,240,266,71,74,174,22,32,162,50,205,305,124,102,86,20,26,70,55,241,271,113,137,177,152,101,117,88,65,191,4,23,10,80,295,309,216,165,163,134,215,112,58,62,60,34,99,22,43,86,286,327,232,164,100,94,117,70,50,54,6,26,10,16,97,294,302,273,224,178,135,158,70,39,150,107,58,44,15,8,76,230,218,206,168,160,87,56,77,136,80,48,54,61,20,44,172,122,87,117,80,99,104,50,12,61,79,16,26,6,137,125,151,177,119,39,56,37,26,8,10,12,2,103,51,12,14,12,24,22,20,6,,,,,,,,,,,,,,,,,,,,,,,,,,,,,,,,,,,,,,,,,,,,,,,,,,,,,,,,,,,,,,,,,,,,,,,,,,,,,
000146.bin,KittiDataset.__getitem__,True,kitti,conv4.0,176,200,5,10,10,6,18,20,1,176000,5433,0.030869318181818182,7739,600,360,264,96,0.7333333333333333,0,275,0.4583333333333333,80.61458333333333,21.497222222222224,0:264;2:1;4:3;5:1;7:1;8:5;10:2;12:5;14:1;15:1;16:1;17:1;18:2;20:2;25:1;26:2;27:1;28:3;29:1;30:4;32:1;33:1;35:1;36:1;38:1;41:1;42:2;45:1;47:1;49:1;53:1;55:1;58:2;59:1;61:1;62:1;66:1;67:1;81:1;82:1;83:1;88:1;91:2;99:1;100:2;113:1;124:1;125:1;130:1;131:1;137:1;139:2;147:1;151:1;158:1;161:1;162:1;167:1;178:1;184:1;186:1;196:1;210:1;214:1;218:1;224:1;225:1;232:1;236:1;243:1;252:1;267:1;275:1,26,131,243,224,186,178,161,91,32,26,139,225,267,252,275,162,196,81,28,29,35,8,10,53,36,30,184,214,218,236,232,167,151,100,12,12,2,18,139,58,125,210,158,147,88,99,82,4,12,41,10,8,15,66,20,5,7,8,33,42,100,113,8,12,45,59,4,4,20,137,83,16,130,124,55,30,18,27,67,62,47,28,14,25,8,91,38,30,42,30,17,61,58,49,28,12,,,,,,,,,,,,,,,,,,,,,,,,,,,,,,,,,,,,,,,,,,,,,,,,,,,,,,,,,,,,,,,,,,,,,,,,,,,,,,,,,,,,,,,,,,,,,,,,,,,,,,,,,,,,,,,,,,,,,,,,,,,,,,,,,,,,,
000147.bin,KittiDataset.__getitem__,True,kitti,conv4.0,176,200,5,10,10,6,18,20,1,176000,5257,0.02986931818181818,7104,600,360,291,69,0.8083333333333333,0,347,0.5783333333333334,102.95652173913044,19.733333333333334,0:291;1:1;2:1;4:1;8:2;10:2;14:1;15:1;20:1;24:1;28:1;30:1;34:2;36:1;40:1;43:1;45:1;46:2;49:1;50:1;52:1;54:1;55:1;56:4;60:1;61:1;65:1;66:1;68:1;69:1;71:1;73:1;76:1;78:1;82:1;84:1;85:1;88:1;93:1;96:1;100:1;101:1;115:1;130:1;132:1;139:1;140:1;166:1;173:1;183:1;186:1;190:1;200:1;236:1;277:1;278:1;286:1;291:2;299:1;321:1;326:1;347:1,15,43,20,56,166,139,61,1,82,299,347,200,93,56,28,52,71,65,30,10,40,10,115,291,326,190,132,186,130,100,49,96,34,8,45,55,56,278,286,291,173,78,54,76,73,85,14,50,101,46,8,2,88,321,277,236,183,140,84,56,60,46,24,66,4,69,34,68,36,,,,,,,,,,,,,,,,,,,,,,,,,,,,,,,,,,,,,,,,,,,,,,,,,,,,,,,,,,,,,,,,,,,,,,,,,,,,,,,,,,,,,,,,,,,,,,,,,,,,,,,,,,,,,,,,,,,,,,,,,,,,,,,,,,,,,,,,,,,,,,,,,,,,,,,,,,,,,,,,
000148.bin,KittiDataset.__getitem__,True,kitti,conv4.0,176,200,5,10,10,6,18,20,1,176000,11312,0.06427272727272727,16267,600,360,170,190,0.4722222222222222,0,305,0.5083333333333333,85.61578947368422,45.18611111111111,0:170;2:2;4:8;6:2;8:7;10:2;12:2;13:1;14:4;15:1;16:2;17:1;20:1;22:3;24:3;26:3;27:1;28:6;29:1;30:1;31:1;32:1;34:2;36:3;37:2;38:3;40:1;42:1;43:1;44:3;46:3;47:2;48:1;50:2;52:2;54:2;56:4;57:1;58:1;60:3;62:1;64:2;65:1;66:4;70:1;71:2;72:1;74:2;76:3;77:1;78:3;79:1;80:2;81:1;82:1;84:1;86:1;88:1;90:2;91:2;92:1;94:2;96:1;98:2;100:1;101:1;102:2;104:2;105:1;106:1;108:3;111:1;113:1;115:1;118:2;126:1;132:3;135:1;136:1;137:1;138:1;140:1;143:1;144:2;145:1;148:1;152:1;156:1;160:3;164:3;175:1;204:1;205:1;210:1;218:1;223:1;225:1;226:1;228:2;238:1;242:1;246:1;247:1;262:1;270:1;286:3;288:2;296:1;305:1,104,17,13,204,223,4,22,16,96,305,137,4,10,80,88,8,65,143,228,218,101,34,57,138,135,148,79,46,44,115,76,56,118,144,145,81,2,66,247,225,164,160,108,90,52,76,46,40,74,36,90,111,38,80,262,286,228,164,104,84,100,70,48,56,4,2,38,6,144,286,288,242,152,108,98,94,78,54,52,4,16,4,156,296,288,246,160,102,132,108,98,60,46,28,32,37,28,86,270,286,210,140,94,102,72,60,14,58,36,8,76,238,226,160,106,66,50,56,30,64,8,28,8,42,164,205,132,118,113,78,56,26,38,24,14,10,136,132,126,71,66,8,44,29,44,14,8,64,92,66,22,24,82,54,8,4,91,105,28,47,50,37,78,71,47,6,74,175,27,62,77,31,28,60,22,91,43,12,4,12,15,14,36,26,28,24,26,34,20,4,,,,,,,,,,,,,,,,,,,,,,,,,,,,,,,,,,,,,,,
000149.bin,KittiDataset.__getitem__,True,kitti,conv4.0,176,200,5,10,10,6,18,20,1,176000,7080,0.04022727272727273,10194,600,360,234,126,0.65,0,312,0.52,80.9047619047619,28.316666666666666,0:234;2:1;4:5;8:2;11:1;12:3;14:1;15:1;16:2;18:1;20:3;22:1;23:2;24:2;25:2;26:2;27:1;28:1;30:1;32:3;33:1;35:1;36:3;37:1;38:2;40:1;42:1;43:2;44:3;45:1;46:2;48:4;50:2;51:1;53:1;54:2;58:1;61:2;62:1;66:1;68:1;69:1;70:2;71:2;72:2;74:2;75:1;80:1;83:1;84:1;85:3;87:1;92:3;93:1;95:2;96:1;97:1;105:1;108:1;109:1;112:1;113:1;116:1;119:1;124:1;128:1;130:1;138:1;147:1;148:1;159:1;161:1;172:1;185:1;193:1;202:1;203:1;207:1;214:1;228:1;232:1;252:1;253:1;254:1;264:1;266:1;272:1;280:1;312:1,92,202,85,92,70,48,50,48,22,62,48,33,23,25,37,32,4,128,312,254,207,95,119,112,85,26,53,32,38,14,12,12,92,266,280,232,172,159,185,50,48,44,44,72,4,4,54,214,272,264,228,193,203,108,80,24,28,24,43,11,74,252,253,124,148,130,95,83,40,75,87,109,66,25,20,27,35,71,51,161,93,42,84,45,44,61,71,85,58,97,116,12,113,147,43,105,69,54,36,70,46,15,16,32,74,18,36,4,2,8,36,72,96,26,46,61,20,138,68,4,38,23,30,20,16,8,,,,,,,,,,,,,,,,,,,,,,,,,,,,,,,,,,,,,,,,,,,,,,,,,,,,,,,,,,,,,,,,,,,,,,,,,,,,,,,,,,,,,,,,,,,,,,,,,,,,,,,
000150.bin,KittiDataset.__getitem__,True,kitti,conv4.0,176,200,5,10,10,6,18,20,1,176000,12151,0.06903977272727273,18230,600,360,186,174,0.5166666666666667,0,320,0.5333333333333333,104.77011494252874,50.638888888888886,0:186;1:1;2:2;4:5;8:3;10:2;12:2;13:1;14:1;15:1;16:2;18:1;19:1;22:2;24:3;27:1;28:4;29:1;30:2;32:3;34:1;35:1;38:1;41:1;42:1;44:3;45:1;46:2;47:1;48:2;49:1;52:3;54:3;56:1;58:1;59:1;61:2;62:2;63:1;64:1;65:1;66:1;68:2;70:2;71:2;74:2;76:1;77:1;78:3;79:1;80:1;82:1;85:1;86:1;88:2;90:4;91:1;92:1;93:1;94:1;96:1;98:1;102:1;103:1;104:1;105:1;106:2;107:1;108:2;113:1;114:2;117:1;119:1;120:1;130:1;131:2;134:1;140:1;142:1;144:1;150:2;151:1;152:1;153:1;156:1;157:1;160:1;162:1;163:1;164:2;170:1;172:1;173:1;177:1;186:2;188:1;189:1;190:1;191:3;192:1;195:2;198:1;206:2;208:1;211:1;212:1;214:1;222:1;230:1;234:1;236:1;240:1;241:1;243:1;246:1;270:1;271:1;274:1;286:2;287:1;288:1;290:2;320:1,16,1,8,48,71,2,68,150,63,27,10,22,106,152,61,19,10,93,78,104,195,134,91,48,102,117,108,74,32,8,70,70,24,4,32,61,47,41,105,77,90,151,52,44,142,177,163,119,92,103,74,85,64,54,44,14,30,2,62,206,230,198,188,162,160,130,78,88,16,18,4,4,4,90,286,286,270,246,186,164,156,90,30,32,71,12,15,13,8,94,290,290,240,214,208,164,144,106,88,58,98,35,52,29,28,22,54,274,288,234,191,206,62,56,42,34,24,24,44,212,241,192,157,140,114,80,113,76,28,66,82,236,243,222,189,191,153,172,96,28,4,38,54,46,12,28,211,320,287,271,191,195,190,150,131,120,78,65,79,49,52,173,186,170,90,131,59,86,107,114,68,45,108,46,,,,,,,,,,,,,,,,,,,,,,,,,,,,,,,,,,,,,,,,,,,,,,,,,,,,,,,
000151.bin,KittiDataset.__getitem__,True,kitti,conv4.0,176,200,5,10,10,6,18,20,1,176000,9985,0.056732954545454545,14037,600,360,183,177,0.5083333333333333,0,288,0.48,79.30508474576271,38.99166666666667,0:183;2:2;3:2;4:10;6:3;8:4;10:6;11:1;12:5;15:1;16:6;18:1;19:1;20:4;21:1;22:3;23:1;24:1;25:1;26:1;27:2;30:2;34:4;36:3;37:1;38:2;39:1;40:3;42:1;43:1;44:2;46:1;48:3;50:1;52:2;54:3;56:1;59:1;60:2;61:1;62:2;63:1;64:1;68:1;70:2;72:1;74:2;76:1;78:1;80:1;82:1;84:2;86:4;88:3;89:2;92:1;95:1;97:1;100:2;102:2;106:2;107:1;108:1;110:2;111:1;114:2;115:2;119:2;120:1;122:2;126:1;130:2;131:1;132:1;136:1;139:1;141:1;143:1;147:2;151:2;153:1;156:1;157:1;158:1;165:1;166:1;170:1;172:1;177:1;186:1;187:1;219:1;220:1;250:1;252:1;254:1;259:1;260:2;276:1;282:1;286:1;288:3,34,2,46,141,12,3,39,62,172,10,4,89,59,30,143,52,16,4,24,114,147,56,10,38,114,95,88,54,43,97,70,61,36,70,220,259,254,44,30,62,119,100,82,60,34,72,48,37,18,88,276,288,260,219,132,86,74,20,54,40,16,10,158,286,288,250,186,122,88,102,50,52,4,36,8,4,26,187,282,288,252,156,106,54,100,60,86,25,76,21,12,10,6,3,16,157,260,170,166,130,86,78,151,80,42,40,4,22,23,11,4,89,153,139,126,110,92,84,36,16,10,22,4,15,2,4,147,136,86,74,44,48,34,8,22,4,27,111,106,120,151,122,64,16,68,8,38,20,4,12,6,84,177,165,110,130,115,107,115,131,102,108,63,20,34,12,6,19,10,20,119,48,12,8,16,40,27,,,,,,,,,,,,,,,,,,,,,,,,,,,,,,,,,,,,,,,,,,,,,,,,,,,,
000152.bin,KittiDataset.__getitem__,True,kitti,conv4.0,176,200,5,10,10,6,18,20,1,176000,4858,0.02760227272727273,7445,600,360,283,77,0.7861111111111111,0,308,0.5133333333333333,96.68831168831169,20.680555555555557,0:283;4:1;6:1;7:1;8:1;12:2;13:1;16:1;17:1;20:1;26:1;28:1;35:1;38:2;42:1;44:1;47:1;49:1;52:1;58:1;66:2;67:1;71:1;72:2;73:1;74:1;75:2;76:2;77:1;78:3;81:1;82:1;83:1;85:1;86:1;87:1;88:1;90:2;92:2;98:1;102:1;106:1;108:1;111:1;112:1;113:1;114:1;115:1;120:1;121:1;132:1;134:1;137:1;139:1;143:1;152:1;167:1;190:1;198:1;203:1;209:1;210:1;212:1;214:1;219:1;278:2;308:1,90,78,66,72,87,85,72,76,76,71,66,81,82,52,49,26,7,212,214,219,203,113,111,106,90,114,137,132,143,92,58,77,47,13,198,209,278,308,210,112,88,74,92,115,42,38,28,8,67,152,190,278,167,98,44,139,78,134,83,35,6,102,38,20,75,108,120,86,75,73,121,78,16,17,4,12,12,,,,,,,,,,,,,,,,,,,,,,,,,,,,,,,,,,,,,,,,,,,,,,,,,,,,,,,,,,,,,,,,,,,,,,,,,,,,,,,,,,,,,,,,,,,,,,,,,,,,,,,,,,,,,,,,,,,,,,,,,,,,,,,,,,,,,,,,,,,,,,,,,,,,,,,,
000153.bin,KittiDataset.__getitem__,True,kitti,conv4.0,176,200,5,10,10,6,18,20,1,176000,5757,0.03271022727272727,8202,600,360,286,74,0.7944444444444444,0,342,0.57,110.83783783783784,22.783333333333335,0:286;4:1;6:2;8:2;9:1;10:2;12:4;14:3;15:1;16:1;18:2;20:1;23:1;32:1;34:2;35:1;44:1;45:1;49:2;50:1;54:1;59:1;62:1;69:1;84:1;91:1;94:2;98:1;100:1;111:1;112:1;114:1;121:1;124:1;135:1;136:1;143:1;145:1;147:1;156:1;159:1;160:1;170:1;174:1;179:1;181:2;185:1;188:1;198:1;221:1;233:1;235:1;248:1;257:1;259:1;272:1;288:1;294:1;296:1;298:1;302:1;342:1,10,6,4,50,12,10,14,9,6,124,235,181,181,179,136,147,135,185,174,111,45,15,12,160,298,288,248,188,170,98,54,94,94,49,59,8,16,159,294,296,259,221,198,156,112,145,100,32,91,69,8,12,34,143,342,302,233,272,257,62,14,18,20,18,44,35,23,12,34,49,84,114,121,14,,,,,,,,,,,,,,,,,,,,,,,,,,,,,,,,,,,,,,,,,,,,,,,,,,,,,,,,,,,,,,,,,,,,,,,,,,,,,,,,,,,,,,,,,,,,,,,,,,,,,,,,,,,,,,,,,,,,,,,,,,,,,,,,,,,,,,,,,,,,,,,,,,,,,,,,,,,
000154.bin,KittiDataset.__getitem__,True,kitti,conv4.0,176,200,5,10,10,6,18,20,1,176000,8939,0.050789772727272725,12929,600,360,169,191,0.46944444444444444,0,365,0.6083333333333333,67.69109947643979,35.91388888888889,0:169;2:3;4:10;5:1;6:2;7:2;8:7;10:4;12:9;13:1;14:5;15:1;16:7;17:2;19:2;20:2;21:1;22:6;24:2;26:3;28:3;30:5;31:1;32:1;34:2;36:3;37:1;40:2;42:2;43:1;44:4;45:1;46:3;47:1;48:1;49:1;50:3;54:1;56:1;57:1;58:4;60:2;61:1;62:1;64:5;66:2;70:1;72:5;74:1;75:1;76:2;77:2;79:1;80:2;84:2;85:1;86:2;87:1;88:2;89:1;90:1;92:1;96:3;98:1;99:1;100:1;102:2;108:1;111:1;114:1;117:1;123:1;126:1;129:1;130:2;138:1;144:2;146:1;148:1;154:1;162:1;165:1;167:1;200:1;212:1;226:1;232:1;244:1;252:2;262:1;278:1;286:1;288:4;294:1;365:1,48,10,4,24,17,42,7,44,19,60,75,4,22,47,72,85,90,123,13,22,14,60,98,64,64,88,16,10,8,8,19,34,92,70,2,96,28,12,54,76,99,46,15,20,138,165,72,108,111,22,26,57,46,45,72,77,4,66,212,226,162,88,102,130,42,96,80,76,12,5,7,84,294,288,252,200,126,100,86,56,62,4,24,4,4,36,16,148,288,288,244,154,129,130,46,30,34,30,4,4,16,144,286,288,252,146,167,114,16,14,4,12,16,84,262,365,278,144,96,64,80,66,50,8,58,16,8,72,232,64,50,72,44,87,31,22,16,50,79,44,28,30,117,58,30,58,77,26,12,20,12,40,12,86,102,12,12,6,61,58,22,14,74,36,64,36,37,49,2,6,4,30,89,12,22,10,14,43,26,14,32,8,28,40,21,10,8,8,2,17,44,,,,,,,,,,,,,,,,,,,,,,,,,,,,,,,,,,,,,,
000155.bin,KittiDataset.__getitem__,True,kitti,conv4.0,176,200,5,10,10,6,18,20,1,176000,10893,0.061892045454545457,15576,600,360,165,195,0.4583333333333333,0,290,0.48333333333333334,79.87692307692308,43.266666666666666,0:165;2:2;4:7;5:2;6:3;8:9;9:1;10:5;11:1;12:4;13:1;14:1;16:4;20:8;21:2;22:2;24:3;26:3;27:2;28:3;29:1;30:3;32:3;33:1;34:1;35:1;36:1;37:1;38:2;39:1;40:3;41:1;44:1;48:1;50:2;51:1;52:2;54:2;55:2;56:2;58:3;59:1;60:1;62:2;63:2;64:1;65:1;67:1;68:1;69:1;70:2;71:1;73:1;75:1;76:1;78:1;81:1;82:1;83:1;85:1;89:2;90:1;92:1;94:1;95:2;96:3;100:1;102:2;104:1;109:1;110:2;111:1;112:2;115:1;118:1;119:1;120:1;123:2;124:1;128:2;131:1;132:3;133:1;134:1;137:1;138:2;143:1;147:1;151:1;153:1;159:1;160:1;161:1;162:1;169:1;170:1;172:1;175:1;176:1;182:4;185:1;191:1;193:1;194:1;198:1;206:1;208:1;210:2;218:1;224:1;225:1;228:1;237:1;243:1;249:1;254:1;264:1;276:1;290:1,4,51,4,30,27,11,8,20,16,8,12,8,34,20,8,20,39,120,10,10,8,29,2,16,71,70,89,75,21,14,40,24,132,161,159,169,102,81,32,32,20,4,16,8,28,128,172,206,147,96,56,56,20,12,20,38,48,4,28,208,243,175,123,104,64,58,50,40,6,41,24,8,102,224,225,182,131,112,82,85,137,89,143,132,35,134,254,249,210,133,95,83,67,54,182,237,33,4,124,264,210,138,110,153,111,50,112,290,128,69,4,63,176,198,194,160,193,132,62,54,276,138,37,73,228,170,151,182,96,60,52,119,218,55,5,38,110,191,182,123,76,78,26,94,96,44,27,5,10,62,90,52,9,36,30,26,22,22,4,24,58,118,40,20,6,10,8,28,65,95,162,55,6,12,70,109,59,21,8,2,68,26,16,100,115,20,58,63,30,92,12,185,32,10,13,,,,,,,,,,,,,,,,,,,,,,,,,,,,,,,,,,
000156.bin,KittiDataset.__getitem__,True,kitti,conv4.0,176,200,5,10,10,6,18,20,1,176000,3189,0.01811931818181818,4706,600,360,306,54,0.85,0,403,0.6716666666666666,87.14814814814815,13.072222222222223,0:306;1:1;2:2;3:1;4:4;6:2;7:1;8:5;10:2;12:3;14:2;16:2;17:1;18:1;22:2;32:2;36:1;38:1;40:1;64:1;67:1;96:1;97:1;98:1;104:1;110:1;116:1;180:1;198:1;222:1;223:1;266:1;292:1;313:1;323:1;336:1;369:1;373:1;403:1,8,32,8,16,14,8,4,22,10,98,180,40,8,12,10,4,4,18,6,97,336,266,96,4,8,104,313,369,198,36,12,6,12,2,1,38,292,373,222,32,22,16,7,2,64,323,403,116,110,223,67,3,17,14,,,,,,,,,,,,,,,,,,,,,,,,,,,,,,,,,,,,,,,,,,,,,,,,,,,,,,,,,,,,,,,,,,,,,,,,,,,,,,,,,,,,,,,,,,,,,,,,,,,,,,,,,,,,,,,,,,,,,,,,,,,,,,,,,,,,,,,,,,,,,,,,,,,,,,,,,,,,,,,,,,,,,,,,,,,,,,,
000157.bin,KittiDataset.__getitem__,True,kitti,conv4.0,176,200,5,10,10,6,18,20,1,176000,7260,0.04125,10342,600,360,234,126,0.65,0,315,0.525,82.07936507936508,28.727777777777778,0:234;1:1;2:2;4:6;6:2;8:4;9:2;10:2;12:3;14:3;16:5;20:3;21:2;22:2;24:2;26:2;27:1;28:2;30:2;32:2;42:2;43:2;44:1;46:1;48:1;49:1;52:1;54:2;55:2;57:1;60:1;61:1;62:1;63:2;64:1;69:1;71:1;72:1;73:1;76:2;82:1;85:1;87:2;90:1;91:2;93:1;94:2;95:1;98:1;104:2;106:1;108:1;122:2;136:1;137:1;139:1;142:1;143:1;144:2;146:1;149:1;150:2;151:1;153:1;158:1;162:1;163:1;164:1;171:1;174:1;184:1;186:1;199:1;200:1;211:1;217:1;220:1;221:1;225:1;226:1;257:1;259:1;264:1;313:1;315:1,20,43,4,32,144,24,26,16,52,98,12,93,264,151,163,48,142,6,2,91,72,4,10,87,313,315,149,8,49,139,1,8,73,225,259,257,150,162,184,76,12,30,104,12,21,54,221,186,144,199,143,211,94,90,54,14,6,20,44,69,60,200,150,220,153,94,136,137,226,91,10,8,87,26,16,104,146,174,164,43,62,217,16,24,46,4,28,16,122,158,106,63,82,42,9,55,8,16,2,85,108,64,28,4,55,71,21,4,30,76,122,57,9,61,42,4,20,171,95,22,22,63,14,14,27,32,,,,,,,,,,,,,,,,,,,,,,,,,,,,,,,,,,,,,,,,,,,,,,,,,,,,,,,,,,,,,,,,,,,,,,,,,,,,,,,,,,,,,,,,,,,,,,,,,,,,,,,
000158.bin,KittiDataset.__getitem__,True,kitti,conv4.0,176,200,5,10,10,6,18,20,1,176000,11447,0.06503977272727272,16466,600,360,170,190,0.4722222222222222,0,296,0.49333333333333335,86.66315789473684,45.73888888888889,0:170;2:1;3:1;4:6;6:3;8:5;10:3;12:3;13:1;14:4;15:1;16:1;17:1;20:1;22:3;24:3;25:1;26:3;28:6;30:1;31:3;33:1;34:3;36:2;37:1;38:1;39:1;40:1;42:2;43:1;44:3;46:2;47:2;48:4;50:2;52:3;53:1;54:2;56:1;57:1;58:2;60:2;62:2;64:3;66:3;70:4;72:2;76:1;77:1;78:4;79:1;80:3;81:1;84:2;86:1;88:1;89:1;90:3;91:2;96:2;98:1;100:2;102:2;104:1;106:4;107:1;108:2;115:1;118:1;121:1;127:1;130:1;131:1;132:1;134:1;136:3;137:1;140:1;143:1;144:1;146:2;149:1;150:1;156:1;158:2;160:1;162:3;165:1;171:1;175:1;180:1;200:1;210:1;212:1;222:1;226:1;227:1;230:1;233:1;238:1;244:1;246:1;249:1;264:1;266:1;270:1;286:2;288:3;296:1,106,17,13,165,180,4,22,44,54,266,137,3,10,80,88,33,72,143,233,226,136,44,57,136,131,146,79,46,36,90,149,121,212,175,146,80,2,66,249,227,162,158,108,90,46,48,64,50,84,40,89,106,34,80,264,288,230,162,106,84,100,70,48,56,12,6,38,6,144,286,288,244,150,104,98,96,76,52,54,4,16,4,156,296,288,246,160,100,130,108,102,58,48,24,28,37,31,86,270,286,210,140,90,102,72,66,14,58,34,8,78,238,222,162,106,70,50,52,30,64,10,28,8,42,158,200,134,118,115,78,60,26,42,28,14,10,136,132,127,70,64,8,48,31,44,14,8,62,96,66,22,24,78,53,8,4,91,107,28,47,52,39,78,81,47,6,70,171,25,62,77,31,28,60,22,91,43,12,4,12,15,14,36,26,28,24,26,34,20,4,,,,,,,,,,,,,,,,,,,,,,,,,,,,,,,,,,,,,,,
000159.bin,KittiDataset.__getitem__,True,kitti,conv4.0,176,200,5,10,10,6,18,20,1,176000,7213,0.040982954545454545,10667,600,360,246,114,0.6833333333333333,0,348,0.58,93.5701754385965,29.630555555555556,0:246;2:1;4:5;6:1;7:1;8:8;10:2;11:2;12:1;14:1;15:2;16:1;17:1;19:1;20:3;22:1;24:1;26:1;34:1;36:1;38:2;39:1;40:2;41:1;43:1;44:1;46:1;47:1;48:1;50:1;51:1;52:1;54:1;55:2;63:1;64:3;65:1;66:1;70:1;71:1;72:1;74:1;77:1;80:1;84:2;87:1;88:1;89:1;100:1;102:1;103:1;114:1;117:1;119:1;120:2;121:2;125:1;128:1;130:1;133:1;135:1;145:1;147:1;149:1;154:1;156:2;161:1;162:1;164:2;166:1;167:1;174:1;178:1;186:1;195:1;204:1;208:1;216:1;232:1;241:1;262:2;266:1;274:1;298:1;308:1;312:1;330:1;348:1,8,71,8,4,4,8,2,47,55,147,50,63,34,38,19,20,20,12,38,64,22,100,241,312,149,145,66,26,8,64,262,330,216,88,72,65,55,40,20,4,8,121,266,348,274,195,156,125,128,77,52,8,4,11,7,164,308,298,232,164,120,80,103,114,54,8,24,41,17,117,161,133,130,162,154,174,178,167,89,84,39,44,64,40,10,15,186,204,10,46,262,120,166,74,51,15,4,14,6,48,102,16,87,208,156,36,11,8,135,119,121,84,70,43,,,,,,,,,,,,,,,,,,,,,,,,,,,,,,,,,,,,,,,,,,,,,,,,,,,,,,,,,,,,,,,,,,,,,,,,,,,,,,,,,,,,,,,,,,,,,,,,,,,,,,,,,,,,,,,,,,,
000160.bin,KittiDataset.__getitem__,True,kitti,conv4.0,176,200,5,10,10,6,18,20,1,176000,13319,0.07567613636363636,19217,600,360,173,187,0.48055555555555557,0,442,0.7366666666666667,102.76470588235294,53.38055555555555,0:173;2:3;3:1;4:5;6:2;7:2;8:5;10:1;11:2;12:5;14:1;16:1;18:3;22:2;24:5;26:1;28:2;30:4;32:1;34:4;35:1;36:2;38:3;39:1;40:2;41:1;42:3;45:1;46:1;48:1;49:2;50:2;52:1;54:1;55:1;56:1;57:1;58:1;60:1;61:2;62:2;64:1;65:1;67:1;68:1;70:1;72:1;73:2;74:2;76:1;77:2;78:1;79:1;80:1;82:1;83:1;84:2;85:1;86:1;88:1;90:1;92:1;93:1;95:1;97:1;98:1;102:3;103:1;105:1;107:2;109:1;110:1;111:1;114:1;115:1;118:1;121:1;122:1;126:1;127:1;130:1;131:1;132:1;134:1;140:1;141:1;145:1;150:2;151:1;155:2;158:1;160:1;161:1;164:1;165:1;167:2;170:1;171:1;177:1;180:1;184:1;187:1;192:3;195:1;196:1;199:1;205:1;208:1;211:1;224:2;227:1;228:2;230:1;236:1;238:1;242:1;252:1;258:2;260:1;262:2;268:1;271:1;272:1;273:1;285:1;291:1;301:1;304:1;325:1;329:1;442:1,3,2,4,24,95,61,11,8,11,10,39,130,192,442,273,151,60,84,30,58,38,22,24,41,325,329,258,291,230,161,102,102,82,114,76,52,48,64,224,301,196,160,132,118,105,90,74,61,42,18,80,268,304,285,238,187,109,131,122,73,85,83,49,30,22,38,115,262,252,272,224,192,171,93,107,78,97,57,35,50,2,12,8,103,262,260,227,158,164,140,34,36,34,34,18,36,84,242,271,236,199,180,111,70,45,8,26,6,24,14,38,4,56,208,228,192,155,127,121,107,79,73,65,28,40,8,18,126,211,184,170,150,110,98,102,50,88,77,62,34,30,68,54,40,42,30,32,4,12,42,46,74,195,167,205,155,165,167,177,258,150,24,6,4,24,92,228,67,49,141,145,55,8,86,77,12,72,7,16,7,134,62,4,28,12,12,2,,,,,,,,,,,,,,,,,,,,,,,,,,,,,,,,,,,,,,,,,,
000161.bin,KittiDataset.__getitem__,True,kitti,conv4.0,176,200,5,10,10,6,18,20,1,176000,7835,0.044517045454545455,11005,600,360,224,136,0.6222222222222222,0,286,0.4766666666666667,80.91911764705883,30.569444444444443,0:224;2:9;3:1;4:5;6:2;7:1;8:6;10:2;12:4;14:1;16:1;18:2;19:1;20:2;22:2;23:2;24:3;26:2;28:2;30:1;31:1;34:1;38:1;39:3;40:2;42:3;43:2;45:1;50:1;51:1;52:1;53:1;54:1;57:1;58:1;59:1;60:1;62:1;64:1;66:2;68:1;69:1;70:1;71:1;72:2;73:1;74:1;75:1;76:1;81:1;82:2;84:2;85:1;89:1;90:1;94:2;97:1;104:1;111:2;112:2;114:1;116:1;118:1;119:1;128:1;132:1;134:1;135:1;142:2;149:1;168:1;172:1;179:1;180:1;185:1;194:1;195:1;219:1;227:1;233:1;236:1;255:1;259:1;260:1;263:1;267:1;268:1;270:1;272:1;280:2;286:2,6,26,85,119,71,28,74,64,112,84,2,72,142,114,40,28,26,4,2,24,128,180,179,172,39,2,60,30,8,8,8,2,68,236,286,260,268,219,142,81,58,50,8,12,2,4,8,12,18,194,280,280,272,255,195,112,94,75,42,62,4,42,31,4,2,111,263,259,233,168,134,104,97,73,66,66,40,12,2,69,267,286,227,185,135,116,84,76,53,82,70,23,2,23,90,270,149,111,38,72,132,94,89,57,19,43,54,39,24,24,10,51,39,59,52,43,7,20,8,20,18,10,14,12,34,45,6,82,16,2,42,22,118,3,4,22,,,,,,,,,,,,,,,,,,,,,,,,,,,,,,,,,,,,,,,,,,,,,,,,,,,,,,,,,,,,,,,,,,,,,,,,,,,,,,,,,,,,,,,,,,,,,
000162.bin,KittiDataset.__getitem__,True,kitti,conv4.0,176,200,5,10,10,6,18,20,1,176000,11718,0.06657954545454546,16424,600,360,185,175,0.5138888888888888,0,305,0.5083333333333333,93.85142857142857,45.62222222222222,0:185;2:1;3:1;4:7;6:5;8:4;9:2;10:2;12:3;13:1;14:1;16:7;17:2;18:1;20:2;21:2;22:1;23:1;24:1;26:1;28:2;30:3;31:1;32:3;34:3;35:1;36:2;37:1;38:2;39:1;41:1;42:1;44:1;46:1;50:1;52:1;54:1;56:1;59:3;60:1;64:1;66:2;67:1;68:2;70:1;72:4;74:1;78:1;79:1;81:1;82:1;83:1;84:3;85:1;86:2;87:1;88:2;90:2;92:1;93:1;96:2;98:1;102:2;104:2;107:1;108:1;110:1;111:1;114:2;116:2;117:1;119:1;126:1;129:1;130:1;135:1;136:2;137:1;138:1;142:2;154:1;156:1;160:1;162:2;164:2;165:2;167:1;168:1;170:1;171:1;175:1;178:1;186:1;187:1;188:1;189:1;198:1;200:1;204:1;212:1;218:1;222:1;229:1;232:1;236:1;247:2;259:1;270:1;272:1;273:1;282:1;286:3;288:2;304:1;305:1,8,79,36,16,50,21,9,6,4,4,3,24,164,171,119,129,137,117,111,135,88,83,138,104,110,56,54,189,218,162,126,175,187,102,102,88,59,32,22,30,68,28,92,304,282,305,259,204,198,164,84,93,44,108,35,30,18,16,16,136,286,286,273,247,162,167,154,114,87,74,96,16,8,26,6,86,286,288,247,232,72,66,64,42,20,16,16,4,84,270,288,272,212,168,142,165,142,90,86,59,59,32,32,4,72,222,236,188,186,136,116,82,78,30,34,34,16,14,12,38,160,200,178,156,170,90,107,70,116,37,72,6,4,4,12,66,81,72,67,36,9,20,10,21,8,12,130,229,165,114,85,98,39,34,68,23,6,2,31,17,60,41,104,38,84,96,46,52,10,28,4,13,8,6,17,,,,,,,,,,,,,,,,,,,,,,,,,,,,,,,,,,,,,,,,,,,,,,,,,,,,,,
000163.bin,KittiDataset.__getitem__,True,kitti,conv4.0,176,200,5,10,10,6,18,20,1,176000,8030,0.045625,11438,600,360,243,117,0.675,0,385,0.6416666666666667,97.76068376068376,31.772222222222222,0:243;2:2;4:3;6:1;7:1;8:8;10:2;12:2;14:5;16:2;18:1;20:2;22:1;23:1;24:3;26:1;28:2;30:1;32:1;37:1;41:1;45:1;46:1;49:1;50:1;52:1;53:1;54:3;55:1;58:1;60:1;61:1;66:2;67:2;69:1;70:1;73:1;76:1;78:1;82:2;83:1;84:3;86:1;88:1;89:1;90:2;91:1;94:2;96:1;104:1;105:1;106:1;108:2;117:1;126:1;128:1;133:1;134:1;138:1;139:2;140:1;141:1;148:1;153:1;176:1;179:1;194:1;198:1;210:1;234:1;246:1;252:1;263:1;267:1;282:1;285:1;286:1;289:1;292:1;298:1;303:1;307:1;348:1;349:1;352:1;385:1,26,91,23,8,8,10,55,194,263,139,78,117,54,8,14,52,4,8,83,352,385,246,141,104,179,139,67,28,18,24,12,84,292,349,289,198,108,76,153,210,133,54,7,106,348,307,303,234,148,94,84,138,84,54,24,70,20,22,66,282,286,252,176,126,128,82,60,61,50,66,20,8,86,285,267,298,108,82,140,58,53,41,16,73,28,14,46,37,67,10,94,89,2,14,90,134,90,105,69,30,16,24,12,6,49,88,96,45,32,14,4,8,4,2,8,14,8,,,,,,,,,,,,,,,,,,,,,,,,,,,,,,,,,,,,,,,,,,,,,,,,,,,,,,,,,,,,,,,,,,,,,,,,,,,,,,,,,,,,,,,,,,,,,,,,,,,,,,,,,,,,,,,,
000164.bin,KittiDataset.__getitem__,True,kitti,conv4.0,176,200,5,10,10,6,18,20,1,176000,11417,0.06486931818181818,16280,600,360,192,168,0.5333333333333333,0,296,0.49333333333333335,96.9047619047619,45.22222222222222,0:192;2:2;3:1;4:6;6:1;8:10;9:1;10:2;12:2;14:3;15:1;16:1;17:1;18:2;22:6;24:1;25:1;26:1;28:1;32:3;33:1;35:1;36:2;37:1;38:1;39:1;40:1;41:1;42:1;43:1;47:1;48:2;49:1;50:1;53:1;56:1;57:1;58:2;60:1;62:2;64:2;66:1;68:1;70:1;71:1;72:1;73:3;75:1;76:2;77:3;78:1;80:1;81:1;82:2;83:2;84:2;86:2;87:1;88:1;90:1;91:1;92:2;93:1;95:1;96:1;102:1;108:1;111:1;112:1;114:1;117:1;120:1;122:1;123:1;126:2;129:1;131:1;132:1;134:1;137:1;138:1;139:1;140:1;142:1;144:1;150:1;151:1;154:1;159:1;161:1;163:1;168:2;171:1;176:1;177:1;178:1;184:1;188:1;192:1;194:1;198:2;199:1;205:1;206:1;212:1;224:1;227:1;229:1;247:1;249:1;256:1;257:1;260:1;266:2;270:1;278:1;279:1;285:1;288:4;296:1,4,3,14,2,10,14,32,138,139,126,129,140,161,137,168,122,134,73,25,73,171,159,257,176,112,91,92,93,33,83,88,144,77,84,266,278,260,249,194,178,132,92,120,47,62,24,18,22,102,288,288,285,266,212,198,206,177,126,58,42,39,37,32,84,288,288,279,227,86,76,70,58,22,8,8,4,14,12,8,8,86,270,296,256,224,198,168,151,123,82,96,48,28,18,64,229,247,192,154,108,87,77,72,50,76,38,36,22,12,2,49,163,199,188,184,150,131,90,78,40,22,9,4,75,81,68,77,41,73,48,56,32,22,17,8,4,6,66,83,111,53,62,57,36,4,43,142,114,80,205,95,71,64,117,82,60,4,8,35,22,16,26,10,8,8,8,8,15,,,,,,,,,,,,,,,,,,,,,,,,,,,,,,,,,,,,,,,,,,,,,,,,,,,,,,,,,,,,,
000165.bin,KittiDataset.__getitem__,True,kitti,conv4.0,176,200,5,10,10,6,18,20,1,176000,6902,0.03921590909090909,10160,600,360,250,110,0.6944444444444444,0,311,0.5183333333333333,92.36363636363636,28.22222222222222,0:250;3:1;4:2;5:1;6:4;7:2;8:1;9:2;10:3;11:1;12:2;14:3;18:4;20:4;22:3;24:2;26:2;29:1;30:1;32:1;34:2;35:1;36:2;37:2;38:2;44:1;47:1;52:1;59:1;61:1;62:3;66:1;68:2;71:1;73:1;84:1;86:1;94:2;96:2;103:1;104:2;106:1;119:1;124:1;125:1;127:1;129:2;130:1;133:1;147:1;152:1;155:1;158:1;159:1;162:1;164:1;174:1;177:1;179:1;181:1;185:1;192:1;195:1;196:1;204:1;226:1;230:1;232:2;241:2;242:1;264:1;288:1;289:1;290:2;305:1;311:1,18,59,103,24,4,34,30,20,61,7,52,106,11,6,96,232,133,62,6,96,159,179,47,32,68,158,192,130,7,68,226,129,185,162,177,12,86,264,288,230,164,181,241,125,119,104,37,14,204,290,290,242,196,124,195,155,29,6,26,20,38,4,8,6,232,305,311,289,241,174,147,84,62,71,12,36,34,37,18,3,129,152,127,104,44,73,94,20,10,35,22,22,62,36,10,26,10,5,66,94,22,20,38,9,18,14,9,18,24,14,,,,,,,,,,,,,,,,,,,,,,,,,,,,,,,,,,,,,,,,,,,,,,,,,,,,,,,,,,,,,,,,,,,,,,,,,,,,,,,,,,,,,,,,,,,,,,,,,,,,,,,,,,,,,,,,,,,,,,,
000166.bin,KittiDataset.__getitem__,True,kitti,conv4.0,176,200,5,10,10,6,18,20,1,176000,11054,0.06280681818181819,16113,600,360,193,167,0.5361111111111111,0,292,0.4866666666666667,96.48502994011976,44.75833333333333,0:193;4:3;5:1;6:1;8:6;10:2;11:1;12:2;14:1;16:4;18:6;20:4;21:1;22:1;24:1;26:2;27:1;28:1;29:1;30:4;31:1;32:2;34:7;36:1;38:2;39:1;42:2;43:1;44:2;45:2;46:2;48:3;51:1;53:1;54:1;55:2;60:2;62:3;63:1;64:3;66:1;67:1;70:2;72:1;74:2;79:1;84:1;86:2;87:1;89:2;90:1;94:2;96:2;98:1;102:1;104:1;105:3;106:1;110:1;113:1;116:1;123:1;124:1;126:2;127:1;129:1;132:1;136:2;142:1;146:1;153:1;156:1;159:1;161:1;166:1;168:2;171:1;172:1;173:2;174:1;178:1;179:1;183:1;186:1;188:1;190:1;193:1;194:1;196:1;207:1;208:1;209:1;218:1;222:1;228:1;236:1;240:1;244:2;250:1;255:1;256:1;258:2;266:1;272:1;274:1;288:4;292:1,18,42,64,255,228,142,104,98,63,48,27,39,166,209,183,172,179,188,173,159,174,124,94,102,127,51,45,86,258,258,256,218,178,168,161,53,55,54,48,30,38,10,4,12,106,292,288,274,240,208,173,193,105,67,105,62,32,66,20,90,288,288,244,156,171,60,70,32,30,34,6,14,84,272,288,250,190,146,126,96,60,62,64,42,26,18,30,72,244,266,236,222,186,136,132,87,89,86,21,44,34,8,34,168,207,194,196,113,110,94,89,96,8,16,30,4,18,70,105,74,46,64,43,62,18,44,34,24,8,11,116,126,153,46,48,34,16,79,26,16,20,29,45,28,36,8,123,136,34,10,20,22,8,18,18,129,31,74,12,4,8,55,5,38,20,16,34,,,,,,,,,,,,,,,,,,,,,,,,,,,,,,,,,,,,,,,,,,,,,,,,,,,,,,,,,,,,,,
000167.bin,KittiDataset.__getitem__,True,kitti,conv4.0,176,200,5,10,10,6,18,20,1,176000,9325,0.05298295454545455,13361,600,360,201,159,0.5583333333333333,0,286,0.4766666666666667,84.03144654088051,37.11388888888889,0:201;2:4;3:1;4:8;6:3;8:7;9:1;10:3;11:1;12:1;13:3;14:2;16:2;18:3;20:2;22:2;24:1;28:5;29:1;30:3;32:2;34:2;36:2;40:2;41:1;42:3;43:1;44:2;45:2;46:1;48:4;52:3;54:2;56:1;57:1;58:3;66:2;68:1;69:1;70:2;72:1;75:1;77:1;78:1;80:1;81:1;82:1;84:2;86:1;88:3;90:1;91:1;93:1;96:1;101:1;106:1;116:1;121:1;123:1;126:2;129:1;134:1;136:1;142:2;147:1;148:3;150:1;152:1;154:3;157:1;164:1;166:1;168:1;170:1;171:1;172:2;174:1;180:1;190:1;194:1;204:1;208:1;213:1;216:1;226:1;236:1;238:1;240:2;242:1;250:1;251:1;259:1;275:1;276:1;282:2;286:1,9,13,13,14,4,2,48,6,2,4,29,4,13,6,3,45,2,48,12,28,77,10,4,16,90,238,251,208,171,213,121,86,91,81,82,52,42,43,28,14,154,275,276,242,204,190,134,88,72,88,42,48,18,30,18,18,142,282,282,236,170,136,93,54,52,54,10,66,8,4,75,259,286,240,180,142,88,70,52,58,8,56,8,2,57,216,250,240,226,194,168,152,106,96,78,20,36,8,22,147,148,164,172,154,150,126,148,80,34,24,4,4,36,44,40,46,58,30,48,40,42,28,30,28,8,44,70,84,58,22,34,32,8,66,166,123,126,157,101,68,41,6,16,174,116,148,172,154,129,84,45,20,69,28,10,11,4,32,8,,,,,,,,,,,,,,,,,,,,,,,,,,,,,,,,,,,,,,,,,,,,,,,,,,,,,,,,,,,,,,,,,,,,,,
000168.bin,KittiDataset.__getitem__,True,kitti,conv4.0,176,200,5,10,10,6,18,20,1,176000,12274,0.06973863636363636,17586,600,360,145,215,0.4027777777777778,0,292,0.4866666666666667,81.7953488372093,48.85,0:145;3:2;4:8;6:3;7:1;8:7;9:1;10:3;11:2;12:5;13:1;14:5;16:9;17:1;18:4;20:2;21:1;22:2;24:4;26:2;27:1;28:1;30:4;31:3;32:3;33:1;34:3;35:2;36:3;39:1;40:5;41:1;42:2;43:1;44:5;45:1;46:3;48:1;49:1;50:3;54:2;55:2;56:1;58:2;59:1;63:1;67:1;68:1;70:3;72:1;74:2;75:2;76:2;78:2;79:1;80:2;81:1;83:1;84:1;86:1;87:1;88:2;93:1;96:2;99:1;101:1;102:1;104:1;106:3;108:1;110:1;114:1;117:1;118:1;121:1;122:1;123:1;124:1;126:1;127:1;130:1;131:1;132:1;134:1;139:1;142:1;144:2;146:3;149:2;157:1;160:1;162:1;163:2;164:1;165:1;166:1;169:1;170:1;175:1;176:2;186:1;189:1;190:2;191:1;200:2;201:1;202:1;210:1;226:2;228:1;242:1;244:1;247:2;251:1;252:1;261:1;269:1;270:1;283:1;286:3;292:1,10,104,93,131,44,20,75,189,144,11,4,68,33,32,6,16,7,35,163,127,16,16,34,4,24,32,67,13,11,31,292,139,27,79,16,40,121,76,58,146,12,31,22,175,226,102,81,39,210,176,169,74,88,14,22,20,83,269,99,55,70,44,58,261,247,190,157,78,146,4,44,122,26,49,17,31,28,24,70,251,283,228,164,160,44,110,88,8,75,45,8,46,10,14,18,117,252,247,201,202,165,106,130,118,80,30,41,84,54,50,40,16,146,286,286,244,186,200,132,42,46,34,12,43,14,36,4,80,270,286,242,166,126,78,134,170,74,18,32,8,76,200,190,162,108,106,124,86,40,40,26,50,8,46,6,34,142,144,114,70,56,36,42,36,44,14,4,8,16,106,176,149,149,123,35,63,16,4,8,96,55,163,226,87,72,10,50,18,48,59,96,101,12,30,30,30,191,16,18,54,40,24,4,14,6,3,21,9,16,24,8,4,12,12,3,,,,,,,,,,,,,,
000169.bin,KittiDataset.__getitem__,True,kitti,conv4.0,176,200,5,10,10,6,18,20,1,176000,6703,0.03808522727272727,9299,600,360,224,136,0.6222222222222222,0,293,0.48833333333333334,68.375,25.830555555555556,0:224;2:2;4:6;6:3;7:1;8:6;9:2;10:1;11:1;12:10;13:2;14:4;16:3;17:2;18:2;19:1;20:1;21:1;22:1;23:1;24:3;25:2;26:2;27:1;28:1;30:2;31:2;32:3;33:1;34:2;36:1;44:1;46:3;48:2;49:1;52:2;55:1;57:1;63:1;65:2;68:2;70:2;72:1;73:1;76:2;77:1;79:1;80:1;84:1;87:1;89:1;90:1;91:1;93:1;100:2;103:1;107:1;111:2;117:1;118:2;124:1;126:1;130:1;131:1;132:1;134:1;135:1;136:1;144:1;159:1;172:1;192:1;193:1;196:1;202:1;214:1;222:1;228:1;245:1;249:1;262:1;265:2;267:1;270:1;293:1,4,8,8,12,4,19,22,13,25,26,52,70,27,9,107,118,46,46,23,132,214,4,12,12,131,76,7,6,73,135,87,245,249,134,12,4,34,24,12,17,77,24,84,31,17,196,172,192,265,202,79,70,68,90,68,76,30,89,14,6,12,136,265,270,262,193,126,118,100,103,93,91,11,63,14,2,4,117,293,222,267,228,159,111,65,124,72,49,57,28,44,20,25,2,26,34,4,32,8,12,32,46,14,48,12,8,8,21,10,33,14,80,144,100,55,30,8,12,48,24,16,65,16,16,12,6,52,111,9,36,130,31,18,13,18,32,,,,,,,,,,,,,,,,,,,,,,,,,,,,,,,,,,,,,,,,,,,,,,,,,,,,,,,,,,,,,,,,,,,,,,,,,,,,,,,,,,,,,,,,,,,,,
000170.bin,KittiDataset.__getitem__,True,kitti,conv4.0,176,200,5,10,10,6,18,20,1,176000,7438,0.04226136363636364,10828,600,360,276,84,0.7666666666666667,0,395,0.6583333333333333,128.9047619047619,30.07777777777778,0:276;1:1;2:2;4:2;7:1;8:1;10:1;11:1;12:1;16:2;17:1;20:1;21:1;22:1;26:1;28:1;32:1;34:1;38:2;42:1;44:1;50:1;51:2;52:2;55:1;56:1;58:1;62:1;63:1;70:1;77:1;79:1;80:1;81:2;83:1;89:1;93:1;97:1;110:1;118:1;119:1;126:1;131:1;134:1;137:1;138:1;149:1;154:1;163:1;170:1;174:1;176:1;178:1;180:1;185:1;195:1;214:1;223:1;229:1;242:1;252:1;254:1;256:1;265:2;274:1;277:1;281:1;283:1;288:2;303:1;311:1;322:1;326:1;330:1;378:1;395:1,16,10,22,26,34,21,52,63,51,20,58,79,81,93,89,62,4,56,38,52,131,176,265,256,277,154,70,28,8,32,55,97,118,77,4,42,330,395,326,242,229,170,50,44,38,83,138,174,51,1,16,185,288,252,180,126,134,119,195,163,137,81,7,214,288,274,254,283,265,281,110,11,2,311,378,322,303,223,80,12,149,178,17,2,,,,,,,,,,,,,,,,,,,,,,,,,,,,,,,,,,,,,,,,,,,,,,,,,,,,,,,,,,,,,,,,,,,,,,,,,,,,,,,,,,,,,,,,,,,,,,,,,,,,,,,,,,,,,,,,,,,,,,,,,,,,,,,,,,,,,,,,,,,,,,,,,
000171.bin,KittiDataset.__getitem__,True,kitti,conv4.0,176,200,5,10,10,6,18,20,1,176000,10883,0.06183522727272727,15551,600,360,145,215,0.4027777777777778,0,282,0.47,72.33023255813953,43.19722222222222,0:145;2:5;3:1;4:4;6:5;7:2;8:6;9:1;10:1;12:4;14:11;16:4;17:1;18:5;20:4;22:3;23:1;24:2;26:2;27:1;28:4;30:6;32:1;33:1;34:4;35:1;36:3;37:2;38:2;40:4;41:1;42:1;43:1;44:1;45:1;46:3;47:1;48:3;49:1;50:2;52:4;53:1;54:1;55:2;56:4;58:3;60:1;62:1;64:3;65:1;66:2;67:1;68:2;70:1;71:1;72:3;73:1;74:2;75:1;76:1;77:1;78:3;82:2;83:1;84:1;85:1;86:1;89:2;92:2;93:1;94:1;96:2;97:2;102:1;104:2;107:1;111:1;114:1;116:1;118:1;119:1;124:1;128:2;129:1;134:2;141:1;142:1;144:1;146:1;148:1;151:2;156:1;160:1;169:1;173:1;174:1;180:1;181:2;185:1;186:1;187:1;188:1;189:1;192:1;193:1;195:1;196:1;197:2;206:1;212:1;216:1;219:1;220:1;221:1;226:1;233:1;249:1;251:1;280:1;282:1,20,83,82,30,2,16,22,30,12,50,52,18,12,20,30,20,26,36,52,45,84,4,34,66,34,48,55,49,37,78,24,72,36,8,52,16,6,2,89,148,128,24,75,3,7,74,28,44,14,6,92,206,186,134,118,73,74,40,36,28,34,32,14,114,185,181,181,160,58,64,56,96,54,14,77,58,47,188,192,219,151,193,173,144,97,124,85,78,60,46,104,62,42,280,282,216,221,197,128,97,86,56,38,50,30,56,2,8,28,64,174,251,249,134,119,151,102,70,72,18,67,28,23,10,46,4,64,142,156,226,94,82,46,38,30,30,18,12,43,195,233,187,146,197,129,116,78,55,65,41,104,8,14,8,66,220,212,196,111,107,76,56,40,22,6,22,14,14,26,189,180,48,96,68,93,71,14,18,8,14,72,58,4,20,52,33,16,7,6,9,16,37,12,2,17,34,14,18,8,53,169,35,141,14,89,92,40,4,48,68,2,6,40,27,14,,,,,,,,,,,,,,
000172.bin,KittiDataset.__getitem__,True,kitti,conv4.0,176,200,5,10,10,6,18,20,1,176000,6685,0.03798295454545455,9532,600,360,257,103,0.7138888888888889,0,320,0.5333333333333333,92.54368932038835,26.477777777777778,0:257;1:1;2:3;4:2;5:1;7:1;8:4;9:1;10:2;11:1;12:2;16:1;18:2;19:1;21:1;22:1;25:1;27:1;28:1;30:1;31:1;32:3;38:2;43:1;46:1;49:2;54:2;55:1;59:1;60:2;62:2;65:1;67:1;68:1;69:1;70:1;71:1;78:1;79:1;85:1;87:1;88:2;90:1;92:1;93:1;98:1;109:1;111:1;114:3;119:1;120:1;121:1;122:1;124:2;129:2;134:1;135:1;137:1;142:1;143:1;144:2;150:1;154:1;158:1;160:1;168:1;169:1;172:2;184:1;192:1;193:1;211:2;226:1;258:1;262:1;285:1;288:2;291:1;320:1,8,28,30,18,25,49,54,62,168,172,87,90,70,93,111,85,22,19,21,12,10,2,32,154,258,211,160,124,211,169,69,62,27,5,60,32,32,18,142,288,288,262,172,134,114,129,54,46,10,8,8,79,285,320,291,226,144,144,124,88,92,49,59,12,68,184,192,129,71,114,119,121,98,158,120,67,31,4,78,109,122,193,150,114,137,135,143,88,65,43,7,1,16,55,60,38,38,8,11,4,2,9,2,,,,,,,,,,,,,,,,,,,,,,,,,,,,,,,,,,,,,,,,,,,,,,,,,,,,,,,,,,,,,,,,,,,,,,,,,,,,,,,,,,,,,,,,,,,,,,,,,,,,,,,,,,,,,,,,,,,,,,,,,,,,,,
000173.bin,KittiDataset.__getitem__,True,kitti,conv4.0,176,200,5,10,10,6,18,20,1,176000,5393,0.030642045454545453,7659,600,360,282,78,0.7833333333333333,0,322,0.5366666666666666,98.1923076923077,21.275,0:282;3:1;4:1;6:2;8:1;12:1;14:4;16:3;18:1;19:1;21:1;22:2;23:1;25:1;28:1;29:1;31:1;34:1;36:2;38:1;39:1;42:2;44:2;46:1;47:1;50:1;52:1;61:1;65:1;73:1;78:3;80:1;81:1;84:1;86:1;87:1;96:1;98:1;100:2;134:1;145:1;154:1;155:1;162:2;165:1;169:1;170:1;171:1;173:1;175:1;180:1;187:1;188:1;191:1;200:1;216:1;217:1;219:1;223:1;244:1;263:1;289:1;296:1;313:1;322:1,6,44,28,12,16,22,16,78,38,29,22,50,42,78,42,52,98,18,16,61,100,154,216,145,100,80,84,86,36,44,34,6,4,46,180,296,289,219,169,173,134,96,73,14,23,175,244,313,200,162,171,191,155,78,65,47,14,39,223,217,170,162,165,36,25,21,14,3,87,322,263,187,31,81,188,14,19,8,,,,,,,,,,,,,,,,,,,,,,,,,,,,,,,,,,,,,,,,,,,,,,,,,,,,,,,,,,,,,,,,,,,,,,,,,,,,,,,,,,,,,,,,,,,,,,,,,,,,,,,,,,,,,,,,,,,,,,,,,,,,,,,,,,,,,,,,,,,,,,,,,,,,,,,
000174.bin,KittiDataset.__getitem__,True,kitti,conv4.0,176,200,5,10,10,6,18,20,1,176000,6757,0.038392045454545456,9602,600,360,274,86,0.7611111111111111,0,333,0.555,111.65116279069767,26.67222222222222,0:274;4:2;8:3;10:1;11:1;12:2;15:1;16:2;18:2;20:1;24:1;25:1;26:1;27:1;30:2;33:2;39:1;40:1;41:1;48:1;49:1;51:1;52:2;54:2;58:1;59:1;63:1;65:2;66:1;74:2;77:1;78:1;80:2;82:1;86:1;91:1;93:1;97:1;105:1;125:2;126:1;134:1;135:2;139:1;142:1;143:1;146:1;171:1;174:2;175:1;190:1;191:1;194:1;197:1;206:1;221:1;225:1;238:1;246:1;252:1;262:1;265:1;266:1;270:1;276:1;280:1;282:1;285:1;294:1;304:1;333:1,4,18,16,8,16,20,12,65,30,30,26,54,33,41,74,105,48,12,52,39,142,8,54,125,59,10,18,52,49,65,27,11,135,97,25,40,77,93,125,58,51,174,175,33,80,139,194,146,78,276,221,86,134,143,252,82,4,15,174,262,197,225,206,171,190,63,191,280,282,238,265,135,24,246,294,304,266,66,74,270,333,285,80,91,126,8,,,,,,,,,,,,,,,,,,,,,,,,,,,,,,,,,,,,,,,,,,,,,,,,,,,,,,,,,,,,,,,,,,,,,,,,,,,,,,,,,,,,,,,,,,,,,,,,,,,,,,,,,,,,,,,,,,,,,,,,,,,,,,,,,,,,,,,,,,,,,,,
000175.bin,KittiDataset.__getitem__,True,kitti,conv4.0,176,200,5,10,10,6,18,20,1,176000,5982,0.03398863636363637,8570,600,360,265,95,0.7361111111111112,0,301,0.5016666666666667,90.21052631578948,23.805555555555557,0:265;2:1;4:3;6:3;14:2;15:1;16:3;18:2;19:1;20:2;22:1;23:1;28:1;32:1;36:3;38:1;40:2;42:1;43:1;44:1;45:1;47:1;48:2;49:1;50:1;51:1;53:1;54:1;56:1;58:1;60:1;61:1;62:2;64:1;68:1;72:1;74:1;75:1;76:2;78:1;83:2;85:2;91:2;94:2;98:1;99:1;106:1;107:1;109:1;111:1;125:1;136:1;138:1;149:1;154:3;155:1;156:2;157:2;159:1;176:1;184:1;190:1;192:1;198:1;205:1;221:1;234:1;240:1;264:1;270:1;271:1;273:1;301:1,14,56,47,48,136,76,98,157,301,111,109,6,156,273,240,234,264,205,221,156,83,74,83,48,19,20,23,36,16,40,154,154,138,91,94,85,62,68,75,107,91,94,16,106,51,44,43,190,270,271,157,154,125,99,85,32,36,18,49,62,18,40,198,184,50,192,155,176,149,78,60,72,61,45,36,28,20,76,38,159,54,4,14,58,53,42,64,6,22,15,4,16,6,4,2,,,,,,,,,,,,,,,,,,,,,,,,,,,,,,,,,,,,,,,,,,,,,,,,,,,,,,,,,,,,,,,,,,,,,,,,,,,,,,,,,,,,,,,,,,,,,,,,,,,,,,,,,,,,,,,,,,,,,,,,,,,,,,,,,,,,,,
000176.bin,KittiDataset.__getitem__,True,kitti,conv4.0,176,200,5,10,10,6,18,20,1,176000,5759,0.03272159090909091,8467,600,360,278,82,0.7722222222222223,0,367,0.6116666666666667,103.2560975609756,23.519444444444446,0:278;2:1;3:1;4:1;6:3;8:2;14:2;15:2;17:1;18:1;20:1;21:2;24:1;25:1;29:1;35:1;36:1;37:1;38:1;39:1;43:1;44:1;45:1;49:2;53:2;54:2;56:1;57:1;60:1;63:1;65:1;66:2;81:2;86:1;87:1;90:1;94:2;98:1;100:1;102:1;106:1;114:1;116:1;121:1;123:1;126:1;128:1;134:1;139:1;150:1;151:1;162:1;176:1;178:1;182:1;197:1;198:1;199:1;200:1;203:1;220:1;239:1;249:1;260:1;268:1;271:2;311:1;320:1;337:1;367:1,35,49,15,2,39,21,17,66,81,45,126,199,21,63,57,65,24,8,20,44,6,38,100,311,337,198,102,182,81,56,54,43,116,90,60,66,8,36,151,220,268,271,197,178,139,98,123,162,134,87,37,6,4,106,271,320,239,203,176,128,121,53,54,14,14,94,249,367,200,260,150,86,49,29,114,53,94,15,18,25,3,6,,,,,,,,,,,,,,,,,,,,,,,,,,,,,,,,,,,,,,,,,,,,,,,,,,,,,,,,,,,,,,,,,,,,,,,,,,,,,,,,,,,,,,,,,,,,,,,,,,,,,,,,,,,,,,,,,,,,,,,,,,,,,,,,,,,,,,,,,,,,,,,,,,,
000177.bin,KittiDataset.__getitem__,True,kitti,conv4.0,176,200,5,10,10,6,18,20,1,176000,8593,0.04882386363636364,12307,600,360,228,132,0.6333333333333333,0,304,0.5066666666666667,93.23484848484848,34.18611111111111,0:228;4:6;6:1;7:1;8:3;9:1;10:3;12:5;14:2;16:5;19:2;20:3;21:2;22:1;24:4;26:1;28:1;34:3;36:2;37:1;38:2;44:1;46:2;47:1;50:1;51:1;52:3;53:1;55:1;58:1;60:1;63:1;64:2;65:1;69:1;70:1;72:3;79:2;81:1;82:1;84:2;85:1;86:1;88:2;89:2;90:1;93:1;94:3;95:1;97:1;98:1;101:3;102:1;107:1;108:1;113:1;114:1;122:1;133:1;134:1;146:1;151:1;169:1;175:1;181:1;183:1;187:1;191:1;197:1;209:1;215:1;224:1;229:1;243:1;249:1;259:1;264:1;265:1;270:1;272:1;276:1;279:1;280:1;281:1;282:1;288:1;294:1;295:1;300:1;304:1,7,16,28,38,4,12,8,12,24,6,14,4,94,64,50,36,81,279,243,215,151,134,98,97,53,60,82,21,114,265,300,295,187,95,122,88,72,46,36,12,16,10,64,38,72,280,304,270,197,175,108,102,84,79,84,79,24,93,113,34,24,52,272,282,259,264,183,107,101,209,191,94,72,19,89,281,288,276,294,94,16,16,51,26,34,22,8,58,229,224,249,169,181,101,70,20,4,20,44,146,133,55,14,89,46,19,8,85,37,86,10,52,52,69,101,47,34,65,20,4,16,24,12,63,21,9,90,4,88,12,10,4,,,,,,,,,,,,,,,,,,,,,,,,,,,,,,,,,,,,,,,,,,,,,,,,,,,,,,,,,,,,,,,,,,,,,,,,,,,,,,,,,,,,,,,,,,,,,,,,,
000178.bin,KittiDataset.__getitem__,True,kitti,conv4.0,176,200,5,10,10,6,18,20,1,176000,7284,0.04138636363636364,10270,600,360,238,122,0.6611111111111111,0,285,0.475,84.18032786885246,28.52777777777778,0:238;1:1;2:4;4:5;5:1;7:1;10:1;14:2;16:1;18:2;20:2;24:1;26:2;32:4;34:3;35:1;36:2;38:1;39:2;40:2;41:1;43:2;44:2;45:1;48:1;49:1;50:1;51:3;53:1;54:1;56:1;57:2;58:3;59:1;60:2;62:2;65:1;68:3;70:2;72:2;73:1;74:3;76:1;77:1;88:1;92:1;94:1;96:1;98:1;101:1;102:1;106:1;107:1;108:1;112:1;113:1;114:1;115:1;116:1;123:1;128:1;129:1;137:1;143:1;145:2;152:1;153:1;155:1;160:1;170:1;173:1;178:1;181:1;182:1;183:1;184:1;189:1;190:1;202:1;206:1;210:1;232:1;235:1;236:1;266:1;270:1;271:1;285:1,10,18,18,4,2,2,7,5,1,36,94,74,181,155,123,57,58,92,49,39,2,35,34,40,32,14,26,183,235,206,270,173,115,70,73,102,48,39,20,14,4,2,128,271,285,236,184,152,112,68,56,50,59,24,51,232,266,182,145,106,202,137,98,60,74,43,62,4,54,20,70,190,178,170,129,210,108,96,72,72,74,88,45,32,57,34,26,60,145,189,116,62,65,143,107,44,43,32,32,41,16,58,153,51,38,51,77,160,58,40,4,44,114,113,76,34,68,101,53,68,36,4,,,,,,,,,,,,,,,,,,,,,,,,,,,,,,,,,,,,,,,,,,,,,,,,,,,,,,,,,,,,,,,,,,,,,,,,,,,,,,,,,,,,,,,,,,,,,,,,,,,,,,,,,,,
000179.bin,KittiDataset.__getitem__,True,kitti,conv4.0,176,200,5,10,10,6,18,20,1,176000,10663,0.06058522727272727,15524,600,360,215,145,0.5972222222222222,0,386,0.6433333333333333,107.06206896551724,43.12222222222222,0:215;1:1;2:1;4:7;5:1;8:4;10:2;12:2;14:4;16:2;18:3;20:2;23:1;25:1;26:1;30:4;32:2;33:1;34:1;38:1;40:2;42:4;43:1;46:2;48:1;50:1;52:1;53:1;54:2;55:1;56:2;58:1;62:1;64:1;66:1;68:2;70:1;71:2;72:1;74:3;76:1;78:1;80:1;88:1;90:1;92:2;94:2;98:1;100:2;101:1;102:1;104:1;105:1;106:1;110:2;112:2;118:2;121:1;123:1;130:1;132:2;133:1;137:1;138:1;144:1;145:1;146:1;150:1;154:1;156:2;169:1;176:1;186:1;193:2;194:1;195:1;206:1;208:1;212:1;215:1;219:1;221:1;235:1;236:2;238:1;250:1;252:1;254:1;262:1;268:1;274:2;276:1;280:1;288:3;293:1;303:1;311:1;324:1;334:1;386:1,54,105,100,74,78,70,53,42,10,121,132,71,94,145,194,133,71,14,4,14,110,156,123,112,74,88,92,48,1,30,132,154,118,104,76,20,20,68,212,236,238,219,94,18,14,8,23,4,8,12,80,254,274,262,334,324,221,195,156,90,100,50,40,16,14,8,62,274,288,293,193,98,64,58,42,30,18,4,56,280,288,276,169,106,46,42,42,38,26,32,10,12,72,268,288,250,186,146,112,118,102,66,56,32,46,30,33,74,40,68,193,252,235,215,206,208,176,130,137,150,144,138,110,101,30,52,386,311,303,236,92,55,18,4,25,43,34,54,4,4,8,16,2,5,4,,,,,,,,,,,,,,,,,,,,,,,,,,,,,,,,,,,,,,,,,,,,,,,,,,,,,,,,,,,,,,,,,,,,,,,,,,,,,,,,,,,,
000180.bin,KittiDataset.__getitem__,True,kitti,conv4.0,176,200,5,10,10,6,18,20,1,176000,9634,0.054738636363636364,13603,600,360,193,167,0.5361111111111111,0,288,0.48,81.45508982035928,37.78611111111111,0:193;2:3;3:1;4:8;6:3;8:6;9:1;10:5;12:5;13:1;14:4;15:1;16:4;17:1;18:3;19:1;20:1;21:1;22:1;24:3;25:1;26:1;27:2;28:2;29:1;36:2;37:1;38:1;39:1;41:1;43:2;44:3;46:2;50:1;52:2;54:1;55:1;56:2;58:4;59:1;60:1;62:3;64:1;65:1;66:1;67:2;70:1;71:1;72:1;73:1;76:3;77:3;80:2;81:1;88:1;90:1;91:1;92:1;94:2;98:1;104:1;106:1;109:1;114:1;117:1;125:1;126:1;128:1;130:1;132:2;134:1;135:1;136:2;137:1;139:1;140:2;142:1;143:1;144:1;145:1;146:2;150:1;155:1;160:1;161:1;169:1;172:1;179:1;183:2;190:1;191:1;212:1;213:2;221:1;232:2;237:1;241:1;243:1;246:1;254:1;272:1;274:1;276:1;282:1;288:2,37,6,17,9,2,2,2,4,19,12,22,18,10,10,10,52,12,20,4,18,4,71,4,16,25,12,24,28,24,65,183,190,160,169,155,94,104,66,91,70,67,52,29,12,16,98,274,282,272,243,132,90,73,132,14,59,44,54,43,24,130,288,288,276,246,212,146,134,139,76,76,38,77,39,46,36,26,76,237,254,232,172,126,106,62,58,62,8,10,8,4,8,4,55,221,213,191,183,150,144,140,94,80,50,8,8,58,14,8,60,213,146,128,142,140,92,58,117,10,67,12,36,6,13,16,114,241,232,143,125,135,77,41,56,15,21,14,6,27,81,109,161,137,179,58,27,28,145,136,136,44,80,56,64,4,44,16,77,62,72,18,46,4,3,88,14,43,,,,,,,,,,,,,,,,,,,,,,,,,,,,,,,,,,,,,,,,,,,,,,,,,,,,,,,,,,,,,,
000181.bin,KittiDataset.__getitem__,True,kitti,conv4.0,176,200,5,10,10,6,18,20,1,176000,7228,0.041068181818181816,10009,600,360,201,159,0.5583333333333333,0,288,0.48,62.9496855345912,27.802777777777777,0:201;1:1;2:3;3:1;4:9;5:1;6:3;7:1;8:9;10:6;12:2;14:5;16:4;18:3;20:5;21:1;22:3;24:4;25:1;26:1;27:1;28:2;29:2;30:2;32:2;33:1;34:1;36:2;37:1;38:1;39:2;40:3;41:3;42:2;44:2;46:1;49:1;51:4;54:2;56:2;59:1;60:2;61:1;63:2;66:2;67:1;69:2;72:2;74:1;76:1;77:1;78:1;79:1;84:2;85:1;86:1;87:1;89:1;91:2;95:1;102:1;106:1;110:1;111:1;120:1;125:1;126:1;127:1;132:1;141:1;142:1;144:1;149:1;152:1;155:1;158:1;167:1;170:1;186:1;200:1;206:2;209:1;225:1;226:1;233:1;239:1;259:1;260:1;281:1;286:1;288:1,6,14,29,78,4,67,74,32,2,4,36,5,39,46,20,40,28,91,40,106,59,10,22,132,4,8,110,41,18,8,8,8,111,152,141,61,16,12,4,41,142,25,20,56,8,8,39,76,125,149,85,72,91,77,4,16,29,89,42,63,37,69,14,167,259,226,209,206,200,84,60,54,60,26,127,4,27,144,286,288,260,206,170,158,120,66,66,22,72,34,24,16,84,281,233,239,155,126,102,63,79,20,51,51,44,10,16,51,38,42,10,20,4,14,2,1,7,14,18,6,6,51,69,225,186,49,24,95,86,14,30,32,10,30,36,12,54,24,20,33,87,3,4,24,44,8,10,28,41,18,40,10,56,22,8,8,4,21,2,,,,,,,,,,,,,,,,,,,,,,,,,,,,,,,,,,,,,,,,,,,,,,,,,,,,,,,,,,,,,,,,,,,,,,
000182.bin,KittiDataset.__getitem__,True,kitti,conv4.0,176,200,5,10,10,6,18,20,1,176000,5010,0.02846590909090909,7134,600,360,293,67,0.8138888888888889,0,396,0.66,106.4776119402985,19.816666666666666,0:293;4:4;5:1;8:1;14:1;15:1;16:1;17:1;19:1;22:2;23:2;24:1;27:2;29:1;38:1;44:1;48:1;49:1;51:1;53:1;54:1;55:1;59:1;60:1;66:1;69:1;72:2;82:1;90:1;92:1;94:1;99:1;100:1;105:1;109:1;110:1;111:1;114:1;116:1;122:1;131:1;132:1;138:1;141:1;143:1;152:1;155:1;157:1;179:1;190:1;217:1;220:1;234:1;245:1;267:1;278:1;300:1;319:1;345:1;354:1;396:1,4,4,15,38,92,190,157,16,4,22,131,5,23,23,27,234,245,278,300,267,141,100,110,138,60,51,17,122,220,319,217,155,114,94,44,29,22,143,345,354,59,27,69,54,19,72,99,179,72,116,396,90,111,82,152,109,132,14,49,55,66,4,105,53,8,24,48,,,,,,,,,,,,,,,,,,,,,,,,,,,,,,,,,,,,,,,,,,,,,,,,,,,,,,,,,,,,,,,,,,,,,,,,,,,,,,,,,,,,,,,,,,,,,,,,,,,,,,,,,,,,,,,,,,,,,,,,,,,,,,,,,,,,,,,,,,,,,,,,,,,,,,,,,,,,,,,,,,
000183.bin,KittiDataset.__getitem__,True,kitti,conv4.0,176,200,5,10,10,6,18,20,1,176000,5381,0.030573863636363635,7827,600,360,272,88,0.7555555555555555,0,325,0.5416666666666666,88.94318181818181,21.741666666666667,0:272;1:1;2:3;4:6;5:2;6:2;8:3;10:2;12:2;17:2;20:1;21:1;24:1;25:1;33:1;34:1;36:1;38:1;40:1;41:1;42:1;46:2;58:1;62:1;63:1;64:2;66:1;72:3;73:1;74:1;75:2;77:1;78:1;86:1;88:1;89:2;93:1;94:2;99:1;110:1;117:1;120:1;127:1;128:1;138:1;142:1;146:1;152:1;155:1;157:1;158:1;162:2;167:1;176:1;188:1;200:1;204:1;206:1;215:1;217:1;218:1;252:1;260:1;269:1;277:1;301:1;325:1,8,10,1,4,4,2,21,20,4,2,215,155,41,120,138,40,8,8,25,73,64,6,17,2,4,5,10,36,217,301,218,260,142,157,75,66,63,99,33,38,12,34,4,12,117,277,269,252,200,146,94,64,72,72,88,74,86,6,62,325,162,204,206,188,162,152,158,167,176,72,46,17,78,42,24,89,93,58,77,127,128,110,94,89,46,5,75,4,,,,,,,,,,,,,,,,,,,,,,,,,,,,,,,,,,,,,,,,,,,,,,,,,,,,,,,,,,,,,,,,,,,,,,,,,,,,,,,,,,,,,,,,,,,,,,,,,,,,,,,,,,,,,,,,,,,,,,,,,,,,,,,,,,,,,,,,,,,,,
000184.bin,KittiDataset.__getitem__,True,kitti,conv4.0,176,200,5,10,10,6,18,20,1,176000,8572,0.04870454545454545,12550,600,360,228,132,0.6333333333333333,0,310,0.5166666666666667,95.07575757575758,34.861111111111114,0:228;2:4;4:3;6:1;7:1;8:5;11:1;12:4;14:1;16:1;18:3;20:2;21:1;22:1;24:1;26:1;28:1;31:1;35:1;36:2;39:1;40:1;41:1;42:1;43:1;44:2;46:1;48:1;50:1;51:2;52:1;53:1;54:2;56:2;57:1;58:2;60:2;61:1;62:1;64:1;66:1;67:1;68:1;69:1;71:1;72:1;79:1;84:1;88:3;89:1;90:1;91:2;93:1;94:1;95:1;96:2;100:1;101:1;103:1;104:2;106:1;107:1;108:1;109:1;110:1;111:2;117:1;119:1;121:1;130:2;135:1;137:2;145:2;146:1;147:1;148:1;155:1;161:1;163:1;165:1;166:1;169:1;174:1;176:1;185:1;213:1;226:1;227:1;229:1;230:1;239:1;250:1;263:1;270:1;273:1;278:1;280:1;286:1;290:1;298:1;309:1;310:1,12,36,8,11,20,69,66,88,110,4,44,48,12,71,6,67,16,31,14,8,53,145,176,95,101,60,28,121,106,42,56,39,61,12,90,310,309,250,239,165,88,52,64,155,147,93,36,51,18,96,286,290,278,226,169,104,88,54,109,58,89,22,54,270,280,230,166,146,104,72,68,56,50,4,26,51,21,57,213,229,174,130,111,117,145,108,100,46,40,4,137,111,35,43,227,298,273,263,185,137,84,58,24,18,8,60,130,41,79,107,91,163,91,119,62,2,148,161,135,94,18,2,8,12,20,2,2,103,96,7,44,8,,,,,,,,,,,,,,,,,,,,,,,,,,,,,,,,,,,,,,,,,,,,,,,,,,,,,,,,,,,,,,,,,,,,,,,,,,,,,,,,,,,,,,,,,,,,,,,,,
000185.bin,KittiDataset.__getitem__,True,kitti,conv4.0,176,200,5,10,10,6,18,20,1,176000,5586,0.031738636363636365,7967,600,360,274,86,0.7611111111111111,0,304,0.5066666666666667,92.63953488372093,22.130555555555556,0:274;2:1;4:4;5:1;7:1;8:2;12:1;13:1;15:1;21:1;22:2;23:1;24:1;29:2;30:2;31:1;34:1;35:1;36:1;37:1;40:1;41:1;42:1;45:1;46:1;47:1;54:2;58:1;59:1;63:1;66:2;68:1;70:1;73:1;77:2;80:2;82:1;83:1;84:1;87:1;89:2;92:2;94:2;95:1;96:1;98:1;120:1;126:1;127:1;137:1;138:2;143:1;155:1;160:1;163:1;172:1;174:1;175:1;177:1;179:1;192:1;194:2;199:1;201:1;222:1;232:1;248:1;251:1;274:1;302:1;304:1,30,47,23,15,4,22,45,89,40,24,82,222,94,37,84,54,92,66,5,77,179,7,89,199,127,304,143,194,194,120,63,4,46,41,21,137,58,174,274,175,232,177,138,68,80,83,96,77,98,42,13,29,192,302,248,160,138,80,155,163,126,87,54,31,30,12,2,59,251,201,92,172,94,8,70,35,66,73,95,22,29,8,36,34,4,4,,,,,,,,,,,,,,,,,,,,,,,,,,,,,,,,,,,,,,,,,,,,,,,,,,,,,,,,,,,,,,,,,,,,,,,,,,,,,,,,,,,,,,,,,,,,,,,,,,,,,,,,,,,,,,,,,,,,,,,,,,,,,,,,,,,,,,,,,,,,,,,
000186.bin,KittiDataset.__getitem__,True,kitti,conv4.0,176,200,5,10,10,6,18,20,1,176000,8907,0.050607954545454546,12780,600,360,221,139,0.6138888888888889,0,357,0.595,91.94244604316546,35.5,0:221;2:1;4:9;6:4;8:1;10:2;12:7;13:1;14:1;15:1;16:2;18:2;20:2;22:1;24:2;26:1;28:2;30:4;34:4;36:4;37:2;38:2;40:2;41:2;42:2;43:1;44:1;46:1;48:1;50:1;52:1;54:3;56:2;59:1;61:1;67:1;68:2;75:1;81:1;82:1;85:1;87:1;90:1;94:1;96:3;98:1;99:1;100:1;101:1;102:1;104:1;110:1;111:1;116:1;122:2;130:1;134:1;140:2;142:1;146:2;154:2;156:1;158:1;159:1;160:1;163:2;168:1;172:1;177:1;180:1;181:1;182:1;204:1;211:1;214:1;222:1;226:1;232:1;235:1;236:1;238:1;241:1;270:1;272:1;284:1;288:3;297:1;316:1;337:1;357:1,4,111,140,10,6,96,177,154,24,94,222,204,158,6,20,146,241,316,226,163,4,10,30,81,4,110,284,297,337,235,159,56,42,36,46,34,41,12,4,4,87,30,160,272,288,238,182,140,116,82,54,52,54,12,41,12,26,8,96,142,288,288,236,172,122,96,104,99,30,36,20,37,61,24,43,98,214,270,232,180,146,181,101,50,28,4,18,68,54,2,14,100,168,357,211,122,90,75,44,22,40,36,12,38,18,67,4,156,134,85,6,102,38,28,40,42,34,36,56,48,163,154,4,16,30,15,16,34,13,34,6,68,130,12,12,37,12,59,4,,,,,,,,,,,,,,,,,,,,,,,,,,,,,,,,,,,,,,,,,,,,,,,,,,,,,,,,,,,,,,,,,,,,,,,,,,,,,,,,,,,,,,,,,,
000187.bin,KittiDataset.__getitem__,True,kitti,conv4.0,176,200,5,10,10,6,18,20,1,176000,11339,0.06442613636363637,15896,600,360,205,155,0.5694444444444444,0,338,0.5633333333333334,102.55483870967743,44.15555555555556,0:205;1:1;2:2;4:3;6:2;8:9;10:3;11:1;12:2;14:3;16:3;17:1;19:2;20:3;21:1;24:2;26:1;27:1;28:1;30:2;31:1;32:1;33:1;34:4;36:1;38:2;40:2;41:2;45:1;48:3;50:2;52:2;53:1;54:1;55:1;58:2;64:1;66:1;67:1;68:1;69:2;70:2;71:1;72:2;75:1;80:1;83:1;84:2;86:1;96:2;99:1;102:1;103:1;107:1;114:1;116:1;118:1;125:1;129:1;130:1;133:1;134:1;136:1;139:1;142:1;146:1;147:1;149:2;150:1;152:1;155:1;159:1;164:2;169:1;170:1;171:1;173:1;176:1;180:1;181:2;186:1;190:1;191:2;194:2;201:1;209:1;215:1;222:2;224:1;225:1;226:1;232:1;233:1;237:1;240:2;251:2;252:1;261:1;264:1;268:1;270:1;272:1;277:1;281:1;286:1;295:2;338:1,55,41,72,19,1,54,71,33,10,34,66,8,11,36,20,2,4,80,17,8,130,142,14,30,8,8,40,103,16,12,96,232,169,48,10,2,86,16,31,171,176,251,215,34,8,75,58,64,224,186,180,237,272,149,68,27,170,67,41,286,295,226,134,240,225,209,149,129,222,173,19,4,8,8,45,268,277,222,152,150,191,116,107,114,84,48,30,34,32,14,28,252,270,240,164,96,102,70,52,40,52,48,38,10,53,264,251,194,164,147,133,139,125,99,84,72,50,20,50,16,8,70,281,295,155,118,69,69,146,261,194,83,24,34,38,14,20,26,181,190,233,136,201,181,338,21,6,6,58,191,159,24,4,12,8,,,,,,,,,,,,,,,,,,,,,,,,,,,,,,,,,,,,,,,,,,,,,,,,,,,,,,,,,,,,,,,,,,,,,,,,,,
000188.bin,KittiDataset.__getitem__,True,kitti,conv4.0,176,200,5,10,10,6,18,20,1,176000,5174,0.029397727272727273,7539,600,360,278,82,0.7722222222222223,0,386,0.6433333333333333,91.9390243902439,20.941666666666666,0:278;2:2;3:1;4:4;6:2;8:4;11:2;12:3;16:1;17:1;20:3;24:3;25:1;28:1;29:1;30:1;36:1;37:1;40:1;44:2;48:1;51:1;56:1;57:1;58:1;59:1;65:1;70:1;71:1;72:1;78:1;82:2;84:1;85:1;88:1;98:2;102:1;103:1;108:1;114:2;124:1;133:1;135:1;138:1;146:2;147:1;153:1;160:1;164:1;173:1;188:1;203:1;215:1;218:1;224:1;231:1;282:1;291:1;294:1;301:1;308:1;333:1;386:1,8,11,3,4,51,57,8,12,11,8,6,78,114,133,88,98,147,203,124,103,82,4,6,4,8,71,386,308,138,153,146,135,160,72,24,56,12,20,30,24,20,59,294,301,291,164,102,82,114,40,44,58,65,84,2,70,44,28,29,224,282,333,215,173,85,20,37,98,48,25,17,36,231,188,146,218,16,2,4,12,108,24,,,,,,,,,,,,,,,,,,,,,,,,,,,,,,,,,,,,,,,,,,,,,,,,,,,,,,,,,,,,,,,,,,,,,,,,,,,,,,,,,,,,,,,,,,,,,,,,,,,,,,,,,,,,,,,,,,,,,,,,,,,,,,,,,,,,,,,,,,,,,,,,,,,
000189.bin,KittiDataset.__getitem__,True,kitti,conv4.0,176,200,5,10,10,6,18,20,1,176000,5624,0.03195454545454546,8052,600,360,288,72,0.8,0,354,0.59,111.83333333333333,22.366666666666667,0:288;2:2;3:1;4:3;8:2;10:3;11:1;15:1;20:1;22:1;24:2;29:1;34:1;37:1;38:1;41:1;42:1;44:1;48:1;50:1;51:1;53:1;56:1;58:1;63:1;65:1;67:1;70:1;73:1;74:1;84:2;85:1;89:1;90:1;102:1;107:1;110:1;115:1;126:1;129:1;131:1;145:1;154:1;156:1;164:1;174:1;177:1;181:1;184:1;196:1;208:1;210:1;222:1;228:1;243:1;256:1;265:1;275:1;280:1;288:1;302:1;304:1;320:1;340:1;354:1,2,89,24,110,164,51,208,210,222,84,256,288,275,302,65,156,304,320,228,184,196,48,53,243,354,340,181,177,131,126,74,41,42,3,58,174,280,265,129,145,154,70,102,73,8,10,84,107,63,115,44,90,34,2,4,37,85,67,15,29,4,20,56,50,11,10,22,38,8,24,10,4,,,,,,,,,,,,,,,,,,,,,,,,,,,,,,,,,,,,,,,,,,,,,,,,,,,,,,,,,,,,,,,,,,,,,,,,,,,,,,,,,,,,,,,,,,,,,,,,,,,,,,,,,,,,,,,,,,,,,,,,,,,,,,,,,,,,,,,,,,,,,,,,,,,,,,,,,,,,,
000190.bin,KittiDataset.__getitem__,True,kitti,conv4.0,176,200,5,10,10,6,18,20,1,176000,4444,0.02525,6554,600,360,292,68,0.8111111111111111,0,369,0.615,96.38235294117646,18.205555555555556,0:292;1:1;2:2;3:1;4:3;7:1;8:3;10:2;12:1;14:1;18:1;20:1;22:1;24:1;25:1;26:1;29:1;31:1;33:1;36:2;43:1;50:2;54:1;55:1;56:2;60:1;62:1;64:1;66:1;75:1;78:2;85:1;89:1;90:1;91:1;93:1;98:1;101:1;104:1;106:1;112:1;125:1;141:1;166:1;168:1;179:1;181:1;189:1;205:1;216:1;256:1;269:1;279:1;284:1;300:1;308:1;348:1;358:1;369:1,4,14,10,8,78,189,125,90,89,78,54,26,8,22,216,256,284,348,279,101,56,31,18,33,29,36,166,369,308,181,112,75,56,64,50,85,93,24,66,25,4,98,358,300,269,205,104,91,106,141,55,60,20,36,2,4,62,168,179,43,7,12,2,8,3,1,50,10,,,,,,,,,,,,,,,,,,,,,,,,,,,,,,,,,,,,,,,,,,,,,,,,,,,,,,,,,,,,,,,,,,,,,,,,,,,,,,,,,,,,,,,,,,,,,,,,,,,,,,,,,,,,,,,,,,,,,,,,,,,,,,,,,,,,,,,,,,,,,,,,,,,,,,,,,,,,,,,,,
000191.bin,KittiDataset.__getitem__,True,kitti,conv4.0,176,200,5,10,10,6,18,20,1,176000,8048,0.04572727272727273,11677,600,360,243,117,0.675,0,376,0.6266666666666667,99.80341880341881,32.43611111111111,0:243;2:3;4:4;5:2;6:2;8:3;11:2;12:1;15:1;16:1;18:3;20:2;22:1;23:2;24:2;26:1;27:1;28:3;29:2;33:1;34:1;38:2;47:1;52:1;58:1;59:1;60:1;61:1;62:2;63:1;64:1;66:1;67:1;68:2;70:2;72:2;74:1;77:2;79:2;80:1;87:1;88:2;89:1;95:3;97:1;101:1;102:1;105:2;106:1;107:1;111:1;112:2;113:1;118:1;120:1;128:1;130:1;131:1;133:1;138:1;139:1;144:1;147:1;150:1;156:1;175:1;176:2;192:1;201:1;207:1;218:1;235:1;236:1;244:1;251:1;262:1;267:1;271:1;278:1;284:1;290:1;291:2;317:1;348:1;361:1;376:1,29,58,8,8,33,112,376,361,291,262,278,235,175,176,147,97,72,131,59,87,70,16,113,291,290,271,251,176,156,150,120,89,80,62,79,67,64,88,28,18,95,284,348,207,130,118,77,138,74,28,38,20,11,2,11,5,34,244,317,218,60,61,66,52,24,70,105,22,28,5,62,267,236,68,79,24,29,23,15,26,6,4,8,47,105,192,201,88,63,18,38,23,2,6,20,12,95,112,128,111,77,4,101,133,68,72,18,4,4,2,95,102,144,139,106,107,27,,,,,,,,,,,,,,,,,,,,,,,,,,,,,,,,,,,,,,,,,,,,,,,,,,,,,,,,,,,,,,,,,,,,,,,,,,,,,,,,,,,,,,,,,,,,,,,,,,,,,,,,,,,,,,,,
000192.bin,KittiDataset.__getitem__,True,kitti,conv4.0,176,200,5,10,10,6,18,20,1,176000,5768,0.03277272727272727,8324,600,360,269,91,0.7472222222222222,0,393,0.655,91.47252747252747,23.122222222222224,0:269;1:2;2:1;4:3;5:1;6:3;8:5;10:2;11:1;12:2;13:1;16:1;17:1;18:2;20:1;22:1;23:1;24:1;27:2;28:3;36:1;37:2;38:1;45:2;48:1;55:1;56:1;58:1;66:1;67:1;69:1;72:2;73:1;76:1;79:1;85:1;86:1;87:1;89:2;90:1;91:1;96:1;98:2;100:1;125:1;132:1;137:1;142:2;144:2;145:1;149:1;152:1;160:1;174:1;189:1;193:1;195:1;198:1;213:1;216:1;219:1;228:1;241:1;259:1;262:1;265:1;289:1;357:1;380:1;393:1,37,132,98,8,96,357,393,380,259,241,195,193,189,67,98,58,66,100,13,12,16,79,213,228,198,174,144,144,137,160,72,90,87,76,89,23,24,28,45,216,262,219,152,149,69,27,91,38,1,12,17,11,4,56,289,265,72,86,142,28,20,73,10,5,10,6,6,55,125,37,2,1,18,8,6,89,85,4,8,142,145,36,18,45,4,28,22,8,8,48,27,,,,,,,,,,,,,,,,,,,,,,,,,,,,,,,,,,,,,,,,,,,,,,,,,,,,,,,,,,,,,,,,,,,,,,,,,,,,,,,,,,,,,,,,,,,,,,,,,,,,,,,,,,,,,,,,,,,,,,,,,,,,,,,,,,,,,,,,,,
000193.bin,KittiDataset.__getitem__,True,kitti,conv4.0,176,200,5,10,10,6,18,20,1,176000,3343,0.01899431818181818,4836,600,360,300,60,0.8333333333333334,0,392,0.6533333333333333,80.6,13.433333333333334,0:300;1:1;2:2;3:1;4:4;5:1;6:1;7:1;8:11;10:3;12:1;14:1;16:3;20:1;24:1;26:1;34:2;39:1;44:1;46:1;48:1;52:1;71:1;74:1;76:1;84:1;85:1;96:1;100:1;116:1;170:1;198:1;224:1;266:1;271:1;277:1;310:1;329:1;332:1;376:1;388:1;392:1,24,8,8,16,8,4,16,8,96,170,48,8,8,10,4,4,16,8,84,332,277,100,3,6,52,271,388,198,34,8,5,10,2,1,14,266,376,224,34,26,12,7,2,71,310,392,116,74,329,85,39,76,46,10,8,44,20,8,8,4,,,,,,,,,,,,,,,,,,,,,,,,,,,,,,,,,,,,,,,,,,,,,,,,,,,,,,,,,,,,,,,,,,,,,,,,,,,,,,,,,,,,,,,,,,,,,,,,,,,,,,,,,,,,,,,,,,,,,,,,,,,,,,,,,,,,,,,,,,,,,,,,,,,,,,,,,,,,,,,,,,,,,,,,,
000194.bin,KittiDataset.__getitem__,True,kitti,conv4.0,176,200,5,10,10,6,18,20,1,176000,8497,0.048278409090909094,12197,600,360,230,130,0.6388888888888888,0,300,0.5,93.82307692307693,33.88055555555555,0:230;1:1;2:2;4:7;5:1;6:1;8:4;10:3;11:1;12:4;14:2;16:5;18:3;20:6;22:4;24:1;26:1;28:1;29:1;30:1;32:1;33:3;34:3;36:3;37:1;38:1;42:1;48:1;51:2;56:3;58:1;60:1;61:1;63:1;66:2;67:1;68:1;69:1;70:1;88:1;89:1;90:1;91:1;92:1;96:1;100:1;102:1;104:2;106:2;114:1;120:1;128:1;143:1;155:1;167:1;172:1;173:2;176:1;179:1;180:1;183:1;196:1;202:1;205:1;210:1;211:1;214:1;226:1;235:1;239:1;242:1;250:1;255:1;257:2;262:1;270:1;272:1;274:1;278:1;282:2;286:1;288:1;290:2;297:1;300:1,8,4,8,34,28,10,4,10,155,33,42,33,92,235,211,214,173,56,14,20,20,12,18,12,38,274,297,257,210,183,172,69,60,51,20,22,1,12,34,16,91,250,290,272,202,167,63,89,4,100,70,36,20,20,16,16,143,286,290,270,242,196,128,180,104,67,29,8,4,68,282,288,278,255,66,36,104,102,33,12,24,58,88,282,300,262,226,120,106,114,36,14,2,18,56,96,179,257,239,173,205,176,61,106,32,26,22,48,90,5,11,8,56,22,6,30,16,4,16,37,34,4,18,66,51,10,2,4,20,22,,,,,,,,,,,,,,,,,,,,,,,,,,,,,,,,,,,,,,,,,,,,,,,,,,,,,,,,,,,,,,,,,,,,,,,,,,,,,,,,,,,,,,,,,,,,,,,,,,,
000195.bin,KittiDataset.__getitem__,True,kitti,conv4.0,176,200,5,10,10,6,18,20,1,176000,10163,0.05774431818181818,14683,600,360,190,170,0.5277777777777778,0,412,0.6866666666666666,86.37058823529412,40.78611111111111,0:190;1:4;2:5;4:6;5:1;6:2;7:1;8:6;12:8;13:1;15:1;16:5;17:1;19:1;20:1;24:2;26:3;28:1;30:3;32:1;36:2;37:1;40:1;41:1;42:1;43:1;44:3;45:2;46:3;47:1;49:2;50:1;51:1;52:1;53:2;54:2;56:1;57:1;58:2;60:3;61:2;64:2;66:4;67:1;68:3;74:1;76:1;77:1;78:1;82:1;85:2;86:2;87:1;88:1;89:1;91:1;99:1;100:1;104:1;105:1;111:1;112:1;114:1;116:1;119:1;122:2;124:2;127:2;128:2;130:1;132:1;133:1;134:1;136:2;138:3;140:1;144:1;146:1;150:1;155:1;161:1;162:1;164:1;168:1;170:1;171:1;188:1;189:1;201:1;205:1;206:1;211:1;217:1;226:1;234:1;241:2;242:1;246:1;252:3;261:1;267:1;270:1;273:1;274:1;324:1;412:1,46,51,12,4,8,6,2,4,1,2,134,252,37,1,1,6,12,234,412,66,7,8,5,49,8,24,91,26,36,85,32,30,13,41,16,45,56,12,8,82,267,324,252,217,261,138,136,86,100,86,47,40,64,2,4,99,205,201,189,161,133,105,85,67,87,49,45,16,26,2,130,270,274,241,168,124,66,61,58,54,52,30,12,16,74,242,273,246,226,170,146,136,112,88,78,16,50,8,24,12,57,211,241,252,206,188,164,144,122,66,54,60,42,132,138,140,122,124,114,76,46,68,60,44,20,12,8,4,68,104,68,64,60,4,58,162,128,127,46,89,30,1,43,12,4,128,171,150,155,119,116,138,111,53,127,66,28,77,44,19,15,61,44,53,16,17,26,36,12,2,,,,,,,,,,,,,,,,,,,,,,,,,,,,,,,,,,,,,,,,,,,,,,,,,,,,,,,,,,,
000196.bin,KittiDataset.__getitem__,True,kitti,conv4.0,176,200,5,10,10,6,18,20,1,176000,6367,0.03617613636363636,9447,600,360,272,88,0.7555555555555555,0,345,0.575,107.35227272727273,26.241666666666667,0:272;2:2;4:4;5:1;6:1;8:2;11:1;14:1;18:1;20:3;24:1;29:1;31:2;36:2;37:1;39:1;40:1;42:1;46:1;55:1;56:1;57:1;60:1;63:2;68:1;69:2;76:2;83:1;88:1;90:1;91:2;96:2;100:3;101:1;104:1;111:2;112:1;121:1;123:1;124:1;127:1;138:1;140:1;143:1;146:1;150:3;151:1;153:1;158:1;160:1;161:1;164:1;170:1;176:1;177:1;183:1;186:1;193:1;208:1;209:1;245:1;249:1;250:1;253:1;256:1;257:1;261:1;308:1;335:1;345:1,100,39,2,4,158,56,63,111,60,31,4,8,36,69,161,40,20,76,83,46,209,257,76,96,121,57,63,186,261,176,146,153,164,91,100,96,55,68,88,8,11,18,208,308,335,345,245,183,138,69,37,31,36,4,5,42,6,20,14,160,250,253,256,150,90,177,249,170,127,100,104,91,112,140,20,24,2,111,124,151,150,150,143,193,123,101,29,4,,,,,,,,,,,,,,,,,,,,,,,,,,,,,,,,,,,,,,,,,,,,,,,,,,,,,,,,,,,,,,,,,,,,,,,,,,,,,,,,,,,,,,,,,,,,,,,,,,,,,,,,,,,,,,,,,,,,,,,,,,,,,,,,,,,,,,,,,,,,,
000197.bin,KittiDataset.__getitem__,True,kitti,conv4.0,176,200,5,10,10,6,18,20,1,176000,7739,0.04397159090909091,11008,600,360,209,151,0.5805555555555556,0,303,0.505,72.90066225165563,30.57777777777778,0:209;2:4;4:7;5:1;6:3;7:1;8:4;9:1;10:2;12:3;14:2;16:4;18:3;19:1;20:1;21:1;22:2;23:1;24:2;26:2;27:1;28:6;30:2;34:2;35:3;36:3;40:2;41:1;42:2;44:2;45:1;46:4;48:3;49:1;50:1;52:2;54:3;56:1;57:1;62:2;64:2;65:2;66:1;68:1;69:1;74:1;75:1;76:2;77:1;78:1;81:1;86:3;88:3;90:3;92:1;97:1;98:2;101:2;102:1;109:2;113:1;116:1;118:1;124:1;131:1;132:1;138:1;142:1;143:1;146:1;153:1;157:1;167:1;169:2;170:1;175:1;180:1;187:1;195:1;222:1;246:1;248:1;250:1;258:1;274:1;281:1;283:1;286:1;295:1;303:1,12,28,42,40,54,88,81,52,56,98,48,12,9,23,26,52,2,4,4,8,46,64,18,36,48,6,16,35,8,4,8,2,4,4,18,7,5,28,14,66,169,157,64,102,62,28,4,35,10,2,22,8,98,295,283,274,187,138,77,14,28,88,40,16,28,54,46,28,22,113,303,286,195,143,101,90,86,90,124,10,54,4,65,36,19,18,69,246,250,222,169,132,118,92,76,68,34,50,30,24,88,258,281,248,180,167,101,90,74,109,62,46,44,41,16,36,175,146,75,78,46,76,97,57,45,65,30,35,26,2,12,48,44,86,109,153,142,86,42,49,27,21,131,170,116,20,24,16,34,6,6,,,,,,,,,,,,,,,,,,,,,,,,,,,,,,,,,,,,,,,,,,,,,,,,,,,,,,,,,,,,,,,,,,,,,,,,,,,,,,
000198.bin,KittiDataset.__getitem__,True,kitti,conv4.0,176,200,5,10,10,6,18,20,1,176000,6007,0.03413068181818182,8297,600,360,286,74,0.7944444444444444,0,341,0.5683333333333334,112.12162162162163,23.04722222222222,0:286;2:2;4:3;5:1;6:1;8:3;10:3;12:1;16:1;17:1;18:1;20:1;23:2;34:2;35:1;36:1;40:2;44:1;46:1;50:1;51:1;53:1;54:1;56:1;58:1;60:1;62:1;70:1;72:2;86:2;91:1;95:1;96:1;123:1;137:1;144:1;147:1;154:1;166:1;177:1;181:1;192:1;194:1;200:1;201:3;215:1;217:1;233:1;235:1;240:1;245:1;262:1;268:2;271:1;272:1;278:1;283:1;296:1;324:1;341:1,2,6,10,36,40,23,23,95,72,268,268,12,17,233,324,283,34,62,4,40,10,18,2,201,296,341,271,245,181,201,144,91,46,10,8,215,278,262,194,166,137,147,240,217,34,4,35,272,192,200,177,96,72,86,154,235,50,58,201,86,54,51,4,16,60,123,70,8,8,56,53,20,44,5,,,,,,,,,,,,,,,,,,,,,,,,,,,,,,,,,,,,,,,,,,,,,,,,,,,,,,,,,,,,,,,,,,,,,,,,,,,,,,,,,,,,,,,,,,,,,,,,,,,,,,,,,,,,,,,,,,,,,,,,,,,,,,,,,,,,,,,,,,,,,,,,,,,,,,,,,,,
000199.bin,KittiDataset.__getitem__,True,kitti,conv4.0,176,200,5,10,10,6,18,20,1,176000,3334,0.018943181818181817,4832,600,360,297,63,0.825,0,395,0.6583333333333333,76.6984126984127,13.422222222222222,0:297;1:1;2:3;3:1;4:6;5:1;6:3;7:1;8:9;10:2;12:3;14:3;22:1;23:1;32:2;36:2;40:1;52:2;54:1;73:1;75:1;76:1;80:1;90:1;94:1;95:1;125:1;170:1;197:1;219:1;267:1;271:1;296:1;298:1;314:1;332:1;372:1;380:1;395:1,8,32,8,8,8,4,14,6,94,170,36,4,4,4,4,14,6,90,332,271,95,3,6,73,296,372,197,36,8,5,10,2,1,14,267,380,219,32,22,12,7,2,52,298,395,125,76,314,80,40,75,54,10,8,12,52,23,8,4,8,2,12,8,,,,,,,,,,,,,,,,,,,,,,,,,,,,,,,,,,,,,,,,,,,,,,,,,,,,,,,,,,,,,,,,,,,,,,,,,,,,,,,,,,,,,,,,,,,,,,,,,,,,,,,,,,,,,,,,,,,,,,,,,,,,,,,,,,,,,,,,,,,,,,,,,,,,,,,,,,,,,,,,,,,,,,
