file,stage,stride,spatial_shape_zyx,lidar_center_x,lidar_center_y,data_loader,fov_points_only,data_mode,max_voxels,total_voxels,non_empty_voxels,voxel_occupancy,voxel_sparsity,dist_0,dist_1,dist_2,dist_3,dist_4,dist_5,dist_6,dist_7,dist_8,dist_9,dist_10,dist_11,dist_12,dist_13,dist_14,dist_15,dist_16,dist_17,dist_18,dist_19,dist_20,dist_21,dist_22,dist_23,dist_24,dist_25,dist_26,dist_27,dist_28,dist_29,dist_30,dist_31,dist_32,dist_33,dist_34,dist_35,dist_36,dist_37,dist_38,dist_39,dist_40,dist_41,dist_42,dist_43,dist_44,dist_45,dist_46,dist_47,dist_48,dist_49,dist_50,dist_51,dist_52,dist_53,dist_54,dist_55,dist_56,dist_57,dist_58,dist_59,dist_60,dist_61,dist_62,dist_63,dist_64,dist_65,dist_66,dist_67,dist_68,dist_69,dist_70,dist_71,dist_72,dist_73,dist_74,dist_75,dist_76,dist_77,dist_78,dist_79,dist_80,dist_81,dist_82,dist_83,dist_84,dist_85,dist_86,dist_87,dist_88,dist_89,dist_90,dist_91,dist_92,dist_93,dist_94,dist_95,dist_96,dist_97,dist_98,dist_99,dist_100,dist_101,dist_102,dist_103,dist_104,dist_105,dist_106,dist_107,dist_108,dist_109,dist_110,dist_111,dist_112,dist_113,dist_114,dist_115,dist_116,dist_117,dist_118,dist_119,dist_120,dist_121,dist_122,dist_123,dist_124,dist_125,dist_126,dist_127,dist_128,dist_129,dist_130,dist_131,dist_132,dist_133,dist_134,dist_135,dist_136,dist_137,dist_138,dist_139,dist_140,dist_141,dist_142,dist_143,dist_144,dist_145,dist_146,dist_147,dist_148,dist_149,dist_150,dist_151,dist_152,dist_153,dist_154,dist_155,dist_156,dist_157,dist_158,dist_159,dist_160,dist_161,dist_162,dist_163,dist_164,dist_165,dist_166,dist_167,dist_168,dist_169,dist_170,dist_171,dist_172,dist_173,dist_174,dist_175,dist_176,dist_177,dist_178,dist_179,dist_180,dist_181,dist_182,dist_183,dist_184,dist_185,dist_186,dist_187,dist_188,dist_189,dist_190,dist_191,dist_192,dist_193,dist_194,dist_195,dist_196,dist_197,dist_198,dist_199,dist_200,dist_201,dist_202,dist_203,dist_204,dist_205,dist_206,dist_207,dist_208,dist_209,dist_210,dist_211,dist_212,dist_213,dist_214,dist_215,dist_216,dist_217,dist_218,dist_219,dist_220,dist_221,dist_222,dist_223,dist_224,dist_225,dist_226,dist_227,dist_228,dist_229,dist_230,dist_231,dist_232,dist_233,dist_234,dist_235,dist_236,dist_237,dist_238,dist_239,dist_240,dist_241,dist_242,dist_243,dist_244,dist_245,dist_246,dist_247,dist_248,dist_249,dist_250,dist_251,dist_252,dist_253,dist_254,dist_255,dist_256,dist_257,dist_258,dist_259,dist_260,dist_261,dist_262,dist_263,dist_264,dist_265,dist_266,dist_267,dist_268,dist_269,dist_270,dist_271,dist_272,dist_273,dist_274,dist_275,dist_276,dist_277,dist_278,dist_279,dist_280,dist_281,dist_282,dist_283,dist_284,dist_285,dist_286,dist_287,dist_288,dist_289,dist_290,dist_291,dist_292,dist_293,dist_294,dist_295,dist_296,dist_297,dist_298,dist_299,dist_300,dist_301,dist_302,dist_303,dist_304,dist_305,dist_306,dist_307,dist_308,dist_309,dist_310,dist_311,dist_312,dist_313,dist_314,dist_315,dist_316,dist_317,dist_318,dist_319,dist_320,dist_321,dist_322,dist_323,dist_324,dist_325,dist_326,dist_327,dist_328,dist_329,dist_330,dist_331,dist_332,dist_333,dist_334,dist_335,dist_336,dist_337,dist_338,dist_339,dist_340,dist_341,dist_342,dist_343,dist_344,dist_345,dist_346,dist_347,dist_348,dist_349,dist_350,dist_351,dist_352,dist_353,dist_354,dist_355,dist_356,dist_357,dist_358,dist_359,dist_360,dist_361,dist_362,dist_363,dist_364,dist_365,dist_366,dist_367,dist_368,dist_369,dist_370,dist_371,dist_372,dist_373,dist_374,dist_375,dist_376,dist_377,dist_378,dist_379,dist_380,dist_381,dist_382,dist_383,dist_384,dist_385,dist_386,dist_387,dist_388,dist_389,dist_390,dist_391,dist_392,dist_393,dist_394,dist_395,dist_396,dist_397,dist_398,dist_399,dist_400,dist_401,dist_402,dist_403,dist_404,dist_405,dist_406,dist_407,dist_408,dist_409,dist_410,dist_411,dist_412,dist_413,dist_414,dist_415,dist_416,dist_417,dist_418,dist_419,dist_420,dist_421,dist_422,dist_423,dist_424,dist_425,dist_426,dist_427,dist_428,dist_429,dist_430,dist_431,dist_432,dist_433,dist_434,dist_435,dist_436,dist_437,dist_438,dist_439,dist_440,dist_441,dist_442,dist_443,dist_444,dist_445,dist_446,dist_447,dist_448,dist_449,dist_450,dist_451,dist_452,dist_453,dist_454,dist_455,dist_456,dist_457,dist_458,dist_459,dist_460,dist_461,dist_462,dist_463,dist_464,dist_465,dist_466,dist_467,dist_468,dist_469,dist_470,dist_471,dist_472,dist_473,dist_474,dist_475,dist_476,dist_477,dist_478,dist_479,dist_480,dist_481,dist_482,dist_483,dist_484,dist_485,dist_486,dist_487,dist_488,dist_489,dist_490,dist_491,dist_492,dist_493,dist_494,dist_495,dist_496,dist_497,dist_498,dist_499,dist_500,dist_501,dist_502,dist_503,dist_504,dist_505,dist_506,dist_507,dist_508,dist_509,dist_510,dist_511,dist_512,dist_513,dist_514,dist_515,dist_516,dist_517,dist_518,dist_519,dist_520,dist_521,dist_522,dist_523,dist_524,dist_525,dist_526,dist_527,dist_528,dist_529,dist_530,dist_531,dist_532,dist_533,dist_534,dist_535,dist_536,dist_537,dist_538,dist_539,dist_540,dist_541,dist_542,dist_543,dist_544,dist_545,dist_546,dist_547,dist_548,dist_549,dist_550,dist_551,dist_552,dist_553,dist_554,dist_555,dist_556,dist_557,dist_558,dist_559,dist_560,dist_561,dist_562,dist_563,dist_564,dist_565,dist_566,dist_567,dist_568,dist_569,dist_570,dist_571,dist_572,dist_573,dist_574,dist_575,dist_576,dist_577,dist_578,dist_579,dist_580,dist_581,dist_582,dist_583,dist_584,dist_585,dist_586,dist_587,dist_588,dist_589,dist_590,dist_591,dist_592,dist_593,dist_594,dist_595,dist_596,dist_597,dist_598,dist_599,dist_600,dist_601,dist_602,dist_603,dist_604,dist_605,dist_606,dist_607,dist_608,dist_609,dist_610,dist_611,dist_612,dist_613,dist_614,dist_615,dist_616,dist_617,dist_618,dist_619,dist_620,dist_621,dist_622,dist_623,dist_624,dist_625,dist_626,dist_627,dist_628,dist_629,dist_630,dist_631,dist_632,dist_633,dist_634,dist_635,dist_636,dist_637,dist_638,dist_639,dist_640,dist_641,dist_642,dist_643,dist_644,dist_645,dist_646,dist_647,dist_648,dist_649,dist_650,dist_651,dist_652,dist_653,dist_654,dist_655,dist_656,dist_657,dist_658,dist_659,dist_660,dist_661,dist_662,dist_663,dist_664,dist_665,dist_666,dist_667,dist_668,dist_669,dist_670,dist_671,dist_672,dist_673,dist_674,dist_675,dist_676,dist_677,dist_678,dist_679,dist_680,dist_681,dist_682,dist_683,dist_684,dist_685,dist_686,dist_687,dist_688,dist_689,dist_690,dist_691,dist_692,dist_693,dist_694,dist_695,dist_696,dist_697,dist_698,dist_699,dist_700,dist_701,dist_702,dist_703
000000.bin,conv2,2,21x800x704,0,400,KittiDataset.__getitem__,True,kitti,15000,11827200,19290,0.0016309862012987013,0.9983690137987012,0,0,0,0,0,0,0,0,0,0,0,0,0,0,0,0,0,0,0,0,0,0,0,0,0,0,0,0,0,0,0,0,0,0,0,0,0,0,0,0,0,0,0,0,0,0,0,0,0,0,0,0,0,0,0,31,45,30,5,2,0,0,0,0,0,14,28,26,20,23,11,8,15,24,37,31,36,40,33,36,44,51,47,56,71,76,109,126,130,103,62,73,81,65,47,62,61,60,65,71,67,73,119,146,169,178,156,153,176,163,188,210,172,195,200,223,309,403,511,490,484,398,307,285,273,295,334,319,262,246,245,258,311,334,348,323,285,262,260,259,227,260,223,206,213,232,248,245,239,183,141,178,247,256,255,215,233,218,149,93,51,46,40,63,105,105,118,73,35,32,48,54,16,9,21,67,67,34,128,254,226,103,142,214,113,48,28,16,11,13,10,8,8,1,1,0,0,0,0,0,0,2,7,5,8,5,32,40,19,13,17,4,4,4,8,5,2,6,4,4,6,8,8,7,8,8,2,2,1,1,0,0,2,2,0,0,0,0,0,0,0,0,0,0,0,0,0,0,0,0,0,0,2,1,6,4,3,5,1,6,5,8,6,4,2,0,0,0,0,4,4,0,0,0,0,0,0,0,0,0,0,0,0,0,0,0,2,4,0,0,0,0,0,0,0,0,0,0,0,0,0,0,0,0,0,0,0,0,0,0,0,0,0,0,0,0,4,4,0,0,0,0,0,0,0,0,0,0,0,0,0,0,0,0,0,0,0,0,0,0,0,0,0,0,0,0,0,0,0,0,0,0,0,0,0,0,0,0,0,0,0,0,0,0,0,0,0,0,0,0,0,0,0,0,0,0,0,0,0,0,0,0,0,0,0,0,0,0,0,0,0,2,2,0,0,0,0,0,0,0,9,13,4,1,0,0,0,0,0,0,0,0,0,0,0,0,0,0,0,0,0,0,0,0,0,0,0,0,0,0,0,0,0,0,0,0,0,0,0,0,0,0,0,0,0,0,0,0,0,0,0,0,0,0,0,0,0,0,0,0,0,6,2,0,0,0,0,0,0,0,0,0,0,0,0,0,0,0,0,0,0,0,0,0,0,0,0,0,0,0,0,0,0,2,0,0,0,0,0,0,0,0,0,0,0,0,0,0,0,0,2,3,0,2,0,0,0,0,0,0,0,0,0,0,0,0,0,0,0,0,0,0,0,0,0,0,0,0,0,0,0,0,0,0,0,0,0,0,0,0,0,0,0,0,0,0,0,0,0,0,0,0,0,0,0,0,0,0,0,0,0,0,0,0,0,0,0,0,0,0,0,0,0,0,0,0,0,0,0,0,0,0,0,0,0,2,0,4,4,0,0,0,0,0,0,0,0,0,0,0,0,0,0,0,0,0,0,0,0,0,0,0,0,0,0,0,0,0,0,0,0,0,0,0,0,0,0,0,0,0,0,0,0,0,0,0,0,0,0,0,0,0,0,0,0,0,0,0,0,0,0,0,0,0,0,0,0,0,0,0,0,0,0,0,0,0,0,0,0,0,0,0,0,0,0,0,0,0,0,0,0,0,0,0,0,0,0,0,0,0,0,0,0,0
000001.bin,conv2,2,21x800x704,0,400,KittiDataset.__getitem__,True,kitti,15000,11827200,29804,0.002519954004329004,0.997480045995671,0,0,0,0,0,0,0,0,0,0,0,0,0,0,0,0,0,0,0,0,0,0,0,0,0,0,0,0,0,0,0,0,0,0,0,0,0,0,0,0,0,0,0,0,0,0,0,0,0,0,6,6,5,15,20,19,23,21,20,20,20,19,21,30,36,50,63,81,80,99,136,128,131,134,184,150,167,159,128,152,147,117,151,141,103,134,106,94,104,110,122,160,144,105,113,155,134,117,142,127,101,126,138,160,145,118,120,127,154,186,161,127,140,169,164,164,205,209,229,223,162,150,181,205,213,151,185,228,226,158,149,146,161,145,153,157,124,113,137,139,158,145,123,129,124,129,160,144,121,130,124,122,164,140,114,112,95,84,84,91,99,110,65,60,63,75,110,89,80,120,117,86,84,85,73,71,70,87,86,102,64,46,56,72,45,52,70,73,63,78,88,78,69,51,73,61,48,63,99,103,72,52,71,61,58,68,62,62,60,68,52,67,91,122,96,71,74,84,105,75,87,100,45,70,98,100,74,59,73,101,96,59,50,52,49,44,31,31,35,35,58,71,87,139,122,76,68,65,49,44,45,51,42,32,42,40,78,103,94,67,65,56,50,43,30,47,111,136,88,25,25,20,36,26,18,16,17,19,37,32,43,22,26,10,16,19,40,93,91,56,16,20,29,42,37,31,28,48,57,46,43,47,61,86,60,39,28,33,42,34,24,45,62,97,93,101,69,67,49,41,49,40,47,47,41,60,59,41,46,62,75,75,52,39,40,45,48,24,29,31,31,49,38,32,63,84,38,40,44,36,44,46,47,40,34,27,40,52,42,47,52,39,16,30,34,33,64,55,33,28,31,36,43,32,38,31,19,30,20,24,50,62,62,41,49,56,29,32,26,28,21,17,20,23,23,21,22,11,8,17,31,29,27,20,29,46,85,67,44,7,27,26,18,12,10,23,14,17,5,3,12,26,16,21,15,10,4,2,14,11,7,8,13,11,14,5,5,4,23,31,33,30,21,24,25,37,38,16,20,41,53,31,18,22,41,44,41,35,50,38,35,15,17,40,11,14,11,10,8,11,19,14,23,29,12,13,14,38,24,6,10,20,10,9,8,6,7,17,12,6,3,4,2,6,6,11,10,13,24,24,10,8,2,9,14,15,12,23,9,7,7,11,4,4,1,6,6,4,13,14,8,8,6,4,4,3,2,0,4,8,6,13,14,20,12,12,5,21,20,20,4,4,17,13,3,13,13,11,11,8,11,4,12,24,30,12,30,21,11,12,39,18,10,9,11,4,2,2,0,4,12,12,6,8,2,0,0,4,6,6,0,2,0,1,5,0,0,0,0,5,4,0,0,0,1,4,10,8,4,2,2,0,4,4,0,6,6,0,0,0,6,3,1,0,0,0,2,1,1,0,0,0,0,2,0,0,0,0,0,0,0,0,0,0,4,23,87,57,6,2,0,0,0,0,0,0,0,0,0,0,0,0,0,0,2,0,0,0,0,0,0,2,0,0,0,0,0,0,0,0,1,0,0,0,0,0,0,0,0,0,0,0,0,0,0,0,0,0,0,0,0,0,0,0,0,0,0,0,0,0,0,0,0,0
000002.bin,conv2,2,21x800x704,0,400,KittiDataset.__getitem__,True,kitti,15000,11827200,17310,0.001463575487012987,0.998536424512987,0,0,0,0,0,0,0,0,0,0,0,0,0,0,0,0,0,0,0,0,0,0,0,0,0,0,0,0,0,0,0,0,0,0,0,0,0,0,0,0,0,0,0,0,0,0,0,2,10,21,22,21,30,47,48,52,60,89,87,85,84,106,128,140,160,143,117,129,151,194,186,138,130,112,92,92,132,182,190,164,107,94,129,118,104,108,120,104,97,87,83,60,62,66,59,65,76,87,71,53,52,57,74,66,58,81,77,96,84,62,54,54,54,75,50,44,32,18,14,12,22,54,65,83,74,64,62,49,47,45,49,53,55,56,50,57,56,57,65,81,94,85,83,88,94,107,93,94,103,79,44,64,54,46,67,86,100,73,62,80,130,158,171,118,92,90,54,43,45,54,57,78,48,33,36,25,31,34,50,68,54,43,29,35,45,38,41,42,38,48,45,46,32,26,31,27,27,33,45,43,53,60,51,30,35,47,32,27,46,37,25,36,48,62,50,36,27,20,20,26,16,12,16,12,8,34,41,23,21,51,94,110,140,146,35,23,50,49,29,23,34,25,27,26,22,24,32,30,28,37,30,25,17,20,17,21,19,10,11,13,15,33,13,10,24,15,22,17,9,24,23,28,46,26,23,15,30,18,20,13,4,0,2,5,2,3,5,30,29,9,17,12,13,10,10,9,15,18,21,18,13,17,27,18,19,33,40,30,22,22,27,14,4,2,6,1,2,18,28,23,15,6,13,4,16,18,25,28,31,68,60,42,34,18,19,33,31,16,10,10,25,9,7,4,27,62,78,45,42,27,33,15,13,22,14,10,14,4,8,12,4,7,5,6,12,9,12,2,11,15,7,12,12,1,10,10,14,8,4,19,19,6,18,32,26,17,19,14,10,15,10,11,8,1,10,15,3,6,2,0,4,0,0,0,4,4,4,9,4,10,10,2,0,6,16,10,4,0,2,1,1,0,0,6,8,8,18,16,4,4,2,2,2,8,4,16,26,12,10,6,6,10,6,3,3,4,0,12,3,6,6,4,14,13,8,4,4,1,0,0,0,2,6,34,28,23,24,23,3,2,0,0,0,0,4,4,0,0,0,0,0,2,8,6,7,2,0,0,0,0,0,0,0,0,2,2,0,1,0,0,0,0,4,0,2,2,0,1,1,4,4,15,7,0,0,11,11,0,0,0,0,0,0,0,4,4,6,9,10,4,14,8,14,6,6,8,2,0,2,2,2,0,4,4,2,1,2,2,2,3,1,0,0,0,0,0,2,2,3,10,8,14,17,7,15,12,14,6,17,12,9,4,4,4,0,0,2,4,2,0,4,0,0,0,0,2,0,0,18,30,10,12,12,18,8,10,12,26,14,4,6,6,8,23,11,20,8,5,5,4,4,6,2,9,8,5,4,4,6,4,3,5,6,5,2,2,7,2,6,4,5,15,19,4,14,5,8,13,5,15,10,5,5,18,16,4,4,1,3,5,5,5,5,7,1,0,1,5,1,1,1,2,3,3,0,0,4,6,7,8,0,4,0,0,4,8,7,5,4,10,6,0,7,7,2,5,3,0,0,9,0,0,3,8,6,0,2,0,0,2,0,2,0,0
000003.bin,conv2,2,21x800x704,0,400,KittiDataset.__getitem__,True,kitti,15000,11827200,19764,0.0016710633116883116,0.9983289366883117,0,0,0,0,0,0,0,0,0,0,0,0,0,0,0,0,0,0,0,0,0,0,0,0,0,5,5,2,0,5,7,4,1,7,6,4,2,0,0,0,0,22,38,45,40,41,46,59,76,75,69,67,54,44,53,49,42,32,41,50,56,50,61,78,86,88,76,93,112,105,109,107,111,126,102,71,113,143,128,132,170,128,98,107,135,91,117,168,168,84,104,129,160,118,111,134,130,123,132,157,144,103,121,130,136,143,129,145,123,132,92,67,77,95,105,141,160,153,159,148,147,159,169,131,114,108,107,93,82,76,86,92,104,114,130,137,103,96,98,94,80,95,100,87,83,70,73,88,90,88,73,76,75,57,72,65,56,53,35,47,54,51,60,69,51,50,56,52,65,80,70,61,54,60,60,59,70,66,65,65,65,76,85,67,64,64,49,35,36,34,35,30,26,39,57,65,61,58,67,59,51,57,32,47,52,44,46,41,43,39,64,78,63,55,48,54,45,46,48,36,41,40,38,33,38,50,55,33,35,33,48,58,47,42,50,35,37,41,29,38,62,51,24,32,27,29,26,26,36,45,32,34,27,45,36,35,24,18,20,36,45,37,20,20,20,24,33,30,22,28,30,22,22,22,16,26,23,24,21,21,28,30,26,20,20,35,39,32,25,26,16,13,18,27,34,52,40,38,45,59,34,16,21,13,12,14,17,9,4,8,10,18,13,4,2,2,0,2,2,2,2,2,2,0,4,4,0,2,0,2,8,6,6,6,6,4,4,4,6,2,2,4,2,3,1,3,4,4,2,4,4,8,6,10,0,4,0,2,2,2,2,0,4,0,0,2,0,0,2,0,0,1,0,0,0,0,2,1,1,0,2,2,0,0,4,4,0,0,0,0,0,0,0,0,0,0,0,0,0,0,0,0,0,0,0,0,0,0,0,0,0,0,0,0,0,0,10,7,2,3,7,2,2,3,3,1,2,2,0,0,0,0,4,4,0,9,42,80,32,15,29,30,18,8,8,8,4,4,8,6,10,0,0,8,6,3,3,12,12,21,53,43,20,17,11,10,19,8,34,100,56,4,4,0,7,7,4,4,6,10,2,4,4,7,8,0,0,4,11,7,4,0,3,3,4,8,6,15,14,13,4,4,0,5,0,0,1,8,8,0,0,0,0,0,0,0,0,0,0,0,0,2,9,7,0,2,0,1,0,2,0,0,2,0,4,6,4,0,0,0,0,6,8,0,0,5,7,9,5,2,1,1,10,6,6,6,9,13,4,0,0,0,0,0,0,0,0,0,0,4,4,0,0,0,0,0,0,0,0,0,0,0,0,0,0,2,0,0,7,10,18,15,0,0,0,0,0,0,0,0,2,4,0,0,10,13,13,10,10,21,17,22,30,12,16,2,4,8,1,3,3,0,0,0,2,2,0,10,4,2,2,0,0,0,0,0,0,0,4,0,0,0,2,17,27,25,31,21,4,7,6,6,3,7,6,1,4,2,5,6,2,5,5,3,4,4,1,7,7,4,3,7,5,11,4,2,5,8,5,8,7,2,5,11,7,3,3,0,5,7,4,0,3,0,0,4,3,1,3,7,10,5,2,7
000004.bin,conv2,2,21x800x704,0,400,KittiDataset.__getitem__,True,kitti,15000,11827200,30845,0.0026079714556277054,0.9973920285443723,0,0,0,0,0,0,0,0,0,0,0,0,0,0,0,0,0,0,0,0,0,0,0,0,0,0,0,0,0,0,0,0,0,0,0,0,0,0,0,0,0,0,0,0,0,0,0,0,0,0,0,0,0,0,0,0,0,0,0,6,7,6,19,36,56,62,65,70,83,91,108,118,108,107,122,146,117,142,124,97,129,125,100,129,112,81,112,84,63,81,89,108,131,126,97,101,142,140,105,115,132,118,100,105,115,148,108,90,118,116,116,141,88,77,78,65,74,98,129,126,191,172,104,109,125,157,157,134,143,155,129,84,98,104,127,143,149,70,63,84,105,145,144,61,74,88,104,116,136,84,60,70,84,117,138,98,60,51,63,68,88,120,141,148,83,68,50,46,54,68,110,148,112,86,90,88,122,83,51,49,88,109,73,54,51,41,45,44,48,58,49,47,58,114,122,69,64,84,107,86,74,83,161,171,156,185,161,139,111,112,109,98,76,66,53,65,71,84,68,99,100,42,43,43,56,66,60,52,50,51,52,66,59,42,49,47,89,119,52,27,26,26,39,34,52,52,33,39,36,46,58,62,103,68,35,36,31,27,33,27,19,14,23,26,40,39,36,52,58,26,29,23,23,33,44,47,44,57,87,116,121,89,69,73,66,85,88,83,80,85,119,137,112,110,81,60,83,86,82,78,62,65,64,57,83,65,56,39,27,23,54,76,55,65,52,53,53,66,61,52,56,78,79,62,59,45,39,44,44,36,48,48,66,78,91,88,129,193,160,113,72,46,33,45,44,43,38,38,48,52,55,60,74,60,49,65,52,27,17,30,34,43,31,35,47,60,60,43,70,69,54,77,82,51,30,60,51,65,118,114,87,75,46,25,19,59,70,40,25,37,42,46,56,53,44,46,59,98,91,56,57,51,36,42,35,14,23,30,12,18,38,54,63,23,32,23,28,42,28,36,50,31,34,41,40,42,72,102,119,77,83,64,56,70,44,41,33,43,42,37,23,21,19,13,16,10,17,35,29,27,37,48,34,29,31,48,47,51,42,39,30,41,46,54,70,89,67,36,33,25,31,22,18,29,21,29,15,21,25,18,19,26,24,24,14,4,12,16,15,9,13,20,19,33,23,7,31,54,77,85,37,43,52,37,27,5,2,9,7,6,7,11,12,5,21,17,8,3,2,3,10,18,6,10,8,3,7,14,9,11,4,2,6,2,1,5,0,1,0,0,4,0,0,0,4,13,12,11,16,17,14,2,2,5,7,2,4,14,12,8,15,4,6,6,0,2,6,4,2,10,12,8,0,2,0,4,6,2,4,6,12,5,3,4,18,6,9,8,12,8,6,3,4,0,9,6,6,2,6,6,11,9,2,2,2,6,4,0,0,0,1,2,0,2,0,2,3,2,2,0,0,0,4,0,0,0,0,0,2,0,0,0,0,0,4,0,0,0,0,0,0,0,0,0,2,4,0,0,0,0,3,3,2,0,0,0,0,0,0,0,0,0,2,2,0,0,0,0,1,0,0,0,0,0,0,0,0,0,0,0,1,1,0,3,4,2,0,1,0,0,0,0,0,0,0,0,0,0,0,1,1,0,0,0
000005.bin,conv2,2,21x800x704,0,400,KittiDataset.__getitem__,True,kitti,15000,11827200,33997,0.0028744757846320347,0.9971255242153679,0,0,0,0,0,0,0,0,0,0,0,0,0,0,0,0,0,0,0,0,0,0,0,0,0,0,0,0,0,0,0,0,0,0,0,0,0,0,0,0,0,0,0,0,0,0,0,0,0,0,0,0,0,0,2,5,6,12,10,2,0,0,0,0,0,0,0,4,6,8,12,13,15,26,26,31,42,47,70,71,69,72,75,92,95,125,109,80,99,119,144,153,122,119,111,130,127,152,150,143,88,100,114,133,114,79,86,99,120,158,142,87,93,110,101,102,118,126,153,208,180,126,133,160,173,161,134,171,179,116,119,118,110,120,160,151,108,118,113,108,139,136,80,95,100,115,143,174,159,161,127,107,125,132,117,87,98,112,110,118,108,87,101,70,106,130,190,183,175,175,161,143,117,145,129,145,162,140,158,153,124,116,151,166,131,123,129,141,172,164,183,177,187,175,155,177,202,196,173,148,165,228,239,180,155,150,161,119,71,93,108,100,112,98,106,102,113,104,107,120,117,103,60,68,108,108,117,146,175,174,159,140,171,153,126,116,136,125,89,105,100,69,54,66,59,57,75,53,36,51,49,69,53,13,16,16,23,37,44,46,63,77,96,57,55,99,116,67,56,48,38,36,38,38,42,44,45,53,71,47,47,32,43,40,50,43,53,40,50,57,60,64,92,60,46,40,37,26,32,39,31,32,43,42,16,17,21,19,19,23,19,33,47,43,48,46,47,45,49,91,147,134,89,84,71,76,93,77,68,49,52,73,86,96,110,102,78,70,48,52,84,100,80,67,65,80,94,86,65,64,60,48,52,42,49,56,68,52,61,68,73,61,42,52,42,40,57,75,52,35,14,34,30,56,54,67,65,21,23,20,23,17,13,18,32,33,20,32,19,21,17,23,24,29,19,10,15,17,6,6,13,18,18,42,31,18,18,14,14,5,10,12,19,14,20,20,10,16,16,22,35,36,36,34,37,29,27,17,20,10,3,33,36,7,8,10,10,11,0,11,22,14,2,11,12,12,21,19,17,9,8,10,31,24,12,2,16,32,33,58,77,95,87,93,78,73,90,59,77,71,87,75,71,40,34,28,16,20,28,35,22,22,26,31,24,28,35,41,48,25,26,24,15,26,11,18,30,26,51,37,15,13,31,33,15,2,17,30,19,20,19,22,10,14,14,8,20,20,10,12,29,35,16,15,12,38,47,55,48,52,30,20,40,27,24,11,17,23,32,22,24,20,33,31,22,20,23,18,14,19,14,10,10,7,0,0,6,6,6,14,12,1,9,12,5,5,8,11,11,12,6,1,2,10,6,0,0,0,0,0,0,0,0,6,4,4,0,0,0,0,0,4,6,7,6,7,9,12,7,8,1,8,4,0,2,2,6,7,4,3,6,3,1,4,3,8,10,1,0,0,0,0,12,14,4,0,0,0,2,6,0,4,8,4,0,0,0,0,0,0,0,0,1,1,0,2,2,0,4,2,0,0,0,0,1,1,1,1,0,0,1,0,1,1,0,0,0,1,0,1,1,1,4,4,0,1,2,0,0,0,0,0,0,0,0,2,2,0,0,2,2,0,0,0,0,0,0,0,0,4,0,2,2,0
000006.bin,conv2,2,21x800x704,0,400,KittiDataset.__getitem__,True,kitti,15000,11827200,24839,0.0021001589556277054,0.9978998410443723,0,0,0,0,0,0,0,0,0,0,0,0,0,0,0,0,0,0,0,0,0,0,0,0,0,0,0,0,0,0,0,0,0,0,0,0,0,0,0,0,0,0,0,0,0,0,0,0,0,0,0,0,0,4,14,17,23,28,29,31,40,78,117,121,146,173,151,161,142,181,144,116,156,129,141,193,180,193,154,127,171,159,146,122,115,110,119,122,123,112,101,118,119,86,122,111,81,86,101,109,90,76,91,89,102,116,102,85,91,90,98,89,97,109,133,121,96,100,114,116,82,90,111,96,79,80,77,95,95,77,73,74,76,83,92,63,64,66,94,116,89,87,123,122,108,125,79,57,55,55,61,69,124,112,48,42,49,49,49,70,96,131,74,64,57,56,49,54,81,114,124,38,32,40,46,45,50,49,46,74,90,123,73,39,59,83,79,100,83,95,111,138,106,59,65,47,59,58,62,71,81,87,74,84,119,54,26,30,24,30,23,21,26,35,60,77,62,74,128,109,50,35,25,29,36,44,66,55,65,42,60,81,36,11,9,28,25,24,22,37,28,37,33,39,22,21,40,42,29,53,82,77,128,91,39,21,19,41,50,37,38,32,29,36,33,17,13,19,27,21,33,39,76,77,39,32,17,10,9,21,15,6,7,16,19,17,23,21,48,62,47,29,30,54,50,52,66,137,122,47,52,33,35,40,54,48,54,63,40,31,40,37,34,26,31,44,40,33,40,59,76,56,72,64,42,67,68,112,125,83,45,34,28,36,48,38,55,26,29,31,28,19,6,10,6,6,6,8,10,10,9,6,16,9,12,13,22,18,26,41,64,90,81,79,100,66,28,20,12,11,8,6,9,2,8,12,4,4,12,6,9,11,7,13,10,6,6,16,18,9,0,5,5,4,8,3,7,5,11,12,8,24,26,20,50,52,43,38,55,67,80,56,56,66,56,77,75,52,31,27,24,41,39,42,38,33,33,41,37,32,36,41,44,38,31,31,30,32,30,33,29,36,49,87,192,124,76,50,24,19,19,26,32,21,19,24,22,34,26,10,9,13,12,11,9,0,0,0,13,19,28,29,23,26,18,20,14,19,22,10,2,14,14,2,6,8,0,0,5,6,4,8,13,3,2,4,2,0,0,1,2,4,5,6,7,5,2,6,0,0,6,0,4,2,2,2,0,2,2,0,0,0,4,4,4,10,8,5,4,10,12,4,4,4,2,0,0,1,1,2,10,11,0,2,3,2,1,3,4,2,0,0,0,2,0,0,0,12,12,2,4,8,3,4,4,0,2,4,8,12,4,4,2,4,4,4,10,0,2,4,4,4,0,2,0,8,4,0,2,2,0,0,0,2,2,0,2,26,36,25,17,14,38,52,31,2,6,4,0,0,2,9,20,21,11,8,2,2,0,4,6,0,1,3,2,1,14,4,2,2,2,4,3,2,2,0,0,10,20,28,6,6,2,4,4,5,5,6,7,4,4,2,2,0,0,2,6,2,0,0,3,1,2,6,3,2,4,7,9,2,1,1,4,14,11,5,2,0,0,0,0,0,0,0,0,0,0,0,0,0,0,0,1,1,0,0,0,0,0,0,2,2,0,0
000007.bin,conv2,2,21x800x704,0,400,KittiDataset.__getitem__,True,kitti,15000,11827200,32168,0.002719832251082251,0.9972801677489177,0,0,0,0,0,0,0,0,0,0,0,0,0,0,0,0,0,0,0,0,0,0,0,0,0,0,0,0,0,0,0,0,0,0,0,0,0,0,0,0,0,0,0,0,0,0,0,0,0,0,0,0,4,15,26,30,18,16,17,20,25,25,34,33,31,34,32,39,44,43,46,51,53,60,62,73,83,102,104,100,114,115,90,101,118,107,87,97,70,71,80,100,135,124,87,107,144,127,92,82,95,66,108,123,121,102,99,91,83,93,120,103,80,82,93,93,98,97,91,107,166,157,101,110,121,107,128,63,74,135,168,113,134,124,112,155,204,164,107,109,88,146,221,183,95,79,73,92,143,112,55,62,104,142,131,147,140,154,92,91,81,67,72,84,95,147,117,54,55,64,75,63,99,85,84,144,125,59,61,64,54,64,80,73,55,41,68,105,134,85,71,84,86,71,60,59,81,58,69,63,103,112,61,42,60,77,103,122,128,156,145,190,201,185,175,133,129,93,66,61,70,83,82,106,112,73,79,81,87,97,108,97,101,116,113,98,71,118,127,99,91,113,112,127,112,110,141,153,158,149,126,107,103,62,41,26,39,37,59,56,57,45,34,43,36,31,62,87,95,85,84,82,105,103,106,104,71,52,63,83,52,53,60,45,32,35,47,49,37,46,55,50,48,100,131,124,92,79,68,60,63,47,30,40,59,63,61,70,49,47,51,57,48,33,40,33,15,31,47,34,34,32,30,18,26,26,32,43,39,20,30,39,33,44,24,30,37,51,60,54,37,45,37,35,32,62,82,95,60,36,32,51,55,47,38,39,44,42,47,62,31,27,38,28,31,26,42,35,25,31,48,49,45,39,33,29,17,25,31,14,21,26,40,45,27,26,30,16,22,7,10,25,21,16,18,25,28,31,164,187,87,82,82,30,15,6,9,20,26,15,5,6,16,26,24,22,13,14,29,32,31,18,17,58,91,59,58,33,52,29,39,26,33,53,81,127,211,192,186,105,81,91,71,72,43,49,58,59,42,21,23,17,22,30,40,27,15,14,17,32,56,61,46,29,39,46,25,61,54,41,39,45,42,29,33,33,17,13,14,30,30,16,17,17,26,36,25,30,30,38,24,26,32,11,13,18,28,20,15,8,14,21,14,9,14,26,14,28,34,23,17,15,16,15,18,28,19,25,21,20,17,7,14,10,9,7,21,9,14,17,18,13,5,8,8,14,12,0,12,12,19,17,22,14,12,8,21,22,30,33,17,5,13,18,21,7,8,9,18,22,18,10,6,15,6,0,5,4,4,13,22,8,2,6,21,30,20,10,17,18,20,16,8,31,25,14,10,6,10,16,12,21,2,10,6,12,9,8,4,7,4,4,7,22,15,16,14,15,12,0,3,2,5,2,2,3,5,1,1,4,9,8,3,4,5,0,6,5,11,11,4,8,13,6,3,5,4,6,6,6,4,2,4,6,3,5,2,8,9,6,9,2,2,4,0,0,2,0,2,1,4,0,4,4,0,0,0,4,4,0,2,6,6,0,2,4,0,0,0,8,4,2,2,2,0,0,8,5,5,0,2,2,1,8,10,0,1,0,6,4,0,3,5,17
000008.bin,conv2,2,21x800x704,0,400,KittiDataset.__getitem__,True,kitti,15000,11827200,20294,0.0017158752705627705,0.9982841247294373,0,0,0,0,0,0,0,0,0,0,0,0,0,0,0,0,0,0,0,0,0,0,0,0,0,0,0,0,2,4,9,16,15,18,21,19,19,19,12,14,15,10,17,24,27,18,15,14,22,35,51,71,63,44,30,18,11,12,18,25,40,59,70,126,138,146,160,132,148,123,119,125,105,95,103,99,88,88,61,93,94,63,84,124,91,87,106,64,64,83,87,132,127,122,133,144,135,98,113,152,129,129,130,156,166,136,107,102,134,132,125,50,46,53,50,60,55,64,94,123,81,52,69,115,131,98,102,115,158,147,134,135,156,173,208,143,108,111,100,114,154,89,75,92,83,132,135,81,64,57,67,114,116,89,77,89,87,74,74,96,95,60,33,29,43,42,48,64,70,45,44,54,76,71,79,91,91,101,120,154,140,116,108,79,89,91,71,77,82,109,120,126,129,102,61,48,56,45,48,58,54,52,59,63,52,60,65,64,68,60,80,80,83,93,104,114,106,96,83,80,72,49,65,40,34,56,43,30,37,36,43,45,28,24,29,47,32,32,38,40,44,31,19,14,21,31,29,9,11,10,18,17,14,12,20,19,16,2,6,18,17,4,10,14,18,14,20,20,13,8,10,9,9,12,7,4,21,19,29,19,22,23,18,12,16,20,25,20,20,18,22,13,19,17,10,5,14,21,18,21,20,23,22,19,23,23,12,10,11,4,1,3,4,8,8,24,35,48,57,45,38,24,18,24,16,12,10,13,16,7,9,14,21,21,21,20,25,21,30,28,27,23,13,13,11,12,4,12,12,13,12,18,17,14,8,12,7,8,4,7,7,6,7,4,3,2,3,3,5,9,5,11,20,15,0,1,6,6,4,3,4,4,8,6,7,2,0,0,3,7,18,25,17,15,27,18,31,29,28,36,22,18,23,17,16,20,23,13,10,9,6,8,3,6,9,3,6,5,5,4,2,2,1,4,5,2,1,0,4,4,4,0,2,4,1,2,0,0,6,6,15,14,9,20,22,17,16,14,15,14,4,2,6,4,6,3,4,6,4,5,4,1,1,1,1,1,1,1,2,1,2,2,2,1,1,2,0,4,2,2,4,4,4,4,2,2,0,2,0,0,0,2,0,0,0,0,0,0,0,0,0,0,0,0,0,0,0,0,0,5,4,3,2,0,0,0,0,0,0,4,12,14,10,6,8,8,6,4,4,4,6,4,6,8,6,18,25,20,11,3,6,17,20,10,18,29,45,36,10,2,0,0,0,4,6,2,0,8,5,2,1,0,0,2,2,0,0,4,4,0,0,4,8,4,14,6,2,2,0,0,0,0,0,0,0,4,0,2,2,0,4,4,0,4,2,2,0,0,0,1,0,0,0,0,4,4,0,3,2,2,4,2,5,12,2,2,2,5,1,0,1,0,0,0,0,0,0,0,0,0,0,0,0,0,0,0,0,0,0,0,0,0,0,0,0,0,0,1,4,1,0,0,0,0,0,0,0,0,0,0,0,0,0,0,0,0,0,0,0,0,0,0,4,2,2,0,0,0,0,0,0,0,0,0,0,0,0,0,0,0,0,0,0,0,0,0,0,0,0,0,0,0,0,0
000009.bin,conv2,2,21x800x704,0,400,KittiDataset.__getitem__,True,kitti,15000,11827200,31060,0.0026261498917748917,0.9973738501082251,0,0,0,0,0,0,0,0,0,0,0,0,0,0,0,0,0,0,0,0,0,0,0,0,0,0,0,0,0,0,0,0,0,0,0,0,0,0,0,0,0,0,0,0,0,0,0,0,0,0,0,0,0,0,0,0,0,2,2,4,6,2,2,10,22,37,50,53,49,63,59,67,90,104,118,136,129,146,137,115,136,136,135,150,130,98,131,117,102,94,102,109,135,124,93,121,155,124,96,112,120,88,94,112,121,133,102,105,106,111,107,116,66,91,94,95,113,118,124,118,170,147,124,123,122,134,152,117,127,158,128,78,99,98,118,140,170,124,73,97,107,119,158,124,68,72,101,124,124,148,87,78,96,119,146,167,124,95,92,95,107,134,155,158,155,98,86,111,128,123,127,145,137,146,88,87,76,83,90,109,109,131,149,141,93,78,67,56,75,77,75,83,75,90,122,151,160,96,60,62,47,66,67,66,66,75,98,106,91,65,59,64,79,70,64,58,58,44,62,65,65,87,113,88,48,64,118,123,79,85,78,94,91,68,44,57,60,64,66,104,108,67,48,45,43,43,48,56,51,41,46,50,55,57,76,92,59,55,61,58,45,46,33,44,36,37,35,41,36,31,37,51,52,56,75,58,45,53,63,90,100,76,76,63,60,48,42,66,57,58,35,50,52,39,46,50,61,38,43,42,45,51,66,103,80,54,39,30,34,33,40,31,23,32,44,49,51,59,54,32,31,25,34,36,38,31,30,24,22,33,57,43,38,40,47,80,146,91,52,75,75,60,42,45,38,41,27,36,29,28,25,38,75,94,49,56,85,75,66,63,66,51,58,86,79,58,39,30,35,53,46,28,29,51,72,79,64,101,118,84,57,28,23,28,33,37,40,47,39,50,51,74,56,45,45,48,46,31,39,33,33,32,26,22,43,51,45,68,39,33,54,91,89,76,38,22,64,69,70,86,94,119,77,60,85,102,75,44,45,30,41,41,57,42,22,21,17,9,13,14,6,2,9,2,16,11,17,11,18,36,14,20,12,32,34,42,36,12,27,18,12,18,11,23,10,8,18,11,26,6,6,8,11,11,18,7,16,26,16,29,20,18,6,16,29,19,19,16,14,33,21,24,26,14,18,44,47,7,8,12,18,15,17,11,13,11,16,7,9,10,11,4,3,11,8,1,3,5,6,4,3,5,3,2,12,18,20,13,5,9,19,12,10,7,1,7,1,8,7,3,5,12,11,2,6,2,5,2,5,6,9,22,10,6,0,5,5,0,0,12,8,6,6,10,6,4,2,6,12,6,6,14,12,8,4,0,9,8,13,15,25,34,21,7,14,33,31,22,25,15,19,9,8,8,18,20,4,7,8,9,12,24,24,16,36,27,5,1,2,8,6,3,3,1,12,10,2,1,4,9,4,2,2,14,12,4,0,2,6,12,12,12,11,15,25,10,4,3,10,14,10,4,3,6,13,8,4,4,6,5,10,3,1,4,6,5,4,8,7,5,2,2,9,6,6,3,5,6,12,10,5,4,4,14,13,7,11,5,0,2,0,5,6,0,0,4,4,8,5,16,8,5,13,11,6,4,0,0,2,9,4,4,4,8
000010.bin,conv2,2,21x800x704,0,400,KittiDataset.__getitem__,True,kitti,15000,11827200,24190,0.002045285443722944,0.997954714556277,0,0,0,0,0,0,0,0,0,0,0,0,0,0,0,0,0,0,0,0,0,0,0,0,0,0,0,0,0,0,0,0,0,0,0,0,0,0,0,0,0,0,2,3,6,10,13,13,11,10,4,6,11,9,6,6,6,4,6,8,9,12,42,97,109,131,156,113,147,122,107,145,119,106,138,134,115,134,91,101,126,79,86,132,104,70,138,95,68,77,77,108,144,90,83,88,137,105,98,119,136,81,105,142,173,197,131,120,103,100,127,149,100,81,84,101,98,96,114,154,177,164,124,98,112,144,147,102,123,153,135,107,97,89,99,158,151,124,101,102,123,201,169,136,130,156,156,172,167,116,86,79,107,170,188,186,160,114,110,106,98,107,125,136,130,84,77,60,53,61,63,84,88,90,54,61,44,49,67,55,81,108,83,103,69,45,44,60,66,48,67,65,56,90,94,77,77,41,46,38,37,30,33,57,69,97,81,59,47,49,36,27,34,39,36,44,79,90,92,88,110,109,87,66,38,59,52,43,38,37,48,48,24,35,59,77,75,71,62,52,42,33,31,32,35,22,17,6,4,27,52,40,27,39,40,19,17,19,22,22,25,14,30,30,24,22,15,32,23,32,44,48,65,72,69,82,85,74,77,66,59,60,33,40,41,43,52,51,51,57,54,55,49,38,41,51,51,62,81,94,67,66,69,63,45,36,30,32,28,11,8,30,47,58,77,102,83,65,51,40,40,33,36,45,48,48,42,31,10,1,2,9,43,76,33,18,14,14,13,14,4,4,7,15,0,0,1,14,24,22,18,12,16,9,10,22,28,13,8,14,13,6,11,11,6,2,2,2,2,8,18,99,75,22,31,20,21,24,5,2,5,4,4,8,4,5,6,2,3,4,3,4,2,3,7,12,30,23,13,14,21,40,43,34,16,12,8,12,5,12,41,51,15,7,15,43,102,45,8,18,8,2,3,6,5,4,4,2,4,4,0,8,4,4,2,4,4,12,14,9,10,6,8,2,2,4,1,2,0,8,4,2,2,4,8,0,4,10,5,1,0,2,7,3,7,4,7,19,18,9,11,11,7,10,5,6,4,19,10,9,13,9,2,11,12,4,4,6,3,0,2,2,0,0,4,2,1,2,6,4,0,0,7,6,5,6,11,10,10,15,32,46,10,6,12,14,8,10,7,1,4,3,0,3,1,3,5,10,5,5,4,7,16,17,3,4,4,3,21,36,13,2,0,4,16,18,1,5,3,6,6,9,1,0,0,2,11,6,0,2,2,4,0,3,1,3,3,4,6,4,4,0,14,14,0,8,10,10,4,6,8,4,16,10,4,4,4,0,4,4,2,2,0,2,2,4,6,6,0,2,4,6,4,8,4,2,2,0,0,2,0,1,3,4,4,2,6,4,2,3,0,0,1,1,0,1,3,2,0,1,0,0,0,6,4,10,19,6,0,4,19,14,12,4,1,2,0,2,1,0,2,3,3,0,1,5,4,7,5,6,5,0,4,10,4,0,2,5,11,23,16,11,6,2,2,0,0,0,0,0,0,1,1,0,0,0,0,0,0,0,2,0,0,0,0,0,8,9,9,9,2,8,6,8
000011.bin,conv2,2,21x800x704,0,400,KittiDataset.__getitem__,True,kitti,15000,11827200,25873,0.0021875845508658007,0.9978124154491342,0,0,0,0,0,0,0,0,0,0,0,0,0,0,0,0,0,0,0,0,0,0,0,0,0,0,0,0,0,0,0,0,0,0,0,0,0,0,0,0,0,0,0,0,0,0,0,0,0,0,2,8,11,9,8,12,18,22,24,25,25,31,27,22,25,29,35,39,40,30,32,41,37,41,42,44,50,50,88,89,55,131,133,99,134,68,50,51,55,135,133,46,68,159,108,61,88,118,76,51,69,70,87,79,49,63,69,56,111,110,76,108,111,95,96,87,93,107,131,122,104,101,111,136,135,136,183,219,181,162,144,111,113,120,113,113,116,115,120,104,91,95,88,91,109,112,104,116,108,101,123,143,122,97,99,91,77,91,99,90,112,134,142,121,86,91,86,82,76,78,74,75,69,56,68,68,78,86,85,81,90,124,110,69,59,54,55,70,57,72,80,81,104,128,107,100,92,90,109,111,94,81,88,88,77,111,128,122,118,123,132,92,48,61,70,66,67,76,89,96,95,97,102,81,95,63,55,60,83,90,114,314,334,123,97,51,41,56,50,59,53,59,48,57,39,39,59,49,85,119,132,111,106,61,72,77,48,64,86,84,41,36,34,47,74,98,113,73,77,63,78,94,107,95,95,71,70,79,74,65,85,70,63,78,81,70,70,50,58,37,33,30,26,31,45,58,38,47,45,56,73,67,55,60,64,34,41,45,43,60,65,54,107,89,69,68,83,48,42,45,36,37,29,24,29,45,46,48,30,28,29,34,30,50,63,49,42,35,44,26,18,25,56,70,52,43,33,35,42,37,28,15,18,13,6,7,5,14,15,14,7,13,11,13,25,26,20,23,37,36,27,27,40,27,20,19,10,6,8,16,13,9,8,6,4,6,6,13,6,2,2,1,1,3,15,24,21,17,4,2,3,8,7,5,2,1,2,1,3,1,2,2,3,4,4,6,4,8,16,11,15,14,13,7,16,15,21,23,28,40,33,14,9,4,4,1,3,9,8,4,0,2,2,4,4,2,2,6,6,6,4,2,0,4,6,4,6,6,0,4,8,4,0,0,0,2,0,0,0,0,0,0,0,0,0,0,0,0,0,0,0,0,0,0,0,0,0,1,2,0,3,9,124,102,87,64,48,91,97,59,39,38,41,30,24,17,20,18,11,6,21,17,16,15,20,45,31,8,7,3,0,5,1,6,0,12,37,21,6,4,0,6,25,26,14,6,13,12,4,9,12,6,2,6,4,6,6,4,2,2,6,8,6,0,0,0,2,14,8,0,0,0,0,0,0,0,0,0,0,0,0,0,0,0,0,0,0,0,0,0,0,0,0,0,0,0,2,5,2,4,0,4,2,2,4,10,4,0,0,0,0,0,0,4,10,6,0,0,0,0,0,0,0,0,0,0,0,0,0,0,0,0,0,0,0,0,0,0,2,8,4,4,4,6,8,8,4,0,8,6,6,2,1,2,4,4,4,3,4,4,2,2,1,0,0,0,0,1,10,11,4,0,5,5,0,1,0,1,3,4,4,0,2,10,10,6,4,3,0,0,0,0,0,0,0,0,2,4,1,0,1,2,1,2,1,2,2,1,0,0,0,3,0,0
000012.bin,conv2,2,21x800x704,0,400,KittiDataset.__getitem__,True,kitti,15000,11827200,29088,0.0024594155844155845,0.9975405844155845,0,0,0,0,0,0,0,0,0,0,0,0,0,0,0,0,0,0,0,0,0,0,0,0,0,0,0,0,0,0,0,0,0,0,0,0,0,0,0,0,0,0,0,0,0,0,0,0,0,4,23,32,25,10,0,0,0,0,0,0,0,0,0,0,11,40,73,75,77,107,114,134,131,118,95,100,71,66,79,93,73,85,78,61,69,90,68,65,82,86,69,73,81,60,57,59,77,82,89,87,55,78,77,90,84,60,70,77,84,62,58,72,72,78,83,68,60,57,66,77,80,99,69,57,53,56,61,78,78,85,108,110,122,89,80,91,113,113,133,107,99,108,124,116,77,66,64,86,95,86,120,113,63,69,73,78,86,86,112,101,73,71,67,80,84,94,105,82,53,54,66,73,85,89,113,67,40,44,56,58,61,75,85,95,113,92,53,42,39,42,54,68,69,90,81,87,101,45,52,55,55,54,51,42,59,72,104,130,110,107,73,51,46,53,43,42,47,41,36,38,41,39,50,73,97,114,131,86,72,74,93,91,86,83,73,52,45,44,48,70,124,106,55,21,20,26,27,27,33,35,33,32,37,27,35,38,35,37,67,66,70,76,19,35,37,54,40,21,20,21,29,36,38,34,34,17,30,39,37,31,43,67,80,89,89,51,46,68,94,60,75,75,99,118,84,88,72,66,52,31,33,33,33,37,38,83,64,20,26,41,38,31,26,13,11,22,19,14,11,13,24,41,49,41,29,57,57,87,87,87,86,68,74,75,58,53,42,39,41,52,86,64,65,69,85,104,93,124,141,102,98,87,73,78,89,108,100,74,111,88,39,34,33,35,39,39,45,44,49,50,59,53,37,34,75,58,56,40,37,45,45,47,35,57,51,37,53,83,68,60,67,54,51,39,35,30,26,21,29,40,46,33,26,29,24,39,56,47,54,58,61,85,98,82,107,121,87,53,51,32,29,35,35,33,29,27,20,48,67,58,43,29,57,52,46,49,20,31,43,53,65,116,88,93,58,24,21,14,23,30,34,47,31,14,18,25,15,13,35,31,26,17,14,28,20,3,5,4,8,7,12,43,74,31,29,29,29,26,34,31,20,16,29,15,24,27,40,34,24,18,24,31,23,22,39,33,9,33,20,30,29,28,40,23,34,36,26,15,21,13,26,41,48,28,24,25,13,18,18,6,15,15,3,12,6,8,18,11,17,13,13,25,29,6,13,14,16,12,13,26,23,13,13,7,11,20,13,19,22,12,8,22,18,14,8,23,9,17,22,8,10,11,8,21,28,19,6,23,16,10,12,12,28,24,39,37,37,26,29,26,34,34,7,22,20,29,27,25,17,6,8,9,4,17,18,32,30,41,42,31,19,16,16,14,14,24,12,21,14,11,22,35,18,9,8,20,22,21,22,9,15,11,14,15,34,27,37,26,20,11,11,13,22,16,10,14,24,29,29,32,28,18,19,23,17,7,12,2,10,15,6,10,2,4,13,28,20,4,2,0,4,4,8,8,5,6,4,20,11,5,9,7,2,3,2,3,7,10,17,9,6,8,10,16,4,0,0,1,7,9,8,6,8,2,11,16,13,9,9,11,6,0,2,5
000013.bin,conv2,2,21x800x704,0,400,KittiDataset.__getitem__,True,kitti,15000,11827200,33478,0.0028305938852813853,0.9971694061147186,0,0,0,0,0,0,0,0,0,0,0,0,0,0,0,0,0,0,0,0,0,0,0,0,0,0,0,0,0,0,0,0,0,0,0,0,0,0,0,0,0,0,0,0,0,0,0,0,0,0,0,0,0,0,0,0,0,0,0,0,0,6,12,13,15,10,17,17,12,18,14,11,14,30,38,39,46,59,66,62,56,56,63,70,87,87,85,90,113,96,88,109,121,157,179,161,177,190,238,184,142,162,250,245,180,176,211,276,315,208,172,143,155,216,224,180,183,189,165,173,176,191,180,202,213,215,224,210,268,250,179,220,314,295,232,226,211,172,179,214,222,167,163,231,267,268,266,207,178,179,170,176,236,217,186,179,209,215,279,279,199,181,192,207,211,225,188,242,240,138,147,157,158,169,169,156,172,200,167,123,141,130,93,85,125,102,100,177,212,144,112,137,147,170,138,103,100,82,75,100,130,138,107,66,59,58,68,65,60,86,75,67,71,114,75,52,53,69,44,50,57,46,57,59,56,77,69,77,156,126,91,78,52,58,72,69,86,56,57,47,57,59,57,31,33,25,29,58,73,41,37,56,56,29,23,35,29,53,57,47,54,47,28,94,118,84,75,59,66,55,42,27,34,17,2,13,16,15,32,23,24,20,31,43,25,22,34,27,54,43,34,77,85,55,25,39,40,43,63,59,44,48,41,54,48,57,52,36,52,42,32,18,6,6,7,12,19,17,42,69,77,79,66,105,112,78,50,27,34,24,21,22,22,25,31,31,24,19,20,26,23,23,18,28,24,30,38,28,20,7,11,10,27,33,10,17,11,9,14,8,8,12,21,16,20,27,42,32,32,42,49,64,32,24,44,46,26,15,28,19,17,27,40,23,28,27,37,38,19,24,35,19,25,51,62,36,26,33,40,12,6,10,31,36,19,12,8,14,24,36,18,14,14,7,23,25,11,15,15,14,14,19,14,13,4,3,2,8,12,10,7,10,10,15,6,4,13,12,12,27,28,33,21,21,22,17,5,7,5,8,12,18,18,5,12,21,18,22,21,11,17,9,7,34,39,25,22,10,17,29,32,28,28,29,27,20,11,21,23,26,39,36,34,19,21,26,19,12,10,7,11,11,3,11,25,22,23,18,12,7,14,17,14,6,4,10,16,17,7,17,7,16,6,2,0,4,4,0,0,0,6,2,6,2,4,4,8,9,27,17,17,16,17,13,1,13,23,41,38,40,23,18,10,6,7,15,9,6,2,5,7,11,9,4,9,10,10,10,14,20,13,6,10,15,11,10,4,4,4,6,2,1,0,6,14,4,6,6,12,2,2,2,10,12,8,10,8,6,6,4,8,5,0,6,6,4,4,4,3,6,7,5,9,14,2,5,8,4,2,4,4,2,8,20,14,4,2,10,18,23,5,5,1,4,0,4,4,0,0,2,2,1,6,9,5,8,4,8,8,8,8,8,2,3,2,0,1,0,2,1,1,0,0,0,0,0,0,2,5,3,0,2,1,3,0,0,1,4,0,4,4,0,2,3,2,6,4,2,3,3,12,10,0,9,11,2,3,4,6,2,7,7,1,1,2,2,1,1,0,0,0,0,0,0
000014.bin,conv2,2,21x800x704,0,400,KittiDataset.__getitem__,True,kitti,15000,11827200,34137,0.002886312905844156,0.9971136870941558,0,0,0,0,0,0,0,0,0,0,0,0,0,0,0,0,0,0,0,0,0,0,0,0,0,0,0,0,0,0,0,0,0,0,0,0,0,0,0,0,0,0,0,0,0,0,0,0,0,0,0,0,1,0,0,6,4,2,2,1,1,0,0,0,0,4,11,16,23,22,17,23,29,24,31,39,56,52,44,49,57,73,75,57,66,83,101,117,108,90,87,105,133,134,112,137,137,161,191,208,206,170,145,140,130,148,184,174,124,97,103,111,135,129,145,143,159,155,187,187,173,219,223,161,180,175,190,222,216,231,261,267,218,216,192,207,212,224,190,145,126,145,167,198,189,138,148,178,205,187,189,142,132,137,156,145,165,181,185,185,197,199,200,206,224,186,143,127,135,110,118,126,152,193,200,160,183,219,226,216,220,212,182,200,209,175,172,161,182,190,169,181,192,181,175,189,205,170,122,75,69,76,75,106,125,131,128,139,128,141,118,100,108,97,108,114,100,82,77,99,98,128,123,147,120,82,119,101,98,108,108,91,90,83,88,87,90,72,105,132,94,94,62,65,82,78,78,59,73,59,84,93,66,72,71,80,73,42,28,43,65,51,49,34,53,61,49,45,49,31,30,48,53,56,45,42,80,68,58,74,81,67,51,41,30,53,53,65,74,69,39,44,50,52,41,28,38,29,45,49,47,58,52,88,92,45,19,41,25,28,45,36,20,34,30,27,45,17,14,32,47,34,38,42,41,32,43,41,25,20,25,32,45,41,35,177,80,37,18,30,20,20,13,14,15,21,21,9,26,43,57,51,43,30,44,33,41,45,54,50,50,72,32,33,24,42,49,58,73,56,63,55,55,107,92,54,48,53,56,45,41,37,55,80,96,57,41,28,24,10,18,12,4,14,22,19,19,17,14,21,11,12,9,9,11,16,17,21,15,13,10,14,15,5,12,21,32,22,12,6,10,18,13,4,8,10,8,3,5,4,6,6,7,9,4,11,23,19,6,3,7,12,14,9,8,13,16,7,7,13,6,14,15,14,10,17,14,8,4,4,4,4,2,5,5,8,18,19,23,12,12,16,23,29,24,30,25,22,22,43,25,32,35,24,2,14,16,16,20,19,14,8,8,9,10,6,8,11,8,8,8,6,0,4,1,12,11,5,11,13,15,22,8,7,6,4,5,0,3,3,2,5,5,3,7,6,6,14,12,18,13,8,10,10,20,16,4,0,0,0,1,6,6,4,0,4,6,6,2,0,2,2,4,2,2,6,8,6,4,4,0,0,0,0,0,10,6,6,4,4,0,0,2,0,18,25,21,12,6,2,5,0,0,8,14,2,8,8,0,2,26,32,18,12,14,4,4,4,4,4,8,6,6,8,8,4,2,5,6,0,0,2,0,0,0,4,0,5,0,0,0,0,6,6,2,10,8,4,0,8,10,12,6,3,7,5,11,6,6,2,6,12,9,6,4,6,5,6,3,3,2,2,1,0,2,3,3,2,1,1,0,1,4,2,0,2,0,1,1,0,1,1,0,4,7,0,0,4,0,0,2,2,2,0,2,0,0,2,2,1,1,0,0,0,0,0,0,0,0,1,0,2,1,0
000015.bin,conv2,2,21x800x704,0,400,KittiDataset.__getitem__,True,kitti,15000,11827200,22176,0.001875,0.998125,0,0,0,0,0,0,0,0,0,0,0,0,0,0,0,0,0,0,0,0,0,0,0,0,0,0,0,0,0,0,0,6,8,12,7,9,15,27,35,37,34,40,42,27,27,44,39,25,29,24,15,29,30,31,34,26,39,43,49,48,54,57,69,88,96,84,99,108,127,126,116,128,102,76,110,121,99,151,136,119,161,156,134,189,203,174,233,255,218,183,176,174,176,170,94,91,109,171,167,240,269,161,99,77,95,127,179,142,92,56,40,67,105,63,14,28,73,64,72,77,91,112,177,134,133,154,143,212,225,167,167,214,211,151,140,111,126,148,193,159,105,104,99,118,134,136,132,110,65,69,79,83,123,70,67,56,45,54,100,146,102,76,70,131,133,90,97,128,123,62,43,42,46,50,48,61,143,192,118,79,77,69,61,92,121,85,117,152,87,55,58,30,27,39,44,41,43,41,64,106,123,57,27,19,17,34,36,34,14,11,19,105,147,63,53,71,82,65,38,23,17,28,47,36,31,48,135,132,51,48,26,27,19,31,52,77,66,33,29,28,27,10,13,32,123,159,79,54,20,20,12,11,8,24,27,15,27,64,58,28,49,54,20,17,18,15,8,5,2,1,5,16,21,17,25,18,18,22,23,14,15,18,10,19,21,17,29,36,17,13,5,8,0,0,4,0,0,0,4,0,3,10,7,27,30,17,14,3,2,2,6,24,37,24,22,13,8,0,6,5,21,21,13,11,10,0,2,8,0,11,11,13,10,10,8,12,16,10,24,11,5,11,16,5,10,15,25,14,12,13,5,9,5,1,1,0,6,21,12,0,3,0,13,17,32,39,23,16,26,19,10,11,15,6,9,7,5,8,8,14,14,4,8,3,12,19,13,9,11,5,3,0,0,0,8,13,11,9,15,12,2,0,0,4,5,5,6,27,44,35,12,11,23,10,15,12,5,7,8,2,1,1,6,4,17,21,22,17,11,10,12,13,6,6,4,2,2,2,6,8,7,8,11,36,33,28,13,1,0,2,4,2,0,0,0,0,0,0,6,11,4,0,0,0,0,10,6,0,6,18,16,9,0,0,0,0,0,0,0,0,0,0,1,1,0,2,4,2,2,2,0,0,0,0,6,29,22,10,7,10,0,0,3,1,0,6,2,1,12,20,5,4,2,0,0,0,0,0,0,0,0,0,0,0,0,0,0,0,0,0,0,0,0,0,0,0,0,0,0,0,0,0,0,0,0,0,0,0,0,0,0,0,0,0,0,0,0,0,0,0,0,0,0,0,0,0,0,0,0,0,0,0,0,0,0,0,0,0,0,0,0,0,0,0,0,0,1,6,5,0,0,5,5,4,12,4,4,0,0,0,10,4,0,2,0,0,0,0,0,0,0,0,0,0,0,0,0,0,0,0,0,1,1,4,0,0,0,0,0,0,0,0,1,1,0,0,0,5,0,0,0,2,18,45,28,2,3,2,1,0,2,6,6,7,16,5,6,2,1,6,2,2,0,2,0,2,5,4,0,2,8,5,0,1,2,4,2,0,0,0,0,0,0,0,0,0,0,0,0,0,0,0,0,0,0,1,6,11,6,0,0,0,0,0
000016.bin,conv2,2,21x800x704,0,400,KittiDataset.__getitem__,True,kitti,15000,11827200,24716,0.002089759199134199,0.9979102408008658,0,0,0,0,0,0,0,0,0,0,0,0,0,0,0,0,0,0,0,0,0,0,0,0,0,0,0,0,0,0,0,0,0,0,0,0,0,0,0,0,0,0,0,0,5,11,17,16,19,23,22,44,52,58,53,59,62,62,55,71,81,88,125,128,126,144,122,131,125,127,141,134,120,147,143,115,133,105,132,103,94,111,113,90,116,78,61,74,85,107,117,73,93,108,133,90,83,116,77,55,75,73,88,53,49,61,74,103,76,78,95,77,82,71,93,100,123,91,73,73,77,95,68,61,78,98,57,54,77,88,87,70,53,54,82,97,82,66,48,63,64,69,81,73,54,63,77,81,82,68,40,57,75,74,74,78,71,54,60,64,65,67,83,90,96,65,59,61,55,49,52,62,69,95,70,67,66,57,51,66,82,67,65,150,184,165,164,151,108,90,106,97,100,124,116,103,91,100,66,62,90,95,89,85,81,92,91,84,72,79,91,88,52,51,52,53,53,47,62,84,72,62,67,71,96,139,120,89,91,72,56,51,54,58,60,79,74,66,86,102,68,52,43,44,46,56,81,92,75,64,45,41,46,63,52,51,51,47,53,57,62,66,56,55,72,49,49,39,42,46,53,48,55,50,50,66,55,55,45,46,43,40,44,48,52,49,54,37,38,33,35,39,42,45,36,42,41,39,46,42,47,33,45,58,52,64,48,28,32,38,42,41,61,82,62,64,45,38,50,32,52,55,59,52,27,34,34,28,28,39,40,40,36,32,40,45,51,42,30,48,42,48,48,47,50,37,22,19,15,13,23,14,14,13,8,13,12,10,15,29,41,48,43,19,11,13,18,13,19,19,15,28,19,21,26,28,34,39,33,38,19,36,42,25,21,14,9,17,16,17,17,18,20,25,18,11,5,11,14,9,13,5,5,6,13,7,14,16,9,13,15,22,31,21,14,8,7,13,8,10,7,10,9,16,33,35,25,16,18,47,32,10,14,35,24,17,9,14,15,10,15,19,21,13,17,14,14,18,11,28,21,14,10,18,28,11,7,14,14,11,9,8,14,30,23,28,13,12,18,24,24,18,25,37,33,22,33,18,11,22,46,48,32,24,9,20,14,11,18,6,5,0,4,16,26,11,0,8,4,10,11,5,17,10,7,9,11,9,7,14,14,7,9,1,4,13,4,6,6,6,6,6,2,5,8,8,4,6,7,2,8,11,4,7,2,12,10,12,4,9,6,4,10,2,2,4,0,0,0,0,4,3,7,2,7,0,2,4,4,0,4,4,3,4,0,0,0,2,6,0,1,5,3,4,4,4,4,35,22,3,4,8,10,2,4,6,7,2,6,2,2,4,10,4,1,1,4,4,0,0,4,4,0,1,4,9,10,4,5,4,7,13,4,5,3,4,4,5,7,6,13,7,1,4,0,1,1,1,1,1,0,2,1,0,0,2,0,2,3,1,2,3,0,0,0,2,2,0,0,0,3,8,4,2,1,3,2,4,4,0,0,1,2,1,0,1,2,2,3,0,0,0,2,0,4,2,14,13,4,2,0,1,0,4,4,0,2,0,0,1,0,4,0,3,6,5,4,8,7,2,0,0,0,4
000017.bin,conv2,2,21x800x704,0,400,KittiDataset.__getitem__,True,kitti,15000,11827200,28471,0.0024072477002164503,0.9975927522997835,0,0,0,0,0,0,0,0,0,0,0,0,0,0,0,0,0,0,0,0,0,0,0,0,0,0,0,0,0,0,0,0,0,0,0,0,0,0,0,0,0,0,0,0,0,0,0,0,0,0,0,0,0,0,0,0,0,0,0,0,14,72,150,146,124,170,144,164,156,130,185,159,134,145,165,129,150,121,122,144,126,106,154,139,114,132,94,93,94,114,169,166,137,138,153,128,95,98,128,95,81,97,100,112,84,73,71,83,92,114,81,74,72,86,80,82,105,113,138,115,80,89,106,126,119,79,94,105,103,67,73,72,89,97,121,99,84,73,86,96,95,60,68,72,86,105,110,77,60,63,76,80,75,69,64,61,55,52,82,99,114,104,71,73,66,58,49,50,68,65,30,33,45,43,47,59,58,70,78,50,35,40,39,41,40,45,52,53,54,53,68,51,38,36,35,36,46,51,61,53,54,69,45,29,35,43,49,44,30,36,54,61,66,74,74,52,35,38,31,36,34,38,48,48,44,56,55,68,87,123,111,75,70,48,35,40,53,31,38,49,35,46,51,105,117,136,143,96,68,55,54,56,38,18,28,31,26,17,32,38,34,39,44,46,54,55,51,78,195,152,36,40,27,22,30,33,16,13,10,17,24,27,27,33,40,36,27,44,61,68,44,45,85,109,12,10,9,17,20,15,61,77,50,58,42,29,43,44,67,92,122,80,66,62,34,21,27,31,30,52,48,45,86,122,75,56,54,62,60,38,24,20,21,22,36,31,31,54,48,51,48,49,54,52,51,47,47,66,47,63,66,49,41,52,62,71,85,73,57,118,116,94,71,49,62,68,61,51,80,84,68,66,59,74,74,61,55,70,61,38,53,49,51,62,44,41,44,50,65,44,42,59,69,57,65,43,46,61,54,44,32,40,81,70,37,48,40,19,33,20,10,17,20,25,34,37,24,30,22,18,26,33,25,39,43,36,41,43,40,56,44,52,34,40,43,24,22,16,32,29,40,45,39,54,57,51,38,31,42,40,50,32,19,52,53,28,35,67,81,80,38,32,22,40,88,79,44,50,31,23,26,23,14,11,15,13,18,9,12,5,10,10,11,10,19,18,16,13,2,15,8,3,2,5,8,6,28,60,13,18,5,7,14,16,11,15,18,8,6,8,14,10,7,9,11,15,12,10,13,29,34,30,27,22,25,19,22,15,22,23,13,11,27,7,11,18,14,8,16,10,15,8,13,14,18,13,14,8,5,11,5,17,16,11,11,12,12,20,20,6,14,18,10,10,8,18,25,14,8,26,20,12,14,12,7,15,4,2,4,6,5,1,12,8,4,8,8,16,14,16,12,14,6,2,4,8,3,5,11,8,17,27,12,7,6,12,3,7,4,4,8,2,6,6,11,22,14,10,12,4,6,6,24,21,19,15,15,21,20,7,3,8,5,9,9,6,20,22,14,3,5,4,2,9,0,4,1,2,1,5,6,8,7,5,9,10,6,10,16,10,8,11,21,28,12,9,6,2,2,3,2,1,0,0,0,1,5,0,0,0,1,0,1,0,0,0,3,7,7,8,9,2,6,4,0,1,1,0,1,1,0,0,0,0
000018.bin,conv2,2,21x800x704,0,400,KittiDataset.__getitem__,True,kitti,15000,11827200,30596,0.00258691829004329,0.9974130817099567,0,0,0,0,0,0,0,0,0,0,0,0,0,0,0,0,0,0,0,0,0,0,0,0,0,0,0,0,0,0,0,0,0,0,0,0,0,0,0,0,0,0,0,0,0,0,0,0,0,0,0,0,0,0,0,0,6,16,28,33,39,37,50,44,44,51,57,91,88,94,120,105,93,97,90,99,130,98,80,108,164,124,114,160,132,97,131,131,100,124,162,142,108,117,151,124,105,99,108,111,111,146,98,88,92,105,144,150,91,72,68,113,71,65,75,75,80,107,147,99,90,111,122,131,121,115,140,132,114,107,96,101,98,106,106,88,111,113,103,87,87,77,79,63,83,104,72,70,65,84,100,60,79,80,92,77,75,88,106,109,64,55,68,69,75,99,85,111,119,100,100,95,59,61,80,88,103,96,98,100,85,80,80,75,90,94,81,55,52,52,59,66,53,44,48,52,49,77,75,50,47,52,58,55,62,62,54,67,75,63,82,129,106,62,55,39,44,52,68,69,76,99,110,114,90,58,65,109,105,53,36,38,37,29,30,35,42,41,38,42,41,38,37,47,61,55,75,79,69,87,65,36,46,62,44,35,40,45,52,51,57,81,77,67,72,61,55,65,75,91,131,164,131,143,171,176,126,80,68,98,121,108,107,102,89,92,122,117,87,74,69,66,79,59,55,63,49,42,58,60,34,46,42,74,92,63,56,29,22,14,34,23,23,27,37,46,67,137,123,82,68,58,49,40,35,53,56,59,57,71,65,63,38,59,72,89,64,74,85,90,105,138,123,80,63,80,62,40,61,73,70,71,40,29,34,18,13,16,14,24,21,12,15,26,21,25,29,20,38,45,48,30,32,20,18,13,13,4,5,8,12,13,20,30,33,37,29,27,29,40,39,41,41,58,42,54,63,44,45,59,53,28,22,18,19,34,33,30,36,27,29,33,86,106,111,67,29,28,29,18,17,33,31,20,30,33,47,53,63,67,52,45,57,66,65,34,40,50,51,44,38,52,39,28,25,36,30,14,22,32,32,40,91,118,67,33,15,38,36,22,38,45,13,13,16,12,16,14,13,25,17,18,29,34,24,29,27,31,22,11,15,17,8,16,25,42,34,21,10,44,28,40,29,23,15,22,8,7,9,4,7,14,17,13,7,8,13,13,5,5,8,10,7,6,13,5,0,4,28,26,19,8,15,28,18,17,5,14,11,35,23,28,29,21,26,43,46,48,32,15,24,23,16,11,9,23,35,18,8,8,19,17,15,14,18,10,4,6,6,18,20,25,28,31,36,27,22,15,10,25,19,14,17,13,18,16,12,7,11,1,8,8,11,6,14,8,7,14,14,9,5,9,8,7,11,11,11,8,13,16,8,12,18,13,8,4,1,6,2,2,2,0,4,10,13,31,22,9,5,9,12,8,2,0,0,0,2,2,2,2,4,0,5,6,5,8,4,5,10,5,6,6,0,8,5,2,3,6,11,14,10,17,22,14,4,5,9,1,1,2,7,19,24,16,10,3,2,4,2,0,0,0,0,0,0,0,2,0,0,0,0,6,8,6,0,6,2,2,0,4,10,4,20,16,16,11,6,2,6,5,10,4,10,10
000019.bin,conv2,2,21x800x704,0,400,KittiDataset.__getitem__,True,kitti,15000,11827200,18418,0.0015572578463203463,0.9984427421536797,0,0,0,0,0,0,0,0,0,0,0,0,0,0,0,0,0,0,0,0,0,0,0,0,0,0,0,0,0,0,5,18,27,23,20,17,16,21,33,39,34,37,38,36,31,28,25,29,31,44,58,64,78,67,57,38,38,41,42,48,53,57,58,59,76,93,94,119,113,107,117,92,129,131,106,125,159,140,124,145,117,120,173,199,186,164,193,158,172,212,202,160,123,120,113,146,135,83,82,113,119,90,85,105,98,77,63,62,76,95,80,74,71,59,58,55,89,69,65,56,38,34,31,27,38,48,66,59,50,54,49,48,66,52,50,57,72,74,37,48,48,54,50,70,69,39,56,53,48,41,65,67,44,36,35,32,36,69,67,43,33,36,40,28,38,57,43,32,38,36,35,36,27,26,44,42,33,30,23,30,30,33,33,37,44,52,45,36,35,27,34,32,30,27,22,36,44,54,47,38,38,34,32,34,32,38,27,29,28,24,31,24,19,33,33,40,31,18,25,31,32,32,30,28,22,23,38,25,38,48,37,37,37,28,24,33,25,23,23,24,24,34,35,22,25,23,22,33,35,26,34,29,32,24,32,28,29,28,31,24,28,24,29,27,27,17,15,17,15,29,25,29,28,28,20,22,15,13,17,18,17,23,19,33,26,20,23,17,20,32,38,30,24,27,30,30,25,27,22,22,16,11,9,22,26,20,27,26,18,16,15,14,7,20,11,7,26,19,24,17,16,24,24,20,36,54,42,28,30,38,54,49,22,18,18,75,97,58,16,10,14,22,27,43,25,28,24,15,10,20,40,39,31,28,17,27,52,26,40,34,37,17,21,24,21,19,20,23,27,34,23,22,15,12,20,32,46,43,32,12,18,13,5,12,23,19,17,10,9,18,19,20,15,9,28,22,8,16,5,5,19,44,30,40,21,25,29,24,15,11,5,7,8,17,11,8,5,15,18,13,13,7,10,9,12,12,22,18,17,9,33,16,17,13,4,5,5,10,9,8,2,0,6,12,5,3,9,6,1,3,10,8,5,5,4,8,17,26,31,19,14,6,8,14,6,6,8,6,6,4,8,7,6,4,6,6,3,1,3,4,8,1,17,14,11,4,7,12,10,23,31,10,5,6,6,8,6,9,7,22,6,4,6,0,6,2,2,6,4,1,0,0,5,21,20,6,12,11,2,5,6,7,12,14,14,4,20,20,10,12,6,12,6,6,4,7,9,4,0,0,2,1,7,18,22,20,5,6,10,6,0,0,2,4,2,1,0,0,0,0,2,3,3,5,5,5,3,3,7,4,10,6,14,20,26,29,15,4,3,9,29,23,19,11,3,2,4,4,2,7,11,9,7,1,2,0,0,0,0,0,2,3,1,1,1,0,2,0,0,0,1,0,1,2,0,1,1,0,0,0,0,0,0,1,1,0,2,2,0,0,0,0,0,2,2,0,0,2,2,0,0,0,0,0,0,0,0,0,0,0,0,0,0,0,0,0,0,2,1,0,0,0,0,1,0,0,0,0,0,3,4,0,3,4,2,0,0,0,0,0,0,0,0,0,1,0,6,10,18,20,11,3,7,11,8,3,4,14,8,11,3,12,31,23
000020.bin,conv2,2,21x800x704,0,400,KittiDataset.__getitem__,True,kitti,15000,11827200,24000,0.002029220779220779,0.9979707792207793,0,0,0,0,0,0,0,0,0,0,0,0,0,0,0,0,0,0,0,0,0,0,0,0,0,0,0,0,0,0,0,0,0,0,0,0,0,0,0,0,0,0,0,0,0,0,0,0,0,0,0,0,0,0,0,0,0,0,0,0,0,0,0,0,0,4,6,25,39,45,47,57,62,70,82,69,75,82,79,75,75,73,70,75,71,107,98,72,86,87,117,157,121,116,145,207,172,157,186,202,118,87,93,131,180,121,62,73,78,103,168,116,78,104,121,95,93,81,73,152,165,77,81,76,149,203,151,123,176,212,141,116,109,109,127,202,238,171,174,150,170,193,189,146,104,113,170,239,212,187,149,140,160,157,149,152,162,140,94,85,93,90,92,87,104,108,105,102,75,69,66,74,58,73,84,95,84,78,61,84,96,74,62,72,76,112,108,87,76,72,83,125,103,54,35,43,37,37,40,36,27,26,63,79,60,53,70,50,42,53,58,60,55,64,60,73,57,55,68,73,85,102,82,60,59,61,59,51,64,70,61,48,51,45,49,61,65,63,72,84,60,62,51,53,56,39,43,51,47,42,47,49,53,38,44,47,40,41,28,22,33,29,33,24,29,20,15,12,23,32,46,52,37,24,25,33,29,36,48,64,61,44,49,63,40,26,42,45,48,24,20,14,22,27,14,13,20,22,16,16,14,21,20,43,47,35,42,48,60,56,44,41,32,20,13,26,35,54,52,32,28,27,29,18,39,30,22,30,50,34,48,51,60,57,27,40,64,57,53,36,21,20,27,38,38,41,20,23,18,25,37,31,27,14,8,8,16,22,29,22,22,11,20,23,20,25,35,13,16,22,25,11,2,4,8,9,8,10,13,12,10,6,0,0,6,4,4,0,0,8,6,4,3,0,2,8,11,6,6,3,6,2,4,7,3,6,14,9,0,2,0,0,2,10,7,6,19,15,0,0,0,6,10,13,16,12,43,110,125,91,82,167,186,105,87,133,159,94,23,14,17,29,68,76,46,45,68,58,60,59,57,75,84,56,27,5,0,0,0,2,0,0,0,0,0,0,0,0,4,4,4,4,0,0,0,0,0,0,0,0,4,4,0,0,0,0,4,0,0,0,0,0,0,0,0,0,0,0,0,0,0,0,0,0,0,0,0,0,0,0,0,0,0,0,0,0,0,0,0,0,0,0,0,0,0,0,0,0,0,0,0,0,0,0,0,0,0,0,0,0,0,0,0,0,0,0,0,0,0,0,0,0,0,0,0,0,0,0,0,0,0,2,0,0,0,0,0,0,0,0,0,0,0,0,0,0,0,0,0,0,0,0,0,0,0,0,0,0,2,2,0,0,0,0,0,0,0,0,0,0,0,0,0,0,0,0,0,0,0,0,0,0,0,0,0,0,0,0,0,0,0,0,0,0,0,0,0,0,0,0,0,0,0,0,0,0,0,0,0,0,0,0,0,0,0,0,0,0,0,0,0,0,0,0,0,0,0,0,0,0,0,0,0,0,0,0,0,0,0,0,0,0,0,0,0,0,0,0,0,0,0,0,0,0,0,0,0,0,0,0,0,0,0,0,0,0,0,0,0,0,0,0,0,0
000021.bin,conv2,2,21x800x704,0,400,KittiDataset.__getitem__,True,kitti,15000,11827200,20748,0.0017542613636363637,0.9982457386363637,0,0,0,0,0,0,0,0,0,0,0,0,0,0,0,0,0,0,0,0,0,0,0,0,0,0,0,0,0,0,0,0,0,6,13,13,10,8,8,3,3,0,0,0,0,0,0,0,0,0,0,0,0,0,0,0,0,0,0,8,12,19,24,28,36,41,55,52,57,58,56,89,92,80,116,113,93,148,115,96,142,116,122,88,48,64,101,127,91,57,99,133,88,67,127,103,56,54,84,130,76,58,65,67,128,259,372,367,214,89,83,97,106,161,161,91,85,114,187,159,121,169,195,152,121,107,109,131,182,127,80,88,116,161,138,87,90,91,112,152,139,95,105,111,134,170,115,67,74,69,63,56,121,136,69,56,63,49,75,118,131,63,50,51,66,74,85,102,130,74,51,47,48,47,46,49,67,79,101,132,135,80,57,42,48,44,45,56,68,105,136,75,37,39,37,28,40,42,39,29,40,101,93,35,19,76,426,498,109,64,37,37,39,55,61,92,105,79,56,53,49,50,51,42,81,90,75,66,44,35,30,25,23,21,22,20,20,29,22,23,27,31,45,85,77,72,56,68,80,139,102,43,25,41,50,45,29,34,37,21,11,6,6,29,49,54,39,20,22,18,18,16,16,20,26,28,18,24,20,22,27,28,27,50,55,64,42,53,44,32,26,21,19,12,16,18,19,25,49,45,44,38,52,58,72,52,32,30,29,19,30,37,45,47,64,45,39,22,12,28,22,27,22,22,2,6,6,4,5,9,17,14,14,9,5,13,11,9,22,23,16,15,2,7,18,21,19,35,24,14,23,29,23,18,14,16,19,10,11,12,11,18,10,4,3,2,0,0,0,0,1,0,0,2,4,8,6,2,0,2,2,1,7,12,12,3,2,6,24,23,24,30,41,27,20,38,27,21,14,16,18,13,19,8,4,1,1,1,3,6,3,1,1,0,1,5,5,3,1,4,6,4,2,1,0,4,1,1,1,4,6,2,0,0,0,0,0,0,0,0,1,0,0,1,0,3,2,0,6,8,7,6,6,6,9,15,11,9,3,6,6,1,0,0,0,0,0,0,0,0,0,0,0,0,0,0,0,0,0,0,11,4,0,0,0,0,0,0,0,2,2,6,14,0,0,2,10,6,4,2,7,12,11,2,8,8,0,0,0,4,4,0,0,0,0,4,0,0,0,0,0,4,2,0,0,2,2,0,0,1,0,0,0,0,0,0,0,0,0,0,0,0,2,2,0,0,0,0,0,0,0,0,0,0,0,0,0,4,4,0,0,0,0,0,0,0,0,0,0,0,0,0,0,0,0,2,2,0,0,0,0,0,0,0,0,0,0,0,0,0,0,0,0,0,0,0,0,0,0,0,0,0,0,0,0,0,0,0,0,0,0,0,0,0,0,0,0,0,0,0,0,0,0,0,0,0,2,2,0,0,2,0,0,4,0,0,2,2,0,0,0,0,0,0,0,0,2,0,0,0,2,0,0,1,1,0,0,1,0,1,1,0,0,0,0,0,0,0,0,0,0,0,0,0,0,0,0,0,0,0,0,0,0,0,0,0,0,0,0,0,0,0,0,0,0,0,2,0,0,0,0,0,0,0
000022.bin,conv2,2,21x800x704,0,400,KittiDataset.__getitem__,True,kitti,15000,11827200,27521,0.002326924377705628,0.9976730756222943,0,0,0,0,0,0,0,0,0,0,0,0,0,0,0,0,0,0,0,0,0,0,0,0,0,0,0,0,0,0,0,0,0,0,0,0,0,0,0,0,0,0,0,0,0,0,0,0,0,0,0,4,4,4,0,0,5,13,29,34,34,38,43,53,51,56,50,59,68,63,69,67,73,77,78,83,90,113,120,115,119,122,142,160,154,144,153,172,160,120,129,139,149,157,140,122,129,139,153,125,135,157,148,116,110,106,124,102,82,64,80,125,173,127,111,90,81,80,91,129,100,69,59,71,80,88,82,76,89,111,145,112,79,99,100,97,172,198,139,126,191,226,147,105,119,131,130,96,140,218,146,97,107,110,85,111,193,176,96,103,85,71,70,121,193,109,78,86,84,90,83,137,145,85,52,68,88,105,100,105,81,155,180,137,133,110,108,92,83,70,69,95,135,129,93,85,52,66,66,102,146,129,112,112,96,119,72,70,64,65,68,53,51,62,70,49,42,51,59,59,76,61,60,67,62,57,33,25,30,37,22,30,47,55,86,70,42,54,47,55,23,24,27,28,31,14,19,15,36,65,52,56,100,113,56,61,65,57,46,34,26,23,41,20,11,16,23,24,16,25,37,36,41,65,63,21,23,41,56,58,86,80,24,22,24,22,29,26,20,31,45,111,118,52,30,33,21,31,51,83,84,103,63,22,27,51,31,35,22,33,34,24,14,15,9,30,35,36,45,29,29,23,34,70,60,30,29,34,47,34,39,43,31,32,34,24,20,21,9,13,19,13,17,19,8,21,17,18,12,12,19,32,35,59,49,85,79,48,53,57,47,38,12,20,26,25,75,109,82,12,16,18,16,12,15,25,33,23,17,14,12,12,18,14,16,16,21,12,14,24,10,19,13,6,10,12,15,20,40,71,61,42,30,28,34,24,15,23,21,12,19,20,22,20,16,6,4,10,11,7,4,6,3,0,5,2,8,10,8,2,8,7,4,4,2,3,6,8,4,7,9,13,11,15,11,18,27,25,11,16,29,38,44,38,51,48,24,12,21,27,30,18,12,14,8,25,20,6,7,8,4,2,6,7,12,7,5,2,6,5,0,2,3,5,4,2,0,4,8,7,9,6,2,3,7,8,3,7,8,9,34,30,20,12,9,16,17,8,10,6,6,12,24,28,20,31,45,52,42,32,13,18,16,18,21,24,22,6,24,22,10,21,1,3,10,12,10,13,21,17,20,27,45,30,15,42,42,12,2,11,12,31,63,18,3,12,7,8,59,90,22,21,16,6,39,106,68,18,26,26,4,4,14,8,4,4,6,4,16,26,8,14,10,2,4,4,2,0,4,4,2,25,45,20,1,0,0,0,0,3,3,2,4,2,0,0,0,0,0,0,1,3,4,0,0,2,0,0,2,2,0,0,1,0,1,4,1,4,8,3,12,18,17,16,24,14,15,20,20,28,26,29,27,28,28,20,22,20,10,3,3,5,14,7,3,9,9,12,9,8,7,3,8,15,13,14,15,14,13,18,8,14,6,5,2,4,2,6,5,1,4,6,8,13,6,0,4,3,2,7,5,0,0,6,2,1,2,4,1,2,2,2,0,0
000023.bin,conv2,2,21x800x704,0,400,KittiDataset.__getitem__,True,kitti,15000,11827200,29782,0.0025180938852813854,0.9974819061147187,0,0,0,0,0,0,0,0,0,0,0,0,0,0,0,0,0,0,0,0,0,0,0,0,0,0,0,0,0,0,0,0,0,0,0,0,0,0,0,0,0,0,0,0,0,0,0,0,4,6,8,12,20,23,35,33,34,39,44,42,44,41,35,43,51,67,68,73,86,103,135,130,118,157,173,144,179,140,131,171,147,123,160,134,111,144,77,94,102,105,116,145,104,119,117,149,102,111,146,150,108,123,141,179,184,133,133,171,174,224,222,182,156,157,132,129,157,170,207,189,130,139,160,215,206,155,155,190,181,131,126,136,147,167,195,156,148,165,156,144,113,94,97,101,98,100,127,99,113,112,103,114,132,105,97,89,106,98,82,81,110,84,66,58,72,88,87,91,82,76,44,56,57,68,66,86,102,108,96,79,62,69,60,54,63,78,62,102,124,133,130,80,80,71,93,122,89,117,162,78,78,84,78,70,77,65,48,86,92,86,95,130,123,86,49,45,59,98,80,72,57,43,59,72,71,63,69,112,126,69,58,49,45,42,44,61,21,29,51,89,165,219,143,105,75,41,43,33,31,36,29,30,19,23,19,18,27,27,40,32,52,58,56,159,117,79,48,28,19,21,9,15,14,19,35,14,30,32,25,24,12,26,55,110,145,90,34,16,20,28,34,21,18,31,45,34,51,65,73,62,39,42,34,44,38,47,33,47,57,69,50,58,85,83,66,74,45,45,42,62,32,39,51,72,59,51,53,61,68,50,46,36,22,40,39,33,41,38,46,48,77,64,52,39,39,36,35,22,29,33,53,54,51,48,53,70,40,31,31,31,39,28,34,53,44,50,38,35,38,36,36,36,29,18,17,9,31,55,40,33,40,61,27,37,51,35,25,27,54,69,50,33,30,24,26,24,28,32,25,17,23,20,15,30,27,25,24,17,7,15,13,13,16,8,7,9,21,13,6,15,14,1,7,24,16,13,12,6,17,18,22,15,38,46,25,24,29,31,25,36,23,53,50,38,27,27,43,43,39,39,35,33,43,32,39,27,33,31,12,20,31,18,19,22,14,12,12,21,9,14,16,14,3,0,8,2,9,10,5,4,3,14,8,8,4,14,14,17,15,11,21,16,17,11,14,12,6,8,16,13,10,12,13,10,15,8,0,1,5,16,8,4,21,22,10,9,6,9,9,7,7,1,9,17,6,11,9,11,13,12,10,23,20,14,11,20,64,55,17,28,40,24,12,17,10,13,9,1,10,8,4,5,8,6,4,2,0,0,4,2,0,0,2,2,4,4,2,2,0,0,8,6,2,2,0,0,2,0,0,1,3,6,2,0,0,6,4,2,2,0,0,0,4,2,2,2,0,0,0,0,4,4,0,2,2,0,0,0,0,0,0,0,0,0,0,0,0,0,2,2,0,0,0,0,0,0,0,0,0,0,0,2,2,4,44,81,15,2,0,0,0,0,0,0,0,0,0,0,0,0,0,0,0,2,3,1,0,0,1,3,1,0,0,0,0,0,0,1,0,0,0,0,0,0,0,0,0,0,0,0,0,0,0,0,0,1,1,0,0,0,2,0,0,0,0,0,0,0,0,0,0,0,0,0
000024.bin,conv2,2,21x800x704,0,400,KittiDataset.__getitem__,True,kitti,15000,11827200,28701,0.0024266943993506494,0.9975733056006494,0,0,0,0,0,0,0,0,0,0,0,0,0,0,0,0,0,0,0,0,0,0,0,0,0,0,0,0,0,0,0,0,0,0,0,0,0,0,0,0,0,0,0,2,2,2,2,3,2,2,3,4,4,4,4,6,6,6,5,4,4,4,8,8,6,11,16,20,23,27,27,35,45,39,45,53,61,71,71,60,62,58,92,114,111,72,88,108,138,135,93,123,173,145,97,134,181,124,106,119,163,137,118,121,126,153,160,126,139,123,114,142,155,192,231,212,184,185,185,221,219,191,219,203,161,152,162,175,194,187,168,169,187,215,174,141,162,174,165,158,151,139,147,157,163,119,113,136,134,123,141,170,123,108,105,111,137,130,147,135,84,89,91,87,114,124,154,124,98,87,63,71,85,94,106,132,153,121,92,79,62,65,89,92,84,90,49,43,50,41,55,61,72,96,110,153,134,86,96,75,67,64,67,76,87,75,90,96,98,55,45,51,55,70,60,72,100,113,109,49,49,46,44,46,45,58,73,74,59,62,84,85,100,126,131,128,62,68,59,43,39,48,46,60,80,92,82,100,115,88,103,76,46,24,25,39,45,44,53,42,36,32,39,42,39,57,57,51,65,75,80,53,37,35,39,53,45,46,54,49,41,45,48,45,34,40,39,45,53,51,36,24,42,56,54,21,26,23,24,21,21,20,41,46,25,27,41,37,40,54,40,49,49,46,42,42,40,45,73,92,55,31,47,79,77,66,36,41,44,23,23,27,21,28,22,10,22,13,26,34,26,43,32,22,30,33,46,49,64,64,60,60,51,41,27,35,15,21,31,20,15,15,25,24,15,19,21,45,42,46,56,33,54,56,60,50,41,47,52,40,28,26,26,36,46,33,48,32,44,37,52,42,31,35,23,18,14,21,29,11,17,28,18,21,15,22,26,6,34,31,27,46,34,16,36,30,32,28,29,18,35,40,24,35,36,41,34,40,38,35,28,23,17,20,27,11,11,17,16,21,16,15,17,17,20,15,12,18,17,7,7,10,5,7,0,2,6,9,12,15,3,5,15,2,11,20,30,27,12,14,17,16,16,6,10,7,4,3,6,8,6,2,8,8,17,27,17,40,31,12,16,20,21,23,24,10,32,26,28,15,12,16,21,9,13,8,20,27,18,10,12,13,12,25,14,13,15,8,10,8,14,14,2,10,10,6,8,4,4,8,4,0,2,4,2,4,4,0,12,16,8,0,4,8,6,12,6,2,4,10,12,2,4,0,4,0,0,0,4,4,4,8,4,4,4,2,0,3,7,10,11,13,8,12,16,8,0,4,8,14,14,12,7,21,9,24,13,20,22,21,13,7,9,8,7,10,11,9,7,7,4,4,0,3,4,0,1,4,0,2,0,4,2,0,2,2,0,2,4,2,3,4,3,0,0,2,2,0,0,8,4,0,0,0,0,0,0,0,0,0,0,0,0,1,1,1,0,0,4,3,0,4,3,0,0,3,3,0,2,0,0,0,0,0,0,4,4,0,9,5,4,2,4,4,0,0,1,1,0,0,0,0,0,0,1,0,0,0,0,0,0,0,1,0,0,0,0,2,1,1,0,0,0,4
000025.bin,conv2,2,21x800x704,0,400,KittiDataset.__getitem__,True,kitti,15000,11827200,20827,0.001760940882034632,0.9982390591179654,0,0,0,0,0,0,0,0,0,0,0,0,0,0,0,0,0,0,0,0,0,0,0,0,4,4,2,2,4,13,19,16,15,13,9,12,23,26,29,30,42,42,37,29,31,27,20,21,25,29,33,14,11,11,9,4,4,2,0,0,0,0,7,10,29,63,56,60,73,58,79,82,78,96,95,96,102,120,101,90,111,97,132,142,146,151,145,124,132,193,188,141,113,114,147,158,132,117,135,152,131,118,151,145,106,88,104,118,133,111,80,83,86,99,126,121,92,78,75,70,93,108,153,171,165,185,181,168,200,232,215,189,186,201,180,171,150,134,136,119,113,98,87,90,81,73,78,84,46,49,55,54,49,58,36,30,40,41,40,59,67,64,54,46,52,124,195,227,217,200,171,149,139,101,89,87,75,74,85,83,72,71,75,84,81,105,86,89,100,105,81,58,60,36,34,38,34,32,41,54,45,53,73,55,49,52,52,40,37,36,32,32,52,50,50,51,42,34,32,41,32,34,29,29,30,30,23,22,35,28,34,41,44,34,31,38,59,83,67,32,22,22,17,19,20,17,17,21,29,34,34,28,23,22,15,16,15,15,19,19,22,24,13,19,18,36,40,39,34,16,20,17,20,16,14,8,13,12,8,9,12,6,3,7,25,53,45,34,17,20,20,25,30,31,16,20,20,33,34,30,32,30,37,52,31,20,25,19,20,11,6,8,9,8,3,3,7,18,21,27,32,23,25,38,37,24,14,8,25,18,8,8,4,6,5,9,7,18,27,3,7,5,8,2,2,1,3,4,6,2,2,12,15,17,4,11,10,3,10,13,12,6,4,4,5,18,21,10,19,14,14,15,32,19,5,10,9,8,5,5,7,8,2,3,2,6,5,6,25,36,48,67,45,33,32,40,19,12,22,9,17,11,10,7,6,10,9,8,12,42,78,26,2,4,12,6,2,4,5,7,4,4,4,2,2,4,1,0,0,0,0,0,0,0,0,0,0,0,0,0,0,0,4,0,0,0,12,18,15,28,15,5,4,3,4,2,3,3,3,2,2,1,2,3,2,4,16,6,2,2,4,0,2,0,0,2,2,0,0,0,0,0,0,0,0,0,0,0,0,0,0,0,0,0,0,0,0,0,0,0,0,0,0,4,4,20,73,90,60,22,6,6,8,4,16,33,28,19,20,22,16,14,7,3,3,6,6,4,4,6,11,10,9,7,8,4,7,1,3,0,3,2,4,7,8,0,13,10,6,0,0,0,0,0,0,0,0,0,0,0,0,0,0,1,6,4,0,0,0,0,0,0,0,0,8,8,8,6,3,0,0,0,2,1,0,6,6,0,0,0,0,0,2,0,2,0,0,1,10,5,1,0,4,0,0,2,2,2,4,2,3,0,2,2,0,3,11,12,2,3,3,8,7,0,6,16,8,0,0,0,0,0,0,0,0,0,0,0,0,0,0,0,0,0,0,0,0,0,0,0,7,2,5,3,2,1,0,0,0,0,0,0,0,0,0,0,0,0,0,4,2,4,0,0,0,0,0,0,0,1,0,2,2,0,2,0,0,0,0,1,1,0,0,0,1,0,0,0,0,0,0,0,0,2
000026.bin,conv2,2,21x800x704,0,400,KittiDataset.__getitem__,True,kitti,15000,11827200,22874,0.0019340165043290043,0.998065983495671,0,0,0,0,0,0,0,0,0,0,0,0,0,0,0,0,0,0,0,0,0,0,0,0,0,0,0,0,0,0,0,0,0,0,0,0,0,0,0,0,0,0,0,0,0,0,0,0,0,0,0,0,0,0,0,0,0,0,0,4,12,23,22,22,22,22,30,36,35,34,38,42,49,56,62,61,61,67,68,70,73,80,88,120,111,83,144,121,53,53,62,90,144,117,77,105,181,155,62,84,152,116,63,58,75,139,130,90,79,102,118,143,125,114,96,128,160,159,125,91,145,121,99,110,102,137,154,121,154,175,148,126,155,141,122,122,179,197,160,139,116,172,229,144,103,101,107,99,104,149,109,81,75,92,102,129,113,97,102,121,118,79,83,102,125,99,83,92,104,116,98,86,97,173,152,100,114,100,114,112,92,78,75,128,125,78,89,89,62,57,73,57,50,29,23,28,98,100,40,53,57,61,69,71,66,60,58,51,81,124,93,54,57,58,42,42,60,46,41,51,48,42,68,86,104,76,53,57,55,52,47,60,69,64,68,59,48,44,55,57,59,48,42,45,59,57,40,38,33,41,56,55,57,42,39,48,33,52,42,37,31,44,41,39,30,36,30,27,31,41,34,28,17,9,28,46,28,13,8,13,12,10,17,20,49,32,26,40,34,22,38,33,49,70,65,75,88,72,72,64,51,32,19,15,7,3,5,6,7,24,24,19,15,11,14,16,14,17,33,51,28,33,28,36,36,28,28,30,27,22,32,16,28,41,40,53,36,10,32,19,18,15,24,33,55,66,64,74,53,46,72,55,32,27,23,13,13,19,39,47,40,38,34,34,31,46,70,51,21,5,6,10,17,31,22,24,18,21,17,10,7,2,14,20,11,14,9,11,28,40,27,20,16,10,5,6,8,3,2,0,0,0,0,0,0,1,1,0,0,0,6,0,0,0,0,0,0,0,0,0,0,0,0,0,0,0,0,0,0,0,0,0,0,0,0,0,8,20,18,20,16,17,12,8,3,1,1,0,0,0,0,0,0,0,3,9,12,3,0,0,0,0,0,0,0,0,0,0,0,0,0,0,0,0,0,0,0,0,0,0,0,0,0,0,0,0,0,0,0,0,0,0,0,0,2,0,6,2,0,8,6,11,7,0,0,0,2,2,4,4,12,6,4,0,2,2,0,0,4,4,0,10,48,40,38,14,13,15,22,14,21,16,13,9,6,4,14,6,3,6,8,9,13,4,0,3,1,0,2,11,15,12,16,6,7,10,2,10,11,12,25,41,87,55,22,16,8,2,0,8,2,0,0,4,4,0,0,2,5,7,7,6,2,6,18,6,0,10,4,2,0,2,9,13,18,4,13,16,12,19,14,15,31,37,13,10,4,14,24,5,4,2,3,0,1,5,4,0,0,0,2,2,0,4,1,5,4,2,0,2,0,5,1,4,1,0,0,4,4,8,9,3,10,6,1,1,2,0,6,0,4,5,4,4,2,1,1,7,6,10,9,10,6,10,14,11,11,9,2,9,10,4,2,1,5,0,4,0,8,2,0,0,2,3,1,5,4,0,2,0,1,0,0,1,0,2,0,0,0,0,2,2,0,2
000027.bin,conv2,2,21x800x704,0,400,KittiDataset.__getitem__,True,kitti,15000,11827200,21970,0.0018575825216450216,0.998142417478355,0,0,0,0,0,0,0,0,0,0,0,0,0,0,0,0,0,0,0,0,0,0,0,0,0,0,0,0,0,0,0,0,0,0,0,1,3,3,4,4,4,4,5,5,6,8,7,8,8,7,7,7,7,6,6,6,6,5,5,5,7,34,42,45,95,98,85,92,89,118,86,90,111,67,55,80,97,80,96,81,84,107,81,78,106,78,54,99,77,65,64,73,120,116,45,48,83,132,101,60,79,122,89,75,122,165,194,113,121,117,100,117,147,93,80,64,83,99,108,101,118,182,143,89,88,108,139,183,108,79,132,107,58,57,67,89,95,128,110,57,70,81,84,135,115,76,79,87,89,104,119,71,84,86,76,55,84,79,38,36,39,56,69,62,48,68,50,16,38,58,91,97,138,179,211,175,113,108,133,120,198,238,196,204,205,223,190,168,153,174,184,167,147,167,171,123,106,131,121,89,96,79,73,69,49,69,100,74,52,57,60,61,24,35,34,26,29,22,25,27,29,60,60,24,35,60,30,4,2,4,4,2,10,18,20,19,18,17,27,28,34,54,29,22,26,8,13,10,13,21,23,24,22,17,21,21,19,53,39,14,17,15,2,0,0,0,3,6,6,2,0,0,4,4,2,4,14,20,14,16,34,35,20,27,22,15,27,59,31,18,11,2,2,0,7,4,0,2,0,0,0,2,2,4,14,16,22,18,24,25,34,27,25,35,28,48,89,46,6,2,1,1,3,2,5,7,10,23,23,36,34,26,32,22,13,29,27,36,47,43,41,59,65,67,65,34,38,38,48,54,37,47,31,46,72,31,11,16,8,18,19,12,6,13,0,0,0,0,6,10,6,3,3,2,2,2,0,0,0,6,0,4,12,15,17,22,14,8,10,5,8,9,8,5,1,16,46,57,44,36,33,56,33,33,30,0,2,0,7,5,4,10,11,0,4,2,0,5,8,6,8,0,1,1,0,1,1,2,2,2,3,0,1,0,0,0,2,0,0,2,2,0,0,2,6,1,2,2,4,4,7,5,0,0,4,0,0,5,57,68,76,38,36,24,22,9,0,0,0,4,0,0,4,4,0,0,0,1,0,0,1,1,0,0,1,0,2,0,28,52,47,22,32,38,27,21,39,26,13,17,9,2,5,6,10,0,3,6,3,4,3,7,2,1,9,16,6,2,0,2,6,6,2,2,6,6,8,9,5,12,8,6,6,7,12,0,0,0,3,3,0,0,0,4,5,2,3,8,18,14,30,22,14,10,22,21,15,30,27,18,19,22,22,18,4,8,19,11,5,14,22,18,18,13,5,0,6,8,19,13,14,13,18,22,18,18,16,2,2,5,5,7,8,0,0,2,2,0,8,8,0,0,0,0,0,2,0,0,4,4,2,0,0,0,0,0,0,1,5,6,16,32,28,57,43,29,37,34,29,30,29,47,54,38,56,49,38,26,13,16,10,9,4,16,20,11,4,9,7,9,2,1,1,3,0,2,4,2,5,5,2,0,0,5,4,2,3,0,0,0,0,0,0,0,0,0,0,0,0,0,2,0,0,0,0,0,0,0,0,0,0,1,1,0,0,0,0,0,4,10,6,0,0,0
000028.bin,conv2,2,21x800x704,0,400,KittiDataset.__getitem__,True,kitti,15000,11827200,19020,0.0016081574675324676,0.9983918425324675,0,0,0,0,0,0,0,0,0,0,0,0,0,0,0,0,0,0,0,0,0,0,0,0,0,0,0,0,0,0,0,0,0,0,0,0,0,0,0,0,0,0,0,0,0,0,0,0,0,0,0,0,0,0,0,24,46,34,5,3,2,0,0,0,0,14,26,26,20,17,9,10,18,24,36,40,37,43,40,37,47,46,47,69,82,63,80,118,136,126,82,68,85,60,48,66,62,53,61,67,70,79,133,151,177,176,153,153,172,173,175,192,174,198,201,196,296,396,519,503,494,387,310,284,268,307,335,325,280,255,252,221,256,303,314,253,242,218,242,241,218,209,196,201,246,248,260,240,210,185,139,178,250,248,244,207,251,235,143,108,68,48,39,61,102,107,108,71,38,34,44,51,14,8,16,70,101,76,130,281,257,90,135,216,112,52,26,15,7,12,7,4,0,1,0,0,0,2,2,0,0,2,8,5,5,6,31,34,19,13,12,1,6,4,8,2,4,0,4,6,4,8,8,11,9,4,6,2,0,0,0,0,2,1,0,0,0,0,0,0,0,0,0,0,0,0,0,0,0,0,0,0,2,2,5,6,2,3,2,6,3,7,4,4,0,0,0,2,2,2,2,0,0,0,0,0,0,0,0,0,0,0,0,0,0,2,5,5,0,0,0,0,0,0,0,0,0,0,0,0,0,0,0,0,0,0,0,0,0,0,0,0,0,0,0,0,4,4,0,0,0,0,0,0,0,0,0,0,0,0,0,0,0,0,0,0,0,0,0,0,0,0,0,0,0,0,0,0,0,0,0,0,0,0,0,0,0,0,0,0,0,0,0,0,0,0,0,0,0,0,0,0,0,0,0,0,0,0,0,0,0,0,0,0,0,0,0,0,0,0,0,2,2,0,0,0,0,0,0,0,7,13,3,0,0,0,0,0,0,0,0,0,0,0,0,0,0,0,0,0,0,0,0,0,0,0,0,0,0,0,0,0,0,0,0,0,0,0,0,0,0,0,0,0,0,0,0,0,0,0,0,0,0,0,0,0,0,0,0,0,0,4,2,0,0,0,0,0,0,0,0,0,0,0,0,0,0,0,0,0,0,0,0,0,0,0,0,0,0,0,0,0,0,2,0,0,0,0,0,0,0,0,0,0,0,0,0,0,0,0,2,2,2,2,0,0,0,0,0,0,0,0,0,0,0,0,0,0,0,0,0,0,0,0,0,0,0,0,0,0,0,0,0,0,0,0,0,0,0,0,0,0,0,0,0,0,0,0,0,0,0,0,0,0,0,0,0,0,0,0,0,0,0,0,0,0,0,0,0,0,0,0,0,0,0,0,0,0,0,0,0,0,0,0,0,2,2,0,2,0,0,0,0,0,0,0,0,0,0,0,0,0,0,0,0,0,0,0,0,0,0,0,0,0,0,0,0,0,0,0,0,0,0,0,0,0,0,0,0,0,0,0,0,0,0,0,0,0,0,0,0,0,0,0,0,0,0,0,0,0,0,0,0,0,0,0,0,0,0,0,0,0,0,0,0,0,0,0,0,0,0,0,0,0,0,0,0,0,0,0,0,0,0,0,0,0,0,0,0,0,0,0,0,0
000029.bin,conv2,2,21x800x704,0,400,KittiDataset.__getitem__,True,kitti,15000,11827200,16798,0.0014202854437229437,0.998579714556277,0,0,0,0,0,0,0,0,0,0,0,0,0,0,0,0,0,0,0,0,0,0,0,0,0,0,0,0,0,0,0,0,0,0,0,0,0,0,0,0,0,0,0,0,0,8,21,23,24,28,29,32,47,51,53,62,70,73,80,88,101,144,152,148,157,143,146,153,137,134,119,134,154,147,134,136,104,113,134,126,129,132,109,109,102,83,92,77,87,87,87,92,97,97,65,58,65,60,60,65,68,85,111,104,62,64,78,75,56,55,48,59,65,65,58,58,82,71,55,60,63,73,77,88,73,65,76,75,71,75,70,67,78,93,79,71,74,72,77,78,77,70,67,69,68,73,78,61,61,67,61,62,80,82,75,79,69,52,52,67,127,127,167,307,341,124,39,31,35,41,35,35,44,39,37,36,30,46,46,57,45,28,32,33,27,41,52,46,31,40,33,30,34,45,39,60,83,48,28,32,28,33,38,44,50,44,34,24,24,47,48,76,88,57,63,38,20,35,41,40,28,25,20,18,38,132,129,86,49,27,14,29,45,33,40,47,55,48,58,109,66,21,17,24,16,9,9,9,12,13,28,52,34,11,14,13,14,13,11,4,16,21,25,40,77,66,26,5,0,2,5,1,2,2,6,7,0,0,0,2,6,2,0,0,4,3,4,8,4,1,22,50,54,52,14,11,13,6,4,10,21,14,7,6,15,25,23,2,8,9,0,0,0,0,0,0,3,5,4,14,14,8,25,24,13,14,9,14,10,7,22,29,32,44,42,26,28,12,6,10,11,9,4,10,14,4,6,6,8,6,9,16,9,4,2,20,18,5,5,4,0,2,4,2,0,0,0,0,4,0,0,4,0,4,0,0,6,14,12,14,14,26,27,20,18,6,3,7,4,6,7,3,1,4,2,2,3,1,4,6,2,13,10,38,44,25,21,16,6,5,0,0,0,0,5,7,12,4,5,8,2,9,8,15,26,15,42,36,12,6,4,9,6,2,12,10,20,26,24,11,12,14,9,11,16,9,9,10,10,6,2,11,4,11,18,10,4,9,3,5,6,2,0,0,0,0,0,0,8,11,5,3,2,0,0,0,0,0,0,0,0,0,0,0,0,0,3,8,0,0,0,0,0,0,0,0,0,0,0,2,0,0,0,0,0,0,4,4,4,4,0,0,0,0,0,0,0,1,1,4,4,0,0,0,0,2,0,0,0,0,0,0,0,0,0,4,10,4,0,0,0,1,2,3,4,3,3,4,0,2,0,2,1,4,4,0,0,1,2,0,0,0,0,0,0,0,0,0,0,0,0,0,0,0,0,0,0,0,0,0,0,0,0,0,0,2,4,6,8,4,0,0,0,0,0,0,2,6,2,0,0,0,0,0,0,0,0,0,0,0,0,0,0,0,0,1,1,0,0,0,0,0,0,0,2,2,0,0,0,0,0,0,0,0,0,0,0,10,11,0,1,1,1,1,0,0,0,0,2,4,8,9,4,9,9,6,12,15,16,4,4,11,6,0,2,0,2,3,3,0,0,0,0,0,0,0,0,0,0,0,0,2,4,0,0,0,0,0,2,0,0,0,0,0,0,0,0,0,0,0,0,0,0,4
000030.bin,conv2,2,21x800x704,0,400,KittiDataset.__getitem__,True,kitti,15000,11827200,15131,0.0012793391504329005,0.9987206608495671,0,0,0,0,0,0,0,0,0,0,0,0,0,0,0,0,0,0,0,0,0,0,0,0,0,6,7,8,6,10,19,32,46,48,52,49,43,48,52,58,58,60,62,60,60,61,59,62,65,103,129,113,87,77,85,97,100,118,115,122,122,142,165,165,148,180,169,147,150,124,158,150,122,170,213,226,227,210,204,206,174,157,164,124,141,116,80,71,92,85,78,63,53,73,69,53,56,59,45,39,48,45,58,45,36,51,58,49,55,40,36,37,32,39,49,45,64,77,63,50,41,46,64,48,43,48,65,51,38,46,41,35,69,59,37,43,39,41,51,39,21,25,26,39,41,31,23,25,22,21,36,47,32,29,31,29,31,27,50,62,37,19,16,4,7,20,18,36,34,32,102,103,64,2,6,1,2,20,21,15,12,4,4,5,3,3,3,5,10,16,20,14,11,11,14,6,6,4,3,5,9,15,12,8,11,13,14,17,17,16,10,11,13,5,5,9,5,3,10,9,12,13,7,8,10,2,0,9,14,42,79,29,17,23,14,5,10,9,8,11,10,9,12,8,11,21,16,4,7,18,18,14,19,15,16,19,29,51,104,120,69,7,6,2,2,4,12,19,11,27,23,20,10,7,11,12,8,6,6,8,8,11,9,6,6,18,12,10,14,22,22,43,41,39,42,22,4,8,14,12,28,17,15,20,19,15,10,8,4,10,12,16,18,10,20,20,38,51,44,25,17,78,78,58,52,41,32,21,20,26,16,23,18,14,18,16,14,15,6,9,19,19,12,8,5,7,6,2,9,9,0,19,38,23,20,21,4,6,4,12,36,48,41,49,39,22,14,13,24,21,16,14,15,9,15,10,3,7,9,3,5,10,1,2,4,4,13,14,10,12,24,15,16,16,11,9,10,4,0,4,15,18,28,14,2,6,21,16,7,7,4,2,1,10,11,16,19,14,26,24,12,4,4,1,3,2,2,0,2,2,0,0,0,0,0,0,0,0,0,0,0,0,0,0,0,0,4,4,2,0,0,4,10,7,0,6,4,4,4,0,2,0,2,0,0,4,0,2,2,0,8,6,0,2,2,2,4,2,5,5,7,15,10,5,0,2,10,16,8,3,1,4,14,20,21,14,7,8,20,32,14,0,3,8,12,0,0,4,4,0,2,10,7,0,4,6,0,0,8,8,0,3,4,0,0,2,9,4,3,2,6,5,0,1,8,7,0,2,10,2,4,6,2,0,0,0,0,0,0,0,0,0,0,0,0,0,4,13,12,9,0,0,0,4,2,0,0,0,0,3,1,0,0,2,2,0,0,0,0,0,2,2,0,2,2,2,0,0,0,6,6,0,0,0,0,0,2,6,4,0,0,0,0,0,0,4,7,1,2,6,8,19,14,0,0,0,0,0,0,0,0,0,0,0,0,0,0,0,0,0,0,0,0,0,0,0,0,0,0,0,0,0,0,0,0,0,0,0,2,2,0,0,0,0,0,0,0,0,0,0,0,0,2,0,0,2,7,5,4,0,0,0,0,0,0,0,0,18,12,0,0,0,0,0,0,0,0,0,0,0,0,0,0,0,0,0,0,0,0,0,0,0,0,4
000031.bin,conv2,2,21x800x704,0,400,KittiDataset.__getitem__,True,kitti,15000,11827200,25811,0.002182342397186147,0.9978176576028138,0,0,0,0,0,0,0,0,0,0,0,0,0,0,0,0,0,0,0,0,0,0,0,0,0,0,0,0,0,0,2,11,11,8,6,9,10,10,11,14,14,11,7,5,4,0,0,0,0,0,0,0,0,0,0,0,0,0,0,0,4,10,12,12,18,22,33,46,59,72,90,90,146,175,149,134,156,152,124,136,118,107,118,105,106,112,115,114,133,121,110,122,154,165,140,151,143,140,128,137,148,132,106,105,90,111,154,158,166,162,137,129,162,132,120,125,107,127,154,141,132,125,170,133,163,154,131,136,140,108,95,127,159,153,140,126,117,108,143,147,107,109,107,103,91,119,104,100,81,60,60,73,86,59,58,37,32,58,96,75,84,62,54,36,9,16,53,72,41,24,30,28,18,8,23,57,52,48,47,46,37,38,20,23,45,46,47,34,22,23,28,28,38,72,208,529,610,488,379,299,271,198,144,159,134,98,78,67,50,38,74,65,70,87,93,94,111,132,90,61,64,82,69,55,66,76,63,57,47,47,56,72,69,55,72,78,75,66,64,68,44,34,56,91,104,84,56,50,53,96,110,79,109,210,265,500,428,92,81,60,39,169,185,95,98,82,65,57,99,129,116,66,45,40,33,42,38,39,32,30,25,14,27,43,46,33,31,32,39,40,37,34,34,32,25,28,19,18,22,22,29,14,17,14,20,19,23,20,14,22,19,29,22,32,40,36,19,29,33,26,29,22,25,23,30,29,12,8,17,12,10,12,24,18,8,4,15,16,6,7,10,17,23,26,12,9,7,16,17,12,10,16,17,8,19,34,24,20,22,29,30,17,14,24,7,15,16,17,8,10,8,4,18,23,21,15,20,6,0,3,0,12,4,0,6,0,5,14,8,6,7,5,16,20,6,8,10,6,8,11,14,16,11,8,2,9,31,29,28,22,16,6,10,12,10,18,16,9,3,5,2,6,6,3,0,5,10,9,0,1,1,0,0,0,0,0,0,0,0,4,4,1,1,1,2,2,2,0,1,6,6,1,3,2,2,3,3,0,1,4,0,6,2,1,0,13,14,10,18,14,6,12,18,14,11,8,2,4,4,2,0,2,0,4,4,4,2,1,0,0,2,6,0,0,10,10,12,2,2,5,14,58,33,2,2,4,4,6,4,4,8,8,4,0,2,0,4,0,0,0,4,0,4,2,6,4,4,2,2,0,4,0,0,7,5,2,4,4,5,10,0,2,0,2,4,6,6,2,6,10,6,2,0,0,3,6,1,1,0,2,0,0,0,0,0,0,0,0,0,2,2,6,8,4,6,4,4,0,0,6,0,0,0,4,4,4,4,0,0,2,2,2,0,0,0,0,0,0,0,0,0,0,0,0,0,0,0,0,0,0,0,0,0,0,0,0,0,0,0,0,0,0,0,0,0,0,0,0,0,0,4,0,0,0,0,0,0,0,0,0,0,0,0,0,0,0,0,0,0,0,0,0,0,0,0,0,0,0,0,0,0,0,0,0,0,0,0,0,0,0,0,0,0,0,2,0,0,0,0,0,0,4,0,2,2,0,2,1,0,0,1,4,4,1,0,6,2,3,4,0,4,3,0,2
000032.bin,conv2,2,21x800x704,0,400,KittiDataset.__getitem__,True,kitti,15000,11827200,22595,0.0019104268127705627,0.9980895731872295,0,0,0,0,0,0,0,0,0,0,0,0,0,0,0,0,0,0,0,0,0,0,0,0,0,0,0,0,0,0,0,0,0,0,0,0,0,0,0,0,0,0,0,0,0,0,0,0,0,0,0,0,0,0,0,0,0,0,4,17,24,30,34,28,50,56,70,72,83,98,128,97,96,208,259,211,273,180,175,226,166,140,217,183,154,204,145,97,114,117,171,210,109,102,175,211,96,91,188,173,87,95,112,170,171,77,65,89,94,148,163,89,52,47,59,81,85,76,78,141,115,74,54,72,165,293,221,158,167,166,134,108,128,115,138,162,105,99,82,122,122,136,113,106,91,98,112,129,91,99,100,85,119,136,124,130,140,119,193,202,134,133,130,119,104,101,72,66,61,72,72,68,63,65,53,50,56,62,55,54,67,64,73,100,69,51,64,63,64,73,83,73,56,49,47,53,153,144,43,151,112,87,34,29,21,21,31,30,13,13,12,4,20,30,30,13,14,43,98,230,272,131,43,20,34,30,34,52,64,73,38,39,43,38,53,62,37,49,46,68,86,104,93,59,47,42,30,8,7,4,4,4,6,4,5,4,12,8,13,11,1,9,30,50,56,28,20,18,22,28,7,6,0,0,0,0,1,8,19,22,24,18,19,59,80,26,24,42,46,4,0,0,0,0,0,0,0,0,4,4,0,0,0,0,0,0,0,0,0,8,36,46,44,9,0,0,0,0,0,0,0,0,0,0,0,0,0,0,0,0,0,0,0,0,0,0,0,0,7,16,16,54,71,0,0,0,0,0,0,0,0,0,0,0,0,0,0,0,0,0,0,0,0,0,0,0,0,0,0,0,0,0,0,0,0,0,0,0,0,0,0,0,4,130,125,17,13,21,14,4,10,12,11,7,12,14,8,7,9,11,6,4,4,3,1,5,5,17,29,8,0,0,0,0,0,0,0,0,0,0,0,0,0,0,0,0,0,9,73,35,67,40,21,46,24,28,25,25,61,60,40,14,6,0,0,0,0,0,0,0,0,0,0,0,0,0,0,1,1,0,0,0,0,0,0,4,4,6,22,27,18,38,36,34,44,38,68,30,2,0,0,0,0,0,0,0,0,0,0,0,2,24,26,48,72,58,77,86,61,44,56,138,121,46,41,41,35,24,16,20,14,16,13,18,10,14,4,0,0,2,4,22,18,2,2,4,4,0,4,0,0,0,0,0,0,0,0,0,0,0,0,0,0,0,2,2,1,7,99,203,125,53,0,0,0,0,0,0,0,0,0,0,0,0,0,0,0,0,0,0,0,0,0,0,0,0,0,0,0,0,0,0,0,0,0,0,0,0,0,0,0,0,0,0,0,0,0,2,4,0,2,2,0,6,8,0,11,32,8,0,0,0,0,0,0,0,0,0,0,0,0,0,0,0,0,0,0,0,0,0,0,0,0,0,0,1,0,0,0,0,0,0,0,0,0,3,1,4,1,0,0,0,0,1,0,0,0,0,0,0,0,0,0,0,0,0,0,2,0,0,0,0,0,0,0,0,2,7,2,0,0,1,0,0,0,0,0,0,0,0,0,0,0,0,0,0,0,0,0,0,0,0,0,0
000033.bin,conv2,2,21x800x704,0,400,KittiDataset.__getitem__,True,kitti,15000,11827200,30512,0.0025798160173160175,0.997420183982684,0,0,0,0,0,0,0,0,0,0,0,0,0,0,0,0,0,0,0,0,0,0,0,0,0,0,0,0,0,0,0,0,0,0,1,1,1,3,3,4,4,4,4,4,6,6,6,7,5,5,8,7,7,6,6,6,7,9,10,23,25,21,34,96,95,106,146,123,126,98,98,131,109,81,113,128,107,136,112,96,130,107,87,124,92,77,133,111,89,80,89,110,113,76,94,105,142,115,100,136,136,78,95,106,124,131,83,97,98,103,139,142,62,73,83,89,75,82,105,121,147,122,91,102,104,114,113,67,95,154,110,59,65,71,87,105,148,119,69,61,56,81,138,107,70,78,98,109,109,105,44,52,57,68,90,151,122,71,63,53,47,56,74,109,130,82,69,73,100,74,58,68,91,105,52,59,87,70,40,57,78,86,137,87,40,18,43,59,52,49,44,49,78,56,63,73,49,39,41,70,47,69,66,62,67,61,68,79,73,86,55,52,48,50,49,67,62,71,59,68,113,105,38,73,89,80,64,48,60,39,23,35,31,46,50,38,54,80,71,47,60,53,57,75,85,63,47,47,78,101,87,101,116,130,108,75,92,120,98,112,88,76,80,65,81,112,116,87,108,107,107,86,92,96,93,77,88,97,105,132,106,86,86,82,92,73,70,69,48,63,65,62,67,77,95,110,97,78,65,49,56,35,42,67,85,56,24,43,43,42,52,43,57,51,61,61,51,35,46,53,58,48,44,59,56,48,36,31,32,31,21,27,37,75,74,21,24,23,22,35,29,19,10,38,49,36,32,26,37,52,57,78,64,68,78,74,54,55,37,40,23,23,29,34,33,36,40,49,56,52,46,48,40,20,30,26,34,37,40,37,25,20,18,31,20,33,19,12,9,22,20,21,10,12,20,34,35,31,23,28,49,73,66,57,25,36,35,40,62,70,71,57,67,86,104,85,64,62,59,38,47,35,38,37,30,12,19,21,27,17,19,24,17,18,21,21,15,13,26,20,16,20,49,62,68,44,49,50,51,81,86,52,46,51,42,43,31,30,55,57,36,40,45,31,23,31,23,20,18,12,18,24,42,30,20,27,30,30,21,19,17,22,32,17,21,17,22,16,11,15,14,8,4,2,4,2,4,3,0,5,8,17,19,16,12,10,26,48,33,22,44,34,30,36,43,61,29,43,32,34,25,24,21,6,10,20,36,18,8,12,16,22,27,42,34,15,14,31,19,20,13,25,57,47,30,31,13,11,15,15,15,23,16,20,16,16,10,24,40,31,29,21,17,8,36,29,12,27,21,11,13,31,37,39,22,14,22,13,8,8,14,6,7,7,6,6,16,8,5,4,11,14,9,15,13,6,1,0,3,3,0,1,0,0,2,6,4,2,5,16,16,6,24,25,12,12,11,7,13,6,3,8,6,15,24,34,13,7,13,14,9,14,6,48,16,11,4,6,8,11,9,3,1,6,8,3,2,3,1,3,8,9,8,8,7,5,8,5,3,2,0,7,3,2,0,0,0,0,0,0,0,1,7,17,7,10,10,5,1,2,4,1,8,21,15,13,11,13,7,6,8,9,7,14,16,16,4,6,1,0,0,2,11,10
000034.bin,conv2,2,21x800x704,0,400,KittiDataset.__getitem__,True,kitti,15000,11827200,29799,0.00251953125,0.99748046875,0,0,0,0,0,0,0,0,0,0,0,0,0,0,0,0,0,0,0,0,0,0,0,0,0,0,0,0,0,0,0,0,0,0,0,0,0,0,0,0,0,0,0,0,0,0,0,0,0,0,0,0,0,8,9,16,20,21,23,27,27,33,33,38,34,40,40,60,62,60,75,75,92,105,110,108,131,116,103,141,126,118,139,128,112,137,98,70,80,124,126,141,106,85,121,152,124,96,152,143,91,80,80,131,162,83,79,90,113,148,182,96,70,51,37,40,54,56,73,108,154,130,71,67,87,136,152,87,93,181,174,97,77,68,103,196,377,377,182,146,119,103,143,211,175,116,96,110,119,190,204,124,73,66,64,94,203,239,116,70,55,63,65,81,98,136,170,100,36,38,37,38,27,37,46,92,195,126,62,45,33,34,44,42,53,49,76,189,133,47,41,45,39,39,35,52,50,48,47,59,91,105,80,91,107,53,55,117,69,48,35,28,23,46,72,159,213,117,66,74,65,85,104,85,61,52,56,49,44,58,102,100,106,102,98,79,92,148,138,104,75,71,63,78,90,72,83,89,84,67,79,89,96,126,149,125,120,92,59,43,50,28,56,61,36,38,49,58,100,77,95,109,74,44,41,44,56,55,49,70,74,70,74,72,59,66,89,48,63,44,67,58,46,55,50,47,117,148,68,59,76,73,74,40,51,56,93,128,98,61,64,62,47,71,70,63,82,72,42,59,45,46,55,67,52,50,42,45,43,93,97,117,51,32,17,27,26,24,23,37,52,43,34,16,27,26,27,42,73,216,279,90,10,12,12,5,7,8,11,34,53,37,42,41,43,72,60,34,26,42,38,16,13,8,6,10,12,5,8,17,21,16,14,8,8,14,15,7,9,8,5,4,5,6,0,7,15,1,9,9,10,31,73,56,41,40,61,192,283,73,42,39,45,28,24,17,14,11,8,10,28,21,20,14,7,12,20,22,23,43,38,23,13,16,26,12,8,2,5,17,18,6,5,7,13,26,17,10,3,7,5,9,7,3,1,6,13,33,50,58,56,62,45,17,10,15,10,3,8,8,6,21,16,2,0,4,2,4,11,7,2,10,15,29,36,65,117,121,29,4,8,7,33,49,32,5,0,0,0,4,0,4,6,9,8,7,9,13,2,3,2,8,9,6,2,2,6,7,0,0,3,2,2,4,9,6,0,0,8,6,3,1,3,4,5,4,6,0,2,11,12,10,9,12,9,0,6,7,1,8,7,4,2,2,6,4,0,0,4,0,1,1,2,1,2,5,4,0,0,4,30,47,26,30,46,21,10,38,42,24,15,14,17,7,4,9,10,6,4,12,6,4,6,5,8,6,3,4,7,0,6,7,4,8,6,6,4,6,8,10,13,27,31,30,6,0,6,12,4,4,4,4,0,8,12,17,4,0,6,10,4,0,2,2,15,12,0,2,4,2,5,7,4,2,0,1,1,0,0,0,0,0,2,2,0,2,7,2,0,1,2,5,11,8,2,2,0,0,1,1,1,1,1,0,0,2,0,0,0,0,0,4,10,10,2,2,1,1,2,0,0,4,4,1,3,1,0,0,10,2,0,5,3,0
000035.bin,conv2,2,21x800x704,0,400,KittiDataset.__getitem__,True,kitti,15000,11827200,28162,0.0023811214826839826,0.997618878517316,0,0,0,0,0,0,0,0,0,0,0,0,0,0,0,0,0,0,0,0,0,0,0,0,0,0,0,0,0,0,0,0,0,0,0,0,0,0,0,0,0,0,0,4,8,12,14,14,12,16,15,21,24,33,35,36,38,38,40,46,48,60,53,64,76,93,100,121,129,122,148,129,102,134,167,153,146,140,106,146,159,110,127,143,112,145,140,95,107,107,98,123,115,99,104,140,169,146,134,163,126,110,124,143,178,149,115,120,136,154,184,169,142,145,136,124,122,140,171,201,159,157,180,194,191,167,123,138,165,151,138,138,158,140,154,135,116,93,109,110,152,118,121,140,175,191,185,150,88,77,94,100,95,88,83,78,63,45,51,69,97,81,52,50,68,53,65,55,54,50,35,45,46,48,45,40,43,53,61,39,67,103,109,109,100,92,94,75,74,76,21,17,28,53,73,70,70,73,67,46,29,13,25,32,40,46,53,38,39,47,108,123,66,51,55,40,22,15,14,25,36,61,59,39,63,93,122,101,54,47,31,31,53,55,47,36,55,47,123,259,217,164,144,144,170,130,76,65,62,81,67,56,71,51,55,44,71,91,109,140,172,148,132,98,59,50,46,38,46,34,50,51,39,34,28,26,31,34,26,43,36,50,68,102,89,79,60,29,38,19,32,36,40,44,16,36,33,22,21,14,7,12,14,17,6,16,19,17,18,26,20,29,32,19,22,32,24,20,23,29,26,39,44,26,19,23,38,45,32,42,59,59,66,65,35,22,30,29,17,28,25,20,38,19,19,29,43,39,19,10,11,7,10,12,8,7,8,6,10,9,12,16,22,23,20,26,40,51,41,33,20,14,14,15,45,52,29,31,21,12,6,22,19,23,39,66,62,54,30,39,48,40,47,57,39,32,16,6,9,25,34,23,19,10,18,26,24,13,17,7,8,12,8,14,16,31,13,12,18,20,6,12,14,25,21,18,17,0,20,2,3,8,10,10,12,19,18,8,20,15,9,14,25,31,46,64,39,29,22,10,21,19,21,13,12,21,12,7,12,16,15,14,20,26,27,29,65,104,63,36,34,33,44,49,50,48,33,25,15,18,18,16,26,21,17,5,13,10,18,16,26,28,34,24,20,36,33,27,38,28,20,15,18,13,21,26,27,24,19,17,12,15,17,15,10,13,4,1,5,0,2,10,8,4,6,0,14,2,0,18,18,13,24,20,14,6,16,16,18,4,9,19,10,7,4,16,12,19,15,19,16,6,12,10,3,9,13,4,9,17,8,9,11,9,6,8,13,8,8,6,2,4,4,1,9,16,4,12,0,2,0,2,6,4,6,0,0,0,0,0,5,5,2,8,8,8,10,5,10,12,2,2,14,13,9,6,2,0,10,6,10,16,8,2,0,0,2,0,0,0,0,2,2,8,4,2,4,7,2,0,4,4,0,6,4,0,0,0,4,4,0,0,0,0,0,0,0,0,1,5,3,3,1,0,0,0,0,0,2,0,2,2,0,0,0,1,2,1,0,0,0,1,19,7,0,0,2,3,4,4,7,6,5,4,0,1,1,0,0,0,0,0,0,0,0,0,0,0,0,0,0,0,0,0
000036.bin,conv2,2,21x800x704,0,400,KittiDataset.__getitem__,True,kitti,15000,11827200,20894,0.00176660579004329,0.9982333942099567,0,0,0,0,0,0,0,0,0,0,0,0,0,0,0,0,0,0,0,0,0,0,0,0,0,0,0,0,0,0,0,0,0,0,0,0,0,0,0,0,0,0,0,0,0,0,2,6,9,8,8,6,8,14,13,10,8,8,10,9,9,11,18,27,39,57,47,73,73,60,69,54,58,72,52,56,76,74,56,63,67,75,81,75,68,83,87,137,174,144,104,137,138,146,153,125,89,81,86,72,63,60,63,69,61,63,64,56,51,43,41,53,67,79,69,84,57,43,44,54,65,67,71,65,80,81,59,60,53,49,50,73,76,62,52,54,51,43,72,83,63,60,61,68,77,70,92,107,134,164,148,96,111,110,88,65,51,36,39,43,54,61,56,57,81,44,24,18,19,20,32,34,38,24,49,61,80,42,26,22,24,46,47,12,11,13,12,15,29,85,130,79,45,39,31,19,13,12,10,13,13,7,5,6,18,84,91,51,54,80,77,49,18,12,13,12,7,7,17,87,88,69,63,47,32,30,31,40,57,103,87,56,43,37,20,17,46,64,33,50,53,44,29,43,73,89,86,99,79,51,41,37,22,22,32,27,43,51,75,44,40,129,137,87,71,45,42,37,29,19,18,9,20,23,25,26,68,61,23,28,23,60,61,27,28,19,34,42,34,28,34,31,34,29,8,8,12,7,8,29,39,36,30,22,30,31,43,47,90,84,53,36,61,75,59,41,12,11,9,11,12,27,32,49,10,8,2,2,1,3,4,6,6,4,7,7,13,12,5,16,22,33,37,40,35,20,26,25,15,20,33,28,27,28,21,40,64,44,38,22,18,24,14,14,18,18,26,17,12,4,15,20,30,22,10,9,12,21,21,11,13,13,19,18,22,29,42,34,33,31,45,33,24,23,30,36,34,28,16,18,14,18,10,6,6,16,22,23,45,57,58,38,50,45,39,22,21,28,21,7,13,14,13,9,22,10,27,33,43,44,54,68,40,39,31,26,17,23,22,20,32,38,26,39,59,49,18,16,18,11,10,17,31,41,30,24,23,22,33,40,25,32,29,15,16,20,26,29,22,23,25,20,20,21,29,43,43,19,17,17,19,10,12,14,20,15,38,43,30,33,21,23,20,16,9,12,20,4,11,10,15,9,16,16,8,7,12,11,19,20,17,14,9,23,37,31,15,15,29,27,24,19,15,29,35,26,41,47,24,30,12,25,16,13,16,19,8,5,10,11,10,12,26,21,9,11,24,30,29,24,30,35,30,52,37,15,21,25,31,9,12,7,10,19,12,3,11,10,3,10,12,10,9,15,6,27,17,6,15,16,9,5,18,19,9,8,21,13,7,6,20,30,13,16,7,8,6,9,18,14,18,14,6,13,21,25,21,8,17,16,5,5,5,5,3,4,13,12,11,12,17,15,7,25,15,13,7,17,15,7,7,7,9,3,4,6,10,10,13,4,0,8,8,10,8,6,5,2,3,2,3,3,4,1,6,10,4,3,1,5,2,6,1,8,13,0,0,0,0,1,0,2,5,6,0,2,2,13,12,7,7,9,17,15,18,1,5,11,7,12,15,13,16,23,16,12,7,9,6,5,5,4,0,0
000037.bin,conv2,2,21x800x704,0,400,KittiDataset.__getitem__,True,kitti,15000,11827200,20734,0.0017530776515151515,0.9982469223484849,0,0,0,0,0,0,0,0,0,0,0,0,0,0,0,0,0,0,0,0,0,0,0,0,0,0,0,0,0,2,5,13,10,10,11,11,9,10,10,11,12,13,11,13,10,10,12,12,11,12,17,17,18,17,22,29,40,49,54,56,66,100,130,140,113,144,132,151,164,118,152,165,134,155,170,141,176,169,140,156,100,130,198,200,168,207,184,159,171,163,182,199,175,170,155,176,168,145,182,181,140,130,121,155,155,121,137,116,130,174,148,120,110,117,120,120,133,124,160,135,102,100,120,155,146,138,140,132,124,95,97,115,111,143,122,88,100,79,94,94,108,61,56,84,78,113,116,87,80,89,77,83,87,69,76,63,57,91,80,101,101,85,83,76,86,63,61,69,89,84,69,67,66,80,82,61,83,131,173,151,130,128,95,87,79,87,69,50,71,84,74,54,27,23,41,48,41,36,44,30,43,33,29,30,56,63,26,25,38,37,34,47,41,36,31,26,33,33,31,31,26,16,31,27,16,15,29,51,34,31,34,27,17,26,24,15,18,34,26,20,18,28,22,22,17,27,39,36,23,22,25,29,27,22,33,26,13,22,24,25,10,14,27,35,42,31,21,17,15,15,18,28,18,11,18,33,19,7,6,10,8,8,9,15,23,24,46,56,26,28,39,24,22,16,25,25,42,46,30,19,6,15,13,2,8,9,15,11,13,5,8,20,23,17,10,19,22,15,4,10,6,8,10,6,6,19,26,12,8,9,12,14,10,12,25,26,15,12,3,0,4,8,21,22,14,17,12,9,10,8,18,9,5,9,9,9,4,6,12,13,5,0,0,0,0,6,9,8,9,4,15,20,15,10,4,11,7,10,14,10,4,5,9,15,28,16,11,18,16,7,4,4,2,13,10,9,10,0,0,4,0,8,14,12,0,0,0,8,4,4,3,6,7,0,5,9,0,4,8,5,0,2,7,10,6,2,6,6,2,0,0,4,8,4,4,3,3,0,0,0,0,0,0,0,0,0,2,6,10,1,8,4,2,5,1,0,0,0,0,0,0,0,0,5,8,3,2,1,1,1,0,0,0,0,6,2,1,1,0,0,0,1,1,0,0,0,4,6,0,4,8,0,2,2,4,0,0,0,0,0,0,0,0,0,0,0,0,0,0,0,0,0,0,0,0,0,0,0,4,8,3,2,2,4,2,4,8,6,0,2,6,0,4,8,6,8,6,30,38,27,20,4,5,1,2,2,0,0,0,0,0,0,0,0,0,0,0,0,0,0,0,0,0,0,0,0,0,9,9,0,4,4,0,0,0,0,0,0,0,0,0,0,0,0,0,0,0,0,0,0,0,4,6,4,2,2,2,0,6,6,6,2,3,1,0,0,0,0,0,0,2,2,0,0,0,2,0,0,0,0,0,0,0,0,0,0,0,0,0,4,0,0,2,0,2,2,0,0,0,0,0,2,2,0,0,0,0,0,0,2,3,3,1,0,0,0,0,0,0,0,0,0,0,2,2,0,0,0,0,0,0,0,0,0,0,0,0,0,0,0,0,0,0,0,0,0,0,0,0,0,0,0,0,0,0,0,0,0,0,0,1,0,0,0
000038.bin,conv2,2,21x800x704,0,400,KittiDataset.__getitem__,True,kitti,15000,11827200,24692,0.002087729978354978,0.9979122700216451,0,0,0,0,0,0,0,0,0,0,0,0,0,0,0,0,0,0,0,0,0,0,0,0,0,0,0,0,0,0,0,0,0,0,0,0,0,0,0,0,0,0,0,0,0,0,0,0,0,0,0,10,25,38,54,59,85,105,116,105,105,129,158,171,152,148,161,132,141,124,127,113,68,86,111,110,99,104,82,95,111,92,84,104,102,93,98,64,59,44,78,118,88,51,85,116,119,70,100,142,101,69,69,93,125,78,56,55,56,78,111,89,65,61,46,42,53,58,57,98,115,60,52,47,70,112,105,79,111,156,90,80,91,87,101,131,138,75,50,59,59,98,105,58,44,41,50,79,111,77,43,41,42,56,88,87,29,29,38,48,33,35,67,110,94,39,34,42,39,29,48,78,108,75,68,70,79,80,66,58,55,81,70,38,43,62,57,52,58,81,57,36,44,66,82,52,61,49,28,38,73,82,84,64,51,62,78,39,31,48,57,30,30,26,28,20,18,21,26,51,73,63,44,24,29,51,57,34,30,18,24,37,56,67,85,83,66,88,95,77,65,53,45,37,42,75,47,35,45,36,28,35,37,51,38,25,25,34,24,24,29,31,48,37,19,15,23,52,80,58,40,60,64,42,38,48,39,42,53,46,28,16,24,18,22,24,29,38,34,42,48,57,41,31,27,25,21,49,53,46,45,64,79,65,51,69,46,42,41,38,40,47,54,43,37,41,58,70,34,30,50,50,49,23,17,28,32,15,25,23,23,31,29,34,39,23,20,26,18,21,18,12,14,19,27,24,39,56,41,21,22,28,10,13,17,15,13,14,28,25,27,16,10,18,14,9,14,14,54,84,96,66,45,26,25,14,18,10,20,9,10,20,10,20,31,17,29,23,29,18,23,14,19,40,27,33,34,35,32,30,30,23,67,76,43,61,91,105,99,137,188,183,163,196,212,124,40,22,25,25,27,18,3,21,16,12,8,20,15,21,14,14,8,9,16,29,15,6,12,38,20,6,32,35,18,30,34,54,43,24,16,30,33,33,55,49,34,32,20,23,16,10,6,25,28,16,9,17,23,23,24,29,27,24,25,24,23,26,17,20,18,10,17,10,30,36,32,22,10,7,8,6,36,28,15,16,22,26,34,34,45,43,22,10,10,22,32,28,2,0,0,6,6,8,10,12,16,14,7,4,2,11,17,18,1,7,0,8,4,8,2,2,9,11,6,6,20,18,10,15,34,8,6,6,14,8,14,9,11,4,6,10,6,6,4,6,8,10,14,0,4,4,2,6,16,6,0,14,8,4,6,6,7,6,2,10,6,0,4,6,9,16,6,32,32,15,8,10,12,16,19,34,60,28,6,0,2,2,0,5,5,0,0,1,1,0,0,0,0,2,4,0,1,7,13,18,50,65,81,37,15,5,6,0,0,1,0,1,2,2,2,3,2,7,3,36,55,45,10,17,19,14,10,3,3,2,0,0,1,11,4,6,6,6,5,1,1,10,7,2,4,3,4,8,4,5,7,7,3,4,1,0,1,2,3,2,2,3,1,0,0,0,3,3,4,2,0,0,0,3,7,7,15,12,2,0,0,0,0,2,5,19,11,6
000039.bin,conv2,2,21x800x704,0,400,KittiDataset.__getitem__,True,kitti,15000,11827200,19875,0.0016804484577922078,0.9983195515422078,0,0,0,0,0,0,0,0,0,0,0,0,0,0,0,0,0,0,0,0,0,0,0,0,0,0,0,0,0,0,0,0,0,0,0,0,0,0,0,0,0,0,0,0,0,0,0,0,0,0,4,22,48,59,52,33,19,22,29,23,25,33,104,150,127,136,147,130,164,135,129,143,123,96,139,147,146,166,140,127,139,120,130,136,137,158,159,119,102,104,142,150,128,103,138,139,110,99,135,114,95,73,75,116,78,69,73,63,103,102,61,61,70,66,53,52,50,54,111,88,77,82,74,112,97,75,104,128,64,64,77,69,81,112,78,64,77,73,80,89,82,78,73,74,94,84,71,70,82,93,144,160,117,104,103,94,81,70,77,74,52,51,52,53,53,37,50,69,67,57,62,54,62,58,52,53,63,74,48,48,47,48,45,46,132,145,69,80,130,120,57,66,48,46,45,53,52,51,44,76,71,49,43,57,48,48,46,39,38,25,19,28,32,57,46,43,54,51,57,51,46,52,46,37,39,31,29,44,59,82,111,80,70,58,47,38,39,53,37,41,40,22,29,59,79,34,29,38,31,34,46,32,23,24,22,29,25,29,32,24,20,24,25,21,21,13,14,99,101,37,37,20,11,26,33,18,15,14,31,45,38,38,41,43,33,24,23,42,44,35,24,21,26,27,23,27,33,41,22,9,20,25,18,15,24,43,43,32,26,28,33,26,18,19,53,52,38,26,30,49,49,60,61,58,40,42,40,20,28,26,48,40,26,8,12,19,22,11,15,9,15,22,42,47,34,23,18,11,9,19,13,7,7,4,23,26,26,13,18,16,21,16,8,10,8,8,6,8,8,2,6,6,8,16,13,0,0,0,0,0,0,4,0,0,0,21,15,9,7,3,3,2,1,1,0,0,0,0,0,0,0,0,9,16,15,8,6,9,13,17,18,3,4,6,2,1,10,9,2,4,4,6,4,2,4,2,2,0,0,0,0,0,1,2,1,0,0,0,0,0,0,0,0,0,0,0,0,0,2,4,6,5,4,6,7,11,6,0,0,0,0,0,0,4,10,53,33,2,6,3,1,0,39,63,42,11,41,19,39,27,34,42,44,33,16,12,7,2,4,3,9,4,2,1,3,3,9,8,7,6,2,4,8,0,1,5,4,8,4,4,8,4,4,21,23,4,8,14,0,0,2,10,6,4,0,4,1,3,0,0,0,0,2,0,4,2,0,0,2,0,0,0,0,0,4,6,10,4,10,27,16,6,4,2,0,0,0,0,0,0,0,2,0,0,0,0,0,0,0,0,0,0,0,0,0,0,4,0,2,0,0,4,4,0,0,0,0,0,0,2,2,0,4,0,0,0,0,0,0,0,0,4,4,0,0,0,0,0,0,0,0,0,0,0,0,0,2,2,0,0,0,0,0,0,4,4,0,2,2,0,0,0,0,0,0,0,0,0,0,0,0,0,0,0,0,0,0,0,0,0,0,0,0,0,0,0,0,0,0,4,4,0,0,0,0,0,0,0,0,0,0,0,0,0,0,0,0,0,0,0,0,0,0,0,0,0,0,0,4,4,0,0,0,4,8,8,8,6,7,1,9,6,0,0
000040.bin,conv2,2,21x800x704,0,400,KittiDataset.__getitem__,True,kitti,15000,11827200,29527,0.0024965334145021644,0.9975034665854978,0,0,0,0,0,0,0,0,0,0,0,0,0,0,0,0,0,0,0,0,0,0,0,0,0,0,0,0,0,0,0,0,0,0,0,0,0,0,0,0,0,0,0,0,0,0,0,0,0,0,1,4,4,6,10,10,10,13,23,22,23,28,26,35,42,44,41,46,49,43,41,37,57,81,73,83,83,88,91,103,100,105,99,120,119,120,118,137,117,113,108,116,131,160,125,91,123,141,105,86,125,145,123,126,121,120,125,122,149,152,148,172,190,164,174,163,190,179,186,186,201,209,177,175,189,176,213,205,139,154,206,183,171,153,157,152,163,153,125,119,145,134,189,201,165,158,153,165,178,238,243,154,137,129,124,165,215,163,149,151,144,125,110,100,160,186,138,130,118,130,122,104,137,168,170,119,126,133,117,144,135,132,145,229,233,156,130,130,134,134,111,113,156,139,150,163,201,161,116,96,78,82,72,71,72,56,73,140,164,145,141,140,138,117,93,64,76,72,67,65,67,84,145,129,108,100,102,111,98,66,49,63,55,49,55,54,40,42,45,60,72,50,44,62,64,72,52,68,60,47,34,31,18,20,20,49,32,29,30,23,31,42,34,18,22,27,24,13,15,14,21,16,26,44,39,52,57,45,37,41,72,68,53,23,29,38,22,10,13,15,24,14,12,10,10,9,13,25,34,36,35,20,24,46,52,49,46,51,61,57,42,44,31,29,20,25,43,26,40,85,78,52,45,33,32,30,12,6,23,32,24,10,4,15,24,10,45,45,22,58,72,49,35,45,26,23,28,24,14,28,30,31,35,30,32,30,32,25,17,19,24,23,6,25,36,29,15,36,47,22,27,30,19,25,18,10,10,32,49,44,41,28,33,59,16,26,9,24,14,16,24,22,18,20,16,30,25,24,33,24,35,37,36,18,11,21,23,25,18,17,12,10,12,12,12,9,9,9,9,17,15,14,8,4,12,20,14,8,18,21,26,22,15,11,6,1,1,0,7,4,4,5,4,0,4,5,4,5,3,4,3,3,2,0,0,0,6,35,62,87,87,62,55,44,16,12,9,4,2,2,3,0,2,1,3,2,2,2,10,14,14,4,6,22,20,6,14,8,10,13,10,4,0,0,13,15,12,8,0,2,4,2,2,2,1,3,3,2,2,4,6,6,3,2,2,3,18,23,6,2,0,0,0,2,0,2,0,2,3,4,1,3,2,0,1,0,2,0,0,1,0,0,0,2,0,0,3,0,2,0,0,0,1,1,0,0,0,2,0,0,1,1,2,7,10,5,1,4,6,2,4,2,0,0,0,0,0,0,0,0,0,0,0,2,2,0,0,16,31,16,8,6,12,8,0,0,8,10,0,0,0,4,4,7,12,5,2,3,3,5,2,1,4,4,6,8,6,2,1,3,2,1,8,6,8,10,3,3,8,3,2,2,0,0,0,2,0,0,0,0,0,0,4,8,4,0,0,0,0,0,0,0,3,5,3,0,6,0,0,4,4,2,6,4,2,4,0,10,27,13,5,3,5,1,4,5,2,1,6,1,3,2,0,3,3,3,8,5,2,0,2,0,1,0,0,2,1,1,0,1,0,1,0,0
000041.bin,conv2,2,21x800x704,0,400,KittiDataset.__getitem__,True,kitti,15000,11827200,31563,0.0026686789772727274,0.9973313210227273,0,0,0,0,0,0,0,0,0,0,0,0,0,0,0,0,0,0,0,0,0,0,0,0,0,0,0,0,0,0,0,0,0,0,0,0,0,4,2,0,0,0,0,0,0,0,0,0,0,0,0,0,0,4,10,12,12,22,28,36,28,32,48,48,66,77,70,89,85,90,95,104,99,119,130,143,127,139,176,142,151,162,137,140,155,129,130,149,107,98,109,110,111,157,123,119,121,167,158,112,145,158,118,119,119,128,152,114,114,140,154,134,177,131,105,72,63,62,62,79,82,103,114,65,67,87,98,154,140,97,99,140,114,97,104,131,140,141,167,131,123,128,143,133,122,135,134,131,129,111,112,114,113,102,89,98,97,98,105,97,81,77,78,80,79,148,166,133,86,91,84,78,74,67,67,83,74,49,40,54,50,60,62,57,76,89,56,56,62,53,47,37,39,33,51,59,66,94,73,74,60,38,44,49,48,79,121,113,117,109,67,82,102,86,92,80,88,80,72,65,65,76,69,46,53,61,89,89,89,67,83,88,118,129,135,146,154,162,201,221,176,148,131,112,147,143,136,130,129,133,99,61,80,59,78,91,98,74,100,77,52,46,60,52,46,49,56,61,60,65,71,60,66,93,71,36,50,40,50,67,86,58,52,57,48,24,41,41,32,34,32,34,36,28,46,54,64,61,65,55,45,52,51,70,73,89,86,110,149,145,133,70,55,62,69,74,101,98,76,63,69,57,21,30,36,43,37,66,114,84,47,28,32,26,31,30,33,24,24,33,43,49,24,49,47,43,35,39,31,21,38,44,42,23,43,35,54,80,86,39,20,24,20,51,55,109,79,33,43,54,88,78,74,59,67,52,40,60,68,39,38,54,60,54,41,18,30,26,10,10,7,18,17,12,38,30,31,43,32,15,16,14,21,12,6,4,19,24,29,39,39,44,25,88,54,14,8,11,16,20,14,18,16,17,20,14,10,22,25,18,17,25,27,20,17,19,23,16,13,24,21,16,21,39,42,16,14,30,29,31,46,50,39,37,49,21,20,30,19,17,2,15,14,3,14,19,30,22,13,15,16,25,16,16,24,36,27,66,61,33,14,37,74,48,17,6,12,5,18,24,16,18,20,9,13,11,22,26,11,2,9,13,18,22,17,17,9,8,5,6,12,6,8,10,9,3,5,3,2,9,27,39,39,19,13,6,8,10,12,7,1,11,10,13,37,10,4,0,0,4,2,2,6,1,8,16,10,0,12,2,2,0,3,4,35,53,12,9,5,14,28,21,14,11,12,20,5,9,4,1,2,2,16,28,2,2,2,2,2,8,10,4,4,14,20,14,6,26,30,21,22,2,0,0,0,0,3,2,4,9,2,2,4,2,0,0,6,10,8,8,20,18,6,2,0,2,2,8,2,0,4,5,11,10,8,18,16,14,16,34,21,24,6,4,1,9,7,5,8,0,4,2,1,1,4,8,2,2,0,0,0,0,1,1,4,4,2,4,2,0,2,0,0,0,0,0,2,2,3,9,15,24,7,4,4,0,0,0,1,0,4,4,0,6,8,3,7,11,10,2,4,5,1,5,13,5,4,4,0,0,6,7,8,6
000042.bin,conv2,2,21x800x704,0,400,KittiDataset.__getitem__,True,kitti,15000,11827200,27491,0.0023243878517316017,0.9976756121482684,0,0,0,0,0,0,0,0,0,0,0,0,0,0,0,0,0,0,0,0,0,0,0,0,0,0,0,0,0,0,0,0,0,0,0,0,0,0,0,0,0,0,0,0,0,0,0,0,0,0,0,12,19,20,29,30,31,36,32,40,42,42,41,44,54,67,90,104,132,111,165,184,152,147,208,188,188,204,155,183,191,152,171,208,170,206,164,127,140,157,149,172,150,141,143,151,151,121,141,119,73,81,87,108,92,82,68,92,128,143,125,125,108,97,105,116,98,130,141,86,76,79,118,141,140,144,176,212,184,182,196,183,198,205,127,147,177,161,133,115,71,74,86,134,144,102,59,64,61,67,92,90,96,117,101,50,54,60,91,111,75,38,57,81,84,88,83,66,80,63,39,38,49,78,71,55,67,91,87,66,37,35,34,39,40,63,56,53,81,99,101,85,73,64,54,66,80,62,40,41,58,63,80,42,27,32,37,33,30,41,50,69,40,40,53,61,77,41,40,34,22,19,40,62,67,63,51,56,85,81,68,47,50,59,50,29,35,59,55,49,37,41,36,72,66,47,52,76,84,79,48,44,51,62,55,45,36,44,67,57,55,48,25,22,23,22,40,44,44,45,34,46,56,62,86,50,25,30,29,30,33,27,30,32,29,22,33,17,43,46,24,27,37,66,82,72,95,87,85,89,65,44,33,24,18,27,27,17,19,26,15,11,12,4,21,8,17,24,27,22,29,31,33,35,59,46,47,53,46,77,108,108,75,41,34,36,29,21,22,29,37,39,37,35,38,24,32,27,36,34,27,27,38,25,37,27,32,36,44,39,30,42,48,27,38,46,42,45,61,82,92,76,37,34,33,32,22,36,40,20,16,28,28,28,24,26,20,26,29,26,23,12,34,16,29,29,13,21,25,32,42,21,36,38,38,40,49,60,31,53,69,35,33,25,62,69,42,56,66,54,41,25,9,23,25,20,25,17,18,20,31,17,11,19,22,15,21,28,26,27,42,16,33,28,13,25,30,19,28,19,2,18,16,12,18,19,19,21,22,19,26,36,18,32,44,23,17,28,18,13,32,25,24,41,44,37,27,26,32,27,30,5,17,18,23,11,16,14,13,33,21,6,12,26,14,14,13,25,12,12,19,10,6,19,14,2,17,21,15,21,9,3,12,16,6,0,0,4,4,0,4,4,2,2,2,3,4,1,0,2,3,2,4,1,0,2,2,0,5,15,13,3,6,9,3,5,5,4,7,22,13,9,2,5,10,12,6,3,7,6,8,5,13,11,16,20,39,34,28,16,27,19,17,17,8,7,6,2,6,2,4,2,1,3,5,5,4,4,2,0,0,2,0,7,7,0,2,0,0,0,0,8,4,0,2,2,4,4,0,2,2,6,4,0,0,0,2,3,1,0,0,1,1,0,3,1,4,8,6,10,6,2,0,1,4,13,7,2,15,11,12,12,9,6,2,5,2,5,0,2,4,4,2,0,4,10,11,11,5,5,10,10,0,5,0,4,2,6,8,14,4,6,8,4,0,0,2,2,4,0,2,0,1,6,4,0,0,0,2,8,6,0,1,1,0,2,0,0,0,0,0,0,0,0
000043.bin,conv2,2,21x800x704,0,400,KittiDataset.__getitem__,True,kitti,15000,11827200,20951,0.0017714251893939394,0.998228574810606,0,0,0,0,0,0,0,0,0,0,0,0,0,0,0,0,0,0,0,0,0,0,0,0,0,0,0,0,0,0,0,0,0,0,0,0,0,0,0,0,0,0,0,0,0,0,0,0,0,0,0,0,0,0,2,2,5,22,27,36,43,47,51,53,60,70,86,93,80,89,99,103,121,159,153,186,190,163,162,124,111,137,106,119,150,129,110,90,102,148,145,111,126,155,141,123,146,169,142,118,138,160,128,95,91,107,106,119,103,94,100,90,103,116,123,126,144,151,116,96,141,158,128,108,115,148,150,156,136,91,82,105,92,77,92,90,134,149,117,79,82,75,82,115,158,171,123,102,95,103,96,85,91,73,64,62,68,72,85,70,62,67,76,77,67,86,84,77,84,85,89,113,118,79,74,70,82,67,40,40,39,61,84,93,85,101,85,70,79,67,83,82,109,89,98,117,83,71,93,47,39,30,18,29,68,97,95,75,88,71,70,64,50,23,8,12,10,12,10,20,14,14,23,18,24,34,28,22,28,35,63,38,30,23,18,20,36,32,17,28,40,33,38,60,46,24,23,12,6,19,28,18,18,23,15,4,6,10,14,16,18,23,23,13,18,15,21,43,20,9,6,9,8,5,0,1,5,6,4,3,4,4,6,12,16,12,14,14,7,10,6,20,43,40,17,24,41,25,23,13,1,3,6,10,33,74,49,14,7,24,44,49,99,56,39,49,42,23,21,16,24,26,19,34,77,62,41,40,26,36,27,20,11,3,6,10,16,45,42,29,24,14,30,35,26,20,9,4,11,9,4,13,13,7,7,5,12,15,19,20,19,20,6,9,17,40,41,21,18,18,12,13,19,12,9,7,10,8,14,33,57,54,64,57,42,20,11,12,1,5,2,7,7,3,11,23,48,34,30,31,23,9,7,3,8,7,9,3,1,2,2,3,3,6,13,13,11,10,16,17,28,14,6,13,13,6,2,6,6,9,14,0,0,4,14,19,15,7,0,1,3,5,7,1,0,2,0,4,2,0,2,5,7,6,0,0,4,0,4,2,2,0,4,12,8,10,14,19,39,38,8,11,9,2,2,4,6,16,32,27,28,14,10,0,0,0,0,0,3,2,6,6,3,1,0,0,1,2,2,0,0,0,0,0,0,0,0,0,0,0,0,0,0,4,4,0,2,0,0,0,0,0,0,0,2,2,0,0,1,0,0,0,0,0,0,2,0,0,0,0,0,0,0,0,0,0,4,0,0,4,0,4,6,2,0,4,2,0,4,4,0,0,2,0,0,0,0,0,6,6,2,0,6,6,0,0,2,2,0,0,0,0,0,0,1,4,4,0,0,0,0,2,2,0,0,0,0,0,0,12,12,6,37,18,0,1,0,4,4,0,2,3,0,0,0,2,0,0,0,0,0,0,0,1,0,1,0,1,5,25,99,141,143,61,12,15,0,0,5,9,2,7,17,20,0,0,0,0,0,0,1,6,15,2,0,0,0,0,4,5,0,0,0,0,0,0,0,0,2,3,6,0,0,0,0,0,0,0,0,0,0,1,1,0,0,0,0,0,0,0,0,0,0,0,0,0,0,0,0,0,0,0,0,0
000044.bin,conv2,2,21x800x704,0,400,KittiDataset.__getitem__,True,kitti,15000,11827200,30681,0.0025941051136363635,0.9974058948863637,0,0,0,0,0,0,0,0,0,0,0,0,0,0,0,0,0,0,0,0,0,0,0,0,0,0,0,0,0,0,0,0,0,0,0,0,0,0,0,4,14,22,29,32,41,57,50,39,16,17,19,18,17,15,15,19,26,28,47,51,48,43,34,34,30,31,43,88,117,119,121,124,121,137,188,180,168,175,156,186,151,122,139,160,112,131,137,95,67,81,97,136,89,98,113,165,169,146,189,219,184,187,179,196,244,235,230,218,174,241,212,121,131,147,106,93,101,122,139,141,73,103,141,157,205,188,203,219,206,180,184,177,151,149,177,191,179,180,156,174,165,138,125,109,121,156,145,118,126,126,128,181,206,159,139,121,114,104,89,93,109,65,104,104,88,60,98,118,137,120,75,77,97,82,103,130,147,148,130,82,101,92,96,80,61,75,108,128,139,182,164,127,141,153,145,113,117,114,95,106,162,140,76,73,89,80,73,80,112,104,69,89,152,172,163,120,79,65,67,76,82,103,112,93,93,75,42,49,59,53,123,54,23,29,27,31,62,83,67,36,46,43,56,135,166,71,38,34,50,49,31,27,41,46,47,32,32,27,14,18,10,15,17,14,16,10,15,111,91,15,15,14,8,4,18,30,18,15,22,15,26,16,21,22,31,27,43,55,67,151,170,85,47,54,53,53,26,36,35,25,13,26,34,28,28,13,12,21,24,10,23,30,33,38,16,20,12,24,70,70,53,19,47,29,18,8,19,35,32,29,37,46,33,30,32,47,55,64,43,29,36,20,6,7,10,11,1,11,27,16,10,17,18,53,37,14,20,22,19,22,28,26,22,22,13,16,11,37,51,51,41,45,29,38,47,38,44,36,40,44,17,18,32,29,18,14,16,14,15,22,15,15,25,8,20,25,26,22,15,17,17,20,29,30,31,31,41,50,27,17,18,19,29,26,15,3,10,24,31,22,11,26,34,23,14,11,12,9,5,2,6,9,24,17,20,28,20,11,11,6,10,15,12,6,10,12,2,0,4,8,10,18,15,27,20,6,6,10,7,10,6,2,0,8,9,10,21,22,4,3,5,7,18,15,3,6,10,9,2,16,4,14,13,10,15,26,34,36,25,23,25,13,20,29,21,11,26,22,32,27,14,19,36,26,16,17,21,2,6,5,6,2,4,3,6,6,12,16,16,14,13,10,11,9,20,21,15,14,2,8,7,2,1,0,0,1,2,10,10,0,0,4,8,6,8,9,0,4,3,9,3,4,0,8,2,4,9,17,18,27,15,7,9,11,8,8,13,11,4,8,10,4,8,10,18,22,31,37,22,12,10,24,29,27,18,4,4,5,3,24,24,8,10,6,8,8,3,4,4,6,6,4,4,7,7,4,2,6,0,4,8,8,6,6,12,6,2,8,8,10,3,0,3,8,17,23,20,6,0,0,0,0,3,4,3,5,1,0,0,3,0,0,0,1,0,0,0,0,0,0,0,6,6,0,4,4,1,0,2,0,0,0,0,0,1,5,5,1,2,2,4,5,1,0,0,0,0,0,0,0,0,2,0,0,0,0,0,3,5,2,0,2,5,3,0,0,2,0,0,0,0,0,0,0
000045.bin,conv2,2,21x800x704,0,400,KittiDataset.__getitem__,True,kitti,15000,11827200,29423,0.0024877401244588746,0.9975122598755412,0,0,0,0,0,0,0,0,0,0,0,0,0,0,0,0,0,0,0,0,0,0,0,0,0,0,0,0,0,0,0,0,0,0,0,0,0,0,0,0,0,0,0,0,0,0,0,0,0,0,0,0,0,0,0,0,0,0,0,0,5,11,12,19,27,34,54,53,68,77,76,76,92,118,116,100,140,149,94,139,155,108,128,141,115,128,123,78,97,92,102,137,138,115,112,132,133,103,93,125,111,95,105,93,104,93,94,93,112,108,147,127,79,89,96,111,122,115,127,135,149,109,107,135,138,131,129,131,118,116,108,100,106,98,115,166,188,138,125,124,124,156,145,106,103,130,140,121,145,122,86,100,122,125,106,83,76,87,95,91,93,91,125,132,96,80,86,92,90,84,111,109,109,88,85,80,62,56,62,60,73,106,90,117,153,121,85,79,89,86,85,86,104,185,191,158,155,148,119,80,99,79,81,87,100,126,131,88,77,88,92,79,60,75,74,109,108,180,281,217,103,72,68,77,71,91,90,82,58,66,99,103,107,96,95,113,107,103,88,82,78,84,69,69,64,67,53,41,36,38,42,46,47,66,91,112,151,119,95,115,96,83,78,66,69,56,69,75,41,48,52,56,46,47,59,57,54,40,41,42,28,31,49,64,55,66,89,68,75,71,57,60,65,53,67,58,58,60,44,47,57,47,48,48,38,34,40,21,49,44,51,33,44,44,59,67,63,42,41,46,62,48,42,51,52,49,51,41,82,170,165,69,45,41,36,48,50,31,26,44,27,24,23,22,29,23,23,33,20,23,22,17,29,21,33,31,22,21,25,31,22,16,16,19,20,26,39,48,36,44,35,40,47,29,30,21,24,27,18,14,22,22,23,19,24,31,23,15,15,17,16,14,18,11,15,15,7,16,38,48,20,18,23,20,12,10,9,7,12,17,23,28,32,36,34,36,42,34,35,31,27,17,17,11,10,17,17,11,8,8,12,26,23,12,8,10,5,11,10,6,34,105,62,12,9,16,12,11,22,26,17,23,24,32,46,66,28,11,16,22,20,20,10,11,23,41,26,16,15,19,9,16,16,6,21,9,6,10,19,28,19,22,19,15,14,6,2,10,8,6,0,10,17,19,19,19,24,33,20,22,19,26,28,20,9,19,18,25,12,2,8,3,5,2,4,7,9,4,8,8,2,10,5,6,5,3,4,10,5,8,12,10,8,8,12,8,6,6,8,8,9,0,6,10,8,18,8,2,4,6,5,8,2,4,10,19,11,0,8,10,2,2,0,3,12,4,8,8,0,1,3,2,2,0,3,2,0,0,0,0,1,0,2,0,4,0,6,6,0,4,0,2,9,9,4,12,6,2,10,24,20,8,11,5,3,0,4,6,4,6,0,4,0,0,0,4,9,7,11,5,2,8,10,4,6,5,5,7,8,3,0,6,9,4,0,6,5,8,7,6,3,2,0,0,2,1,6,14,9,13,2,1,0,0,0,2,4,1,1,8,7,2,1,2,8,3,4,2,4,4,2,3,8,3,14,11,1,3,3,3,6,8,1,1,1,15,13,10,4,4,2,0,2,9,5,1,2,3,2,2,0,0,4,1
000046.bin,conv2,2,21x800x704,0,400,KittiDataset.__getitem__,True,kitti,15000,11827200,23859,0.0020172991071428573,0.9979827008928571,0,0,0,0,0,0,0,0,0,0,0,0,0,0,0,0,0,0,0,0,0,0,0,0,0,0,0,0,0,0,0,0,0,0,0,0,0,0,0,0,0,0,0,0,0,0,0,0,0,0,0,0,0,0,2,5,9,16,57,103,124,114,158,143,125,167,157,154,165,146,171,170,153,184,192,158,177,162,147,154,129,148,163,185,177,123,82,87,102,138,181,126,114,145,172,122,89,155,147,69,60,60,133,108,34,59,71,80,123,77,37,34,38,42,53,55,68,109,79,55,41,47,100,94,60,64,72,81,74,79,52,58,60,63,83,95,83,66,42,38,65,85,95,127,111,92,108,123,131,78,74,101,95,77,126,122,108,75,63,61,105,105,89,120,91,83,59,53,34,47,57,139,166,131,63,57,39,29,42,47,65,49,48,99,124,127,90,77,78,118,132,94,106,123,129,92,98,121,103,71,52,30,38,53,46,41,56,89,87,81,64,88,52,56,54,50,72,58,30,26,19,38,58,67,58,47,55,77,65,43,34,52,44,36,59,71,115,124,140,116,93,64,64,72,118,139,130,138,156,120,76,63,62,88,85,63,71,71,78,61,64,46,40,40,52,51,67,52,43,51,44,63,173,150,36,45,69,63,31,12,17,26,20,28,25,23,26,36,34,33,32,36,52,59,49,37,19,32,47,43,23,18,14,13,22,21,29,25,41,45,74,56,44,52,54,64,81,62,36,17,30,39,36,44,25,15,20,21,34,40,26,12,16,34,28,42,38,26,18,33,31,27,17,19,12,5,7,12,13,8,6,4,8,8,19,14,6,11,17,22,39,25,21,18,22,32,29,20,14,6,1,13,12,8,9,4,21,32,36,20,15,10,16,32,20,2,2,0,9,10,5,18,23,22,15,17,21,15,14,14,16,5,10,15,8,11,13,11,11,7,7,18,20,13,7,8,10,14,23,14,7,11,24,16,23,13,16,10,4,0,4,9,13,14,10,8,12,6,7,4,1,0,7,6,2,5,3,0,2,0,2,2,2,5,5,6,11,6,2,12,5,8,6,8,0,4,6,6,4,4,0,1,6,12,6,4,3,4,6,3,3,2,2,1,1,2,2,0,3,7,10,4,1,1,0,1,1,0,0,6,7,7,8,6,8,6,2,3,9,5,4,4,4,4,0,2,2,4,6,6,7,9,9,4,4,6,3,2,2,0,0,4,4,4,6,4,0,0,4,6,2,0,8,12,6,0,10,6,24,37,25,12,7,2,6,10,10,8,4,4,2,4,0,0,2,2,4,3,4,4,4,0,0,0,0,0,2,0,4,0,0,0,0,0,0,0,0,0,0,0,0,0,0,0,0,0,0,0,0,0,0,2,2,0,0,4,16,12,10,6,6,8,8,16,16,0,0,2,2,0,2,0,2,6,4,0,0,0,0,0,0,0,0,0,0,0,0,0,3,2,0,0,0,0,0,0,0,4,2,1,1,0,2,4,4,2,18,20,17,3,0,0,2,2,4,4,4,4,4,4,4,2,2,0,0,0,0,0,0,0,2,0,0,0,0,0,0,0,0,0,9,2,0,0,0,0,0,0,0,0,0,0,0,0
000047.bin,conv2,2,21x800x704,0,400,KittiDataset.__getitem__,True,kitti,15000,11827200,26184,0.0022138798701298703,0.9977861201298701,0,0,0,0,0,0,0,0,0,0,0,0,0,0,0,0,0,0,0,0,0,0,0,0,0,0,0,0,0,0,0,0,0,0,0,0,0,0,0,0,0,0,0,0,0,0,0,0,0,0,0,0,0,0,0,0,0,0,0,10,17,22,50,70,103,126,125,166,161,143,184,171,160,196,174,168,186,192,205,191,169,211,230,191,221,205,175,200,193,188,215,191,156,188,239,226,197,234,231,174,185,176,212,236,231,234,225,244,232,176,149,141,146,171,197,199,185,195,172,159,161,158,175,155,176,185,202,136,124,129,139,147,148,126,124,107,124,124,117,106,94,103,127,147,141,109,109,103,110,89,110,109,74,65,66,142,232,243,163,83,88,77,67,85,118,114,146,127,93,105,123,97,89,92,90,93,82,60,54,41,39,23,20,12,23,54,56,53,34,39,41,56,53,42,39,48,87,97,63,21,14,21,16,24,26,21,26,39,42,39,87,96,56,34,24,21,21,23,18,16,12,16,19,24,42,72,137,108,36,34,27,13,23,24,56,76,78,60,65,115,149,72,80,89,45,24,38,26,56,86,102,66,40,37,50,38,32,34,42,46,63,87,105,123,49,27,21,17,20,26,24,18,32,20,10,2,7,6,2,0,0,0,0,10,40,91,90,32,6,9,12,15,11,14,17,17,18,19,24,23,13,10,15,2,14,3,10,9,6,12,16,14,13,34,23,38,36,24,21,18,22,16,14,8,10,18,10,12,22,12,16,22,22,14,16,21,86,177,126,57,26,25,11,12,32,44,51,54,46,27,23,24,27,30,28,24,20,5,42,51,33,19,22,30,21,31,44,34,29,25,17,4,9,13,11,14,14,8,16,8,4,13,11,13,4,10,5,12,16,20,20,8,10,8,7,3,4,7,4,4,5,8,3,2,2,0,1,0,4,2,2,2,0,1,1,0,0,2,6,7,2,5,3,4,0,2,8,4,4,4,0,8,4,1,6,4,8,6,0,0,2,11,19,11,15,11,10,8,0,6,2,4,7,9,8,2,0,2,4,4,6,6,8,17,12,16,12,4,8,8,4,6,6,16,16,17,4,4,6,14,7,18,13,10,4,6,4,0,0,12,10,9,7,2,8,9,13,10,3,12,6,7,10,7,2,4,4,8,6,1,6,5,0,4,2,18,4,1,0,2,2,0,0,0,0,6,7,6,10,5,2,2,14,8,9,7,0,4,2,6,4,6,4,5,10,5,11,8,0,3,1,0,4,3,3,1,2,6,0,8,12,3,8,10,7,3,6,10,6,14,6,1,2,2,10,5,7,5,1,2,4,6,7,4,9,2,2,2,6,6,5,7,3,5,7,10,8,2,1,0,1,1,1,0,4,8,4,0,0,0,2,1,2,0,0,0,4,4,2,8,6,2,2,9,6,7,4,4,6,6,2,1,1,1,0,0,0,0,0,0,0,2,0,0,4,4,0,3,2,1,1,0,1,1,0,0,0,2,3,3,4,4,3,7,1,4,0,2,2,0,2,2,4,4,0,1,0,0,0,2,2,0,0,0,0,0,0,0,0,0,0,0,0,0,0,0,0,1,1,0,0,1,0,0
000048.bin,conv2,2,21x800x704,0,400,KittiDataset.__getitem__,True,kitti,15000,11827200,21627,0.0018285815746753246,0.9981714184253246,0,0,0,0,0,0,0,0,0,0,0,0,0,0,0,0,0,0,0,0,0,0,0,0,0,0,0,5,11,13,14,16,24,42,41,36,10,17,11,5,5,18,18,20,28,38,35,46,54,60,63,52,33,31,20,15,10,19,27,30,35,43,61,79,88,109,146,155,160,193,195,181,189,189,142,167,102,132,154,90,123,149,85,100,94,60,60,112,155,151,112,137,141,147,203,219,112,93,93,104,114,84,67,76,97,140,157,136,147,159,148,126,112,114,133,120,86,71,88,100,86,82,76,82,57,51,56,84,112,98,92,106,106,114,129,107,86,83,84,157,163,85,58,78,98,101,70,55,53,47,71,73,87,74,38,35,43,60,65,64,85,91,69,68,74,101,125,109,102,104,78,107,110,94,83,73,97,107,167,141,81,67,80,58,59,74,89,76,65,65,46,33,15,21,34,46,25,36,41,38,54,65,53,52,50,39,46,69,70,64,41,45,42,38,38,44,37,32,35,22,25,26,26,28,45,43,63,90,72,40,37,35,27,32,60,79,66,60,51,35,20,19,26,33,53,53,40,48,62,37,23,16,14,7,8,8,21,26,22,24,21,23,52,89,65,31,20,24,19,24,22,10,9,8,11,14,7,10,53,65,81,110,78,69,97,68,53,62,55,67,51,45,32,20,35,51,39,52,32,25,54,28,15,9,3,7,22,13,9,28,31,36,41,31,20,34,96,110,64,40,22,24,30,40,69,61,42,30,50,43,26,22,8,8,16,13,6,2,4,13,28,37,35,29,26,4,4,4,0,2,5,12,21,14,13,26,25,8,5,7,10,12,16,11,12,5,15,26,32,33,41,34,24,17,10,9,8,8,2,4,5,3,5,0,11,19,18,12,18,9,10,17,6,6,4,4,6,6,5,1,1,4,4,0,0,0,0,0,0,2,5,5,9,4,4,2,0,0,0,0,0,1,2,1,2,2,0,3,3,2,1,1,1,0,0,2,2,0,0,0,0,0,0,4,2,0,0,0,0,0,0,0,0,0,0,0,0,0,4,0,0,0,0,0,0,0,0,0,0,0,0,10,20,20,7,7,5,6,18,16,1,0,0,0,0,0,0,0,0,0,0,0,0,0,0,0,0,6,0,0,0,0,0,12,7,6,1,3,6,18,38,25,3,5,3,15,56,31,4,6,16,5,1,0,9,18,18,14,20,18,4,8,4,2,10,12,6,4,0,0,0,0,0,5,13,7,12,8,6,0,0,0,0,4,4,4,0,0,0,4,12,18,8,0,0,0,4,4,0,0,0,0,0,11,2,4,6,10,0,0,0,6,2,4,8,0,2,0,2,0,0,5,4,0,0,0,0,0,1,1,0,0,0,0,0,4,8,4,0,0,0,0,0,0,0,0,2,2,11,15,3,5,0,4,0,0,0,0,0,0,0,0,0,1,0,0,0,0,0,0,0,0,0,0,0,0,0,0,0,0,0,0,0,0,0,0,0,0,0,6,6,0,3,5,5,6,6,2,0,0,0,0,0,0,0,0,0,0,0,3,16,8,0,0,1,2,0,0,0,2,4,0,0,0,13,4,6,7,8,7,6,4,2,2
000049.bin,conv2,2,21x800x704,0,400,KittiDataset.__getitem__,True,kitti,15000,11827200,21703,0.0018350074404761905,0.9981649925595238,0,0,0,0,0,0,0,0,0,0,0,0,0,0,0,0,0,0,0,0,0,0,0,0,0,0,0,0,0,0,0,0,0,0,0,0,0,0,8,10,22,24,23,23,13,10,13,25,44,46,46,31,14,6,8,8,12,37,41,44,46,48,67,98,121,109,137,128,121,120,95,120,93,77,109,132,129,177,166,148,174,148,109,129,122,99,115,66,56,84,116,116,96,68,100,112,94,75,95,74,23,35,105,150,110,66,60,60,108,149,115,69,62,69,73,66,63,86,175,108,50,61,78,143,95,57,126,178,123,83,92,85,142,224,170,125,130,126,161,151,100,92,72,97,133,103,70,44,35,50,63,52,41,39,59,63,59,77,68,97,155,189,216,220,225,200,143,116,78,71,68,53,57,83,80,62,52,50,48,50,31,34,23,50,139,152,99,74,64,33,26,24,22,38,85,81,22,25,24,24,33,54,95,78,53,58,82,141,132,114,80,70,65,55,56,63,75,77,38,38,37,73,91,36,22,33,31,26,18,33,31,33,33,41,62,97,93,60,47,50,51,31,30,45,43,36,55,53,39,46,36,46,50,47,46,53,62,60,44,67,70,57,72,63,46,45,34,32,24,38,50,60,86,84,58,56,50,40,38,22,2,0,0,0,4,5,1,4,6,14,15,4,6,16,56,30,12,8,16,6,0,0,0,0,0,0,0,0,0,14,54,267,303,150,124,122,77,45,46,29,24,14,7,17,71,69,72,73,53,51,25,11,8,18,4,0,4,2,2,7,13,21,19,15,8,15,6,13,18,23,12,3,24,14,25,21,11,20,20,5,9,7,10,17,9,11,12,5,16,15,7,13,10,13,11,7,18,9,18,14,7,9,10,5,11,24,22,14,5,5,2,6,18,3,2,6,7,0,2,8,6,3,16,7,6,5,9,10,6,20,31,8,10,5,10,6,6,2,11,5,5,6,7,5,14,11,0,2,12,12,6,7,3,6,6,4,3,4,8,19,10,13,14,28,12,15,24,29,8,8,15,10,4,2,7,3,4,8,9,4,2,2,7,10,2,9,12,6,8,8,13,8,2,0,9,6,1,1,14,18,0,0,8,12,6,2,2,4,8,8,2,4,2,0,0,0,4,0,0,0,0,0,0,0,0,4,0,0,0,0,4,4,0,3,2,5,8,12,10,0,0,0,0,0,1,1,2,5,4,0,0,0,2,6,4,8,5,5,3,5,2,2,10,12,5,4,6,4,2,4,0,0,0,2,2,2,4,4,0,6,2,0,0,0,0,0,0,0,0,0,0,0,0,0,0,0,0,0,0,0,0,0,8,8,0,0,0,0,0,0,0,0,4,6,2,0,0,0,4,4,0,0,0,0,0,0,0,0,0,0,0,0,4,4,0,0,0,0,0,0,0,0,0,0,0,0,0,0,0,0,0,0,0,2,0,0,0,0,3,6,4,0,0,0,0,0,0,0,0,0,0,0,0,0,0,0,0,0,0,0,0,0,0,0,0,0,0,0,0,0,0,2,6,2,2,6,4,0,2,2,0,0,0,0,0,0,0,0,0,0,0,4,0,0,0,0,0,0,0,0,0,0,0,0
000050.bin,conv2,2,21x800x704,0,400,KittiDataset.__getitem__,True,kitti,15000,11827200,18853,0.001594037472943723,0.9984059625270563,0,0,0,0,0,0,0,0,0,0,0,0,0,0,0,0,0,0,0,0,0,0,0,0,0,4,0,2,4,2,6,4,9,10,15,10,5,2,4,8,8,7,12,13,10,8,2,0,0,0,0,0,0,0,0,0,0,3,11,29,42,74,88,99,96,108,103,105,149,153,130,128,109,117,124,115,111,114,111,142,173,167,149,143,140,129,125,123,114,116,126,131,139,143,114,153,226,279,271,262,263,172,109,112,107,105,95,89,106,103,94,80,79,90,84,84,79,95,92,83,83,70,69,73,78,81,79,79,95,126,151,130,114,123,113,105,78,83,76,96,96,76,71,67,62,63,63,75,73,92,106,86,66,66,66,58,52,47,49,46,54,54,53,44,45,52,61,70,57,41,39,34,43,43,34,40,47,50,50,49,49,53,61,56,52,44,45,42,38,52,39,36,47,42,37,33,38,49,42,59,84,74,55,48,46,33,47,30,34,27,22,23,21,16,27,28,32,32,30,40,51,62,61,54,37,38,37,40,29,29,43,35,40,67,69,47,51,36,39,30,28,33,37,26,25,30,23,23,36,34,28,30,26,25,31,29,22,27,21,27,25,26,28,24,20,14,19,20,13,17,16,19,30,23,18,14,22,25,25,15,21,23,17,19,29,17,14,10,10,12,20,45,48,29,12,8,8,10,20,28,12,16,21,37,53,33,30,30,29,25,23,21,15,18,15,26,33,39,43,46,39,30,24,19,25,25,25,41,22,22,25,14,18,19,23,21,16,21,18,12,47,43,20,20,12,6,12,5,7,4,13,5,6,3,5,8,11,4,1,4,6,9,13,17,18,14,18,12,14,6,7,11,8,6,6,4,4,8,6,4,2,4,16,14,10,9,18,15,17,22,14,15,12,14,8,6,2,6,6,0,2,2,4,4,4,2,8,6,13,8,4,4,5,6,5,4,3,0,0,2,5,2,0,0,14,34,7,2,4,2,3,1,4,3,6,2,2,1,8,5,6,7,5,2,5,4,3,2,2,5,5,2,4,2,2,6,4,1,2,1,5,2,5,2,8,8,5,3,6,4,0,0,4,6,4,8,4,18,12,10,10,0,4,0,0,2,6,14,15,10,9,2,2,6,10,2,8,8,4,10,4,2,4,4,6,8,2,4,2,6,0,4,6,10,12,10,12,9,6,6,2,2,2,6,15,17,14,6,8,4,7,1,6,8,4,0,6,4,6,0,6,4,2,0,6,4,2,0,4,6,4,0,14,6,2,2,4,6,4,4,8,6,2,0,0,0,0,0,0,0,0,0,0,0,0,0,0,4,6,12,0,0,8,4,6,6,3,4,4,6,6,4,14,24,20,14,9,12,4,10,6,1,4,4,2,2,2,0,4,6,4,2,0,4,2,1,2,0,2,4,1,3,2,2,0,5,1,2,2,2,6,8,9,7,3,5,11,6,4,0,0,0,0,0,0,0,0,0,3,4,0,1,1,0,0,0,0,4,2,0,0,4,10,11,3,6,4,0,2,7,4,1,1,6,2,0,2,3,1,0,2,3,6,4,2,1,4,2,4,2,4,1,0,2,2,2,0,0,0,4,0,0,2,0
000051.bin,conv2,2,21x800x704,0,400,KittiDataset.__getitem__,True,kitti,15000,11827200,28098,0.002375710227272727,0.9976242897727273,0,0,0,0,0,0,0,0,0,0,0,0,0,0,0,0,0,0,0,0,0,0,0,0,0,0,0,0,0,0,0,0,0,0,8,25,27,20,1,0,0,0,0,0,0,0,0,0,0,0,0,0,0,0,0,0,0,0,0,0,12,48,77,104,84,126,119,118,123,97,131,125,93,108,156,143,137,120,90,135,127,85,113,124,84,116,104,60,73,106,111,129,110,96,104,138,121,109,115,118,70,64,116,129,117,72,58,61,84,111,102,76,84,84,71,75,72,83,106,167,130,80,79,106,147,140,42,108,202,145,39,32,41,63,77,164,174,75,50,62,103,174,148,147,108,102,112,167,155,119,158,135,98,136,169,121,114,141,148,94,76,77,130,93,52,55,82,87,98,113,55,79,70,63,114,130,96,66,62,93,100,76,54,36,38,42,63,52,47,39,75,75,105,106,74,45,45,66,67,69,71,57,58,51,56,74,82,73,81,58,47,45,54,53,44,42,26,34,38,50,46,68,65,55,51,63,65,64,52,63,68,92,69,38,62,52,52,63,56,59,53,58,62,57,57,65,53,53,54,53,56,50,55,50,55,53,49,48,34,38,57,52,57,71,71,66,57,63,58,62,73,67,58,57,56,60,64,54,50,57,50,80,88,73,60,73,103,110,298,250,214,138,160,166,151,134,77,51,45,40,55,59,70,88,71,68,73,70,41,56,52,51,45,52,53,73,68,97,110,102,116,113,74,56,55,63,49,50,56,77,73,49,45,33,29,24,23,36,40,38,13,8,15,14,10,30,41,56,42,25,26,27,34,40,31,30,20,22,21,21,12,13,11,17,24,20,14,22,33,21,17,15,21,27,28,24,18,31,55,77,114,102,109,117,73,55,50,38,39,28,31,21,26,34,24,20,29,25,30,37,41,30,14,29,45,24,21,10,14,11,17,17,7,16,15,13,21,26,17,13,20,22,29,33,30,26,24,17,28,45,37,15,19,34,53,43,39,52,40,28,20,15,16,15,15,13,17,17,13,13,12,24,21,6,13,9,9,4,15,12,12,19,18,19,9,15,12,4,12,41,25,8,4,3,3,8,12,16,10,6,3,2,2,3,4,6,6,8,36,21,18,16,18,21,25,31,25,12,18,28,13,17,9,3,12,24,42,34,20,27,32,16,8,3,0,3,9,8,1,3,4,0,0,0,0,0,0,0,0,0,0,0,0,0,0,2,2,0,0,0,0,0,0,0,0,0,0,0,25,79,93,18,8,18,11,6,12,6,6,2,2,2,0,6,8,0,2,2,2,2,8,13,10,11,14,6,13,17,5,1,1,0,4,4,12,13,4,10,5,3,8,14,15,8,8,2,13,6,7,22,15,6,9,2,6,1,2,3,1,2,2,0,3,6,4,2,0,0,0,0,0,0,0,0,0,0,0,0,0,0,4,2,0,0,0,0,0,0,2,3,5,2,0,2,7,8,5,4,3,1,0,0,2,0,0,0,4,7,2,4,2,3,2,2,0,0,0,2,0,0,0,0,0,0,0,0,0,0,0,0,1,3,16,1,4,0,0,0,0,0,0,8,2,2,0,5,10,7,2,5,7,7,0,0
000052.bin,conv2,2,21x800x704,0,400,KittiDataset.__getitem__,True,kitti,15000,11827200,25724,0.002174986471861472,0.9978250135281386,0,0,0,0,0,0,0,0,0,0,0,0,0,0,0,0,0,0,0,0,0,0,0,0,0,0,0,0,0,0,0,0,0,0,0,0,0,0,0,0,0,0,0,0,0,0,0,0,0,0,0,0,0,0,0,0,0,0,0,0,0,0,0,0,2,10,20,40,63,89,90,84,103,91,85,102,93,79,90,133,116,87,117,136,70,92,117,120,82,101,100,117,81,80,99,125,90,71,79,78,92,114,139,167,164,153,148,158,177,180,173,158,146,142,134,123,130,116,126,131,133,111,113,128,127,153,125,116,120,114,133,172,198,169,135,110,122,123,113,119,144,151,156,141,138,150,155,174,167,149,170,152,125,111,117,146,155,145,143,128,132,170,186,160,149,135,123,131,148,156,179,178,164,151,120,109,120,126,118,118,114,149,146,115,101,99,109,99,88,70,65,66,50,46,47,60,77,54,50,72,67,54,59,45,29,43,44,31,24,21,36,45,37,32,23,23,40,65,47,44,47,41,27,23,19,33,33,39,24,33,31,20,13,12,25,23,27,19,12,3,8,18,37,27,21,18,15,15,21,35,38,45,49,39,38,47,37,17,13,16,12,11,20,40,28,38,43,37,41,49,55,71,57,66,51,37,34,21,18,11,25,33,32,25,32,47,40,23,30,43,34,44,69,45,30,19,18,10,13,12,12,13,28,40,56,33,30,34,31,45,78,71,46,47,41,31,44,47,48,59,42,41,41,24,16,22,36,66,94,85,116,124,75,59,55,35,18,17,21,23,18,22,25,23,35,39,23,23,14,18,8,6,7,2,9,13,22,42,37,34,21,15,20,18,29,20,15,12,27,65,68,55,48,50,35,23,4,2,3,4,8,8,27,38,27,21,24,28,46,45,31,13,10,10,8,5,6,0,4,5,4,0,0,0,4,6,9,12,14,21,20,26,31,31,32,22,4,12,8,8,8,9,19,13,21,12,12,16,14,10,18,19,16,8,13,0,4,15,18,13,12,12,18,18,6,13,9,8,15,21,23,45,59,49,40,40,17,32,22,30,45,42,31,25,33,30,21,21,26,19,15,19,12,10,9,10,11,5,7,6,10,2,2,10,16,10,6,4,9,8,9,14,25,35,16,13,12,29,33,20,12,14,25,37,36,29,37,28,23,18,19,21,23,20,23,14,22,23,19,21,29,18,19,20,20,16,14,18,35,24,20,23,23,21,11,6,0,0,0,0,0,0,0,0,1,1,6,16,21,21,17,21,19,16,15,19,21,16,15,13,10,10,16,13,4,0,0,0,0,4,1,0,2,0,0,0,0,0,0,0,5,14,19,10,16,4,5,10,12,17,7,9,14,8,7,6,0,0,2,16,17,8,6,7,7,5,5,8,5,9,9,10,10,6,12,9,5,7,7,8,9,7,8,8,7,8,5,9,6,5,8,5,7,3,5,6,3,7,0,0,0,0,0,0,0,0,0,0,0,0,0,0,0,0,0,0,0,0,0,0,0,0,0,0,0,0,0,0,0,0,0,0,0,0,0,0,0,0,0,0,0,0,0,0,0,0,0,0,0,0,0,0,0,0,0,0,0,0,0,0,0,0,0,0
000053.bin,conv2,2,21x800x704,0,400,KittiDataset.__getitem__,True,kitti,15000,11827200,18873,0.0015957284902597402,0.9984042715097403,0,0,0,0,0,0,0,0,0,0,0,0,0,0,0,0,0,0,0,0,0,0,0,0,0,0,0,9,14,18,18,17,17,17,17,17,16,19,18,18,18,18,18,16,16,17,22,21,18,19,21,20,16,16,14,20,21,26,27,29,29,32,100,91,65,137,115,151,111,96,133,64,55,92,118,75,97,44,75,117,97,74,127,119,99,115,74,41,68,98,141,136,108,116,142,139,123,113,124,110,108,105,122,98,76,95,73,72,84,102,86,66,54,57,57,46,51,82,114,98,96,75,85,92,69,60,113,147,145,103,87,88,102,92,89,86,82,84,103,111,96,108,114,120,123,121,111,95,92,89,85,98,83,78,62,49,45,38,59,69,88,89,72,76,66,54,64,53,50,63,78,93,83,75,74,76,68,58,56,58,49,73,77,64,32,24,25,34,42,31,61,84,69,52,33,45,33,44,45,36,39,45,49,42,44,42,45,50,26,51,40,51,64,63,52,58,53,39,44,46,59,50,53,52,37,31,21,30,34,30,21,18,23,24,40,47,38,28,23,21,22,62,61,35,14,12,7,8,7,5,4,7,8,8,8,16,19,10,11,9,10,14,9,10,12,12,8,11,27,34,52,65,53,54,68,120,121,75,69,59,44,45,39,39,26,35,34,29,34,29,38,66,50,42,40,40,43,57,41,22,10,19,14,17,8,4,6,9,11,14,14,13,11,4,24,37,29,32,9,21,34,20,16,20,24,26,34,36,18,20,49,48,20,19,8,12,14,18,40,29,42,51,51,46,38,23,8,10,9,11,5,3,7,17,12,10,4,19,11,10,12,9,11,8,19,28,30,21,25,22,12,12,19,8,14,22,15,25,18,8,16,19,10,7,10,4,1,0,9,11,7,9,17,18,8,18,10,3,6,3,6,10,6,6,9,8,12,3,5,13,3,6,10,7,13,6,28,29,14,14,16,11,11,8,8,14,6,2,7,11,6,6,10,10,17,25,15,0,0,1,0,6,4,5,1,2,6,5,9,8,4,10,2,9,4,10,10,8,9,10,9,4,4,5,5,4,14,16,32,38,31,39,51,42,24,22,18,16,11,13,6,8,6,6,2,0,1,3,4,2,2,2,0,2,1,0,2,0,1,2,0,0,0,0,0,2,14,26,18,12,4,0,0,6,4,2,0,0,0,0,0,7,5,12,10,8,12,6,3,11,12,8,4,3,13,6,4,4,1,1,2,2,0,4,0,0,2,2,0,0,0,0,0,0,4,4,0,0,0,0,0,0,8,4,0,0,4,4,0,0,0,0,0,0,0,0,4,6,8,6,0,0,0,0,0,0,0,0,0,0,0,0,0,0,0,0,0,0,0,2,0,9,0,0,0,0,4,4,4,4,8,6,6,4,2,2,0,0,1,0,0,4,0,1,2,1,0,0,0,1,0,2,0,0,0,0,0,0,0,1,1,0,0,0,0,0,0,0,0,0,0,0,0,0,0,0,0,0,0,0,0,0,0,0,0,0,0,0,0,0,0,0,0,0,0,0,0,0,0,0,0,0,0,0,0,0,0,0,0,0,0,0,0,0,0,0,0,0,0,0,0,0,0,0
000054.bin,conv2,2,21x800x704,0,400,KittiDataset.__getitem__,True,kitti,15000,11827200,19454,0.0016448525432900432,0.99835514745671,0,0,0,0,0,0,0,0,0,0,0,0,0,0,0,0,0,0,0,0,0,0,0,0,0,0,0,0,0,0,0,0,0,0,0,0,0,0,0,0,0,0,0,0,0,0,0,0,0,0,0,0,0,0,1,23,47,32,5,0,0,0,0,0,0,12,27,27,14,20,16,10,14,31,34,36,37,32,35,53,82,87,84,82,66,68,64,71,76,63,55,69,71,57,52,71,73,57,59,84,73,76,125,142,169,182,164,156,182,181,192,174,183,209,211,226,330,449,479,508,482,369,293,300,307,299,319,300,263,232,224,254,294,360,354,294,258,260,276,241,216,237,241,198,216,275,268,243,228,182,168,193,274,269,251,210,218,208,169,100,61,54,40,72,109,118,119,82,32,31,35,53,22,13,14,66,98,79,141,256,252,75,142,210,101,39,25,17,10,14,12,3,9,5,0,0,0,2,0,2,8,2,3,4,2,4,30,38,16,15,14,7,4,3,2,9,2,4,0,4,4,6,4,9,6,2,2,0,1,0,0,0,2,2,0,0,0,0,0,0,0,0,0,0,0,0,0,0,0,0,0,0,1,3,3,6,3,2,6,8,5,6,4,4,0,0,0,0,0,0,0,0,0,0,0,0,0,0,0,0,0,0,0,0,0,0,4,8,14,10,2,0,0,0,0,0,0,0,0,0,0,0,0,0,0,0,1,1,0,0,0,0,0,0,0,0,5,4,0,0,0,0,0,0,0,0,0,0,0,4,4,0,0,0,0,0,0,0,0,0,0,0,0,0,0,0,0,0,0,0,0,0,0,0,0,0,0,0,0,4,0,0,0,0,0,0,0,0,0,0,0,0,0,0,0,0,0,0,0,0,0,0,0,0,0,0,0,0,0,0,0,2,0,0,0,0,0,0,0,0,9,10,3,1,0,0,0,0,0,0,0,0,0,0,0,0,0,0,0,0,0,0,0,0,0,0,0,0,0,0,0,0,0,0,0,0,0,0,0,0,0,0,0,0,0,0,0,0,0,0,0,0,0,0,0,0,0,0,0,0,2,0,0,0,0,0,0,0,0,0,0,0,0,0,0,0,0,0,0,0,0,0,0,0,0,0,0,0,0,0,0,0,4,6,0,0,0,0,0,0,0,0,0,0,0,0,0,0,0,0,2,5,7,0,0,0,0,0,0,0,0,0,0,0,0,0,0,0,0,0,0,0,0,0,0,0,0,0,0,0,0,0,0,0,0,0,0,0,0,0,0,0,0,0,0,0,0,0,0,0,0,4,4,0,0,0,0,0,0,0,0,0,0,0,0,0,0,0,0,0,0,0,0,0,0,0,0,0,0,0,0,0,0,0,0,0,0,4,6,0,0,0,0,0,0,0,0,0,0,0,0,0,0,0,0,0,0,0,0,0,0,0,0,0,0,0,0,0,0,0,0,0,0,0,0,0,0,0,0,0,0,0,0,0,0,0,0,0,0,0,0,0,0,0,0,0,0,0,0,0,0,0,0,0,0,0,0,0,0,0,0,0,0,0,0,0,0,0,0,0,0,0,0,0,0,0,0,0,0,0,0,0,0,0,0,0,0,0,0,0,0,0,0,0
000055.bin,conv2,2,21x800x704,0,400,KittiDataset.__getitem__,True,kitti,15000,11827200,29963,0.002533397591991342,0.9974666024080087,0,0,0,0,0,0,0,0,0,0,0,0,0,0,0,0,0,0,0,0,0,0,0,0,0,0,0,0,0,0,0,0,0,0,0,0,0,0,0,0,0,0,0,0,0,0,0,0,0,0,0,0,4,6,6,6,7,12,21,27,31,36,74,123,105,165,154,139,167,113,158,129,92,108,157,135,144,129,83,127,117,85,113,116,73,125,109,65,74,75,94,135,102,75,79,114,110,87,98,127,81,57,84,102,106,59,58,59,75,99,117,63,64,68,64,87,101,105,109,120,96,74,87,95,138,138,74,98,121,96,49,57,70,69,83,118,69,64,81,95,115,130,89,94,121,126,155,210,148,124,91,101,126,162,133,83,73,75,85,80,79,104,92,56,63,50,71,87,122,155,123,89,50,58,43,37,37,44,59,94,117,108,89,75,73,76,100,98,70,82,58,85,130,121,73,48,51,65,78,71,62,58,54,67,84,60,57,64,59,52,37,32,42,46,42,36,42,64,79,57,64,85,64,54,50,32,27,27,31,32,32,35,54,76,65,96,68,54,53,35,35,40,63,68,69,63,65,59,53,58,78,55,38,57,104,117,74,54,42,51,69,85,67,52,44,33,28,32,31,33,45,59,65,71,63,97,69,33,51,60,65,50,51,85,105,102,91,79,72,123,173,179,249,268,103,84,90,110,87,171,110,54,49,58,37,39,52,60,55,40,36,39,82,85,51,38,47,48,30,28,27,28,25,33,35,44,46,50,110,121,96,50,20,23,32,35,38,30,18,20,29,35,28,25,39,32,41,76,114,126,104,90,87,109,70,76,102,104,99,100,93,97,67,41,39,105,140,124,69,61,46,38,55,54,40,42,46,39,49,56,37,30,25,36,41,45,34,51,53,55,28,35,40,28,20,32,39,40,34,33,48,36,46,35,27,30,29,58,48,27,63,80,61,19,32,27,32,32,24,16,24,32,25,18,21,22,14,15,18,9,12,33,34,29,23,34,28,18,17,7,4,2,8,14,13,20,20,24,35,29,35,19,17,15,8,8,10,20,14,6,6,10,11,10,12,9,4,22,35,26,20,18,16,24,23,50,49,28,26,21,29,15,21,18,16,18,14,15,10,20,21,20,16,16,24,10,10,12,24,19,18,14,11,35,33,22,12,22,23,34,26,11,20,26,15,16,15,9,11,25,13,14,12,12,31,22,11,11,20,16,9,8,5,6,9,5,2,5,1,4,6,3,8,12,3,12,13,9,18,16,26,26,19,18,19,39,61,45,42,30,24,14,17,6,23,15,22,24,10,17,21,22,22,18,20,22,18,16,21,24,12,10,9,8,12,9,4,2,6,2,3,2,6,8,4,0,1,16,7,6,1,0,2,4,8,2,14,19,14,7,9,10,14,9,23,12,6,6,8,8,4,4,6,0,8,10,12,4,2,4,8,10,6,2,6,2,4,3,6,8,11,10,9,15,10,2,3,4,3,4,0,4,8,0,2,3,4,0,2,4,0,0,6,2,1,0,1,0,6,9,6,8,10,7,11,8,2,0,0,6,4,4,2,2,0,0,2,2,4,4,0,0,0,2,3,0,4,4,2,1,1,0,0,2
000056.bin,conv2,2,21x800x704,0,400,KittiDataset.__getitem__,True,kitti,15000,11827200,35124,0.0029697646103896106,0.9970302353896104,0,0,0,0,0,0,0,0,0,0,0,0,0,0,0,0,0,0,0,0,0,0,0,0,0,0,0,0,0,0,0,0,0,0,0,0,0,0,0,0,0,0,0,0,0,0,0,0,0,0,0,0,0,0,0,0,0,0,0,0,0,0,0,1,0,0,0,1,6,11,12,11,17,21,12,30,37,48,39,32,33,43,51,60,64,88,94,80,58,93,117,140,171,141,120,146,207,208,133,157,266,210,132,114,103,142,186,142,119,110,133,164,178,144,121,93,90,110,111,103,126,175,199,142,162,131,159,225,191,169,229,223,154,162,186,196,183,220,199,139,167,181,208,216,213,182,170,161,158,162,229,215,178,206,183,218,260,327,267,226,224,204,191,185,148,200,201,172,199,206,186,154,142,128,150,196,147,171,209,224,157,88,112,162,174,177,138,97,84,91,73,61,108,100,80,89,108,141,128,86,78,69,80,105,126,148,119,127,153,153,185,205,160,146,129,139,118,99,71,55,75,70,79,70,85,117,94,110,104,107,108,113,111,98,68,71,80,84,84,80,91,103,123,120,107,70,89,125,84,81,90,83,105,87,83,113,122,127,128,143,101,64,57,103,99,105,95,71,86,79,93,91,94,87,81,79,131,132,121,80,78,89,64,61,90,70,64,84,77,58,68,81,89,72,71,92,81,51,40,67,81,73,69,64,76,77,65,83,98,101,109,78,78,78,70,73,41,53,47,38,54,53,34,30,30,48,38,40,36,37,29,14,15,17,22,16,16,23,20,23,18,12,11,22,28,14,17,31,42,39,41,65,81,101,74,79,76,73,62,56,46,31,26,15,19,17,24,17,19,14,12,10,11,14,16,13,36,34,28,26,16,10,19,12,10,9,10,12,24,11,17,20,11,16,12,5,14,38,27,22,17,19,19,21,16,26,12,12,18,12,29,23,27,30,28,17,16,6,9,8,7,12,13,10,11,3,12,28,30,25,19,8,9,12,6,15,24,34,24,0,10,11,0,0,0,11,7,9,0,12,14,4,11,5,9,4,4,22,31,20,21,10,5,31,41,72,73,18,11,5,10,6,2,4,15,14,27,28,19,31,13,23,43,33,37,21,16,11,9,22,27,15,20,24,32,38,35,15,11,11,8,7,3,2,9,11,9,13,8,8,4,0,1,3,7,9,18,8,8,10,4,7,6,4,2,0,0,0,0,2,10,22,11,11,12,15,7,4,2,2,10,14,2,0,7,17,24,8,2,0,2,7,13,14,22,2,0,2,0,5,7,7,4,4,4,8,6,6,6,14,8,9,9,5,21,13,5,10,20,16,8,18,6,1,9,4,4,4,6,11,6,12,14,12,8,10,5,1,3,0,1,1,0,0,0,4,4,6,4,0,2,2,0,0,0,0,0,2,2,6,9,18,18,20,19,2,11,13,17,13,8,4,5,4,5,14,5,4,4,2,2,0,0,0,0,2,0,0,4,2,2,4,2,3,3,2,1,1,1,0,6,3,2,4,10,7,8,7,6,2,0,1,4,5,2,0,0,0,0,0,0,0,0,0,0,0,0,0,4,18,21,7,6,0,3,10,9,7,1,0,1,2,1,1
000057.bin,conv2,2,21x800x704,0,400,KittiDataset.__getitem__,True,kitti,15000,11827200,24617,0.0020813886634199136,0.9979186113365801,0,0,0,0,0,0,0,0,0,0,0,0,0,0,0,0,0,0,0,0,0,0,0,0,0,0,0,0,0,2,5,5,8,4,2,5,18,52,59,50,31,20,10,10,19,13,12,14,4,6,7,16,18,25,33,40,40,47,47,50,32,22,23,22,22,22,20,9,11,14,14,19,19,15,22,23,26,21,29,36,36,31,34,36,31,39,53,49,74,81,67,64,87,104,96,110,148,195,226,235,183,149,150,177,206,210,224,203,212,242,273,248,257,276,260,280,288,235,228,202,216,196,194,219,169,158,156,171,209,228,195,176,188,207,163,164,128,129,151,151,155,167,174,181,165,142,130,127,142,128,119,141,156,127,121,83,81,106,103,98,147,108,118,116,91,83,102,135,108,91,86,89,79,82,87,79,78,90,87,75,75,61,53,51,66,71,54,55,79,61,50,55,64,69,87,114,117,106,94,112,122,101,85,88,98,87,85,82,86,94,81,79,71,85,110,65,37,28,20,25,27,30,34,41,43,38,24,30,47,41,21,27,30,24,24,23,20,23,21,19,29,26,24,19,11,27,42,37,31,32,48,26,22,29,23,22,23,22,29,17,19,59,72,64,74,105,67,72,74,62,52,80,72,68,57,38,32,33,25,18,22,22,22,16,8,17,23,31,41,62,44,36,43,39,23,13,16,11,18,19,20,17,14,19,19,16,13,15,9,19,16,14,23,30,26,18,15,26,25,32,44,43,36,28,28,38,46,28,11,13,8,4,2,2,11,10,10,8,0,0,2,2,1,2,6,17,32,32,19,12,10,17,28,68,118,106,69,39,23,12,16,15,13,22,14,10,8,0,15,8,6,4,7,18,28,9,4,13,18,15,11,4,5,3,5,4,2,3,5,6,5,3,6,7,7,4,6,5,11,7,30,20,7,11,8,18,11,3,5,12,18,13,9,8,2,2,10,26,23,18,7,2,2,2,2,0,1,0,9,2,1,3,4,3,2,2,6,11,8,8,12,6,4,4,4,4,6,18,86,59,37,37,19,26,16,6,6,7,3,7,5,0,0,15,41,35,17,12,21,16,4,6,8,4,1,0,0,4,5,5,16,11,6,3,8,6,18,16,14,16,11,16,8,3,7,4,2,0,3,14,3,13,10,0,2,8,8,4,4,4,2,0,0,4,4,8,6,9,9,4,8,9,0,4,0,7,2,4,0,0,4,0,4,2,2,4,0,4,4,4,4,0,2,0,0,0,1,0,0,4,5,0,2,6,0,1,0,0,0,5,1,0,0,0,5,3,2,1,2,3,1,0,2,2,0,0,0,0,5,4,8,2,0,0,0,0,2,8,3,5,6,11,9,0,5,9,4,5,5,7,4,4,4,4,0,0,0,0,0,2,0,3,3,2,4,0,0,0,0,0,0,0,0,2,0,2,2,0,0,0,0,0,0,0,0,0,0,0,0,0,0,0,0,0,0,0,0,0,0,0,0,4,2,0,4,2,0,0,0,0,0,0,0,0,0,0,0,0,2,2,0,2,2,0,0,0,0,0,0,0,4,8,19,17,7,3,7,2,5,4,6,6,0,0,0,0,0,0,0,0,0,2,2,0
000058.bin,conv2,2,21x800x704,0,400,KittiDataset.__getitem__,True,kitti,15000,11827200,19188,0.001622362012987013,0.998377637987013,0,0,0,0,0,0,0,0,0,0,0,0,0,0,0,0,0,0,0,0,0,0,0,0,0,0,0,0,0,0,0,0,0,0,0,0,0,0,0,0,0,0,0,0,0,0,0,0,0,0,0,0,0,0,2,31,46,32,5,1,0,0,0,0,0,13,25,30,24,13,13,9,13,31,42,65,85,76,62,46,44,46,50,67,73,59,67,83,89,70,57,62,70,47,52,67,56,58,65,75,69,61,111,144,168,193,170,158,172,174,171,169,181,194,183,203,321,413,485,523,473,386,311,329,322,302,305,314,265,231,228,258,290,349,337,289,273,275,267,223,244,244,223,209,213,240,272,234,217,177,140,173,245,238,213,201,212,211,163,107,67,55,41,56,96,118,129,84,33,31,40,55,20,10,14,68,92,78,138,283,268,77,131,208,110,37,20,13,8,12,8,8,5,1,1,0,0,0,0,0,2,2,3,4,6,4,26,31,16,13,11,5,4,5,4,4,1,9,1,6,2,8,4,9,7,6,4,0,0,0,0,0,1,2,2,0,0,0,0,0,0,0,0,0,0,0,0,0,0,0,0,0,2,4,6,3,4,5,5,6,7,6,4,0,0,0,0,0,0,0,0,0,0,0,0,0,0,0,0,0,0,0,0,0,0,0,8,12,12,12,4,0,0,0,0,0,0,0,0,0,0,0,0,0,0,0,0,0,0,0,0,0,0,0,4,4,5,6,2,0,0,0,0,0,0,0,0,0,0,4,4,0,0,0,0,0,0,0,0,0,0,0,0,0,0,0,0,0,0,0,0,0,0,0,0,0,0,0,0,0,0,0,0,0,0,0,0,0,0,0,0,0,0,0,0,0,0,0,0,0,0,0,0,0,0,0,0,0,0,0,0,4,0,0,0,0,0,0,0,0,9,12,3,1,0,0,0,0,0,0,0,0,0,0,0,0,0,0,0,0,0,0,0,0,0,0,0,0,0,0,0,0,0,0,0,0,0,0,0,0,0,0,0,0,0,0,0,0,0,0,0,0,0,0,0,0,0,0,0,0,2,4,0,0,0,0,0,0,0,0,0,0,0,0,0,0,0,0,0,0,0,0,0,0,0,0,0,0,0,0,0,0,0,2,2,0,0,0,0,0,0,0,0,0,0,0,0,0,0,0,2,3,5,0,0,0,0,0,0,0,0,0,0,0,0,0,0,0,0,0,0,0,0,0,0,0,0,0,0,0,0,0,0,0,0,0,0,0,0,0,0,0,0,0,0,0,0,0,0,0,0,0,0,0,0,0,0,0,0,0,0,0,0,0,0,0,0,0,0,0,0,0,0,0,0,0,0,0,0,0,0,0,0,0,0,2,0,0,4,0,0,0,0,0,0,0,0,0,0,0,0,0,0,0,0,0,0,0,0,0,0,0,0,0,0,0,0,0,0,0,0,0,0,0,0,0,0,0,0,0,0,0,0,0,0,0,0,0,0,0,0,0,0,0,0,0,0,0,0,0,0,0,0,0,0,0,0,0,0,0,0,0,0,0,0,0,0,0,0,0,0,0,0,0,0,0,0,0,0,0,0,0,0,0,0,0,0,0,0,0,0,0,0,0
000059.bin,conv2,2,21x800x704,0,400,KittiDataset.__getitem__,True,kitti,15000,11827200,29027,0.002454257981601732,0.9975457420183983,0,0,0,0,0,0,0,0,0,0,0,0,0,0,0,0,0,0,0,0,0,0,0,0,0,0,0,0,0,0,0,0,0,0,0,0,0,0,0,0,0,0,0,0,0,0,0,0,0,0,0,0,0,0,0,0,0,0,0,0,0,6,51,115,125,143,146,141,136,97,146,134,105,123,154,137,143,138,112,150,120,93,118,130,100,122,113,86,87,91,108,129,79,86,100,137,120,77,95,120,88,75,83,101,99,46,53,62,98,123,83,55,53,59,63,65,69,132,130,72,58,70,142,130,71,112,103,72,83,85,68,106,127,103,91,78,85,147,179,108,118,102,98,118,114,75,71,59,63,87,90,127,97,65,72,70,65,49,35,32,42,56,61,41,49,41,24,22,24,33,37,60,76,65,64,79,63,19,28,33,37,40,43,39,53,61,61,64,52,65,99,90,39,52,50,49,56,50,63,54,38,37,40,40,53,62,57,77,100,121,114,45,63,71,63,88,56,40,44,44,50,46,65,76,82,58,95,118,133,116,106,103,139,184,180,121,98,90,99,86,65,56,50,50,61,62,87,72,45,39,34,55,57,72,57,56,58,68,111,94,78,79,63,66,62,43,48,46,60,61,90,76,36,50,53,60,94,88,73,67,54,58,43,39,65,73,90,86,79,47,37,36,33,54,43,21,25,10,11,20,24,30,31,27,25,28,20,17,9,7,11,18,29,13,32,54,55,48,68,69,71,93,85,33,34,36,36,28,21,30,32,24,23,26,29,38,37,27,22,31,31,38,44,34,20,19,16,11,14,17,19,11,21,18,22,39,31,39,36,19,53,50,19,19,26,16,21,34,45,48,47,53,63,81,109,139,118,117,88,109,92,74,75,63,40,43,44,42,61,66,87,65,49,47,48,45,27,35,20,32,26,19,45,43,77,74,33,48,64,75,47,73,101,96,117,165,160,183,147,137,152,148,116,80,46,38,40,58,53,42,57,69,30,32,49,53,32,41,34,42,42,27,22,13,23,34,36,16,21,31,24,22,18,15,18,16,14,15,9,8,14,16,11,16,25,21,27,25,17,24,32,28,12,24,28,21,24,21,23,16,20,39,23,35,48,29,23,30,26,13,31,31,39,21,22,34,32,12,18,22,22,19,10,7,5,11,12,4,2,8,9,5,9,11,15,11,15,37,20,10,3,1,19,60,89,34,13,13,14,18,24,12,9,14,2,0,7,16,12,11,12,7,7,19,22,17,16,33,31,21,26,18,30,24,19,22,39,37,19,25,16,20,19,22,12,6,2,3,15,22,14,10,6,2,8,1,5,11,9,4,10,16,24,14,4,8,6,5,2,6,21,17,8,7,6,1,8,4,3,4,5,7,9,6,10,10,13,28,18,16,10,2,5,4,11,1,10,6,13,6,8,11,10,19,16,13,17,18,18,6,0,2,0,4,6,6,1,7,16,14,4,4,5,4,2,4,2,2,1,0,1,3,4,2,5,1,0,0,0,4,4,1,0,0,1,2,6,2,3,6,2,2,1,0,0,0,0,4,4,0,0,2,2,4,0,4,6,5,2,2,6,14,11,9,15,6,0,9,14,7,10,12,14,3
000060.bin,conv2,2,21x800x704,0,400,KittiDataset.__getitem__,True,kitti,15000,11827200,30556,0.0025835362554112555,0.9974164637445887,0,0,0,0,0,0,0,0,0,0,0,0,0,0,0,0,0,0,0,0,0,0,0,0,0,0,0,0,0,0,0,0,0,0,0,0,0,0,0,0,0,0,0,0,2,0,0,0,0,0,0,0,0,4,6,2,0,2,7,7,16,17,25,30,41,50,60,59,66,75,77,79,85,96,96,91,107,151,130,126,168,137,126,151,129,107,144,106,95,108,116,142,151,114,108,130,156,110,97,151,135,108,106,108,127,139,106,93,110,101,117,145,105,101,109,100,100,112,111,141,181,158,106,114,115,154,158,102,132,179,151,95,106,128,127,139,164,140,100,112,127,122,143,126,89,105,134,130,175,125,80,73,87,108,144,184,88,84,82,79,89,119,125,177,140,94,109,105,82,87,87,85,121,104,105,83,119,122,127,113,121,104,116,94,100,105,110,86,79,98,123,154,184,139,156,125,109,110,92,102,64,56,66,106,85,69,86,82,84,95,119,104,126,131,133,154,133,143,115,132,109,93,76,73,65,63,61,79,72,79,77,84,69,50,66,74,80,82,100,84,42,53,58,57,67,69,74,61,58,60,49,75,106,87,74,74,55,46,55,58,26,24,33,29,32,39,35,15,21,24,31,33,32,54,56,80,95,72,74,63,71,66,54,49,50,47,35,45,42,51,46,47,38,46,51,44,38,57,51,74,72,54,65,65,55,30,23,32,38,30,32,28,25,71,68,38,19,22,32,35,41,46,44,46,50,79,66,75,73,68,75,87,89,98,104,113,114,111,81,53,55,59,62,30,34,33,39,43,39,38,46,45,72,35,23,33,44,41,55,36,30,59,60,48,27,32,50,69,45,41,64,64,79,52,68,41,47,34,38,33,29,29,37,52,41,20,33,30,27,29,31,18,11,14,11,27,28,24,10,27,19,33,50,44,41,52,51,35,22,28,40,47,24,19,29,29,22,26,35,46,37,10,10,4,8,8,22,22,13,24,53,56,42,35,37,40,39,40,48,36,28,16,8,10,6,2,5,3,2,1,6,4,4,4,10,11,12,11,14,4,0,1,1,0,2,2,0,1,2,0,2,6,3,7,25,20,17,10,11,10,7,8,11,22,20,8,14,16,16,25,17,22,4,17,36,20,9,16,21,28,33,27,24,32,16,16,20,17,10,12,14,15,11,17,22,24,8,10,10,2,3,4,14,11,16,15,4,12,4,10,37,32,4,7,6,9,9,3,1,2,2,7,11,7,16,4,8,4,8,6,4,6,6,12,8,2,7,9,11,14,27,39,20,10,18,20,9,2,10,10,6,2,0,10,14,1,6,5,6,10,6,4,3,1,8,10,14,20,16,11,12,21,8,4,1,1,2,10,4,3,3,2,2,2,1,7,9,12,4,10,3,0,5,10,10,1,6,2,5,10,4,3,2,8,10,6,0,2,2,2,0,1,1,0,12,12,10,8,7,1,3,4,2,1,0,0,0,0,5,5,0,4,0,3,5,13,6,7,1,0,0,0,0,1,2,1,1,1,0,8,0,4,2,2,1,0,0,0,0,0,0,0,0,4,6,0,0,6,0,0,0,2,2,0,0,0,2,2,2,2,0,0,4,16
000061.bin,conv2,2,21x800x704,0,400,KittiDataset.__getitem__,True,kitti,15000,11827200,25435,0.0021505512716450217,0.997849448728355,0,0,0,0,0,0,0,0,0,0,0,0,0,0,0,0,0,0,0,0,0,0,0,0,0,0,0,0,0,0,0,0,0,0,0,0,0,0,0,0,0,0,0,0,0,0,0,0,0,0,0,0,0,0,0,0,0,0,0,0,0,0,0,0,0,0,2,6,8,10,12,14,16,22,24,22,30,33,36,37,42,48,54,55,58,66,76,89,115,94,72,82,106,94,57,58,68,70,81,121,96,71,71,81,103,121,91,75,66,80,90,89,65,62,81,79,73,72,81,89,76,67,63,54,59,70,75,79,104,150,178,213,179,146,158,136,119,99,103,112,102,96,114,121,117,108,102,115,94,98,117,111,84,91,114,435,544,409,394,361,335,293,272,266,291,258,255,242,251,261,283,245,241,217,208,219,221,225,204,182,163,151,136,141,128,131,144,156,141,144,117,96,112,119,123,122,99,97,93,73,94,83,76,81,98,94,89,99,91,86,65,80,91,75,66,52,53,72,68,80,80,75,79,58,60,48,47,50,50,52,70,73,69,64,51,50,61,61,42,45,55,52,53,40,56,76,61,47,49,45,42,32,34,36,40,36,39,67,41,25,42,48,52,39,42,41,41,36,28,28,40,36,34,36,46,31,66,78,50,44,43,38,31,34,24,30,46,44,37,49,33,27,31,17,29,25,24,29,85,35,28,30,35,32,33,30,14,18,20,38,32,22,23,22,21,22,18,10,15,13,40,64,32,36,17,8,8,10,10,10,10,25,42,49,50,35,27,26,29,21,20,16,2,4,5,11,14,16,16,56,46,34,16,16,16,12,12,18,23,31,45,27,20,12,26,35,23,29,23,10,26,29,37,44,39,16,6,12,10,7,13,23,20,13,4,9,12,14,13,12,21,10,14,16,0,16,8,0,3,7,6,0,8,8,0,0,0,0,6,14,3,4,11,11,11,11,9,6,2,4,9,12,11,0,0,0,0,2,2,0,0,0,17,11,11,10,12,8,10,5,7,6,6,13,14,7,13,15,22,28,67,64,54,43,31,26,67,62,43,50,36,14,4,13,12,16,12,18,9,10,14,4,5,6,4,4,2,1,1,0,4,8,1,0,1,0,2,1,4,0,0,0,5,12,7,1,1,5,16,4,4,2,0,0,0,0,0,4,0,4,14,10,0,1,3,3,6,2,0,0,0,0,2,0,0,0,0,0,0,0,4,4,4,0,0,0,0,0,0,0,0,0,0,0,0,0,0,0,0,0,0,0,0,0,0,0,0,0,0,0,0,0,0,0,0,0,0,0,0,0,0,0,0,0,0,0,0,0,0,0,0,0,0,0,0,0,0,0,0,0,0,0,0,0,2,2,0,0,0,0,0,0,5,5,3,0,0,0,0,0,0,0,0,0,0,0,0,0,0,0,0,0,0,0,0,0,0,0,0,0,0,0,0,0,0,0,0,0,0,0,0,0,0,0,0,0,0,0,0,0,0,0,0,0,0,0,0,0,0,0,0,0,0,0,0,0,0,0,0,0,0,0,0,0,0,0,0,0,0,0,0,0,0,0,0,0,0,0,0,0,0,0,0,0,0,0,0,0,0,0,0,0,0,0
000062.bin,conv2,2,21x800x704,0,400,KittiDataset.__getitem__,True,kitti,15000,11827200,23172,0.0019592126623376623,0.9980407873376623,0,0,0,0,0,0,0,0,0,0,0,0,0,0,0,0,0,0,0,0,0,0,0,0,0,0,0,0,0,0,0,0,0,0,0,0,0,0,0,0,0,0,0,0,0,0,0,0,0,0,0,0,0,0,0,0,0,0,0,0,0,0,0,2,2,3,3,5,9,13,17,21,25,30,33,38,34,42,43,58,57,61,57,79,79,81,71,81,98,86,78,82,84,80,103,111,78,79,94,104,78,89,96,117,113,96,101,98,118,120,101,105,124,128,145,154,177,195,179,153,147,162,175,179,170,138,120,108,111,128,153,131,146,171,209,189,176,173,147,161,175,203,176,129,121,126,130,153,190,127,100,100,89,96,138,162,94,82,131,203,231,238,224,195,166,115,101,107,97,92,105,124,131,112,102,84,81,109,123,124,129,148,164,125,108,123,103,85,90,78,73,75,110,116,84,74,64,72,71,60,64,52,59,59,66,59,80,87,67,77,79,109,111,108,99,90,88,78,53,66,98,109,97,64,48,64,52,29,28,36,18,22,16,18,18,15,23,44,62,49,41,40,34,57,51,58,91,62,58,50,50,32,33,50,47,34,28,31,38,47,44,55,43,38,35,34,25,22,26,35,39,34,25,16,17,15,15,28,42,42,24,14,13,13,15,17,15,25,17,24,19,25,10,11,8,16,13,16,12,21,21,22,15,15,12,11,10,12,14,11,24,30,33,22,15,14,17,15,20,17,15,20,14,15,14,16,24,17,11,17,10,16,19,18,23,23,10,15,13,14,14,25,43,20,19,16,36,64,84,118,115,81,44,50,32,34,20,17,19,20,13,0,0,0,0,10,34,43,28,4,0,4,4,0,0,3,1,1,1,1,2,0,0,12,25,15,9,9,7,4,5,3,3,3,4,5,5,7,4,8,10,4,8,10,6,10,8,0,0,0,0,0,0,0,19,12,10,26,21,20,17,5,9,8,34,48,23,17,17,7,10,13,4,12,22,28,16,18,12,11,11,17,16,15,14,20,9,5,13,8,4,4,10,6,6,11,17,11,2,12,16,11,7,18,2,3,6,18,2,8,11,12,9,9,2,31,67,50,14,26,30,38,21,1,0,1,3,4,1,7,10,5,14,22,5,3,3,8,6,3,6,5,7,6,8,13,11,5,9,4,2,17,12,16,10,9,12,11,20,11,8,15,17,8,2,3,5,2,2,0,0,0,0,0,0,0,0,0,0,0,0,0,0,0,0,0,0,0,0,0,0,0,0,0,0,0,0,0,0,2,0,0,0,0,0,0,0,0,4,6,2,2,6,0,4,0,0,0,0,0,0,2,0,2,0,2,2,0,2,0,2,0,2,2,0,1,0,1,0,1,1,0,0,2,0,0,2,0,2,0,1,1,0,0,0,0,2,0,0,0,0,1,0,0,0,0,0,0,0,0,0,0,0,0,0,0,0,0,1,19,35,30,26,31,36,35,40,19,22,19,9,11,16,18,19,16,10,6,5,3,4,3,5,6,2,3,2,2,2,3,1,1,1,8,7,2,2,0,1,1,0,6,2,3,2,0,2,3,5,3,0,5,0,0,2,4,6,2,4,0,0,0,2,0
000063.bin,conv2,2,21x800x704,0,400,KittiDataset.__getitem__,True,kitti,15000,11827200,21535,0.001820802895021645,0.9981791971049784,0,0,0,0,0,0,0,0,0,0,0,0,0,0,0,0,0,0,0,0,0,0,0,0,0,0,0,0,0,0,0,0,0,0,0,0,0,0,0,0,0,5,10,14,17,19,21,21,20,22,23,22,27,35,54,95,131,149,141,99,68,71,68,66,72,90,99,106,107,109,110,109,115,98,84,92,93,72,83,92,66,90,105,108,83,85,70,59,81,105,107,109,114,119,112,93,95,85,89,83,73,55,77,91,79,78,61,56,83,93,102,103,104,80,85,76,68,55,51,45,67,84,63,61,55,51,62,88,61,43,59,93,62,48,49,44,39,61,94,64,54,45,51,48,79,84,53,63,111,168,169,192,212,179,156,149,136,120,110,116,94,92,100,104,125,124,107,135,161,160,110,109,111,87,102,102,102,100,88,106,106,92,92,80,74,85,81,96,89,99,121,124,83,79,85,61,52,61,65,49,59,80,67,73,73,91,73,62,55,61,55,59,59,54,51,35,48,58,55,71,57,54,54,54,43,56,46,41,43,35,23,26,33,36,53,48,39,62,68,53,41,32,30,29,37,34,47,45,36,40,33,11,26,33,62,73,50,49,76,82,56,54,38,30,21,22,12,16,19,10,11,19,24,18,25,29,20,20,26,32,31,46,53,34,26,16,18,20,14,15,9,17,14,37,43,59,78,62,46,68,46,45,26,37,37,44,37,34,34,35,23,26,18,16,13,6,12,14,15,12,18,11,10,13,16,10,16,33,67,61,42,43,59,50,44,39,26,21,23,16,20,24,25,20,4,14,12,3,8,9,6,6,12,16,49,47,27,39,43,34,32,32,25,10,5,8,9,12,10,5,15,34,17,15,23,24,17,10,4,3,10,15,13,10,10,8,8,9,14,17,3,1,3,8,6,5,6,6,3,4,6,4,5,10,0,13,2,2,3,13,22,14,11,11,9,0,13,12,1,2,4,4,8,3,6,24,22,14,15,15,25,28,31,42,17,13,14,14,10,7,14,14,19,9,3,0,2,2,6,5,2,5,8,5,10,16,13,16,8,6,6,6,15,20,35,18,19,24,28,20,15,21,14,15,19,21,16,25,23,29,28,10,13,9,14,12,21,17,10,9,11,10,3,3,4,5,2,6,3,1,0,4,2,4,0,2,8,8,6,4,0,2,10,4,0,0,0,0,0,0,0,0,0,0,0,0,0,0,0,0,0,0,0,0,0,0,0,0,0,0,0,0,4,2,11,8,9,17,12,8,5,6,14,2,18,30,6,0,4,0,0,0,0,0,2,2,4,6,8,4,4,2,2,0,0,0,0,0,0,0,0,0,0,0,4,4,0,0,0,0,0,0,0,0,0,0,0,0,0,0,0,0,0,0,0,0,0,1,0,0,0,0,0,0,0,0,0,14,20,12,2,0,0,0,0,0,0,0,0,0,0,0,0,0,0,0,0,0,0,0,0,0,0,0,2,6,1,1,1,1,0,0,1,1,0,0,0,0,0,1,4,10,6,9,10,11,8,2,0,1,9,9,4,3,7,4,8,6,12,9,3,3,6,4,1,0,0,0,0,6,10,10,6,0,0,0,4,4,0,0,0,4,0,4
000064.bin,conv2,2,21x800x704,0,400,KittiDataset.__getitem__,True,kitti,15000,11827200,25188,0.002129667207792208,0.9978703327922078,0,0,0,0,0,0,0,0,0,0,0,0,0,0,0,0,0,0,0,0,0,0,0,0,0,0,0,0,0,0,0,0,0,0,0,0,0,0,0,0,0,0,0,0,0,0,0,0,0,0,0,0,0,0,0,0,0,0,0,0,16,64,148,154,128,170,140,160,148,130,181,163,138,149,166,127,159,118,116,148,124,110,156,136,124,134,89,85,99,115,166,163,138,133,147,123,89,93,123,98,81,98,102,103,83,73,72,72,95,107,85,68,75,83,81,78,96,124,202,210,136,135,142,165,148,111,116,149,206,302,312,213,204,183,192,155,138,111,109,130,112,58,75,76,100,147,154,112,91,105,129,145,126,92,85,74,68,73,112,106,127,122,83,81,63,57,51,49,55,59,42,45,59,48,37,57,63,78,83,57,48,50,47,51,44,48,45,48,60,75,68,42,40,35,31,30,37,40,49,53,57,68,45,39,39,48,43,34,25,30,35,40,47,67,67,46,28,30,24,34,24,27,38,35,28,33,51,64,77,90,105,79,60,47,31,48,49,26,35,29,30,33,24,45,64,107,92,33,22,15,28,27,16,12,22,69,61,37,49,57,46,45,50,33,26,29,31,69,147,115,19,14,7,8,12,16,11,11,12,20,30,23,13,33,33,23,20,34,60,52,33,22,48,51,9,9,6,11,16,17,64,69,56,62,46,37,52,41,25,26,27,31,56,38,28,17,19,20,20,25,31,25,69,73,57,35,29,60,51,31,26,18,12,14,26,25,21,39,45,34,27,40,60,52,38,47,55,44,50,36,53,44,47,50,44,33,31,26,51,91,54,77,61,41,43,52,30,37,69,52,28,17,21,17,19,39,32,36,30,29,16,14,22,20,21,22,12,19,19,16,9,21,28,14,14,13,17,23,18,7,6,8,17,16,17,18,6,13,17,0,4,5,8,0,2,0,9,11,14,6,7,3,0,0,4,2,2,3,6,10,10,7,10,8,14,14,10,12,6,20,30,20,28,30,34,20,14,16,26,16,11,19,15,29,21,9,16,47,47,26,8,5,5,28,44,8,14,15,6,6,1,1,1,0,7,11,9,7,1,4,6,5,2,1,4,6,2,1,0,4,0,1,11,6,4,8,34,60,15,8,2,8,10,9,12,11,0,2,3,1,1,3,7,5,13,12,2,20,19,6,8,13,10,3,6,11,7,12,16,13,22,12,9,9,16,9,0,6,5,0,2,8,4,9,10,9,5,4,14,18,10,11,11,12,12,9,20,18,4,14,6,10,10,8,16,24,12,14,16,12,10,26,26,35,22,18,12,2,4,6,7,3,6,4,12,10,16,20,16,14,4,6,8,4,5,4,5,8,14,7,29,27,3,9,5,14,14,14,5,11,9,6,3,6,15,17,13,11,7,4,11,11,26,31,19,24,17,23,25,8,7,4,12,9,17,6,18,12,8,8,2,7,6,0,8,6,2,2,2,6,2,10,9,8,5,3,6,9,12,7,4,13,19,20,5,12,1,0,0,1,2,0,0,0,0,4,0,0,3,1,0,0,0,0,2,3,3,4,8,7,0,4,0,5,9,2,0,0,0,0,0,0,2,0
000065.bin,conv2,2,21x800x704,0,400,KittiDataset.__getitem__,True,kitti,15000,11827200,19593,0.0016566051136363636,0.9983433948863636,0,0,0,0,0,0,0,0,0,0,0,0,0,0,0,0,0,0,0,0,0,0,0,0,0,0,0,0,0,0,0,0,0,0,0,0,0,0,0,0,0,0,2,18,24,49,47,30,25,22,21,13,0,2,18,23,27,20,28,26,30,22,33,48,52,64,67,80,106,134,163,190,182,159,187,203,151,176,142,126,167,165,125,159,178,126,159,142,105,136,131,108,150,147,144,141,160,157,166,206,213,155,101,90,101,124,120,88,84,122,143,169,105,89,174,153,107,100,103,121,161,172,120,128,125,144,170,111,101,149,119,74,78,93,97,110,126,48,61,72,74,102,105,46,53,116,144,78,141,175,142,105,103,118,140,102,71,49,56,53,49,52,94,73,27,23,34,41,52,91,134,89,25,19,21,18,30,40,50,72,69,21,38,55,57,98,147,116,39,46,33,87,103,64,70,67,56,67,60,45,32,31,33,57,86,40,16,13,6,6,5,12,30,43,30,21,45,54,75,87,73,48,38,39,40,25,22,22,27,26,45,28,32,18,21,36,23,25,19,17,14,17,8,6,6,8,12,20,14,5,8,14,25,17,18,14,12,7,5,4,2,4,0,0,3,13,15,33,34,20,11,18,20,21,12,2,2,4,7,9,9,13,9,11,4,0,0,0,0,8,0,0,10,14,16,20,14,8,4,14,40,28,3,4,2,0,0,0,5,9,12,10,0,0,0,8,13,11,5,7,22,22,39,34,20,16,48,57,31,4,4,18,31,81,87,43,44,46,46,43,41,37,47,28,14,13,30,40,51,79,76,61,64,83,62,44,34,42,29,22,16,15,25,32,45,56,61,51,45,61,73,66,56,37,26,33,19,19,13,10,0,0,16,30,30,23,17,21,24,31,19,11,4,4,6,10,12,10,2,0,0,0,0,1,0,0,0,0,0,3,6,2,1,3,0,0,0,0,0,0,0,0,0,0,0,0,0,0,0,0,0,0,0,0,0,0,0,0,0,0,0,0,0,0,0,0,0,0,0,0,0,0,0,0,0,0,0,0,0,0,0,0,0,0,0,0,0,0,0,0,0,0,0,0,0,0,0,0,0,0,0,0,0,0,0,0,0,0,0,0,0,0,0,0,0,0,0,0,0,0,0,0,0,0,0,0,0,0,0,0,0,0,0,0,0,0,0,0,0,0,0,0,0,0,0,0,0,0,0,0,0,0,0,0,0,0,0,0,0,0,0,2,4,4,8,4,0,6,6,0,2,2,0,0,0,2,2,2,2,0,0,0,0,0,0,0,0,0,0,0,0,0,0,0,0,0,0,0,0,0,0,0,0,0,0,0,0,0,0,0,0,0,0,0,0,0,0,0,0,0,0,0,0,0,0,0,0,0,0,0,0,0,0,0,0,0,0,0,0,0,0,0,0,0,0,0,0,0,0,0,0,0,0,0,0,0,0,0,0,0,0,0,0,0,0,0,0,0,0,0,0,0,0,0,0,0,0,0,0,0,0,0,0,0,0,0,0,0,0,0,0,0,0,0,0,0,0,0,0,0,0,0,0,0,0,0,0,0,0,0,0,0,0,0,0,0,0,0,0,0,0,0,0,0
000066.bin,conv2,2,21x800x704,0,400,KittiDataset.__getitem__,True,kitti,15000,11827200,24874,0.002103118235930736,0.9978968817640692,0,0,0,0,0,0,0,0,0,0,0,0,0,0,0,0,0,0,0,0,0,0,0,0,0,0,0,0,0,0,0,0,0,0,0,0,0,15,22,25,27,34,29,32,31,32,32,29,24,20,20,18,14,11,11,20,27,24,20,16,14,25,37,41,26,25,26,22,26,37,44,53,57,62,49,57,69,66,67,66,113,96,97,159,142,108,152,123,84,80,106,139,129,90,81,108,111,99,96,100,93,82,70,76,90,77,70,81,74,71,60,61,65,66,63,50,73,101,115,97,80,91,90,105,126,110,83,80,93,96,112,79,62,70,64,113,47,41,41,38,36,40,57,87,125,71,39,39,36,51,89,137,152,161,125,116,135,150,157,134,142,63,42,55,51,56,86,74,45,38,37,52,68,87,92,57,76,105,135,169,226,230,228,227,221,225,243,302,244,258,272,247,203,213,173,181,205,242,247,208,172,150,109,105,96,106,91,79,60,51,40,35,37,39,32,27,25,31,39,52,45,63,85,93,105,109,120,131,162,151,115,183,225,208,202,169,130,115,100,81,63,57,49,49,55,44,56,60,65,52,53,46,38,32,27,29,27,22,17,28,37,36,31,30,34,38,48,70,82,58,72,94,93,80,52,47,35,52,37,33,40,36,37,32,16,16,28,49,46,76,92,49,34,34,34,44,32,45,42,40,37,27,27,23,37,60,96,81,54,19,41,35,35,47,51,33,25,20,35,44,26,27,16,21,32,28,36,28,32,16,22,34,46,33,23,15,10,21,30,39,65,52,16,13,16,9,4,4,2,2,2,1,2,5,5,4,4,4,4,5,4,9,6,6,7,6,10,14,14,14,25,22,52,43,16,17,12,2,6,2,9,0,6,6,8,10,8,4,6,4,13,7,23,37,46,35,42,31,21,32,12,4,14,14,8,14,24,14,9,4,8,13,6,8,5,7,7,4,0,0,0,0,2,1,4,4,3,1,15,41,30,12,5,5,9,8,7,6,6,5,5,6,6,5,3,1,2,6,8,8,3,1,0,3,2,1,5,3,3,4,7,3,2,0,2,5,2,2,5,3,5,5,3,2,1,2,1,3,4,4,4,2,2,4,6,9,13,0,0,12,25,21,35,22,29,32,16,35,32,16,13,18,9,8,6,4,2,0,1,5,1,0,2,3,3,2,1,3,4,4,0,2,0,8,0,2,2,2,0,1,0,0,1,0,0,5,2,1,3,2,2,1,5,2,2,2,1,2,2,1,3,3,2,2,4,4,1,0,0,2,0,0,0,0,0,0,0,0,0,0,0,0,0,0,0,0,4,4,0,2,4,8,8,6,0,6,8,4,0,2,0,0,0,0,0,0,0,2,2,0,0,0,4,6,0,0,0,2,2,2,4,6,4,0,4,0,0,2,0,2,0,3,4,4,4,4,0,0,11,13,8,2,3,2,0,0,0,0,0,0,0,0,0,0,0,0,0,0,0,0,0,0,0,0,0,0,0,0,0,0,0,0,0,0,0,0,0,0,0,0,0,0,0,0,0,0,0,0,0,0,0,0,0,0,0,0,0,0,0,0,0,0,0,0,0,0,0,0,0,0,0,0,0,0
000067.bin,conv2,2,21x800x704,0,400,KittiDataset.__getitem__,True,kitti,15000,11827200,24109,0.0020384368235930738,0.9979615631764069,0,0,0,0,0,0,0,0,0,0,0,0,0,0,0,0,0,0,0,0,0,0,0,0,0,0,0,0,0,0,0,0,0,0,0,0,0,0,0,0,0,0,0,0,0,0,0,0,0,0,0,16,33,38,35,38,42,41,36,48,60,63,108,105,107,140,121,128,120,127,150,148,121,157,151,138,146,136,165,139,124,139,137,114,146,101,100,114,117,136,161,129,144,190,220,168,156,174,134,121,121,124,127,99,105,114,127,131,158,181,221,200,189,164,161,184,180,156,124,122,143,160,118,105,124,124,135,113,114,132,100,97,69,77,97,108,89,71,52,45,68,59,60,56,54,58,69,74,49,46,77,148,177,172,184,158,80,67,70,64,76,78,93,101,73,55,60,69,81,79,66,75,58,65,59,63,58,67,80,81,83,79,66,63,56,61,58,48,50,52,57,67,88,81,65,69,69,54,42,47,51,57,61,53,51,56,64,47,38,46,45,42,43,32,36,30,43,45,55,74,65,41,38,50,76,94,70,53,51,49,42,40,40,47,44,42,43,48,49,52,64,45,37,30,32,34,46,41,45,36,53,63,64,66,82,65,56,41,46,46,53,38,35,41,55,62,44,55,43,37,40,46,63,53,41,48,53,45,50,46,39,32,32,35,39,40,39,22,21,27,31,24,27,38,34,32,36,46,40,27,26,35,32,28,27,25,29,18,36,45,52,43,31,20,19,14,20,18,11,22,23,26,39,32,15,18,25,20,12,13,24,21,18,25,21,32,39,25,15,26,26,27,19,16,17,14,9,15,13,17,11,12,10,10,12,8,6,11,13,14,17,28,31,23,33,40,39,28,20,16,18,17,18,20,21,20,20,39,29,23,33,27,48,26,12,8,2,13,22,17,11,8,12,24,25,6,10,13,4,12,11,8,13,17,10,10,20,10,5,6,9,14,20,33,24,12,9,12,13,10,13,11,10,5,12,15,10,10,11,52,44,12,11,9,17,10,11,16,9,4,7,2,8,11,12,5,10,4,11,9,16,12,2,6,2,8,6,8,34,17,18,20,24,12,14,4,4,6,21,27,14,26,38,33,19,11,17,6,7,4,34,44,8,0,6,5,2,6,10,2,0,6,1,24,27,26,14,8,4,10,4,4,2,5,3,5,2,10,5,4,5,6,7,8,8,2,6,6,0,10,10,3,1,6,1,5,3,0,2,4,6,13,13,6,2,12,8,10,9,5,6,8,4,5,0,0,2,2,0,2,0,3,9,3,4,12,8,8,8,0,0,2,2,0,0,6,4,2,2,5,1,1,3,3,6,8,2,38,22,4,4,2,0,0,1,2,4,10,6,4,4,1,2,1,5,4,3,2,4,0,0,0,0,1,7,13,12,8,8,16,16,8,8,12,7,11,9,4,13,12,14,15,2,0,2,0,0,5,7,2,2,2,1,1,0,0,8,4,5,2,0,0,0,1,1,0,0,0,2,2,0,0,0,0,1,3,2,0,0,0,2,0,1,0,0,1,3,3,0,0,0,2,6,4,2,3,10,14,2,0,2,0,2,2,3,3,0,2,0,0,2,0,4,2,2,7,6,8,7,2,0,4,0,2
000068.bin,conv2,2,21x800x704,0,400,KittiDataset.__getitem__,True,kitti,15000,11827200,22680,0.0019176136363636364,0.9980823863636363,0,0,0,0,0,0,0,0,0,0,0,0,0,0,0,0,0,0,0,0,0,0,0,0,0,0,0,0,0,0,0,0,0,0,0,0,0,0,0,0,0,0,0,0,0,0,0,0,0,0,0,0,0,22,51,57,53,47,42,33,26,27,22,50,76,93,90,102,108,130,128,116,157,141,103,128,131,149,153,155,110,84,95,110,101,98,90,67,71,96,78,56,59,70,41,50,43,79,106,117,128,77,53,54,66,94,61,61,132,182,140,112,118,131,177,229,206,141,94,97,147,186,215,222,211,178,135,100,112,136,132,118,146,168,198,184,141,127,149,168,169,186,192,136,85,95,124,123,100,76,86,115,145,142,106,88,117,131,143,152,129,109,96,113,121,98,91,87,71,57,61,69,76,52,49,42,43,54,86,68,38,73,64,53,39,46,98,123,117,95,68,50,44,75,107,93,84,76,80,86,56,33,33,36,29,29,40,76,70,101,98,72,56,54,53,35,33,18,20,40,42,40,43,41,50,52,29,35,34,43,39,30,47,38,25,14,17,26,26,24,33,51,69,42,51,45,51,54,47,64,61,22,11,3,67,114,75,54,57,45,19,14,23,19,20,24,19,7,11,19,6,9,10,13,12,8,20,52,92,97,50,40,39,32,29,31,43,36,35,38,47,60,85,82,42,26,40,19,24,27,38,55,51,36,25,23,21,36,40,26,22,19,18,19,4,0,13,25,12,4,4,13,12,8,23,56,84,57,27,9,19,16,9,4,10,8,0,13,8,0,0,4,4,1,22,34,14,2,2,14,21,4,2,2,6,8,0,6,14,6,0,4,24,22,10,10,14,20,33,23,14,20,40,45,14,11,22,37,43,47,23,13,14,11,7,8,1,2,4,13,17,2,4,16,46,58,42,72,96,24,14,4,4,5,2,4,8,16,10,0,5,6,7,6,6,1,5,4,0,0,0,0,0,0,0,4,4,0,6,16,16,7,3,4,8,4,8,10,21,22,6,8,2,4,9,11,4,3,13,9,15,17,9,9,39,12,36,22,10,9,7,3,14,6,7,9,16,5,4,0,0,0,0,0,0,0,0,0,0,0,0,0,0,6,10,14,9,6,0,0,0,0,0,0,0,3,2,0,0,0,0,0,0,4,4,2,0,0,0,8,0,4,6,28,97,163,47,6,8,8,2,2,1,1,4,0,4,4,0,0,2,0,0,0,0,0,0,0,0,4,10,11,13,45,68,99,36,9,4,14,10,2,2,4,4,0,0,0,4,6,0,4,0,0,0,0,0,0,0,0,0,4,9,5,0,0,0,8,8,6,10,4,2,1,9,5,0,0,0,0,0,2,0,0,0,0,0,0,0,0,0,0,0,0,1,4,8,7,3,0,0,0,0,0,0,0,0,0,0,0,0,0,0,2,5,8,10,2,0,0,0,0,0,0,0,0,0,0,1,0,4,4,2,0,0,2,2,4,0,2,0,0,0,0,0,0,0,0,0,0,4,7,7,1,0,0,0,4,4,0,0,3,8,0,0,0,4,8,6,0,0,0,2,2,0,0,2,5,1,2,2,0,0,0,0,0,2,0,0,0,0,0,0,0
000069.bin,conv2,2,21x800x704,0,400,KittiDataset.__getitem__,True,kitti,15000,11827200,29723,0.002513105384199134,0.9974868946158009,0,0,0,0,0,0,0,0,0,0,0,0,0,0,0,0,0,0,0,0,0,0,0,0,0,0,0,0,0,0,0,0,0,0,0,0,0,0,0,0,0,0,0,0,0,0,0,0,0,4,5,7,14,24,26,30,33,30,38,40,40,40,41,34,41,47,63,72,75,82,78,108,98,77,106,134,125,103,145,147,171,158,97,118,151,154,141,155,85,88,93,117,126,161,96,111,136,181,154,110,151,182,98,98,114,142,176,133,90,92,113,141,182,132,109,91,90,88,114,118,103,142,183,108,109,112,138,200,156,108,130,191,129,114,134,123,92,154,193,92,107,129,135,159,191,84,94,93,110,147,207,153,89,93,122,117,177,170,54,115,205,207,169,117,132,183,120,56,61,62,71,73,79,134,173,127,85,88,79,66,60,53,68,88,120,125,87,84,75,94,86,90,85,87,89,90,101,135,119,73,74,84,72,57,69,44,68,80,108,179,161,75,51,59,57,60,52,45,38,44,36,37,64,81,95,80,37,32,28,22,25,28,46,57,43,66,57,41,36,37,42,70,81,105,65,56,34,19,31,16,35,32,27,30,24,25,43,50,57,42,29,24,37,28,33,24,27,16,27,34,20,27,35,33,23,30,58,91,72,101,104,95,119,131,160,88,66,57,93,126,54,32,20,23,14,12,25,11,15,25,32,33,25,17,17,34,28,42,39,47,34,37,42,42,34,27,25,24,21,38,21,18,19,25,19,33,35,27,25,36,58,52,83,86,41,62,50,56,42,27,43,29,38,24,30,38,47,46,25,18,27,33,24,21,18,12,25,58,91,66,32,31,36,29,32,40,63,66,45,44,23,45,49,31,46,69,69,54,41,34,22,20,37,39,35,33,47,49,63,56,43,32,24,28,25,23,16,8,6,18,26,22,13,10,9,7,2,12,22,19,19,27,12,10,11,2,4,9,15,5,4,11,16,29,33,32,19,13,12,10,13,31,51,63,36,24,10,11,16,32,37,19,14,19,17,16,21,13,16,12,36,61,34,12,19,22,16,14,18,5,6,17,14,14,6,18,22,53,71,77,78,62,49,51,41,34,38,51,33,37,35,27,53,47,70,80,65,30,23,27,30,19,13,21,18,28,23,32,15,28,54,37,38,45,19,26,18,7,13,33,43,53,43,18,16,20,11,6,16,5,1,4,15,21,9,56,42,23,17,28,21,13,13,2,0,9,13,9,1,3,1,4,6,0,17,23,28,36,43,69,55,21,10,4,16,16,23,18,4,8,6,4,2,6,7,7,4,7,6,7,6,0,12,13,8,8,5,7,6,8,18,11,5,4,9,15,12,10,4,4,8,14,12,14,4,3,5,0,9,6,2,5,4,0,0,6,3,2,1,1,6,4,0,6,4,2,2,2,0,28,34,9,16,13,1,1,2,0,0,2,4,1,0,0,0,1,1,0,0,0,0,0,0,0,0,0,4,0,0,2,2,0,0,0,0,6,14,13,4,10,12,6,1,1,0,2,2,0,1,1,0,0,2,0,0,0,0,0,0,0,0,0,0,0,0,0,1,0,0,0,0,0,0,4,4,0,2,2,4,4,0,2,2,0
000070.bin,conv2,2,21x800x704,0,400,KittiDataset.__getitem__,True,kitti,15000,11827200,19142,0.0016184726731601731,0.9983815273268398,0,0,0,0,0,0,0,0,0,0,0,0,0,0,0,0,0,0,0,0,0,0,0,0,0,0,0,0,0,0,0,0,0,0,0,0,0,0,0,0,0,0,0,0,0,0,0,0,0,0,0,0,0,0,0,30,47,33,5,2,2,0,0,0,2,14,26,24,14,29,39,43,55,54,39,30,36,44,37,37,51,59,64,85,76,55,63,80,105,96,54,66,83,69,43,59,62,60,66,62,75,79,125,148,161,182,163,169,171,160,162,183,172,219,209,205,326,416,508,494,497,384,288,311,311,296,321,334,264,236,246,242,275,346,333,255,283,277,273,266,226,233,228,226,234,236,267,242,228,173,144,171,228,246,246,198,241,224,157,104,55,43,45,63,101,106,108,84,48,24,36,36,12,11,11,57,88,67,114,261,244,62,113,196,103,53,19,11,6,10,10,2,0,1,0,0,0,2,0,0,0,0,4,1,4,3,29,36,16,15,11,4,4,8,2,5,2,2,2,4,0,8,0,3,4,8,4,0,0,2,2,0,0,2,0,0,0,0,0,0,0,0,0,0,0,0,0,0,0,0,0,0,2,1,3,4,3,5,8,6,4,6,5,5,4,0,0,2,2,2,0,0,0,0,0,0,0,0,0,0,0,0,0,0,0,0,2,2,0,0,0,0,0,0,0,0,0,0,0,0,0,0,0,0,0,0,0,0,0,0,0,0,0,0,0,0,4,4,0,0,0,0,0,0,0,0,0,0,0,2,0,0,0,0,0,0,0,0,0,0,0,0,0,0,0,0,0,0,0,0,0,0,0,0,0,0,0,0,2,0,0,0,0,0,0,0,0,0,0,0,0,0,0,0,0,0,0,0,0,0,0,0,0,0,0,0,0,0,0,0,0,0,0,0,0,0,0,0,0,0,7,9,6,0,0,0,0,0,0,0,0,0,0,0,0,0,0,0,0,0,0,0,0,0,0,0,0,0,0,0,0,0,0,0,0,0,0,0,0,0,0,0,0,0,0,0,0,0,0,0,0,0,0,0,0,0,0,0,4,6,0,2,0,0,0,0,0,0,0,0,0,0,0,0,0,0,0,0,0,0,0,0,0,0,0,0,0,0,0,0,0,0,4,4,0,0,0,0,0,0,0,0,0,0,0,0,0,0,0,0,3,1,4,2,0,0,0,0,0,0,0,0,0,0,0,0,0,0,0,0,0,0,0,0,0,0,0,0,0,0,0,0,0,0,0,0,0,0,0,0,0,0,0,0,0,0,0,0,0,0,0,0,0,0,0,0,0,0,0,0,0,0,0,0,0,0,0,0,0,0,0,0,0,0,0,0,0,0,0,0,0,0,0,0,0,5,3,0,0,0,0,0,0,0,0,0,0,0,0,0,0,0,0,0,0,0,0,0,0,0,0,0,0,0,0,0,0,0,0,0,0,0,0,0,0,0,0,0,0,0,0,0,0,0,0,0,0,0,0,0,0,0,0,0,0,0,0,0,0,0,0,0,0,0,0,0,0,0,0,0,0,0,0,0,0,0,0,0,0,0,0,0,0,0,0,0,0,0,0,0,0,0,0,0,0,0,0,0,0,0,0,0,0,0
000071.bin,conv2,2,21x800x704,0,400,KittiDataset.__getitem__,True,kitti,15000,11827200,30341,0.0025653578192640692,0.997434642180736,0,0,0,0,0,0,0,0,0,0,0,0,0,0,0,0,0,0,0,0,0,0,0,0,0,0,0,0,0,0,0,0,0,0,0,0,0,0,0,0,0,0,0,0,0,0,0,0,0,0,0,0,0,0,7,24,35,32,22,15,16,16,16,21,28,42,53,57,67,71,78,85,91,101,128,125,123,137,109,129,143,112,130,143,127,133,131,89,82,96,102,150,126,104,108,166,139,106,120,139,94,104,113,104,141,105,84,97,109,119,144,110,78,72,78,103,109,128,145,157,140,90,113,145,159,173,155,133,153,125,73,77,107,127,139,151,130,98,124,174,172,226,183,152,140,139,163,170,133,91,97,107,133,172,130,73,61,58,61,55,97,142,123,76,68,54,72,80,83,95,111,84,64,65,60,64,73,83,113,149,144,105,143,178,144,121,126,112,101,105,99,127,124,92,82,98,93,87,77,88,90,80,109,109,104,87,69,89,77,73,54,61,63,64,60,72,85,93,63,65,76,71,64,64,65,77,79,78,75,74,105,96,83,103,88,76,78,72,86,87,70,56,71,86,91,80,124,123,97,87,78,60,53,82,89,78,75,73,67,57,53,42,79,89,87,96,82,90,103,101,122,124,62,46,49,50,73,84,81,46,59,74,64,63,54,57,55,80,76,81,97,84,114,113,69,60,53,56,48,53,52,45,41,43,59,48,54,54,52,74,58,46,58,44,52,52,47,55,77,78,99,69,115,76,48,47,48,53,49,56,52,24,41,55,56,57,41,42,50,51,57,78,76,52,64,51,45,56,36,38,55,38,38,45,47,68,74,82,50,40,46,52,34,19,22,32,30,24,22,27,22,27,25,26,16,15,18,9,19,21,23,40,25,13,27,21,29,32,24,13,7,25,14,18,43,44,42,19,19,17,7,3,6,11,2,10,11,17,18,28,25,13,27,29,30,29,15,16,11,9,4,3,14,14,15,18,18,18,8,21,28,24,25,26,6,13,23,21,31,17,23,18,17,29,16,13,14,16,20,19,22,48,110,89,18,14,17,9,16,12,16,14,21,16,12,12,11,7,4,11,22,22,20,24,10,12,0,27,26,12,6,10,12,10,10,6,6,7,11,8,12,13,17,24,9,8,8,11,15,8,6,18,27,22,6,11,9,10,16,22,24,14,23,20,28,21,6,6,4,12,13,8,16,17,3,8,7,4,6,8,6,6,1,12,8,3,1,6,6,5,3,5,4,1,9,6,4,3,5,1,0,3,2,2,10,10,2,1,0,8,12,14,10,3,4,3,4,16,31,21,16,10,8,8,0,6,10,14,8,5,2,8,15,13,9,2,8,1,0,8,11,2,3,9,5,5,3,2,5,3,10,26,7,1,0,6,6,12,9,4,6,6,6,11,28,12,7,10,1,5,9,4,4,10,10,7,0,2,2,4,2,3,7,7,2,2,2,2,8,4,0,2,1,0,0,2,3,4,5,0,3,3,0,8,8,0,1,1,0,1,1,1,1,0,1,2,3,5,1,0,0,0,0,1,3,3,0,0,2,0,2,1,4,3,1,2,2,0,2,0,4,3,1,1,4,0,2,1,2,0,1,1,4,0
000072.bin,conv2,2,21x800x704,0,400,KittiDataset.__getitem__,True,kitti,15000,11827200,27978,0.0023655641233766233,0.9976344358766234,0,0,0,0,0,0,0,0,0,0,0,0,0,0,0,0,0,0,0,0,0,0,0,0,0,0,0,0,0,0,0,0,0,0,0,0,0,0,0,0,0,0,0,0,0,0,0,0,2,5,9,15,15,16,13,16,18,11,8,15,34,35,55,105,122,124,153,146,156,135,131,157,129,111,159,181,151,178,151,133,180,158,132,156,142,152,193,140,115,130,140,150,155,130,124,136,168,144,129,175,121,86,105,136,178,136,85,110,149,196,211,186,142,156,170,173,152,157,185,248,260,198,184,196,216,251,205,183,242,222,173,161,164,175,178,236,202,135,137,165,138,173,134,121,117,126,124,146,139,62,80,66,90,134,112,86,77,72,62,56,75,83,126,72,48,60,43,57,56,64,71,101,62,59,65,46,53,65,84,90,75,76,80,84,88,103,76,90,78,81,71,78,81,87,67,62,75,59,39,47,53,48,67,67,88,75,63,66,77,106,95,43,71,84,44,48,60,60,59,61,50,29,41,44,32,31,39,43,31,31,33,31,43,43,33,54,43,38,41,51,35,52,54,36,36,54,79,68,51,60,70,51,43,52,38,46,33,32,38,38,31,30,17,24,19,25,33,37,14,26,39,61,69,73,58,73,61,47,46,53,29,55,48,22,17,39,48,23,29,10,23,19,27,22,29,46,63,56,54,89,78,33,26,24,14,36,36,58,59,34,32,17,32,31,21,38,32,24,18,43,22,66,68,43,30,20,26,48,74,72,52,68,37,6,23,37,34,22,18,7,9,13,41,41,44,29,19,11,24,13,34,23,12,14,24,21,7,20,14,14,19,19,23,9,17,34,32,61,48,45,55,62,29,22,21,12,15,21,17,25,16,22,5,15,21,19,28,20,24,25,23,23,25,26,32,25,37,33,16,15,24,14,12,20,15,14,10,5,16,25,5,16,34,43,33,32,38,24,11,19,7,15,17,19,15,6,17,21,11,7,9,14,11,15,14,17,28,31,16,16,21,10,8,22,24,30,8,16,21,14,20,15,18,6,9,15,22,23,12,7,12,9,7,2,14,26,24,11,2,4,5,4,5,5,2,14,15,5,16,22,36,39,10,21,17,11,14,14,14,8,14,2,13,14,12,23,19,25,18,11,11,33,12,27,29,17,7,14,21,22,10,4,5,6,9,12,12,10,8,3,6,1,11,7,6,4,6,4,5,6,4,1,0,3,6,8,6,5,4,5,9,8,12,1,2,10,7,11,6,5,9,2,3,7,12,13,3,7,6,9,4,6,11,16,6,5,15,10,6,14,8,8,12,9,22,15,28,24,24,15,21,10,13,0,2,6,4,8,6,2,4,2,2,6,4,4,4,2,2,2,4,0,4,0,0,4,2,5,3,4,0,0,2,2,2,0,2,4,2,4,8,0,2,8,2,4,4,1,1,7,5,1,0,3,0,1,4,6,0,0,1,5,5,3,6,4,0,2,3,3,6,4,2,5,2,0,0,5,8,7,5,5,14,17,28,30,8,6,1,2,4,0,2,0,2,2,0,0,0,10,7,1,2,2,2,2,0,0,0,2,3,0,4,0,0,0,1,3,4,2,0,1,1,0
000073.bin,conv2,2,21x800x704,0,400,KittiDataset.__getitem__,True,kitti,15000,11827200,21684,0.001833400974025974,0.998166599025974,0,0,0,0,0,0,0,0,0,0,0,0,0,0,0,0,0,0,0,0,0,0,0,0,0,0,0,0,0,0,0,0,0,0,0,0,0,0,0,0,0,0,0,0,0,0,0,0,0,0,0,0,0,16,50,67,54,46,32,33,45,82,137,201,201,166,218,198,195,170,129,148,125,96,134,148,111,147,108,101,156,176,176,210,165,128,135,120,131,110,70,100,114,96,74,131,150,108,91,116,131,69,57,62,96,114,97,94,94,105,140,119,77,85,115,106,85,87,95,101,144,176,173,135,89,119,123,94,91,125,94,70,239,246,121,161,186,126,78,78,91,120,111,83,67,72,74,104,132,127,102,76,90,109,127,95,90,89,77,66,79,88,98,83,70,68,69,56,54,82,95,81,96,77,58,51,60,45,62,77,76,70,55,58,39,21,33,38,50,62,57,45,38,43,40,43,40,33,36,37,32,35,32,25,28,37,69,128,112,80,58,43,47,33,32,29,22,21,23,26,40,35,46,49,57,124,131,100,51,50,63,78,61,35,40,33,38,45,31,33,46,29,31,81,123,89,84,57,37,39,28,29,16,12,22,21,19,4,2,8,32,27,20,24,28,24,16,26,32,32,38,29,46,60,40,28,15,12,13,24,16,11,14,10,10,13,23,29,22,41,65,57,44,58,56,26,33,45,56,49,57,38,7,2,2,2,13,16,13,12,14,6,9,6,5,13,16,28,7,28,38,36,34,16,2,4,14,25,12,28,32,17,12,28,25,3,17,47,31,11,8,15,16,6,3,5,10,21,14,5,4,2,9,11,7,7,6,10,9,27,46,40,32,22,22,14,5,4,10,16,10,21,26,16,22,20,6,8,26,29,12,16,6,4,6,10,7,37,40,12,12,14,10,13,17,3,3,6,10,5,12,13,6,12,20,23,28,29,35,25,15,15,9,5,2,0,0,12,31,11,8,0,10,42,28,4,0,3,4,0,0,0,0,0,0,0,0,0,0,0,0,0,0,0,0,6,12,11,26,26,28,27,30,9,0,4,0,0,0,0,0,0,0,0,0,0,0,0,0,0,0,0,1,0,0,0,0,0,0,0,0,0,0,0,0,0,0,1,0,0,0,0,2,1,0,0,0,0,0,0,0,0,0,0,0,0,0,0,0,0,2,8,2,2,4,4,0,0,0,40,70,41,43,41,14,4,6,4,0,0,0,4,4,15,17,0,0,0,0,13,17,9,4,4,2,10,11,22,33,19,7,2,4,2,2,0,0,0,4,2,0,0,0,0,4,0,0,0,0,0,2,2,0,0,0,0,0,1,0,0,0,0,0,0,0,0,0,0,0,0,0,0,0,6,24,14,8,18,18,34,10,2,8,6,4,6,2,4,0,4,25,27,16,2,16,28,10,2,2,0,0,0,0,0,0,0,0,0,0,0,8,0,0,0,2,0,0,0,0,0,2,2,0,2,2,0,0,0,0,1,3,2,0,2,2,1,1,0,1,1,2,0,0,2,4,2,0,0,4,0,0,2,0,3,6,0,0,0,0,0,0,1,0,0,0,2,4,6,2,0,0,0,0,0,2,5,3,7,3,0,0,0,0,0
000074.bin,conv2,2,21x800x704,0,400,KittiDataset.__getitem__,True,kitti,15000,11827200,21555,0.0018224939123376623,0.9981775060876623,0,0,0,0,0,0,0,0,0,0,0,0,0,0,0,0,0,0,4,4,4,6,6,10,10,12,14,12,11,8,6,8,11,19,21,17,15,14,10,9,20,21,45,53,47,37,27,30,39,41,34,27,19,12,10,14,13,21,30,51,88,136,130,116,175,172,170,109,105,78,66,94,91,82,68,87,80,98,109,128,138,113,128,163,128,97,124,133,104,105,111,101,127,113,86,96,153,139,124,113,74,79,75,107,105,98,108,96,92,92,93,101,99,88,101,117,85,73,102,111,82,81,93,111,89,70,106,111,63,55,51,74,66,29,37,52,90,69,29,39,41,55,50,82,91,45,57,50,57,97,54,29,30,41,39,51,63,105,45,30,37,39,46,46,63,98,73,37,24,37,52,46,71,78,75,81,55,40,11,9,5,29,22,67,75,23,16,7,12,6,11,12,22,109,99,24,12,15,15,22,18,9,11,16,26,188,432,722,683,443,323,180,96,66,99,129,130,119,104,127,144,103,84,74,67,65,63,61,71,50,48,64,69,85,123,82,78,57,36,37,63,62,56,46,49,45,37,46,34,35,38,37,34,66,122,80,79,72,58,48,48,47,55,49,43,43,46,54,61,51,35,24,14,17,28,50,56,44,41,54,53,38,30,27,7,11,21,20,15,22,18,15,14,26,18,15,44,44,46,39,48,75,93,56,55,61,56,52,52,47,28,26,24,10,10,10,16,10,5,13,41,45,31,11,0,8,22,28,22,16,8,22,24,15,17,10,10,22,12,10,20,36,16,8,12,8,0,0,0,0,0,0,0,0,0,4,6,8,6,4,8,6,10,14,8,16,12,6,8,7,15,12,12,17,16,11,1,6,10,16,14,6,0,0,0,5,4,2,12,19,14,11,11,25,33,35,46,60,74,52,30,45,32,25,39,29,29,21,18,9,12,15,8,2,6,4,2,7,3,0,0,0,0,0,0,0,0,0,0,0,0,0,0,0,0,0,0,0,0,0,0,0,0,0,0,0,0,0,0,0,0,4,6,2,0,0,0,0,0,0,0,0,0,0,0,0,0,0,0,0,0,0,0,0,0,0,0,0,0,0,0,0,0,0,0,0,0,0,0,0,0,0,0,0,0,0,0,0,0,0,0,0,0,0,0,0,0,4,4,0,4,4,0,0,0,0,0,0,0,0,0,0,0,0,0,0,0,0,0,4,6,0,0,0,0,0,0,0,0,0,0,0,0,0,0,0,0,0,0,0,0,0,0,0,0,0,0,0,0,0,0,0,0,0,0,0,0,0,0,0,0,0,0,0,0,0,0,0,0,0,0,0,0,0,0,0,0,0,0,0,0,0,0,0,0,0,0,0,0,0,0,0,0,0,0,0,0,0,0,0,0,0,0,0,0,0,0,0,0,0,0,0,0,0,0,0,0,0,0,0,0,0,0,0,0,0,0,0,0,0,0,0,0,0,0,0,0,0,0,0,0,0,0,0,0,0,0,0,0,0,0,0,0,0,0,0,0,0,0,0,0,0,0,0,0,0,0,0,0,0,0,0,0,0,0,0,0,0,0,0,0,0,0,0,0,0,0,0,0,0,0,0,0,0
000075.bin,conv2,2,21x800x704,0,400,KittiDataset.__getitem__,True,kitti,15000,11827200,24179,0.002044355384199134,0.9979556446158009,0,0,0,0,0,0,0,0,0,0,0,0,0,0,0,0,0,0,0,0,0,0,0,0,0,0,0,0,0,1,2,2,2,1,3,11,11,11,7,3,0,0,0,3,3,19,31,35,30,31,39,39,37,38,33,30,35,54,72,82,68,73,77,82,86,91,89,84,97,105,89,83,106,96,95,115,99,92,96,115,169,171,111,189,189,112,201,190,94,99,110,133,191,105,90,141,180,118,133,213,175,127,151,186,204,196,148,156,159,151,232,185,145,122,113,113,116,110,105,161,167,99,91,98,155,153,119,87,108,130,107,95,82,70,84,122,144,111,78,64,81,112,102,112,121,92,108,126,134,154,161,153,136,120,135,103,100,97,106,105,87,89,88,122,153,148,149,111,122,115,107,105,96,91,41,27,37,26,45,67,72,80,63,48,48,41,37,35,28,26,32,32,40,42,54,107,123,200,255,277,241,206,179,175,108,104,69,76,69,60,53,38,32,27,34,40,43,31,39,43,36,31,17,17,22,24,30,44,57,62,73,62,74,85,79,70,50,67,59,50,26,32,34,19,11,21,18,18,25,37,53,63,53,43,36,27,21,16,10,16,12,28,28,21,30,17,9,12,27,44,47,69,82,80,63,52,77,65,35,28,20,19,18,28,19,26,9,16,21,12,8,17,11,9,18,11,28,33,18,26,13,10,6,15,14,12,7,12,12,19,28,18,9,18,14,12,18,22,17,17,25,16,0,6,8,25,34,21,22,21,14,8,6,14,18,14,13,8,8,5,1,1,0,4,0,0,2,2,0,0,3,1,4,2,1,1,2,6,9,12,0,7,9,14,14,11,6,3,8,15,19,29,27,13,11,9,28,29,16,9,4,10,17,26,8,6,3,4,5,10,6,4,6,3,1,1,1,0,1,1,2,1,2,4,6,6,6,2,0,2,7,7,6,6,2,2,2,2,0,9,4,4,5,4,3,1,6,2,2,0,2,4,1,2,0,2,1,0,2,2,0,2,0,1,2,0,2,2,2,2,2,1,1,1,0,5,0,4,2,0,4,4,0,0,5,4,0,5,1,0,0,2,2,0,0,0,0,0,6,9,6,2,0,6,4,2,4,6,2,2,4,3,1,6,8,7,11,32,45,89,128,108,73,26,45,34,37,22,19,21,15,14,17,18,26,27,40,31,32,28,30,21,17,14,22,24,17,16,19,25,33,29,28,28,32,25,16,15,16,9,9,14,12,10,11,13,11,13,5,3,8,6,11,3,13,11,5,4,3,3,2,2,0,0,0,0,0,0,0,0,0,0,0,0,4,4,0,0,0,0,0,0,0,4,4,4,2,6,16,17,10,10,6,14,8,4,6,11,10,25,22,25,18,24,15,10,2,3,9,5,2,5,2,6,4,0,4,8,1,0,2,2,2,2,2,1,2,4,5,2,2,0,0,0,0,0,0,2,0,6,6,4,6,6,3,5,1,0,1,3,2,0,0,2,0,0,0,0,0,1,0,0,4,4,0,0,2,3,0,0,0,2,2,0,0,0,0,0,0,0,0,0,0,0,0,0,0,0,0,0,0,0,0,0,0,0,0,0,0,0,0,0,0,0
000076.bin,conv2,2,21x800x704,0,400,KittiDataset.__getitem__,True,kitti,15000,11827200,20192,0.0017072510822510822,0.9982927489177489,0,0,0,0,0,0,0,0,0,0,0,0,0,0,0,0,0,0,0,0,0,0,0,0,0,0,0,0,0,0,0,0,0,0,0,0,0,0,0,0,0,0,0,0,0,0,1,5,10,28,33,36,18,8,9,8,8,10,14,16,24,50,71,105,118,109,135,133,166,193,203,203,168,172,225,212,185,214,154,139,193,184,148,170,110,141,130,82,83,81,93,141,150,148,247,284,200,144,210,159,88,83,88,111,55,65,68,68,122,153,105,99,83,77,80,115,120,126,110,90,109,135,128,99,96,127,111,60,54,59,52,67,67,63,64,81,112,115,93,80,67,79,90,83,105,150,184,197,169,123,159,140,122,114,118,119,87,127,176,148,124,117,133,65,27,38,60,62,38,45,49,64,28,5,14,16,3,16,23,57,81,70,53,55,31,9,10,17,28,40,47,72,124,140,153,98,86,90,85,83,64,62,63,53,53,47,53,69,44,29,60,68,30,27,21,23,40,63,77,64,45,43,32,37,27,15,28,48,72,52,33,25,25,28,31,19,21,27,16,13,10,10,19,24,23,25,23,49,57,41,24,30,30,22,43,36,40,25,39,91,70,35,31,31,36,44,32,25,23,10,6,3,5,15,7,24,33,51,75,72,93,87,55,47,45,19,7,16,27,38,67,63,44,19,22,35,16,24,36,10,21,32,24,38,57,64,64,33,35,33,28,20,8,4,4,0,0,13,20,4,8,6,6,6,8,6,29,66,53,64,44,19,10,6,4,2,12,17,19,13,18,10,4,4,4,4,0,0,0,4,0,0,8,6,0,3,5,3,4,11,7,9,3,7,14,8,27,29,32,6,2,6,0,0,6,0,0,0,4,10,12,2,6,6,16,10,12,11,4,2,0,0,0,0,0,0,8,9,5,2,2,0,4,4,0,0,0,0,0,0,2,2,0,0,0,0,0,7,10,0,0,0,4,0,0,0,0,0,0,0,0,0,0,0,0,0,0,0,0,0,0,0,0,0,0,0,0,0,0,0,1,5,4,0,0,0,0,0,0,0,0,4,0,0,0,0,0,0,6,4,3,2,1,1,2,6,0,0,0,0,0,0,0,0,0,0,0,0,0,0,0,0,0,0,0,0,0,0,0,0,0,0,0,0,0,0,0,0,0,0,4,3,2,0,0,0,0,0,0,0,2,6,12,12,15,7,0,0,0,0,0,0,0,0,0,0,0,0,0,0,0,0,0,0,0,0,0,0,0,0,0,0,0,0,0,0,0,0,0,0,0,0,0,0,0,4,15,19,17,7,0,21,22,6,0,0,0,0,0,0,0,0,0,0,0,0,0,0,0,0,0,0,0,0,0,0,0,0,0,4,1,0,0,0,0,0,0,0,0,6,6,0,0,0,0,0,0,0,0,0,0,0,0,0,0,0,0,0,1,1,0,0,0,0,0,5,8,6,0,0,1,3,1,0,0,0,0,0,0,0,0,0,0,0,0,0,0,0,0,2,0,0,0,0,0,0,0,0,0,0,0,0,0,0,0,0,0,0,0,0,0,0,8,6,1,4,4,0,0,2,4,1,6,6,4,8,0,0,0,0,0,4,0,0
000077.bin,conv2,2,21x800x704,0,400,KittiDataset.__getitem__,True,kitti,15000,11827200,23850,0.0020165381493506495,0.9979834618506493,0,0,0,0,0,0,0,0,0,0,0,0,0,0,0,0,0,0,0,0,0,0,0,0,0,0,0,0,0,0,0,0,0,0,0,0,0,0,0,0,0,0,0,0,0,0,0,0,0,0,0,0,4,6,10,9,13,13,13,13,16,18,18,29,41,52,64,66,71,79,79,98,109,117,120,131,119,102,99,104,111,102,132,155,142,121,117,124,149,127,109,120,138,166,133,127,138,151,139,124,107,124,153,117,104,117,125,148,171,139,129,130,121,116,93,108,113,122,130,130,133,124,163,183,153,157,146,161,163,155,136,127,102,109,111,90,96,95,89,99,164,302,446,418,214,141,106,127,91,88,90,87,97,113,106,90,93,95,88,82,70,68,80,92,76,70,65,63,60,66,52,67,97,87,76,102,96,87,65,70,58,53,47,49,79,71,66,84,66,68,54,38,34,22,22,26,37,44,33,46,49,53,56,52,60,39,40,46,43,38,39,43,48,58,60,67,50,31,31,32,43,36,44,47,41,41,50,39,50,35,76,100,38,37,27,25,31,23,27,27,24,46,53,45,29,17,24,24,13,10,19,32,38,53,34,42,31,21,41,21,20,21,15,12,16,14,14,10,26,76,111,128,95,182,232,191,199,209,180,122,71,63,84,83,93,73,73,64,53,80,91,92,35,28,49,74,78,63,44,48,34,39,24,38,34,31,30,26,23,19,11,20,19,4,8,19,30,35,52,51,32,31,34,48,31,30,30,22,21,10,14,22,22,14,23,16,20,5,2,10,28,34,29,31,29,40,38,36,33,24,19,19,21,10,14,9,7,8,9,14,17,21,18,22,14,12,20,22,13,10,4,8,10,3,3,4,0,6,18,28,48,62,56,40,20,12,25,22,13,15,12,14,9,8,6,3,3,9,8,13,6,2,3,7,9,6,8,6,4,2,0,4,11,9,9,13,12,20,41,34,16,12,13,12,11,12,10,6,4,7,8,4,5,6,5,4,6,11,17,14,3,0,0,0,0,6,8,4,0,0,0,0,0,0,0,0,0,0,0,2,2,4,0,4,4,1,3,1,6,2,8,12,7,6,14,11,6,5,6,6,3,3,4,0,3,3,0,0,3,3,0,0,0,0,0,0,0,0,0,0,0,0,0,0,0,0,0,0,0,0,0,0,1,0,0,0,0,0,6,4,5,3,1,1,0,0,3,0,3,8,4,1,0,2,2,0,0,0,4,0,2,0,12,16,26,25,24,20,16,10,12,8,4,0,6,2,2,0,0,2,4,4,0,2,6,8,2,4,4,0,4,13,4,0,0,0,0,0,0,0,0,4,22,16,0,0,12,16,4,4,2,4,0,0,0,0,0,4,2,0,0,0,0,0,8,18,26,18,4,0,0,0,2,0,0,6,16,8,4,6,8,6,0,0,0,0,0,4,4,1,3,6,7,1,0,0,2,2,0,18,14,8,0,0,0,4,2,0,0,0,0,0,0,0,0,1,1,0,0,0,2,4,0,0,3,5,0,1,0,0,0,3,2,2,0,4,4,1,1,0,0,1,11,28,20,11,5,6,6,7,0,13,10,0,0,1,1,2,4,0,0,2,1,0
000078.bin,conv2,2,21x800x704,0,400,KittiDataset.__getitem__,True,kitti,15000,11827200,20668,0.0017474972943722943,0.9982525027056277,0,0,0,0,0,0,0,0,0,0,0,0,0,0,0,0,0,0,0,0,0,0,0,0,0,0,0,0,0,0,0,0,0,0,0,0,0,0,0,0,9,14,17,15,19,21,20,19,28,32,30,36,41,69,93,97,61,58,54,56,40,52,66,77,111,99,132,122,123,129,99,120,106,107,118,133,102,110,102,102,100,89,82,88,81,69,72,58,53,84,93,110,113,127,129,141,143,144,110,111,129,179,413,527,485,441,372,369,310,249,205,151,98,49,47,51,94,106,79,60,48,80,64,53,61,103,72,59,54,46,53,81,66,57,44,37,59,105,109,77,65,70,91,80,54,55,71,84,91,65,58,79,113,126,131,145,128,101,101,76,72,75,103,100,53,53,36,28,31,24,31,52,77,27,26,30,29,19,13,6,10,25,82,89,59,38,32,27,20,19,6,49,59,31,16,27,19,20,20,25,22,10,5,61,50,31,28,26,20,12,19,16,20,17,16,4,26,43,21,26,25,20,17,14,9,9,21,37,47,28,16,8,3,10,16,18,16,18,22,22,16,18,12,12,9,16,20,16,21,19,16,10,11,9,12,7,7,5,2,5,10,14,30,42,35,19,14,23,33,20,12,12,9,9,14,10,7,11,16,21,16,52,71,71,101,107,74,86,92,78,79,80,68,56,79,81,58,48,51,55,47,33,34,25,10,21,25,38,28,23,24,20,6,12,17,28,22,22,26,32,26,32,30,18,16,20,16,10,22,46,65,74,81,81,92,115,90,74,50,22,22,21,23,32,14,11,9,15,28,26,32,36,43,33,27,25,22,18,12,6,4,2,6,12,7,17,18,12,7,15,34,52,52,48,19,15,19,18,19,26,27,31,37,42,25,24,10,15,23,12,15,28,17,22,15,12,21,14,4,9,6,12,8,7,14,8,8,16,20,8,10,6,6,8,6,12,8,5,6,17,36,32,22,7,5,9,6,3,3,2,2,5,3,3,1,4,6,4,0,0,0,7,10,30,17,5,6,4,0,2,2,2,3,2,4,3,4,5,14,21,7,2,1,0,2,2,0,2,0,0,0,0,3,14,22,25,10,4,6,2,1,4,4,4,0,6,6,8,2,6,8,6,0,13,10,7,9,14,24,34,22,20,13,3,12,6,2,0,0,0,0,0,1,3,3,5,7,9,10,8,7,0,1,0,0,0,0,0,0,0,6,26,10,2,4,2,2,0,6,0,0,0,0,2,2,4,4,0,4,0,0,4,6,8,8,2,2,6,2,4,0,6,6,12,18,6,2,6,8,6,4,4,2,2,4,4,0,0,2,0,0,0,0,0,0,0,0,8,8,4,4,4,0,0,0,4,4,3,2,4,0,0,4,0,0,0,0,0,0,0,0,4,0,0,0,0,0,0,0,0,0,1,1,0,0,0,0,0,1,0,0,0,0,0,0,0,0,0,0,0,0,0,0,0,0,0,0,0,0,0,2,2,0,0,0,2,2,0,0,0,0,0,0,0,0,0,0,0,0,0,0,0,0,0,0,0,0,0,0,1,1,0,0,0,0,0,0,0,0,0,0,0,0,0,0,0,0,0,0,0,0,0,0,0
000079.bin,conv2,2,21x800x704,0,400,KittiDataset.__getitem__,True,kitti,15000,11827200,23717,0.002005292884199134,0.9979947071158008,0,0,0,0,0,0,0,0,0,0,0,0,0,0,0,0,0,0,0,0,0,0,0,0,0,0,0,0,0,0,0,0,0,0,0,0,0,0,0,0,0,0,0,0,0,0,0,0,0,0,0,18,31,38,36,38,40,40,36,48,60,64,104,111,105,138,122,128,121,127,151,147,122,157,147,135,150,157,176,157,149,167,157,132,172,133,124,132,126,171,192,153,176,206,223,166,171,190,146,138,134,134,124,80,86,113,123,138,139,140,157,122,136,119,110,117,128,123,97,79,90,100,75,59,61,69,71,64,68,67,65,57,53,67,72,71,68,66,57,46,48,49,60,53,64,64,65,63,51,48,40,51,68,74,52,49,40,46,49,107,153,133,151,126,95,75,68,68,66,71,75,85,81,67,68,55,84,69,61,78,88,81,74,84,69,56,66,52,48,44,65,77,92,109,75,66,60,47,49,54,58,68,75,58,68,88,82,58,47,56,54,43,57,47,40,32,39,43,52,75,66,61,66,77,72,91,67,44,29,47,39,35,41,51,47,47,54,51,48,65,75,46,40,38,33,35,56,52,40,28,32,46,39,46,50,40,48,52,49,44,71,74,64,58,66,74,60,59,67,50,36,45,53,37,44,55,56,57,64,50,50,56,39,35,27,26,27,29,30,27,38,31,39,44,40,38,37,42,38,30,20,36,35,30,37,38,31,24,25,28,43,24,40,41,30,26,23,31,23,40,16,21,45,28,19,20,23,16,11,11,24,23,20,27,17,36,42,28,16,18,33,34,28,18,14,15,7,13,10,21,23,27,31,23,30,23,19,12,12,16,22,28,31,16,19,11,13,22,24,14,23,24,18,17,18,20,26,35,28,25,34,24,45,32,11,6,2,15,14,18,6,11,10,25,24,4,7,13,6,14,5,10,12,12,2,6,11,12,6,2,8,15,19,35,25,12,10,10,10,11,14,11,10,8,13,16,14,9,13,60,41,13,12,12,13,5,14,18,14,9,8,5,9,12,12,13,16,4,30,27,43,29,10,10,6,6,6,10,11,5,9,16,22,25,36,14,17,12,24,26,16,28,34,20,18,20,22,10,8,13,38,57,38,24,10,16,16,7,11,4,2,6,1,22,31,26,14,12,4,12,4,7,6,6,3,3,2,7,3,6,1,16,8,8,4,0,4,6,6,10,4,3,4,4,0,5,3,0,2,4,12,12,12,7,2,12,8,6,8,6,6,8,4,2,4,0,2,2,0,2,0,5,9,6,0,13,5,4,8,0,0,2,2,0,0,4,4,0,0,6,3,1,1,3,6,4,4,38,24,6,4,0,0,0,0,0,5,3,3,4,2,0,1,1,5,0,3,0,2,0,0,0,0,1,8,16,10,12,13,18,19,11,7,4,4,1,3,4,7,9,12,9,5,3,11,11,0,11,7,4,2,2,0,1,0,4,8,4,4,2,0,0,0,1,1,0,0,0,2,2,0,0,0,0,1,2,0,0,0,0,4,1,1,0,0,1,4,2,0,0,0,2,4,4,1,2,10,14,2,0,2,0,2,2,2,3,0,2,0,0,2,0,4,2,2,7,7,8,7,2,0,4,0,2
000080.bin,conv2,2,21x800x704,0,400,KittiDataset.__getitem__,True,kitti,15000,11827200,33387,0.0028228997564935065,0.9971771002435065,0,0,0,0,0,0,0,0,0,0,0,0,0,0,0,0,0,0,0,0,0,0,0,0,0,0,0,0,0,0,0,0,0,0,0,0,0,0,0,0,0,0,0,0,0,0,0,0,0,0,0,2,0,0,0,4,5,5,3,4,16,23,22,30,55,70,84,89,100,101,108,111,127,128,162,160,186,161,141,177,152,134,163,152,130,157,124,106,112,122,155,164,134,139,130,150,92,122,169,146,114,91,103,141,114,73,89,105,125,152,126,107,107,100,80,100,134,163,213,187,126,121,163,178,168,88,100,146,115,95,98,105,125,152,184,144,130,111,139,160,161,118,120,128,98,141,148,113,86,79,80,107,135,87,115,119,117,122,106,128,156,148,123,133,148,124,106,99,133,121,83,63,77,97,107,114,125,122,123,84,101,99,80,83,84,78,89,116,100,126,113,94,90,66,83,81,90,100,93,105,100,83,74,61,53,73,84,93,90,106,77,87,86,72,87,89,62,62,74,51,62,66,58,58,91,145,130,137,125,126,146,123,74,64,93,74,98,105,101,88,100,124,102,110,120,126,87,70,115,107,76,51,54,57,55,61,58,59,57,66,75,72,50,99,89,73,69,79,83,83,105,54,56,35,43,88,88,51,51,60,44,65,80,86,103,88,79,72,131,193,200,118,187,186,98,69,60,87,110,106,92,85,94,84,79,77,66,46,33,22,30,36,35,53,72,88,74,54,60,59,47,48,57,85,73,61,79,52,54,32,60,45,73,62,37,44,30,37,43,45,37,37,42,50,92,83,54,53,48,40,49,26,30,26,23,45,36,24,23,26,35,54,71,54,35,24,22,31,17,14,16,37,46,22,37,34,37,28,19,22,34,43,43,39,43,32,47,49,31,34,19,22,35,25,25,31,30,21,32,35,25,14,27,25,35,33,27,21,46,75,41,27,18,30,22,21,27,16,27,42,42,40,30,36,45,36,28,31,32,19,7,9,16,18,13,26,13,11,12,17,32,50,33,24,29,42,22,9,12,12,7,3,2,6,3,4,3,8,10,13,6,13,12,4,4,6,8,20,11,17,7,10,13,17,20,21,31,26,21,5,9,12,25,19,17,20,15,15,24,17,21,24,18,21,17,17,36,41,27,15,20,13,16,8,17,9,9,4,17,15,7,5,7,15,2,5,23,20,14,22,12,10,12,4,3,1,6,10,14,10,14,12,8,7,9,12,28,39,19,25,18,14,3,2,7,12,26,21,25,30,48,30,31,28,24,14,19,15,6,10,7,8,8,5,7,26,16,12,15,23,28,18,7,13,14,14,14,8,11,34,33,27,31,18,31,12,15,11,4,9,7,4,4,0,4,5,6,1,2,3,8,19,13,7,10,4,0,6,3,2,2,2,5,3,0,2,3,3,3,1,0,0,1,1,0,0,0,0,0,0,4,8,1,2,2,3,2,3,0,5,6,1,3,2,0,0,1,8,6,2,3,0,4,8,3,4,4,0,0,1,1,2,3,1,1,2,1,1,1,0,0,0,13,9,2,3,2,4,4,5,5,0,4,2,2,10,10,6,6,8,4,0,0,1,1,0,6,3,1,4,2,2,0,0
000081.bin,conv2,2,21x800x704,0,400,KittiDataset.__getitem__,True,kitti,15000,11827200,25681,0.0021713507846320345,0.997828649215368,0,0,0,0,0,0,0,0,0,0,0,0,0,0,0,0,0,0,0,0,0,0,0,0,0,0,0,0,0,0,0,0,0,0,0,0,0,0,0,0,0,0,0,0,0,0,0,0,0,0,0,0,0,0,0,0,0,0,2,16,32,44,44,66,92,124,155,109,148,138,135,151,125,122,157,164,135,163,134,117,143,139,118,155,142,109,135,97,84,88,94,102,135,119,97,108,135,102,93,128,121,90,107,117,134,139,96,96,106,120,154,152,96,95,103,114,120,90,104,108,146,111,90,117,130,162,142,92,108,164,155,79,68,72,90,113,139,83,73,71,92,106,151,117,118,105,100,121,169,148,115,123,140,154,148,178,144,153,139,134,128,118,129,155,136,104,97,96,147,231,226,173,178,151,108,67,83,80,90,99,97,100,117,112,77,85,78,68,81,89,81,98,114,121,148,161,115,73,69,48,38,49,50,54,54,46,61,57,51,36,48,35,36,34,41,37,34,45,40,45,66,62,55,32,27,33,50,47,32,43,50,51,44,45,65,61,58,62,66,70,57,44,47,49,47,37,69,67,33,40,54,57,50,75,52,33,22,21,25,34,38,34,26,35,28,22,30,19,31,37,41,47,57,45,40,33,35,44,56,43,47,50,37,35,40,31,30,29,25,16,22,23,39,43,31,16,23,25,25,27,33,29,53,71,34,40,40,34,30,48,49,33,34,26,29,16,16,31,34,28,35,58,40,26,31,35,30,30,20,27,26,36,48,50,60,90,52,14,14,9,12,7,11,19,15,22,20,21,20,7,7,2,4,11,8,6,5,8,6,15,13,20,15,12,38,45,36,33,46,44,33,27,28,45,44,63,69,44,51,37,9,15,19,20,30,20,25,39,32,14,22,24,10,8,12,24,19,15,6,7,11,7,14,14,18,11,8,8,11,15,16,26,18,9,19,14,16,13,8,13,16,10,9,30,32,12,70,67,45,12,0,3,11,6,9,12,10,9,7,12,4,4,6,4,0,4,4,4,0,0,4,0,1,1,2,26,28,18,20,27,20,6,17,19,32,38,28,42,54,42,35,40,38,29,24,26,19,6,8,15,10,2,4,15,27,25,15,8,3,13,8,3,9,4,8,18,34,33,26,8,4,0,6,9,15,16,8,16,24,33,18,2,6,8,15,16,4,2,0,0,0,0,0,0,0,0,0,1,1,2,0,0,0,0,0,2,1,1,0,4,4,0,0,0,0,0,0,2,0,0,2,2,0,0,0,2,4,4,4,9,5,0,4,19,9,0,0,4,0,0,0,4,4,4,4,6,1,10,6,3,3,1,1,0,5,7,4,2,2,0,2,5,3,0,0,0,3,4,9,0,0,4,0,0,6,2,0,2,2,6,15,8,0,0,0,2,6,0,0,2,0,0,4,6,2,0,0,0,4,4,2,0,4,0,2,6,0,2,5,6,3,0,4,0,4,2,2,2,2,0,2,5,4,0,0,0,1,1,0,0,1,1,1,0,0,4,7,3,0,0,0,4,4,4,4,0,0,4,4,0,0,1,1,0,4,10,8,0,0,0,0,4,0,0,0,0,0,6,5,70,72,14,7,2
000082.bin,conv2,2,21x800x704,0,400,KittiDataset.__getitem__,True,kitti,15000,11827200,29499,0.00249416599025974,0.9975058340097402,0,0,0,0,0,0,0,0,0,0,0,0,0,0,0,0,0,0,0,0,0,0,0,0,0,0,0,0,0,0,0,0,0,0,0,0,0,0,0,0,0,0,0,0,0,0,0,0,0,0,0,0,0,0,0,0,0,0,0,0,0,0,0,0,2,13,18,27,48,52,63,64,68,76,70,72,87,112,104,119,158,144,124,106,81,92,102,124,126,115,120,114,114,89,88,104,73,61,60,88,83,65,77,76,98,103,93,88,90,93,95,102,92,128,127,87,91,103,124,115,104,127,108,91,104,101,106,135,137,99,86,89,113,136,135,148,177,196,205,175,125,105,121,167,212,169,104,88,79,84,114,175,146,112,143,121,112,120,161,184,120,121,144,121,130,143,158,206,137,72,80,88,86,81,113,130,139,250,171,91,91,88,109,118,90,112,223,275,139,103,98,95,100,75,55,73,79,113,136,181,230,226,204,184,211,186,141,122,97,78,81,78,67,65,64,57,59,30,38,50,45,44,48,37,29,39,29,45,81,78,32,25,47,127,119,105,96,64,71,57,55,47,64,64,71,83,96,98,116,115,200,232,158,130,98,108,95,63,61,44,45,43,49,30,39,50,31,26,59,87,80,62,74,75,66,56,29,27,30,26,29,24,24,21,15,22,23,18,41,93,60,50,51,33,37,32,34,42,74,91,62,40,52,22,16,23,25,42,45,44,45,68,78,82,57,59,65,46,52,75,101,87,86,74,86,55,34,37,24,27,28,45,45,24,47,69,56,35,58,53,30,29,29,44,33,17,23,34,30,23,44,57,27,19,19,31,30,43,28,17,23,5,8,11,11,10,14,11,12,5,7,17,15,14,8,3,13,14,15,19,4,6,17,14,27,26,24,28,30,39,62,104,82,30,18,25,23,33,33,33,27,28,7,12,13,12,14,28,15,10,21,14,20,18,26,23,6,12,12,22,18,9,11,11,3,10,13,14,12,6,14,15,6,20,22,12,25,17,17,22,28,35,20,26,6,14,22,12,13,12,8,1,6,10,9,5,8,14,14,10,8,22,14,2,8,12,11,13,26,29,27,24,19,26,51,55,55,20,24,32,27,23,16,15,10,17,13,37,22,23,18,10,22,22,25,26,27,12,14,8,6,20,13,11,22,22,30,26,25,17,20,20,28,28,24,18,23,26,24,20,14,24,9,19,16,10,10,18,28,16,14,7,22,22,20,26,15,15,14,8,18,28,24,10,14,12,3,0,0,4,6,6,6,6,8,10,8,18,18,14,7,12,15,20,14,6,8,16,16,12,15,12,10,10,6,14,24,14,2,0,4,4,15,12,7,6,15,6,2,7,12,8,14,10,4,0,4,6,2,0,6,0,6,10,8,2,6,10,1,0,4,0,0,8,12,9,1,0,0,0,0,0,4,6,16,15,12,9,2,0,7,7,4,5,5,7,9,6,4,0,4,3,1,0,2,0,0,2,0,0,4,8,2,2,2,0,6,12,7,5,8,8,6,6,5,6,10,2,3,3,0,1,2,8,4,4,2,5,2,6,4,0,3,4,1,8,2,5,0,1,1,2,2,0,2,5,3,4,2,0,0,1,0,1
000083.bin,conv2,2,21x800x704,0,400,KittiDataset.__getitem__,True,kitti,15000,11827200,27874,0.0023567708333333335,0.9976432291666667,0,0,0,0,0,0,0,0,0,0,0,0,0,0,0,0,0,0,0,0,0,0,0,0,0,0,0,0,0,0,0,5,8,12,8,8,11,6,4,8,9,9,6,2,1,5,4,4,6,9,8,11,7,18,20,24,27,27,42,44,42,55,102,118,92,124,122,118,68,101,124,86,93,124,116,107,135,82,132,115,76,92,124,77,138,137,70,66,86,134,126,87,95,108,153,140,142,197,158,149,144,139,194,191,163,160,146,133,163,195,201,186,176,183,176,167,170,193,171,179,161,188,176,144,140,161,141,114,103,117,126,131,137,110,97,108,129,165,122,105,112,111,123,118,104,88,82,91,104,107,95,74,64,64,94,109,106,100,65,68,83,90,78,96,96,97,67,58,51,59,82,77,113,126,119,115,124,122,136,106,108,78,71,78,86,71,33,28,29,36,23,21,25,58,75,78,45,27,31,30,43,55,41,42,36,38,49,69,82,48,18,20,17,10,27,22,51,77,59,60,94,151,127,125,109,72,60,49,51,49,55,50,63,52,96,109,117,99,47,53,50,65,70,64,52,54,48,84,76,67,68,81,150,174,110,83,106,76,48,41,28,33,32,42,41,35,54,54,85,93,97,74,59,64,92,86,102,106,69,46,62,53,37,46,43,46,49,77,66,45,59,72,77,61,70,83,59,50,33,45,53,73,101,138,87,62,51,38,43,39,39,22,20,4,13,12,13,15,16,15,24,33,38,42,39,21,19,20,13,12,10,30,36,29,19,26,45,45,55,44,45,42,26,19,11,5,3,9,6,20,26,21,20,24,21,23,19,16,28,16,23,20,20,27,22,17,20,29,24,18,30,67,41,44,60,36,33,34,26,5,2,12,21,18,32,37,25,23,13,1,13,18,20,25,19,16,20,20,29,38,38,46,64,48,25,16,9,2,3,5,16,6,8,9,5,4,3,4,3,4,4,4,16,33,22,9,18,13,15,14,7,5,10,8,7,18,24,35,16,11,18,21,20,14,4,8,5,2,3,3,1,7,2,12,14,2,9,16,2,2,11,7,10,16,10,14,18,6,10,11,17,22,15,0,6,4,1,1,0,2,0,4,2,6,4,10,14,8,6,14,16,32,25,11,3,0,6,3,6,4,9,8,10,6,2,10,4,4,0,6,8,12,10,0,0,2,5,5,6,14,10,2,4,4,0,2,0,4,4,1,7,8,12,22,34,18,12,20,22,24,33,33,33,20,34,32,39,32,32,24,34,13,20,25,10,15,23,16,16,20,22,16,44,57,42,39,16,6,10,12,10,4,4,4,4,8,8,12,6,2,2,0,2,0,0,0,2,0,2,12,16,22,20,22,19,29,10,3,4,14,12,2,2,2,2,2,0,2,8,2,12,10,6,0,2,0,4,8,10,4,5,0,3,0,0,2,8,6,5,3,6,12,10,1,10,8,2,2,0,1,1,1,2,4,1,3,1,3,5,8,20,6,0,4,2,2,1,3,4,5,7,10,9,6,2,6,6,5,5,3,1,7,9,1,2,0,3,0,1,0,1,0,5,2,0,2,2,2,3,6,4,2,3,2,2,0,7,6,3,3,0,2,4,3
000084.bin,conv2,2,21x800x704,0,400,KittiDataset.__getitem__,True,kitti,15000,11827200,21842,0.0018467600108225109,0.9981532399891775,0,0,0,0,0,0,0,0,0,0,0,0,0,0,0,0,0,0,0,0,0,0,0,0,0,0,0,0,10,11,5,0,0,0,6,6,0,0,0,0,0,0,0,0,0,0,0,2,8,17,26,25,36,35,39,38,42,40,39,37,34,42,59,69,69,68,69,79,67,75,88,113,136,146,134,142,137,126,116,127,153,123,154,166,140,117,121,118,114,109,110,109,84,75,90,113,105,102,98,116,126,160,165,185,153,183,200,166,168,147,112,105,106,150,164,141,118,119,137,136,111,81,66,74,71,81,111,128,110,120,120,121,123,147,135,86,93,90,109,98,71,48,49,51,76,113,76,65,59,38,40,65,131,97,36,26,55,40,33,86,89,83,72,54,44,36,67,76,46,50,48,57,76,50,45,61,59,41,30,37,43,55,48,32,53,59,37,27,35,47,29,41,59,73,78,91,134,158,177,187,200,187,138,109,95,49,50,52,69,95,63,70,71,73,64,76,64,41,54,49,42,71,68,44,33,31,38,41,60,50,61,67,45,47,35,58,70,62,37,31,31,34,49,33,30,33,47,35,48,44,37,44,50,28,39,47,35,17,41,26,20,35,57,78,78,52,35,67,89,66,46,46,38,29,34,33,26,16,15,25,33,16,18,27,24,13,15,21,16,17,23,22,12,24,63,54,20,41,45,32,23,22,21,20,18,20,21,11,24,23,13,7,12,23,27,10,18,25,24,14,36,62,35,27,22,29,27,10,20,30,19,8,21,25,16,15,25,22,15,15,26,23,1,6,24,14,7,10,20,12,3,9,16,29,13,22,11,18,12,9,14,26,17,6,16,22,14,10,10,15,13,10,25,28,11,8,18,16,10,0,8,20,16,2,6,17,19,10,6,18,22,8,5,12,14,10,8,25,31,14,16,9,17,15,11,8,8,16,18,8,2,11,12,7,11,10,16,10,5,5,12,12,11,5,3,12,6,7,7,8,12,8,7,7,11,8,4,1,9,10,3,4,8,9,9,6,4,8,10,7,2,6,13,14,13,9,9,21,17,7,2,4,10,5,0,10,18,4,6,6,12,24,9,3,2,19,10,6,4,10,10,4,4,2,7,11,6,4,7,7,6,4,2,7,8,6,4,2,13,8,8,4,7,11,6,8,10,4,6,6,6,4,0,4,0,0,0,0,0,0,0,0,0,0,0,0,0,0,0,0,0,0,0,0,0,4,4,0,0,0,0,0,0,0,0,0,0,0,0,0,0,0,0,0,0,0,0,0,0,0,0,0,0,0,0,0,0,0,0,2,0,30,74,47,64,94,112,58,41,22,14,16,13,2,2,4,15,3,2,3,0,2,0,1,2,3,2,5,2,0,1,0,7,3,3,2,4,4,5,0,2,1,8,6,0,1,1,0,1,7,2,0,1,2,5,0,3,0,0,2,2,1,5,0,2,2,4,3,1,2,0,1,2,0,7,1,1,0,3,3,6,0,0,0,3,5,9,5,4,4,2,5,0,5,2,3,3,0,1,3,3,1,4,0,2,2,7,3,2,3,3,3,3,2,1,3,9,6,4,2,0,6,9,1,0,2,3,1,0,0,0,0,0,0
000085.bin,conv2,2,21x800x704,0,400,KittiDataset.__getitem__,True,kitti,15000,11827200,23162,0.0019583671536796536,0.9980416328463203,0,0,0,0,0,0,0,0,0,0,0,0,0,0,0,0,0,0,0,0,0,0,0,0,0,0,0,0,0,0,0,0,0,0,0,0,0,0,0,0,0,0,0,0,0,0,0,0,4,25,35,43,44,45,48,49,57,56,65,73,59,66,85,97,130,145,110,93,107,97,137,139,113,132,160,152,155,132,95,123,130,101,127,154,129,146,139,99,105,113,100,125,109,87,90,131,138,121,98,102,80,107,99,97,100,91,95,81,117,120,115,76,59,60,82,103,122,137,147,167,169,133,144,162,185,158,153,161,167,119,112,121,84,88,73,89,81,56,57,56,78,89,59,61,87,157,180,149,138,149,110,88,91,124,143,90,89,78,65,45,38,51,59,51,51,60,47,40,46,54,64,53,53,67,57,63,64,99,83,101,109,96,68,54,54,79,68,71,56,53,54,73,95,90,75,82,86,119,182,167,120,210,370,312,181,163,123,123,116,113,80,43,34,33,42,29,35,39,31,31,39,51,99,124,107,86,75,49,39,37,45,46,51,48,53,54,40,34,25,23,34,24,23,22,29,44,52,71,52,51,38,57,48,46,67,41,43,27,27,13,22,26,47,38,25,34,57,61,69,75,73,55,58,46,18,7,7,2,7,4,6,6,9,10,6,8,8,18,28,39,58,47,60,43,38,35,52,38,5,8,9,8,5,10,3,12,19,9,8,12,27,28,30,42,29,27,19,14,12,14,16,18,12,14,26,26,18,8,8,2,4,6,9,15,10,16,17,6,8,6,2,3,4,3,3,3,3,9,7,4,3,9,12,8,19,14,16,31,36,14,2,0,0,0,0,0,6,6,7,45,55,12,24,16,8,21,19,14,4,6,24,20,16,29,43,46,52,59,49,34,22,13,11,15,15,28,31,32,18,9,12,12,27,5,4,7,4,4,1,0,8,4,22,31,19,19,10,2,5,6,4,10,14,7,6,5,46,64,19,10,25,23,19,17,9,9,9,9,20,30,28,17,20,42,32,12,15,18,24,21,12,10,5,4,0,2,14,13,2,0,5,2,15,9,4,0,0,0,0,18,25,12,16,13,19,6,13,21,17,7,20,13,11,13,14,17,15,6,0,2,0,4,4,2,0,4,0,6,7,2,8,2,1,1,3,4,16,11,0,0,4,4,2,6,8,7,4,6,4,2,0,0,0,0,0,0,0,0,0,0,4,8,4,0,0,2,0,0,2,4,1,7,10,2,1,0,0,10,5,0,1,1,6,12,0,0,0,0,2,0,1,0,6,8,4,6,0,0,0,0,0,0,0,0,0,0,0,0,0,0,0,0,0,0,0,0,0,0,0,0,0,2,12,14,10,0,0,0,0,0,0,0,0,0,0,0,0,0,0,0,0,0,0,0,0,0,0,0,0,0,0,0,0,0,0,4,4,0,7,10,12,14,12,4,0,0,2,0,0,0,0,0,0,0,0,0,0,0,0,0,4,0,0,0,0,0,0,0,0,0,0,0,0,0,0,0,0,0,0,0,0,0,0,0,0,0,0,0,0,0,0,0,0,0,0,0,0,4,4,0,0,0,0,1,1,0,0,0,0,0,0,0,0,0
000086.bin,conv2,2,21x800x704,0,400,KittiDataset.__getitem__,True,kitti,15000,11827200,21638,0.0018295116341991342,0.9981704883658009,0,0,0,0,0,0,0,0,0,0,0,0,0,0,0,0,0,0,0,0,0,0,0,0,0,0,0,0,0,0,0,0,0,0,0,0,0,0,0,0,0,6,6,4,0,0,0,4,3,6,9,19,27,38,35,32,30,29,18,21,28,54,95,96,179,303,366,339,231,219,185,136,162,193,180,200,177,150,180,147,115,158,133,107,114,60,54,70,76,107,99,76,73,118,104,65,88,89,50,58,56,76,56,51,44,34,40,30,13,12,20,31,30,37,68,79,66,59,59,45,54,32,47,79,64,33,46,58,65,96,111,97,88,94,103,120,116,69,45,56,42,56,49,41,40,37,35,78,122,109,88,102,89,87,82,83,72,66,72,76,85,83,63,63,78,57,61,51,37,38,44,51,64,74,58,57,45,43,48,54,48,43,56,55,125,149,110,96,63,51,52,57,59,64,103,92,77,72,66,43,42,43,60,56,59,68,83,108,113,101,76,65,59,39,34,34,24,41,57,64,84,92,89,124,116,146,160,125,77,66,64,67,69,64,63,77,73,68,61,27,28,32,33,27,21,17,16,36,43,23,20,19,13,24,46,51,40,52,44,68,81,69,62,71,58,49,29,29,30,26,34,29,30,39,38,29,28,32,24,19,7,10,8,8,8,8,13,10,8,5,8,17,28,50,41,38,32,26,25,25,30,21,10,21,36,39,47,42,10,2,4,4,12,30,40,56,53,22,22,16,6,6,8,21,41,43,38,26,22,24,15,47,44,30,34,46,42,41,17,11,16,21,5,7,6,0,4,1,4,3,0,0,2,0,5,7,8,7,2,8,7,9,12,16,15,31,41,33,27,32,39,44,23,29,35,47,22,8,18,16,2,4,16,20,13,12,17,29,27,24,18,17,8,8,16,33,31,17,26,23,20,14,12,12,10,9,3,2,5,5,7,17,31,37,40,27,16,3,13,19,6,26,23,12,23,20,4,7,22,14,0,0,7,19,7,0,0,0,0,0,0,0,0,0,0,0,4,4,0,0,0,0,0,4,0,4,0,0,0,0,0,0,0,0,0,0,0,0,0,0,0,0,0,0,0,0,0,0,0,0,0,0,0,0,34,58,46,14,74,88,81,60,35,26,18,20,28,27,16,2,0,0,0,4,4,4,4,13,9,21,31,25,47,57,64,56,40,34,49,39,19,18,27,13,10,4,4,8,8,0,4,4,0,2,1,5,2,0,0,0,0,0,0,2,7,12,20,6,8,4,2,6,3,0,0,4,0,0,4,4,2,3,7,6,8,22,14,26,121,219,168,70,12,2,0,0,0,0,0,0,0,0,0,0,0,0,0,0,0,0,1,1,2,2,1,1,0,0,0,0,0,0,0,0,0,0,0,0,0,0,0,0,0,0,0,0,0,0,0,0,0,0,0,5,4,0,0,0,0,0,0,0,0,0,0,0,0,0,0,0,0,0,0,0,4,4,0,0,0,2,0,2,0,0,0,1,1,4,0,0,0,0,0,0,0,0,0,4,5,5,7,5,6,5,5,1,0,0,0,1,0,0,0,2,0,2,0,4,4,0,0,4,4,1,0,0,1,0,4,4,5,5,3,6
000087.bin,conv2,2,21x800x704,0,400,KittiDataset.__getitem__,True,kitti,15000,11827200,28918,0.002445041937229437,0.9975549580627706,0,0,0,0,0,0,0,0,0,0,0,0,0,0,0,0,0,0,0,0,0,0,0,0,0,0,0,0,0,0,0,0,0,0,0,0,0,0,0,0,0,0,0,0,0,0,0,0,0,0,0,0,0,0,0,0,0,0,0,0,0,26,96,143,117,158,147,146,144,125,138,122,128,125,165,142,184,168,131,141,125,115,136,126,114,123,81,76,96,107,146,151,120,124,160,164,116,153,166,128,126,135,170,176,130,120,111,116,135,160,88,80,105,113,119,117,119,149,164,134,111,101,124,152,116,79,127,137,80,78,65,61,112,147,78,68,86,81,106,106,69,101,90,74,103,122,76,71,89,94,118,110,79,88,98,100,113,106,118,121,105,88,91,78,78,84,100,121,82,70,60,73,79,77,86,108,101,58,44,51,75,62,62,74,80,90,103,108,87,62,42,35,35,52,66,72,93,95,85,51,42,61,69,61,46,51,42,46,59,79,100,105,60,38,42,72,83,70,54,43,44,52,50,54,57,61,96,117,56,32,33,29,25,33,34,29,28,59,72,120,150,112,72,71,66,58,48,53,65,57,44,49,62,101,124,94,81,89,82,52,89,149,180,164,93,62,53,45,37,87,78,49,63,54,31,32,26,38,60,126,98,91,83,138,193,111,39,40,20,32,47,49,56,52,31,33,40,44,47,53,35,48,51,65,49,62,52,34,37,39,41,67,109,85,42,25,22,65,78,33,27,24,18,19,26,33,30,11,23,26,36,27,17,31,19,17,20,29,29,32,25,49,58,56,46,46,60,89,62,30,34,22,22,9,5,7,6,17,15,15,7,14,18,6,22,13,30,27,26,39,53,60,78,71,55,63,53,39,57,41,34,32,43,54,44,26,37,64,127,88,49,28,30,33,31,26,16,24,37,32,32,25,21,11,30,61,20,9,14,8,18,26,27,29,14,23,29,17,14,16,30,35,24,30,23,5,10,25,21,20,36,46,31,34,23,22,34,36,25,22,72,65,39,42,32,42,30,42,44,36,56,52,36,38,12,11,19,24,18,16,30,23,10,6,14,12,6,16,25,16,18,13,19,22,12,17,26,25,16,6,19,17,33,26,25,13,15,18,14,10,14,8,17,33,39,40,24,55,42,34,25,17,15,15,15,24,20,23,13,23,17,8,16,9,27,23,20,11,32,27,7,9,17,24,13,5,2,3,11,20,42,72,51,24,9,13,11,7,5,7,14,5,1,2,3,3,1,2,3,2,1,0,12,12,4,0,0,0,0,0,0,0,0,0,0,0,0,0,0,0,0,0,0,2,6,2,4,0,6,4,2,0,2,2,0,2,2,0,3,10,15,17,21,16,9,9,9,4,0,6,6,5,3,25,22,16,22,11,10,0,0,2,2,0,0,0,0,0,0,1,6,14,10,12,12,11,7,6,4,0,0,0,0,0,0,0,0,0,0,4,5,5,4,3,3,2,2,5,1,2,0,0,0,0,0,0,0,0,0,1,0,0,0,0,2,5,1,4,3,1,1,2,2,0,0,0,0,0,0,0,0,0,0,0,0,0,0,0,4,4,9,12,4,2,0,0,0,0,0,0,0,0,0,0
000088.bin,conv2,2,21x800x704,0,400,KittiDataset.__getitem__,True,kitti,15000,11827200,30197,0.0025531824945887447,0.9974468175054113,0,0,0,0,0,0,0,0,0,0,0,0,0,0,0,0,0,0,0,0,0,0,0,0,0,0,0,0,0,0,0,0,0,0,0,0,0,0,0,0,0,0,0,0,0,0,0,0,0,0,0,0,3,3,12,12,13,17,18,21,21,24,28,37,34,33,48,53,56,67,59,58,74,73,81,82,116,141,138,134,168,169,166,224,186,160,176,109,93,108,105,138,147,83,109,128,154,123,109,153,132,81,92,108,156,153,117,113,101,132,175,154,105,108,116,129,168,207,162,200,169,98,128,144,196,251,166,122,177,198,126,109,108,116,137,193,181,136,127,122,127,233,180,98,106,118,98,113,172,82,81,98,118,128,217,154,73,73,80,65,79,107,151,171,126,61,51,36,46,67,67,99,128,136,85,64,63,59,59,54,62,68,95,153,125,91,191,224,153,119,97,99,89,78,92,104,145,96,57,56,64,63,49,44,52,66,73,69,101,92,34,23,23,21,26,25,33,22,24,61,54,52,85,90,75,100,95,90,74,130,101,41,31,27,31,15,20,21,23,31,57,35,43,78,30,16,16,18,32,48,57,26,31,45,39,40,49,74,92,68,44,54,81,63,65,90,80,62,66,72,67,75,72,78,74,73,96,100,77,80,63,83,68,85,76,104,132,84,81,84,88,89,74,75,111,95,95,80,85,65,53,33,42,36,33,36,39,35,42,38,66,64,85,64,44,40,25,25,30,4,22,28,12,15,34,49,37,4,4,6,1,0,8,17,18,12,5,7,4,4,2,27,36,16,13,7,9,8,17,46,14,4,8,9,15,15,9,11,19,11,12,18,11,6,6,0,0,0,0,6,6,14,8,8,4,2,24,15,4,6,47,64,41,29,4,8,0,3,12,23,23,39,22,38,39,14,12,7,11,13,14,15,26,12,6,4,2,0,1,4,0,3,8,23,30,13,26,46,68,20,56,57,34,37,25,65,53,29,54,55,48,59,27,23,27,47,38,47,38,55,75,75,55,54,67,44,26,38,33,19,16,18,42,42,44,51,104,123,122,58,42,50,52,44,70,160,132,87,50,44,28,34,22,30,31,28,26,20,11,26,20,11,18,26,28,35,36,21,17,25,37,20,18,23,12,12,22,23,7,9,16,11,6,9,16,9,8,14,6,13,20,27,14,14,15,6,20,13,14,18,18,25,42,26,28,29,24,29,25,18,28,48,45,50,34,20,16,1,7,7,15,4,8,2,2,4,5,3,6,16,10,1,11,8,6,2,2,5,1,8,6,4,12,12,4,12,16,10,10,13,7,4,0,6,0,17,24,3,6,0,0,7,0,6,8,18,27,31,38,15,24,45,25,24,23,7,7,4,2,8,32,31,16,8,0,2,2,5,2,10,12,10,11,25,16,6,4,4,5,3,0,0,4,14,11,6,12,8,2,2,22,16,4,0,1,1,0,0,1,5,3,0,3,3,4,0,0,0,2,3,1,0,0,7,5,2,2,7,5,2,1,3,4,12,14,2,1,1,1,7,12,12,5,2,0,0,1,1,0,0,0,0,0,1,2,0,2,4,1,1,2,15,11,6,6,10,5,16,5,3,7,6,5,6
000089.bin,conv2,2,21x800x704,0,400,KittiDataset.__getitem__,True,kitti,15000,11827200,16146,0.0013651582792207793,0.9986348417207792,0,0,0,0,0,0,0,0,0,0,0,0,0,0,0,0,0,0,0,0,0,0,0,0,0,0,0,0,0,0,0,0,0,0,0,0,0,0,0,32,90,98,50,30,25,26,34,36,37,44,47,48,48,37,35,31,33,34,40,43,47,54,65,78,105,128,112,117,113,138,165,210,191,146,128,113,115,124,122,126,122,114,117,118,102,105,106,94,94,95,85,95,151,162,150,137,108,108,126,126,119,103,105,112,97,75,73,56,62,68,72,74,82,75,65,77,91,85,67,76,77,64,70,56,57,68,76,68,72,55,49,69,76,68,61,57,56,46,42,43,43,45,42,44,32,20,14,26,23,26,29,19,18,27,37,49,43,32,31,38,39,37,39,33,24,25,26,33,51,78,73,56,24,11,11,11,17,31,40,33,58,89,76,63,61,60,46,31,37,50,54,54,58,38,36,39,36,34,45,40,24,27,38,52,48,56,42,39,35,54,53,39,32,28,28,18,25,35,28,29,23,15,14,19,18,17,19,25,29,18,42,79,93,67,47,46,36,21,16,20,12,17,18,17,24,21,12,16,11,27,51,53,41,53,58,35,20,17,20,11,8,8,17,14,15,12,16,19,26,21,38,39,10,12,19,8,8,8,4,5,5,2,10,6,5,10,10,12,16,23,8,13,8,8,21,25,20,37,53,59,39,54,43,33,7,13,10,2,9,5,17,4,5,6,18,17,3,5,8,18,19,19,14,10,32,39,28,10,12,25,16,4,10,4,50,61,18,12,16,6,14,14,15,18,15,9,9,8,10,16,15,27,20,16,18,8,15,13,14,37,31,9,7,8,10,8,11,6,4,2,0,8,5,10,5,4,0,7,2,7,12,4,9,9,16,27,22,6,3,6,6,13,18,23,20,11,6,4,3,2,9,10,11,6,13,29,24,8,18,13,7,4,2,4,0,6,5,5,21,44,20,7,9,4,4,7,4,14,14,5,6,10,15,9,14,10,9,15,8,12,11,37,38,19,14,22,9,8,7,8,7,2,4,4,2,6,0,0,0,4,0,0,0,0,6,10,1,1,0,4,4,0,0,5,0,0,2,0,0,4,0,0,0,4,0,0,0,8,16,26,32,19,12,4,12,4,0,0,0,0,0,4,4,6,2,4,5,4,2,6,4,6,10,8,8,6,6,0,2,0,2,0,0,0,0,0,16,17,0,2,0,0,0,0,0,0,0,0,0,4,0,0,4,0,0,0,0,0,4,2,2,2,0,0,2,2,0,0,0,4,0,0,0,0,0,0,0,0,0,4,6,6,0,0,0,2,0,0,0,0,4,4,2,2,5,8,3,2,2,6,6,8,4,5,6,4,2,2,2,0,2,4,2,4,0,0,0,0,0,4,4,2,0,0,0,8,8,8,6,6,2,0,0,0,0,6,13,13,10,5,0,0,4,8,5,0,2,2,4,1,0,1,5,5,2,0,2,4,4,2,0,2,4,2,2,2,2,4,3,1,0,2,4,3,2,4,0,0,0,0,0,0,6,4,4,4,8,2,5,3,0,1,0,0,0,1,1,1,5,4,1,0,0,2,15,10,4,6,5,5,0,2,3,2
000090.bin,conv2,2,21x800x704,0,400,KittiDataset.__getitem__,True,kitti,15000,11827200,25155,0.002126877029220779,0.9978731229707792,0,0,0,0,0,0,0,0,0,0,0,0,0,0,0,0,0,0,0,0,0,0,0,0,0,0,0,0,0,0,0,0,0,0,0,0,0,0,0,0,0,0,0,0,0,0,0,0,0,0,0,0,0,0,0,0,0,0,0,0,0,0,0,0,0,0,0,0,0,0,0,0,0,0,0,0,2,10,30,35,23,13,30,30,27,39,60,54,53,66,75,84,85,113,116,94,85,111,112,101,99,96,92,92,96,89,82,127,173,205,233,280,338,351,394,443,423,435,416,376,365,341,359,350,302,320,330,228,233,230,208,207,251,233,181,191,198,196,201,187,149,127,152,195,189,140,147,130,123,125,90,130,122,99,90,89,129,105,85,104,106,107,125,136,163,134,87,103,93,97,76,75,60,73,88,59,69,75,85,120,117,87,107,96,95,116,111,100,98,76,46,45,56,80,79,72,125,91,57,70,83,75,82,82,91,76,58,45,39,54,63,72,51,51,80,76,69,64,76,96,74,83,58,42,35,41,53,65,53,68,79,61,63,43,31,28,24,35,94,116,90,68,48,51,57,50,40,63,75,67,62,80,79,92,73,67,78,103,124,144,133,156,122,130,108,82,76,75,77,54,33,23,31,40,40,36,29,32,40,47,46,45,49,40,45,48,35,39,32,32,26,27,26,11,3,10,16,24,20,15,8,1,1,0,1,1,0,0,0,0,4,0,2,4,11,8,12,19,18,18,23,23,17,18,15,14,13,16,13,12,22,28,9,16,23,20,33,25,17,23,14,22,29,24,20,13,19,22,12,9,15,13,12,6,11,5,0,0,0,0,6,10,7,11,8,12,21,18,10,4,6,6,6,5,7,7,1,0,0,0,11,12,14,10,6,8,9,11,8,8,12,10,14,15,20,12,16,18,14,13,19,18,13,13,13,20,17,17,11,13,9,24,11,12,19,21,17,18,14,7,3,5,7,8,5,7,8,4,7,5,7,10,13,15,11,9,11,11,5,3,0,0,0,0,0,0,0,0,0,0,0,0,0,0,0,0,0,0,0,0,0,0,0,0,0,0,0,0,0,0,4,2,2,0,0,0,0,0,0,0,0,0,0,0,0,0,0,0,0,0,0,0,0,0,0,0,0,0,0,0,0,0,0,0,0,0,0,0,0,0,0,0,0,0,0,0,0,0,0,0,0,0,0,0,0,0,0,0,0,0,0,0,0,0,0,0,0,0,0,0,0,0,0,0,0,0,0,0,0,0,0,0,0,0,0,0,0,0,0,0,0,0,0,0,0,0,0,0,0,0,0,0,0,0,0,0,0,0,0,0,0,0,0,0,0,0,0,0,0,0,0,0,0,0,0,0,0,0,0,0,0,0,0,0,0,0,0,0,0,0,0,0,0,0,0,0,0,0,0,0,0,0,0,0,0,0,0,0,0,0,0,0,0,0,0,0,0,0,0,0,0,0,0,0,0,0,0,0,0,0,0,0,0,0,0,0,0,0,0,0,0,0,0,0,0,0,0,0,0,0,0,0,0,0,0,0,0,0,0,0,0,0,0,0,0,0,0,0,0,0,0,0,0,0,0,0,0,0,0,0,0,0,0,0
000091.bin,conv2,2,21x800x704,0,400,KittiDataset.__getitem__,True,kitti,15000,11827200,28218,0.002385856331168831,0.9976141436688312,0,0,0,0,0,0,0,0,0,0,0,0,0,0,0,0,0,0,0,0,0,0,0,0,0,0,0,0,0,0,0,0,0,0,0,0,0,0,0,0,0,0,0,0,0,0,0,2,25,33,34,22,4,0,0,0,0,0,0,0,18,48,68,112,98,112,124,95,135,114,104,132,101,112,153,148,111,132,93,96,132,94,93,117,106,110,114,63,69,86,114,126,123,75,106,123,126,87,123,137,106,64,73,107,146,105,60,54,55,99,142,101,53,55,58,53,60,78,114,127,163,110,79,68,112,203,188,68,73,176,167,53,55,55,72,81,138,179,108,39,74,73,138,114,90,110,91,60,121,134,77,96,105,121,115,179,125,96,87,83,120,148,95,107,159,117,114,102,105,102,154,168,146,141,95,92,74,53,69,68,67,78,131,182,94,63,58,65,101,75,49,42,41,46,54,71,127,77,33,41,45,44,42,60,78,74,67,55,75,71,64,65,60,66,77,72,63,57,49,68,76,41,57,78,74,67,73,50,42,45,36,45,36,34,29,30,68,202,89,67,80,69,68,68,105,104,78,93,83,78,74,63,53,57,55,54,53,35,34,37,41,36,43,44,50,64,67,62,44,53,52,48,59,43,48,34,35,42,58,46,42,39,39,70,67,55,61,68,58,84,76,72,58,59,56,78,63,51,58,63,74,250,262,188,100,98,120,91,102,83,53,45,29,27,52,72,70,50,51,71,87,74,63,58,54,24,37,46,67,69,89,86,93,100,104,67,43,40,50,52,28,37,73,76,51,37,26,22,27,30,32,27,25,21,24,39,40,31,33,43,37,25,34,26,25,23,23,33,29,17,14,20,19,12,12,17,31,16,10,19,24,42,31,22,10,10,14,10,25,27,25,39,57,55,50,63,101,67,51,49,32,47,32,15,19,19,19,20,28,25,19,12,20,23,19,22,24,34,35,21,18,15,9,8,14,7,9,10,7,14,20,31,31,19,21,17,19,26,20,25,24,28,31,12,9,18,11,28,41,40,45,30,17,15,12,7,14,6,6,15,15,9,12,17,13,17,14,7,8,11,11,11,13,8,22,33,20,18,12,4,1,10,41,33,10,5,10,7,8,2,9,13,8,6,2,0,4,5,3,11,13,18,20,19,18,21,23,15,12,8,19,23,38,36,30,32,20,13,22,13,23,17,16,22,25,18,6,6,2,4,6,2,2,1,1,0,0,4,4,0,0,0,0,0,0,0,0,0,0,2,0,2,2,0,0,0,0,2,0,0,0,21,69,121,77,4,10,8,5,2,4,2,0,2,0,0,1,1,0,0,0,1,1,4,5,4,8,16,5,8,21,10,0,5,1,3,3,9,2,8,6,5,9,5,3,6,8,10,5,6,4,0,32,25,2,8,13,7,0,1,2,0,0,2,0,0,5,7,0,6,10,5,0,0,1,1,0,0,0,0,0,0,0,0,0,1,0,0,1,0,0,0,0,0,2,0,0,7,8,2,2,10,7,1,0,0,0,0,0,0,2,0,5,5,3,3,3,2,1,3,2,2,0,0,0,0,0,0,0,0,0,0,0,0,0,2,11,5,5,4,0,0,0,2
000092.bin,conv2,2,21x800x704,0,400,KittiDataset.__getitem__,True,kitti,15000,11827200,27722,0.0023439191017316017,0.9976560808982684,0,0,0,0,0,0,0,0,0,0,0,0,0,0,0,0,0,0,0,0,0,0,0,0,0,0,0,0,0,0,0,0,0,0,0,0,0,0,0,0,0,0,0,0,0,0,0,0,0,0,0,0,0,6,6,8,10,14,16,18,23,24,24,27,26,21,29,34,34,56,66,69,68,72,91,135,123,103,140,120,98,144,123,110,152,121,114,118,124,138,125,81,102,131,120,66,94,120,84,71,69,100,134,72,58,73,84,101,144,76,59,69,74,80,106,152,115,144,154,98,103,105,123,156,135,84,105,122,104,54,69,69,93,127,155,151,118,65,61,71,85,104,149,112,78,73,81,95,110,131,141,95,87,85,87,105,117,110,93,74,90,86,84,97,87,80,68,70,71,76,57,53,62,61,54,55,62,55,69,72,68,57,48,63,58,77,89,85,85,68,85,69,67,45,38,53,58,43,39,46,45,48,47,39,41,45,65,77,67,71,50,45,33,43,45,54,67,115,130,120,123,116,83,83,91,83,100,78,66,62,59,77,60,68,68,63,49,45,34,46,47,82,83,88,68,61,54,61,50,69,82,62,79,81,66,43,26,26,33,82,95,67,52,97,198,225,161,129,118,101,50,48,48,51,34,29,36,48,66,77,91,78,42,52,52,34,60,46,41,72,74,66,62,61,29,32,41,40,37,31,33,36,51,55,67,55,52,43,40,24,17,21,21,35,44,60,48,42,66,64,44,35,71,61,37,42,30,28,31,23,22,30,35,40,38,52,69,46,36,27,43,25,32,23,26,24,42,78,114,124,101,103,161,154,132,106,117,112,108,95,100,101,113,127,123,99,79,70,84,78,42,62,69,73,48,64,60,48,38,40,30,37,28,34,25,31,31,23,27,26,31,22,24,17,14,14,20,16,18,13,28,20,27,42,91,84,45,34,14,35,37,35,20,29,27,27,41,18,19,16,6,6,9,14,9,14,14,3,13,7,19,21,18,12,13,17,11,28,16,15,30,6,10,20,17,30,34,24,24,9,9,8,15,20,17,15,22,30,31,33,20,17,18,12,11,12,3,18,13,12,6,5,5,4,2,2,4,2,0,6,5,0,4,11,6,10,10,13,2,4,3,6,8,7,9,6,7,19,29,59,85,77,76,81,75,59,72,70,51,54,45,40,23,30,30,16,26,17,9,4,10,9,10,16,8,1,14,12,15,7,12,6,3,3,2,3,3,0,0,0,8,8,0,0,4,4,1,2,2,2,0,0,2,17,21,4,2,3,1,5,4,4,2,4,0,0,0,2,0,4,0,0,4,0,0,0,8,8,0,0,0,0,0,0,0,0,0,0,0,0,0,0,0,0,0,0,0,0,4,0,0,0,0,0,0,0,0,0,0,1,3,2,2,2,1,4,12,6,4,4,0,0,0,0,0,4,0,0,0,0,0,0,4,0,0,0,0,0,0,4,0,0,0,0,0,0,0,0,0,0,0,0,0,0,0,0,0,0,0,0,0,0,0,0,0,0,0,0,0,0,0,0,0,0,0,0,1,6,0,0,14,37,32,20,21,17,12,20,17,21,25,16,7,17,10,1,1,0,4,8,2,2,2,6
000093.bin,conv2,2,21x800x704,0,400,KittiDataset.__getitem__,True,kitti,15000,11827200,24840,0.0021002435064935063,0.9978997564935065,0,0,0,0,0,0,0,0,0,0,0,0,0,0,0,0,0,0,0,0,0,0,0,0,0,0,0,0,0,0,0,0,0,0,0,0,0,0,0,0,0,0,0,0,0,0,0,0,0,0,0,0,0,0,2,17,26,34,36,34,39,67,124,135,110,140,147,146,140,116,136,116,106,135,155,139,134,140,122,158,147,103,121,123,109,110,92,55,74,93,102,124,115,62,64,114,107,48,52,112,76,21,24,38,113,122,30,47,51,171,267,271,130,138,131,105,92,93,84,87,162,186,64,81,85,177,192,91,85,177,170,105,80,57,74,164,184,124,103,78,88,127,105,92,61,39,75,108,82,77,59,55,102,154,139,144,129,87,81,75,102,79,83,82,83,63,47,57,69,71,80,119,138,144,131,130,88,94,103,79,77,84,110,82,52,61,60,46,55,99,116,119,84,66,68,72,54,59,56,65,79,68,52,46,37,43,41,56,49,48,49,24,28,53,65,61,42,26,23,41,49,67,92,94,81,65,65,59,60,57,80,66,61,53,47,48,45,24,22,20,20,22,18,28,62,96,66,53,53,71,84,54,49,61,55,37,35,38,48,32,55,67,42,38,23,13,12,4,46,36,26,24,30,26,20,14,10,9,12,7,10,16,14,5,0,0,0,0,4,7,22,52,26,26,26,26,35,29,24,17,16,9,12,10,9,20,23,21,21,12,12,21,16,12,10,7,11,24,67,109,89,54,47,30,26,32,36,35,26,28,24,15,6,7,7,23,56,63,46,32,18,20,29,41,20,7,9,6,6,11,12,12,7,6,16,23,11,12,29,32,43,55,40,37,37,49,78,91,74,97,57,21,35,18,22,38,59,123,178,130,121,130,57,65,97,85,104,110,83,66,60,70,86,71,71,64,62,82,63,41,21,23,18,10,7,9,11,9,10,11,7,8,8,10,5,6,7,25,38,37,60,47,25,23,28,19,16,19,15,1,6,9,11,15,22,26,65,48,34,34,33,35,20,39,38,28,22,23,35,26,9,22,14,20,12,5,13,24,8,11,6,6,4,16,38,27,10,6,7,8,3,4,12,10,16,0,0,0,8,8,4,0,0,15,22,22,2,4,0,2,2,8,6,4,8,12,12,12,4,2,4,9,7,8,20,18,18,15,11,3,4,3,4,2,1,2,2,5,4,0,0,0,0,4,3,9,2,0,3,2,0,0,0,7,35,41,18,9,4,0,0,3,3,4,0,9,14,6,5,0,0,0,1,0,0,0,0,0,2,2,0,0,0,0,4,12,19,4,0,0,0,0,0,0,0,0,0,0,0,0,0,0,0,0,2,2,5,4,0,0,2,0,0,0,0,0,16,18,8,6,0,0,0,0,2,1,11,8,0,1,0,0,0,0,0,0,0,0,0,0,0,0,0,0,0,3,3,4,0,0,0,0,0,0,0,0,0,0,0,0,0,0,0,0,0,0,0,0,0,0,0,0,0,0,0,0,0,0,0,0,0,0,0,0,0,0,0,0,0,0,2,2,3,9,32,41,41,27,15,8,2,0,0,3,1,5,4,0,0,4,6,9,15,2,0,0,3,5,4,4,1,1,0,1
000094.bin,conv2,2,21x800x704,0,400,KittiDataset.__getitem__,True,kitti,15000,11827200,18990,0.0016056209415584416,0.9983943790584415,0,0,0,0,0,0,0,0,0,0,0,0,0,0,0,0,0,0,0,0,0,0,0,0,0,0,0,0,0,0,0,0,0,0,0,0,0,0,0,0,0,0,0,0,0,12,25,21,23,21,22,26,26,20,23,23,30,38,43,45,49,57,66,70,82,93,98,86,96,94,93,86,87,115,103,91,158,224,305,404,358,167,125,115,116,99,94,105,112,87,81,93,102,68,72,76,78,79,107,106,72,65,73,96,115,95,86,95,111,101,63,61,66,65,103,104,70,71,64,61,76,83,74,90,72,50,51,51,52,49,49,65,59,97,116,113,90,67,77,94,103,109,99,77,79,75,81,85,67,67,67,68,66,77,88,76,64,58,48,41,51,49,55,81,85,66,64,57,60,60,64,76,74,96,127,127,133,112,105,94,59,72,74,76,99,65,70,95,116,119,126,103,67,69,62,65,63,67,52,54,60,61,50,40,35,28,20,27,39,23,24,39,45,36,46,47,39,28,31,29,31,20,17,23,32,29,32,39,46,49,34,33,40,29,36,37,20,19,18,26,23,9,9,10,8,8,2,10,20,18,25,28,27,25,34,44,32,43,32,10,17,18,19,13,10,13,20,5,8,6,9,5,3,28,64,50,18,14,12,6,3,19,25,20,15,9,12,8,14,14,16,6,7,24,30,12,13,4,16,27,33,14,26,15,22,36,45,44,33,39,43,50,66,49,20,16,8,9,8,7,8,10,8,14,8,9,16,26,8,8,22,19,8,6,4,9,18,20,9,12,19,26,13,13,4,6,2,7,1,0,3,11,6,0,5,4,4,25,18,8,10,12,14,4,4,9,8,8,10,4,8,6,2,6,7,2,1,3,3,3,2,1,1,0,0,1,1,0,0,16,18,6,2,4,39,38,26,32,18,8,3,10,16,17,26,20,25,30,17,24,22,16,10,17,18,8,6,5,4,2,4,4,2,2,2,4,12,10,4,2,6,10,3,18,37,8,4,21,27,14,16,20,17,7,7,11,19,19,27,86,75,16,26,28,23,15,12,11,12,12,14,24,14,20,21,11,10,12,10,9,8,7,12,15,17,11,13,12,14,11,16,19,13,14,11,18,17,15,12,14,14,4,9,15,8,6,11,18,11,10,9,10,4,6,6,6,4,8,10,0,3,9,5,21,15,22,17,11,13,22,6,10,12,8,15,33,32,28,18,14,18,17,18,7,2,16,23,6,4,8,7,0,0,6,4,0,1,3,3,2,1,1,0,0,0,0,0,4,4,0,1,0,0,0,0,0,0,0,3,17,18,8,12,6,0,2,0,0,0,0,0,0,0,0,0,0,0,0,0,0,4,0,0,0,4,9,13,14,12,8,18,18,13,9,2,13,11,7,1,6,0,4,2,3,1,0,4,4,0,3,3,0,1,3,3,1,1,0,2,2,2,0,2,0,0,2,7,8,7,0,0,0,0,0,2,2,0,0,7,6,0,2,0,4,0,0,0,2,0,0,0,0,0,0,0,0,0,0,0,0,0,0,0,0,0,2,0,0,0,0,0,3,2,0,0,0,0,2,4,2,1,0,0,0,0,0,0,0,0,0,0,0,0,0
000095.bin,conv2,2,21x800x704,0,400,KittiDataset.__getitem__,True,kitti,15000,11827200,27268,0.0023055330086580086,0.997694466991342,0,0,0,0,0,0,0,0,0,0,0,0,0,0,0,0,0,0,0,0,0,0,0,0,0,0,0,0,0,0,0,0,0,0,0,0,0,0,0,0,0,0,0,0,0,0,0,0,0,0,0,0,0,0,0,0,0,0,0,0,2,10,35,62,108,133,130,127,113,93,110,106,87,105,103,100,114,120,143,127,106,111,126,142,114,105,136,115,93,113,127,98,81,78,101,114,106,84,97,107,107,79,51,81,122,107,61,56,69,84,103,79,80,69,69,92,117,104,109,102,136,175,167,191,200,198,214,157,140,147,142,173,221,182,117,103,123,145,133,124,123,97,113,137,145,109,102,75,69,81,99,99,75,76,58,60,62,83,95,56,53,68,64,39,61,103,77,42,25,23,51,61,51,37,58,69,45,34,37,95,88,95,80,82,106,102,72,74,42,29,22,32,24,41,61,63,78,74,46,44,41,24,32,45,27,34,61,73,72,67,99,100,132,154,185,160,125,75,67,61,58,38,48,81,84,71,69,55,53,60,74,81,84,88,77,79,67,76,72,81,79,74,104,111,66,76,69,58,61,50,43,41,55,60,65,68,59,91,79,63,54,45,58,78,61,46,56,50,59,81,42,42,42,34,38,36,36,61,83,49,52,66,71,45,33,43,59,70,69,56,58,52,74,71,81,88,73,78,62,75,69,75,100,101,118,125,85,72,92,103,75,76,91,86,69,52,53,69,62,50,40,42,36,29,48,37,39,28,38,22,34,41,48,47,26,21,24,22,17,24,32,30,32,58,66,68,46,25,37,33,30,47,37,28,29,11,12,10,16,28,21,25,35,23,21,30,20,23,29,15,25,52,40,19,28,31,38,48,36,43,47,37,47,33,33,28,34,57,54,45,43,40,32,22,18,26,35,69,94,55,36,37,22,34,37,22,31,26,18,18,22,28,17,31,22,21,26,30,31,27,18,26,21,19,16,16,15,16,13,23,23,18,19,11,32,25,7,20,20,13,18,15,4,10,15,16,10,20,18,8,0,2,8,2,14,10,14,6,12,4,16,7,24,24,25,12,24,16,18,6,6,4,4,12,12,19,32,17,19,15,8,9,8,5,6,2,8,2,14,16,10,18,6,1,6,7,4,5,3,0,2,6,13,22,17,13,10,20,43,13,8,6,6,2,20,21,12,7,10,10,6,18,11,10,0,1,12,21,20,8,9,32,43,28,16,23,18,6,6,8,8,9,6,11,8,14,14,5,19,16,8,4,15,9,6,5,9,10,22,14,10,8,6,6,4,6,8,8,8,8,10,0,9,7,6,10,2,4,21,12,6,6,5,8,5,7,6,7,0,0,0,4,5,8,24,12,6,3,3,4,4,2,6,8,10,9,10,6,0,2,4,2,2,2,10,0,4,8,10,4,8,3,3,4,2,1,9,9,16,6,3,2,2,0,2,13,16,2,2,2,3,0,1,2,2,0,2,4,1,0,2,4,2,1,1,2,0,2,2,0,5,3,0,0,0,0,5,6,1,0,5,6,2,2,8,6,1,0,3,2,2,2,5,2,0,0,1,1,0,2,0,5,2,0,12,14,5,2,1,0,0,0,0,0
000096.bin,conv2,2,21x800x704,0,400,KittiDataset.__getitem__,True,kitti,15000,11827200,21813,0.0018443080357142857,0.9981556919642857,0,0,0,0,0,0,0,0,0,0,0,0,0,0,0,0,0,0,0,0,0,0,0,0,0,0,0,0,0,0,0,0,0,0,0,0,0,0,0,0,0,0,0,0,0,0,0,0,0,0,1,9,26,30,31,32,36,36,43,50,55,56,50,66,87,95,86,97,93,103,97,82,141,170,176,195,197,184,146,137,113,129,134,121,89,70,83,72,64,68,89,78,74,83,88,96,120,152,171,161,155,166,153,108,105,92,113,126,108,111,100,97,107,111,101,74,80,81,80,86,94,89,88,106,93,104,108,105,89,101,110,113,114,111,110,91,102,97,91,86,76,76,83,86,80,97,102,91,69,53,86,118,106,78,86,81,67,66,62,58,77,73,71,69,50,60,50,78,111,111,106,69,64,70,87,81,79,78,87,66,96,115,81,59,59,53,66,60,67,101,111,96,98,104,99,97,81,61,57,55,58,40,35,32,39,40,49,89,110,129,98,105,70,64,60,48,57,53,35,49,28,26,57,86,49,35,32,39,40,30,26,34,57,79,60,32,31,34,30,34,32,28,47,66,53,42,34,43,38,32,49,58,59,76,74,55,60,75,57,70,71,56,66,45,31,38,36,57,71,77,51,24,29,14,10,11,17,17,9,10,5,17,23,29,21,8,14,36,51,32,36,37,46,33,29,30,24,24,70,55,81,92,55,27,23,33,26,21,11,8,6,14,11,41,59,31,21,34,35,28,24,20,28,26,32,32,22,16,24,19,28,24,21,17,11,13,13,14,13,18,15,10,22,24,26,23,18,20,13,38,38,26,24,28,23,16,22,22,21,23,24,33,23,19,14,13,31,20,13,10,12,8,18,18,16,7,17,17,14,12,12,10,8,8,7,12,9,10,12,11,9,0,1,3,6,6,4,24,30,31,20,14,6,12,15,19,21,35,28,15,18,4,12,7,12,0,9,4,0,12,6,5,8,21,14,4,4,2,2,4,0,0,3,3,0,0,4,10,22,15,3,1,8,19,38,53,53,16,16,14,14,10,16,11,23,14,40,29,11,9,4,4,23,13,12,10,18,31,15,23,18,6,23,10,3,7,17,12,0,4,10,4,6,0,0,0,2,6,0,2,0,0,2,18,16,3,1,0,0,2,0,4,1,4,11,4,0,2,6,8,4,2,0,0,1,5,0,0,1,0,14,8,4,11,25,19,9,3,5,12,2,4,5,10,14,16,18,22,9,6,6,0,2,6,7,0,2,2,4,6,2,2,0,0,0,6,7,2,8,2,4,4,0,6,5,9,6,2,0,0,6,6,0,0,10,4,6,6,2,0,4,4,4,0,0,0,0,2,0,0,2,8,6,0,0,0,0,0,5,2,0,0,0,0,2,2,0,4,4,0,0,0,0,0,0,0,0,0,0,2,0,0,1,0,0,0,0,0,0,0,0,0,0,0,0,0,0,0,0,0,0,0,0,0,0,0,0,0,0,4,4,0,5,4,0,0,0,0,0,1,1,1,0,0,2,2,0,0,0,0,0,0,0,0,1,2,0,7,6,2,2,4,0,0,0,0,0,0,0,0,0,0,0,0,0,1,1,1,0,0,4,4,0,5
000097.bin,conv2,2,21x800x704,0,400,KittiDataset.__getitem__,True,kitti,15000,11827200,30589,0.002586326433982684,0.9974136735660173,0,0,0,0,0,0,0,0,0,0,0,0,0,0,0,0,0,0,0,0,0,0,0,0,0,0,0,0,0,0,0,0,0,0,0,0,0,0,0,0,0,0,0,0,0,0,0,0,0,0,0,0,0,0,0,0,0,0,0,0,0,4,24,56,78,91,103,128,136,113,137,126,114,123,167,159,139,140,124,144,121,103,134,127,112,128,100,63,78,98,119,143,120,99,148,160,116,125,171,135,92,87,125,157,118,88,93,83,113,156,138,87,82,94,105,100,116,129,174,181,128,126,124,169,195,144,121,162,171,109,83,107,125,124,177,134,80,81,93,111,137,99,97,124,99,119,153,101,63,69,92,111,140,123,91,66,64,60,84,89,129,104,64,54,60,68,66,98,114,97,78,50,52,56,64,71,67,87,115,98,58,53,48,58,80,74,65,75,80,104,121,101,59,76,59,53,70,80,77,71,88,111,94,67,54,52,53,48,49,68,71,51,85,90,93,114,130,107,90,66,90,68,63,61,63,83,88,110,93,107,106,83,97,94,73,60,63,70,69,57,70,69,96,108,112,85,105,127,78,66,53,64,48,66,73,54,60,53,67,54,50,62,52,37,45,60,100,74,110,97,105,141,87,59,46,35,36,57,54,36,42,43,50,64,36,43,42,41,69,75,69,68,58,87,84,67,84,87,87,67,92,99,72,69,84,92,103,85,90,74,69,70,95,94,74,59,51,55,79,80,76,68,71,50,72,70,52,91,115,51,34,38,48,46,44,55,49,49,56,46,43,38,34,45,28,37,31,38,32,36,42,48,59,67,59,68,78,48,39,64,73,56,79,58,16,34,41,26,41,45,45,42,49,38,27,29,34,29,32,53,55,62,60,35,47,39,38,36,32,33,26,10,6,10,20,14,21,16,33,42,48,49,24,28,41,34,21,17,24,27,24,17,20,30,28,25,23,14,11,7,21,17,9,13,7,15,16,12,15,24,19,9,13,17,21,18,9,18,16,19,28,20,10,19,15,13,17,11,16,53,46,8,13,14,10,28,79,63,42,40,16,28,25,15,13,14,12,11,28,15,20,32,12,24,33,31,28,17,10,21,21,20,20,11,7,10,13,8,12,8,6,4,3,4,6,10,9,11,27,17,23,9,15,21,48,51,23,16,19,11,5,11,11,5,7,27,20,2,7,8,7,5,9,5,9,15,7,7,12,9,9,15,13,9,25,23,17,11,12,12,5,12,14,16,23,16,17,27,21,21,22,14,15,5,12,13,6,6,16,24,30,28,14,16,19,19,13,3,19,15,13,15,10,8,19,9,14,10,6,7,1,12,3,2,1,8,10,4,6,0,0,6,2,4,8,4,2,2,2,2,8,6,0,4,2,0,0,2,2,4,6,8,4,0,1,0,2,8,9,10,10,10,9,1,5,12,20,26,25,17,11,11,13,10,11,11,2,1,2,5,3,8,4,0,0,0,1,0,2,2,9,14,12,2,1,3,3,1,18,8,2,1,5,10,8,1,1,0,0,3,0,0,2,4,3,2,3,3,0,1,4,1,1,2,1,1,2,0,0,4,0,0,0,0,0,0,0,0,0,0,4,4,0,0
000098.bin,conv2,2,21x800x704,0,400,KittiDataset.__getitem__,True,kitti,15000,11827200,25230,0.002133218344155844,0.9978667816558442,0,0,0,0,0,0,0,0,0,0,0,0,0,0,0,0,0,0,0,0,0,0,0,0,0,0,0,0,0,0,0,0,0,0,0,0,0,0,0,0,0,0,0,0,0,0,0,0,0,12,20,16,22,34,37,28,30,23,24,24,28,32,36,35,54,81,74,91,108,94,92,108,100,109,97,109,124,137,124,126,126,112,120,123,79,116,157,141,131,145,155,123,120,111,130,148,165,136,92,92,138,152,126,110,122,147,146,135,124,102,120,147,130,91,97,85,87,90,109,120,126,146,143,120,130,136,164,194,212,212,206,254,223,175,165,158,154,152,154,131,103,67,69,84,112,149,136,103,66,76,89,96,131,113,94,78,66,74,59,99,141,122,80,81,78,83,82,76,109,150,93,65,62,51,39,41,67,71,112,173,117,82,89,77,73,55,43,51,57,80,84,90,57,48,34,49,49,49,40,31,30,54,82,101,117,134,115,108,88,89,112,98,97,111,100,75,97,84,77,77,68,50,40,34,25,17,24,26,17,46,77,72,60,67,48,73,62,56,29,39,43,41,37,36,24,19,13,38,53,38,36,36,37,47,29,41,59,49,28,19,25,41,55,46,37,36,29,27,33,32,30,35,21,18,27,22,28,22,29,29,29,24,17,6,14,13,15,27,30,22,21,17,29,25,18,23,44,41,44,27,41,34,22,24,16,21,21,14,7,8,12,9,6,10,10,19,54,40,29,30,30,18,43,25,22,22,26,20,28,59,214,231,125,61,59,35,13,15,11,9,13,8,19,34,20,21,24,35,34,27,24,10,15,8,8,18,28,29,21,23,20,17,6,8,11,13,12,21,17,16,18,15,14,8,7,12,11,17,16,1,7,8,6,2,2,18,17,9,0,14,11,2,1,5,3,5,5,12,5,14,10,9,14,12,8,12,37,28,49,80,48,24,8,16,7,22,19,20,58,102,100,51,12,17,3,7,11,13,8,13,12,2,1,2,8,7,4,6,3,2,2,2,0,2,5,0,0,8,13,10,5,6,9,3,6,4,6,5,3,7,5,6,2,2,9,12,7,9,5,6,10,2,6,6,0,0,6,6,8,8,0,2,6,13,17,13,11,6,8,3,2,7,1,2,2,0,0,0,0,4,7,7,2,2,1,4,5,2,0,3,1,2,2,2,4,0,4,4,4,4,4,4,16,4,4,4,8,16,18,10,27,33,13,15,16,30,42,44,26,36,21,27,26,11,15,17,10,11,9,4,0,4,3,4,4,7,15,12,16,9,10,11,15,33,38,42,33,28,29,16,18,15,8,9,10,6,12,14,8,20,20,10,2,4,2,16,14,8,12,4,2,3,2,6,8,6,5,3,11,49,65,30,8,2,4,3,2,5,9,8,8,6,5,6,10,7,7,11,28,35,18,6,0,4,8,4,8,6,7,8,8,16,12,0,4,11,7,2,2,6,14,8,12,10,11,7,4,6,10,2,3,3,4,7,5,8,8,5,4,5,4,7,3,7,11,5,2,0,4,3,1,3,4,1,11,7,3,3,6,4,5,6,4,8,7,1,0,0,3,3,4,1,5,6,10,4,9,6,3,3,8,11,5,3
000099.bin,conv2,2,21x800x704,0,400,KittiDataset.__getitem__,True,kitti,15000,11827200,17461,0.0014763426677489179,0.9985236573322511,0,0,0,0,0,0,0,0,0,0,0,0,0,0,0,0,0,0,0,0,0,0,0,0,0,0,0,0,0,0,0,0,0,0,0,0,0,0,0,0,0,2,6,11,18,44,49,41,29,20,21,25,22,39,30,20,35,40,36,33,21,28,66,117,104,117,113,83,113,96,91,105,74,61,106,105,65,94,82,63,88,77,67,95,90,53,82,56,6,17,42,62,84,52,46,70,94,60,36,60,92,44,12,32,62,98,48,14,14,26,56,103,116,118,116,98,48,48,65,108,155,184,139,86,97,123,176,125,91,117,165,98,67,61,71,118,149,112,51,51,51,47,119,132,65,41,49,46,99,133,61,34,39,46,55,125,131,36,30,36,52,76,100,150,165,66,39,43,43,20,12,25,85,106,55,30,31,40,38,38,46,76,110,112,79,81,72,55,45,45,47,43,35,52,90,77,25,19,25,27,34,21,26,33,32,33,73,31,22,17,16,21,30,18,27,25,49,64,61,47,35,35,22,20,17,14,16,35,25,22,31,44,50,30,21,19,28,23,23,29,32,29,26,27,18,27,25,19,21,21,12,17,15,19,14,15,18,11,25,25,6,15,23,30,58,49,52,39,29,29,17,32,26,34,38,46,67,76,37,21,14,8,18,18,25,39,38,33,58,50,47,49,39,30,27,23,23,26,35,39,33,26,20,41,84,94,41,27,19,31,25,24,32,37,35,39,31,32,32,16,13,13,5,20,19,5,16,24,20,17,9,7,34,36,49,38,38,25,25,20,15,27,20,19,12,10,6,11,13,10,9,15,17,8,18,15,16,16,14,17,12,11,4,10,0,2,5,10,13,12,20,21,36,26,22,16,15,9,9,11,2,0,2,2,2,2,2,2,0,4,2,6,8,16,23,17,13,17,10,6,7,7,4,8,2,0,1,14,13,6,6,4,11,15,15,42,65,31,19,10,9,7,3,8,9,11,0,2,0,1,1,3,3,0,2,0,4,4,0,1,5,0,1,0,11,15,9,17,16,21,14,12,48,54,32,17,4,1,2,2,0,6,12,14,10,24,15,5,10,5,5,4,3,2,6,9,1,0,2,2,2,2,0,3,1,0,5,1,4,2,9,21,7,8,4,0,0,4,2,0,2,4,6,8,9,7,1,1,7,35,20,8,4,3,0,0,8,6,2,4,8,8,9,6,14,6,1,1,2,1,8,14,14,6,2,2,1,1,0,12,4,0,2,0,4,0,0,0,0,0,27,9,7,11,6,0,0,1,2,0,0,3,3,2,0,1,1,2,2,2,1,0,0,0,5,5,0,1,1,1,8,11,5,5,1,0,0,2,3,10,10,2,2,4,6,2,0,2,2,0,0,1,20,6,0,0,6,2,2,4,4,3,2,4,0,4,4,0,10,4,6,4,2,2,0,4,6,8,2,2,6,0,0,1,8,4,4,10,4,2,5,6,5,4,8,20,26,19,13,8,3,0,1,10,34,38,47,28,2,4,6,7,8,7,1,4,5,2,2,3,2,0,0,1,4,0,0,0,0,2,12,14,6,11,6,2,0,0,0,0,0,0,0,0,2,2,2,16,23,5,0,2,0,0
000100.bin,conv2,2,21x800x704,0,400,KittiDataset.__getitem__,True,kitti,15000,11827200,23059,0.0019496584145021645,0.9980503415854979,0,0,0,0,0,0,0,0,0,0,0,0,0,0,0,0,0,0,0,0,0,0,0,0,0,0,0,0,0,0,0,0,4,6,8,6,7,9,6,2,0,0,0,0,0,0,0,0,0,0,0,0,4,20,30,36,29,25,36,40,44,48,47,57,79,95,116,140,147,150,158,194,176,148,141,163,146,142,158,135,144,166,173,164,155,107,107,118,99,104,93,115,135,132,97,92,133,132,132,133,150,183,155,138,131,168,158,80,70,69,76,107,108,76,91,106,90,78,83,91,106,142,130,92,113,103,118,135,82,70,105,113,83,106,107,108,115,149,173,156,143,132,133,207,213,109,106,117,94,86,121,74,39,38,43,43,66,91,54,32,61,142,153,101,135,158,140,79,74,80,83,89,77,89,103,87,52,28,33,37,37,39,54,71,69,87,74,67,48,26,21,23,22,24,28,42,52,79,98,105,81,21,26,37,44,36,30,38,42,85,92,58,55,52,38,67,150,145,95,120,214,244,129,80,126,137,106,73,41,43,41,30,27,27,11,27,26,30,76,101,109,120,109,93,62,52,31,35,39,31,31,49,41,54,54,24,10,23,17,12,22,36,44,37,27,40,40,45,39,43,35,41,25,16,28,27,24,24,12,16,16,26,30,40,55,68,72,50,33,55,40,20,14,12,16,12,13,19,20,14,9,7,5,3,6,4,15,48,69,41,31,47,27,19,7,21,14,12,18,14,12,12,4,12,10,14,12,12,20,34,54,55,40,36,23,25,21,18,16,13,13,12,3,2,6,6,0,2,3,0,4,9,9,9,15,16,5,1,3,6,6,4,2,0,18,22,12,12,14,16,16,20,28,31,17,35,37,25,17,6,1,1,0,0,6,43,35,0,2,2,4,5,4,5,2,0,2,6,4,9,14,30,31,35,26,7,8,8,8,6,10,30,45,28,26,30,29,35,19,3,5,3,3,0,0,2,2,5,10,23,16,14,13,11,5,0,2,5,2,5,4,1,1,10,67,91,14,8,13,11,6,13,18,34,36,27,29,37,44,23,8,2,8,10,20,28,52,52,23,14,8,4,0,2,6,4,2,0,0,9,9,4,2,4,8,6,4,8,8,6,6,6,6,12,17,19,10,16,22,12,1,20,21,5,6,2,0,3,5,2,0,1,2,0,4,8,4,10,6,4,0,2,0,6,8,2,5,4,0,2,7,4,3,5,0,0,0,4,6,2,0,0,0,0,0,0,0,2,6,8,4,4,0,0,0,0,5,11,18,12,0,0,0,2,8,8,3,1,0,0,0,0,0,0,0,2,2,0,0,8,8,4,6,0,0,2,4,2,0,0,0,0,0,0,0,0,0,0,0,0,0,0,0,0,0,0,0,0,0,0,0,0,0,0,4,4,8,3,6,2,0,0,0,0,4,4,0,0,0,0,0,0,0,0,0,0,0,0,0,0,0,0,0,0,0,8,11,4,1,2,12,13,0,0,0,0,0,0,0,0,0,0,0,0,0,0,0,0,0,0,0,0,0,0,0,0,0,0,0,0,0,0,0,0,0,0,0,0,0,0,0,0,0,0,0,0,0,0,0,0,0,0,0,0
000101.bin,conv2,2,21x800x704,0,400,KittiDataset.__getitem__,True,kitti,15000,11827200,28033,0.002370214420995671,0.9976297855790043,0,0,0,0,0,0,0,0,0,0,0,0,0,0,0,0,0,0,0,0,0,0,0,0,0,0,0,0,0,0,0,0,0,0,0,0,0,0,0,0,0,0,0,0,0,0,0,0,0,0,0,0,0,0,0,0,0,0,0,0,4,36,68,120,118,109,137,129,147,121,105,134,138,100,109,139,113,124,124,89,134,121,97,117,130,95,110,101,64,72,77,87,95,119,84,75,93,134,121,83,95,99,53,70,76,84,87,46,63,72,84,88,108,69,64,67,95,106,111,134,143,155,144,119,115,129,165,124,107,185,234,144,62,82,69,103,124,151,136,86,94,108,149,160,162,109,82,83,121,153,116,83,112,152,143,159,170,143,99,99,81,110,166,252,234,166,58,51,57,69,73,90,100,81,80,116,103,151,96,93,89,147,150,109,107,172,129,51,77,106,97,76,123,154,83,80,84,108,114,79,76,89,78,57,88,140,155,112,100,90,55,55,81,84,88,55,48,48,66,67,74,145,132,112,82,102,77,95,85,56,64,60,76,98,76,40,32,46,67,96,115,72,54,79,56,40,53,58,56,30,26,43,34,44,58,68,53,34,54,36,33,32,22,40,28,37,36,55,63,40,38,48,45,32,30,17,30,31,14,36,32,51,52,28,29,15,19,24,37,39,27,36,21,16,38,38,29,30,20,23,22,35,44,26,18,35,44,24,24,8,16,39,30,18,26,14,24,30,34,28,19,34,69,35,35,32,22,28,25,25,31,30,34,29,29,37,44,60,41,30,20,28,31,25,30,46,25,34,31,32,39,30,61,39,53,50,43,24,18,21,35,35,50,43,43,47,40,41,35,33,35,51,34,21,28,21,49,70,47,32,20,17,25,33,25,14,24,22,30,18,12,20,24,43,31,23,20,24,34,40,42,36,29,33,36,41,19,12,14,28,43,42,19,24,14,21,36,29,23,16,20,23,28,48,67,96,79,43,35,49,46,36,54,51,41,28,43,42,35,33,24,16,22,15,10,12,20,16,24,18,13,4,2,8,15,14,7,12,16,21,9,10,20,15,3,5,7,2,10,4,5,8,17,8,8,10,4,8,10,14,18,12,14,36,31,15,11,19,22,14,9,22,14,27,25,28,9,6,14,8,20,8,13,8,8,7,9,12,31,24,16,16,10,26,56,48,2,11,9,16,8,24,20,10,10,8,16,12,12,14,21,19,22,13,8,7,5,4,2,6,6,9,17,10,15,21,13,3,9,6,6,4,12,13,8,4,5,5,6,2,0,1,1,2,4,2,2,13,7,4,5,6,8,19,17,10,12,0,2,1,12,18,14,0,1,1,4,12,8,18,2,0,0,10,24,20,18,16,6,4,0,7,11,8,4,17,31,32,43,30,17,17,16,4,0,6,7,6,13,12,6,12,14,6,5,13,8,16,11,8,6,8,10,4,2,1,14,17,8,7,1,4,5,5,6,2,0,0,0,0,0,0,3,5,2,0,0,0,1,0,1,3,5,5,4,4,3,1,1,3,2,7,13,5,5,2,6,4,2,2,0,0,2,0,1,3,0,0,0,0,1,0,0,3,3,0,0,2,2,0,0,0,4,2
000102.bin,conv2,2,21x800x704,0,400,KittiDataset.__getitem__,True,kitti,15000,11827200,24602,0.0020801204004329004,0.9979198795995671,0,0,0,0,0,0,0,0,0,0,0,0,0,0,0,0,0,0,0,0,0,0,0,0,0,0,0,0,0,0,0,0,0,0,0,0,0,0,0,0,0,0,0,0,0,0,0,0,0,0,0,0,0,0,0,0,2,6,10,21,29,39,37,37,44,45,52,57,58,64,57,41,48,60,66,72,76,89,87,81,87,93,95,94,96,98,103,86,94,100,96,86,94,126,139,134,163,153,108,129,168,177,114,126,138,144,162,123,85,71,77,89,114,95,51,38,44,74,77,74,77,110,121,114,93,87,82,94,104,91,97,113,111,73,64,63,74,81,94,92,70,68,75,92,92,80,72,79,71,66,117,124,94,78,69,88,91,97,101,97,92,82,72,81,114,124,93,90,120,120,93,91,93,105,94,94,104,75,104,147,182,191,165,122,99,86,77,99,97,116,115,114,137,120,103,98,97,90,101,140,132,92,89,86,66,53,78,78,93,83,90,99,115,113,100,87,68,76,118,111,106,68,49,39,66,62,50,30,37,29,42,47,28,25,34,54,86,110,107,88,74,57,69,90,82,71,74,90,83,97,117,104,121,135,146,158,119,67,35,43,56,77,88,88,72,63,53,55,71,63,50,55,87,105,69,47,27,17,24,37,60,48,41,37,45,49,49,43,49,61,96,92,58,38,30,24,32,38,41,45,62,78,61,39,41,40,44,42,81,94,55,66,51,30,26,15,34,57,47,44,34,34,37,41,35,34,29,46,69,52,26,18,8,17,21,25,15,6,18,23,16,21,34,56,86,124,97,98,90,59,65,93,76,54,68,82,73,84,44,34,30,42,39,41,34,31,44,29,20,26,11,20,25,16,18,5,4,6,3,5,3,6,4,7,11,7,4,8,12,14,27,44,21,27,27,30,30,44,40,51,33,23,22,23,22,10,6,12,8,1,0,8,7,4,6,5,1,0,4,6,0,2,6,4,4,3,3,0,3,3,0,2,4,0,0,2,10,4,4,12,10,8,2,6,10,10,9,5,8,2,2,2,0,0,8,4,0,4,4,0,0,0,0,4,8,6,6,0,0,4,4,2,0,8,8,0,0,2,2,0,0,0,0,0,0,0,0,0,2,0,0,2,0,0,0,0,0,0,8,17,11,0,6,4,2,0,4,4,1,2,6,1,6,4,4,3,1,1,1,0,0,0,0,0,0,0,0,0,0,0,0,0,0,0,0,0,0,0,0,0,0,0,0,0,0,0,0,0,0,0,0,0,0,0,0,0,0,0,0,0,0,0,0,0,0,0,0,0,0,0,0,0,0,0,0,0,0,0,0,0,0,0,0,0,0,0,0,0,0,0,0,0,0,0,0,0,0,0,0,0,0,0,0,0,0,0,0,0,0,0,0,0,0,0,0,0,0,0,0,0,0,0,0,0,0,0,0,0,0,0,0,0,0,0,0,0,0,0,0,0,0,0,0,0,0,0,0,0,0,0,0,0,0,0,0,0,0,0,0,0,0,0,0,0,0,0,0,0,0,0,0,0,0,0,0,0,0,0,0,0,0,0,0,0,0,0,0,0,0,0,0,0,0,0,0,0,0,0,0,0,0,0,0,0
000103.bin,conv2,2,21x800x704,0,400,KittiDataset.__getitem__,True,kitti,15000,11827200,19060,0.0016115395021645022,0.9983884604978355,0,0,0,0,0,0,0,0,0,0,0,0,0,0,0,0,0,0,0,0,0,0,0,0,0,0,0,0,0,0,0,0,0,0,0,0,0,0,0,0,0,0,0,0,0,0,0,0,0,0,0,0,0,0,4,28,46,31,6,4,0,0,0,0,0,10,23,28,16,18,16,7,17,26,39,34,34,43,36,40,48,44,49,63,78,59,68,80,113,103,62,67,95,97,74,96,89,69,77,75,65,75,108,139,153,172,160,165,164,156,161,160,154,189,184,185,312,415,501,472,486,366,259,271,319,305,329,335,276,248,257,258,320,342,347,300,286,261,251,241,249,237,199,194,196,234,253,264,225,186,156,179,248,251,242,205,218,228,149,103,64,47,45,61,103,103,112,80,36,29,31,53,14,14,12,77,91,72,126,273,261,87,126,203,112,47,24,11,8,8,10,2,0,1,1,0,0,2,0,0,0,0,0,2,2,4,31,39,20,19,8,6,0,7,2,9,2,4,2,4,2,10,10,7,6,8,4,0,0,2,0,0,2,2,0,0,0,0,0,0,0,0,0,0,0,0,0,0,0,0,2,2,1,2,5,3,3,5,4,6,7,8,10,4,2,0,0,0,0,0,0,0,0,0,0,0,0,0,0,0,0,0,0,0,0,0,2,2,0,0,0,0,0,0,0,0,0,0,0,0,0,0,0,0,0,0,0,0,0,0,0,0,0,0,0,0,2,4,0,0,0,0,0,0,0,0,0,0,0,2,2,0,0,0,0,0,0,0,0,0,0,0,0,0,0,0,0,0,0,0,0,0,0,0,0,0,0,0,0,0,0,0,0,0,0,0,0,0,0,0,0,0,0,0,0,0,0,0,0,0,0,0,0,0,0,0,0,0,0,0,0,0,0,0,0,0,0,0,0,0,3,7,0,0,0,0,0,0,0,0,0,0,0,0,0,0,0,0,0,0,0,0,0,0,0,0,0,0,0,0,0,0,0,0,0,0,0,0,0,0,0,0,0,0,0,0,0,0,0,0,0,0,0,0,0,0,0,0,0,0,0,0,0,0,0,0,0,0,0,0,0,0,0,0,0,0,0,0,0,0,0,0,0,0,0,0,0,0,0,0,0,0,0,2,2,0,0,0,0,0,0,0,0,0,0,0,0,0,0,0,3,1,5,4,0,0,0,0,0,0,0,0,0,0,0,0,0,0,0,0,0,0,0,0,0,0,0,0,0,0,0,0,0,0,0,0,0,0,0,0,0,0,0,0,0,0,0,0,0,0,0,0,2,2,0,0,0,0,0,0,0,0,0,0,0,0,0,0,0,0,0,0,0,0,0,0,0,0,0,0,0,0,0,0,0,7,7,0,2,0,0,0,0,0,0,0,0,0,0,0,0,0,0,0,0,0,0,0,0,0,0,0,0,0,0,0,0,0,0,0,0,0,0,0,0,0,0,0,0,0,0,0,0,0,0,0,0,0,0,0,0,0,0,0,0,0,0,0,0,0,0,0,0,0,0,0,0,0,0,0,0,0,0,0,0,0,0,0,0,0,0,0,0,0,0,0,0,0,0,0,0,0,0,0,0,0,0,0,0,0,0,0,0,0
000104.bin,conv2,2,21x800x704,0,400,KittiDataset.__getitem__,True,kitti,15000,11827200,29220,0.002470576298701299,0.9975294237012987,0,0,0,0,0,0,0,0,0,0,0,0,0,0,0,0,0,0,0,0,0,0,0,0,0,0,0,0,0,0,0,0,0,0,0,0,0,0,0,0,0,0,0,0,0,0,0,0,0,0,0,0,0,0,0,8,10,13,13,15,18,30,48,47,52,55,61,71,86,99,98,91,123,131,101,108,120,118,101,129,107,103,117,101,90,106,104,79,78,77,57,62,78,82,81,84,78,73,90,91,100,88,88,95,89,54,79,87,91,96,75,71,67,89,100,104,88,57,58,66,65,82,91,102,119,143,146,100,100,103,131,149,152,111,99,110,126,118,94,101,98,113,134,141,134,83,90,96,94,107,136,131,75,87,79,78,88,125,142,77,86,83,94,92,89,102,128,82,81,78,83,97,92,91,80,92,115,57,64,79,130,156,146,124,117,143,142,156,94,92,91,92,112,97,93,81,97,116,135,156,81,58,41,30,33,38,42,50,54,51,40,51,93,139,177,104,70,72,59,51,71,68,59,59,50,64,65,74,100,118,65,84,89,71,58,51,49,58,67,82,69,68,61,50,76,76,93,110,85,84,103,108,70,84,140,103,64,66,68,58,40,54,39,48,57,68,82,99,117,131,124,155,174,181,164,109,76,89,82,79,59,60,58,43,44,58,90,88,54,52,41,38,35,42,34,36,43,46,41,37,35,37,34,38,43,53,76,64,42,57,49,42,37,23,42,36,28,38,32,47,63,53,44,34,33,31,35,50,52,54,48,37,30,30,31,17,13,11,14,25,17,23,17,6,20,18,18,28,36,31,26,40,37,49,52,77,67,55,58,46,42,32,26,20,34,32,29,54,56,79,59,32,20,19,22,16,25,25,12,20,17,22,13,26,11,27,20,30,38,27,15,18,19,17,20,21,18,26,26,21,35,31,26,41,35,21,15,19,17,25,26,21,24,13,17,28,24,21,40,33,23,46,25,24,20,39,39,25,41,39,36,25,29,29,26,19,41,54,51,46,33,52,49,22,19,22,31,21,29,29,40,60,73,55,40,33,15,22,40,25,25,25,28,31,40,62,31,20,16,12,20,22,18,16,16,22,12,26,24,18,30,20,34,21,26,28,11,17,13,17,17,9,8,16,16,18,26,18,25,15,11,12,15,19,29,31,34,24,23,26,12,10,16,8,17,7,12,11,5,16,16,7,8,12,15,15,15,2,12,10,9,5,9,8,12,13,8,14,22,19,10,19,19,6,15,9,4,6,12,11,7,15,6,11,8,2,9,23,23,35,35,31,17,18,21,19,20,21,11,8,6,12,6,6,14,22,16,14,10,6,8,12,14,7,8,9,7,4,16,13,21,38,26,8,3,13,12,8,8,9,2,3,4,0,0,0,2,4,3,2,12,16,10,11,16,15,2,0,14,10,7,9,27,21,17,13,12,20,8,0,12,4,1,0,7,9,6,2,5,8,10,9,2,10,6,9,11,19,17,11,10,14,9,5,5,5,7,4,4,9,17,7,11,13,17,5,8,5,14,6,12,11,8,6,12,6,3,2,4,10,15,10,6,11,15,7,6,10,5,1,4,0,0,0,0,0,0,0,0,0,0,0,4,0
000105.bin,conv2,2,21x800x704,0,400,KittiDataset.__getitem__,True,kitti,15000,11827200,29139,0.0024637276785714284,0.9975362723214286,0,0,0,0,0,0,0,0,0,0,0,0,0,0,0,0,0,0,0,0,0,0,0,0,0,0,0,0,0,0,0,0,0,0,0,0,0,0,0,0,0,0,0,0,0,6,6,7,20,26,34,34,38,33,31,23,22,29,37,41,36,47,69,114,131,126,145,118,127,112,125,149,129,133,158,135,122,126,107,130,102,86,115,114,92,123,112,79,85,70,101,157,122,67,91,161,138,76,92,124,106,90,77,94,134,84,94,106,87,137,108,52,58,64,68,80,78,123,114,123,101,80,136,143,129,72,124,131,126,70,36,34,60,92,182,88,36,33,45,73,124,145,69,39,50,73,143,133,76,65,58,56,76,132,132,91,76,61,36,55,77,115,115,60,65,68,64,90,113,129,124,114,60,52,69,80,56,54,64,71,91,71,64,67,61,61,53,43,59,72,91,91,103,75,62,80,85,100,92,67,83,163,224,241,143,121,98,97,90,88,75,62,57,64,49,44,48,63,66,59,60,68,83,59,65,62,64,44,20,37,64,57,41,65,97,92,66,52,62,55,58,75,62,64,55,83,90,90,94,98,94,101,101,83,81,54,77,77,72,85,69,68,41,38,49,29,25,20,27,23,25,27,61,62,57,69,72,86,87,53,66,69,45,46,28,47,51,39,42,51,56,50,82,71,46,38,71,74,53,79,86,77,66,60,61,71,67,66,48,42,50,64,93,66,46,34,35,37,47,49,48,43,29,34,45,60,59,49,56,44,78,57,21,22,21,32,35,31,24,23,25,25,23,19,21,22,20,31,29,21,23,29,26,47,29,32,23,25,26,39,38,38,48,46,103,92,64,62,62,86,83,47,39,41,37,36,35,47,39,57,52,35,33,33,25,14,15,27,29,42,39,44,46,28,35,19,38,38,26,40,33,16,16,18,43,77,60,50,36,32,48,57,39,18,14,15,42,87,92,46,14,22,23,36,42,35,28,41,24,17,27,46,59,52,31,34,33,30,29,23,31,25,20,12,12,19,23,15,15,9,12,11,13,17,6,11,4,14,28,32,29,26,36,21,8,16,23,37,36,29,30,43,38,40,41,61,44,54,20,22,23,22,28,22,17,18,14,26,21,14,20,17,32,24,31,32,24,13,16,24,19,5,12,17,12,8,12,12,12,15,21,9,23,28,19,16,17,32,56,47,27,28,12,15,13,6,22,19,9,11,12,15,11,14,11,14,16,8,10,3,14,5,3,6,4,2,2,6,6,6,0,4,6,10,4,0,4,23,37,21,20,9,21,14,7,1,4,4,6,0,0,3,14,12,16,18,13,28,16,10,8,10,3,4,8,6,13,17,14,26,26,24,17,21,23,11,12,6,3,10,12,5,21,4,0,2,4,5,2,8,6,9,34,46,19,10,7,1,0,0,5,3,2,5,5,3,5,6,8,8,8,11,10,12,18,8,4,6,8,4,2,1,3,0,0,0,1,1,0,0,2,6,7,0,0,0,0,0,4,0,0,0,2,0,2,1,0,0,0,0,0,0,0,0,0,0,2,0,0,2,0,2,0,0,0,0,2,2,0,0,1,0,0,0,0,4,4,12,67,15,2,4,4,13
000106.bin,conv2,2,21x800x704,0,400,KittiDataset.__getitem__,True,kitti,15000,11827200,28840,0.00243844696969697,0.997561553030303,0,0,0,0,0,0,0,0,0,0,0,0,0,0,0,0,0,0,0,0,0,0,0,0,0,0,0,0,0,0,0,0,0,0,0,0,0,0,0,0,0,0,0,0,0,0,7,10,13,14,14,15,18,26,25,35,44,51,48,56,58,58,59,67,92,113,129,128,138,158,121,164,151,119,132,148,149,145,153,112,119,145,124,107,149,119,88,138,128,105,96,100,89,122,116,108,134,171,132,100,114,140,103,95,95,112,151,130,83,91,104,109,137,127,82,89,96,118,127,143,165,151,209,206,197,157,168,206,229,172,152,137,147,161,126,119,148,164,147,174,151,96,103,126,120,165,161,109,84,88,91,106,138,120,100,89,97,114,116,144,130,84,80,84,68,59,57,56,109,111,116,110,131,122,131,136,135,153,139,99,92,115,124,120,107,81,55,67,90,67,53,51,57,68,104,141,122,100,86,69,103,79,56,52,52,121,132,71,83,63,83,67,108,102,94,108,85,70,92,133,123,133,150,149,109,99,94,127,102,52,49,72,72,71,41,30,33,40,52,49,50,87,100,97,103,95,50,49,58,43,37,32,42,37,32,26,34,41,52,78,97,94,88,119,107,95,79,81,86,29,26,36,38,28,41,39,34,26,37,58,36,27,38,34,57,66,41,31,20,28,49,63,36,28,40,51,37,21,31,41,34,20,23,20,19,25,48,30,30,46,78,69,40,50,49,30,17,14,22,23,44,52,67,92,78,53,51,46,59,49,58,53,39,38,25,32,35,46,25,17,18,22,18,22,35,45,30,33,47,34,34,30,22,23,9,15,25,25,23,20,16,22,5,22,16,25,20,11,22,22,25,21,19,22,26,29,16,5,16,18,18,12,23,17,19,24,19,7,10,26,25,38,46,59,50,30,21,18,23,26,16,20,10,8,21,15,27,33,43,21,12,10,18,14,27,20,12,8,20,5,2,12,3,8,12,25,24,23,17,9,12,9,10,5,5,9,2,2,15,9,7,3,20,30,29,26,22,12,17,22,8,5,4,5,11,8,9,8,8,7,2,5,11,4,4,9,27,13,17,16,18,19,5,9,20,25,15,13,35,41,11,26,20,13,4,9,8,6,3,9,11,2,4,4,0,2,2,2,4,4,4,12,8,3,7,7,10,8,9,5,4,18,18,20,19,14,8,7,8,4,4,3,4,5,5,11,12,10,10,12,5,15,22,0,4,7,8,1,1,0,1,5,0,2,2,5,1,0,0,1,2,7,17,12,6,0,4,10,14,8,1,2,0,0,4,4,1,1,0,7,4,13,2,4,2,2,1,0,2,4,2,4,5,12,22,23,19,18,23,18,13,10,5,11,4,8,4,4,4,4,2,2,0,8,8,4,0,2,3,0,4,4,0,6,0,2,2,0,8,0,2,6,10,0,2,4,5,4,3,6,8,9,4,6,0,2,6,12,0,0,4,7,2,0,0,3,3,4,1,0,0,1,3,3,1,0,0,1,0,1,5,2,2,2,7,4,2,0,1,2,0,0,0,0,2,5,4,4,0,0,4,1,1,8,2,6,6,4,9,9,11,7,5,2,0,0,2,1,0,0,0,0,0,0
000107.bin,conv2,2,21x800x704,0,400,KittiDataset.__getitem__,True,kitti,15000,11827200,23690,0.002003010010822511,0.9979969899891775,0,0,0,0,0,0,0,0,0,0,0,0,0,0,0,0,0,0,0,0,0,0,0,0,0,0,4,5,12,12,16,17,17,15,12,14,12,15,19,18,14,10,13,14,14,16,17,15,12,12,9,9,10,9,8,8,15,15,9,11,11,18,28,70,54,44,82,65,86,67,62,100,76,47,87,115,81,101,72,72,105,69,99,159,112,60,147,87,62,49,53,110,148,46,40,69,155,129,92,120,153,107,91,91,131,184,140,120,115,127,138,174,118,101,101,91,74,89,111,91,135,141,86,83,104,126,151,117,101,183,181,124,93,95,74,67,117,131,87,114,110,101,144,148,103,98,101,114,167,175,145,123,114,132,172,180,148,126,110,117,112,127,146,133,155,145,120,104,108,96,103,99,134,131,132,132,131,112,118,124,85,86,94,98,99,69,67,60,72,88,63,49,49,47,49,62,68,67,63,60,67,83,80,70,43,54,54,77,73,74,82,55,72,139,151,70,81,77,55,52,45,47,52,77,93,93,104,59,34,41,40,50,49,36,47,38,38,44,23,22,29,26,22,50,75,48,30,27,38,31,22,17,27,32,23,31,31,25,21,32,19,7,16,8,2,0,2,5,3,0,0,7,7,11,26,15,8,2,2,2,2,17,26,13,8,12,11,9,11,18,18,9,5,0,0,0,4,2,4,6,6,5,10,54,58,67,79,30,32,56,60,53,46,25,25,18,8,14,27,16,7,27,39,29,37,54,64,52,44,33,36,54,43,48,64,85,106,112,101,84,95,86,71,66,53,35,40,47,41,36,36,36,35,36,41,42,32,36,48,33,11,18,11,5,5,0,22,32,20,27,118,121,10,8,45,98,67,22,6,2,5,9,13,0,0,4,8,2,2,9,13,14,7,6,4,4,6,2,2,11,14,9,1,3,7,4,4,9,12,25,28,17,7,2,1,0,4,4,10,4,7,9,2,5,4,2,0,4,10,4,2,4,4,8,8,6,2,2,0,2,15,19,10,6,11,13,8,9,11,7,7,4,6,5,5,3,11,9,11,14,10,8,3,5,5,4,5,15,23,20,10,18,17,22,44,90,60,11,6,2,4,7,4,4,20,17,15,4,10,4,4,2,5,3,36,6,0,7,7,6,16,14,10,16,9,6,4,6,4,2,2,6,23,6,10,24,14,12,8,4,8,4,2,4,8,6,4,4,2,2,4,4,0,2,6,2,1,3,4,8,4,5,21,29,43,18,7,7,4,8,0,2,0,1,0,2,2,2,0,10,6,9,6,0,4,16,19,10,4,8,12,4,0,0,0,0,0,6,33,43,18,4,2,0,0,1,0,0,1,7,8,4,4,18,6,0,7,8,2,10,19,3,2,1,1,0,0,0,0,0,0,0,0,0,0,0,0,0,0,0,0,0,0,3,12,23,9,1,0,0,0,0,4,4,0,0,0,0,0,2,2,0,0,0,0,0,0,0,0,0,2,5,7,6,2,0,0,0,0,0,0,0,0,2,4,2,2,4,13,5,0,0,0,0,0,0,0,2,3,1,0,0,0,0,0,4,0,0,0,0,0,0,0,0,0,0,0,0,0,0,4,4,0,0
000108.bin,conv2,2,21x800x704,0,400,KittiDataset.__getitem__,True,kitti,15000,11827200,22849,0.0019319027326839826,0.998068097267316,0,0,0,0,0,0,0,0,0,0,0,0,0,0,0,0,0,0,0,0,0,0,0,0,0,0,0,0,0,0,0,0,0,0,0,0,2,17,20,20,17,18,18,12,12,12,12,13,18,18,17,16,16,17,18,26,32,38,53,55,58,64,80,118,142,112,144,146,127,138,123,130,128,100,96,112,116,99,129,96,91,135,122,91,111,127,103,125,102,62,87,105,111,138,110,105,117,161,130,100,105,132,103,69,78,107,158,124,74,71,99,121,131,125,81,78,64,64,61,87,155,190,217,148,107,123,149,148,138,96,99,122,110,70,75,85,91,120,129,98,79,94,95,109,119,121,88,59,78,86,94,71,47,47,66,65,89,104,71,41,44,44,47,56,67,85,105,65,37,39,37,36,35,41,96,134,104,78,92,94,69,60,90,91,75,117,139,115,100,118,155,123,143,147,139,143,170,159,167,211,178,138,102,98,90,87,86,95,83,58,63,104,99,65,68,57,49,46,54,48,38,46,43,31,43,48,55,78,54,29,55,47,28,26,33,35,40,27,27,18,27,26,20,36,49,55,29,21,17,24,29,17,26,27,32,30,29,29,20,39,32,44,44,30,16,19,12,15,21,23,16,19,18,11,10,5,9,21,9,9,15,13,16,17,13,32,30,26,23,16,29,41,17,5,13,14,5,6,6,7,16,22,25,29,26,33,41,43,57,63,50,47,40,18,11,14,20,18,18,20,32,19,17,10,4,6,4,0,3,2,0,14,10,4,2,0,0,15,20,11,3,1,1,1,3,4,6,4,1,0,0,3,3,2,6,18,19,24,16,13,41,58,34,21,13,15,20,22,12,6,2,0,0,0,4,4,6,7,6,8,7,4,8,8,7,6,7,24,35,48,34,9,6,3,5,4,0,2,0,0,0,0,2,2,2,2,5,11,9,19,26,38,41,30,39,44,14,6,8,0,0,2,2,0,0,0,2,5,6,7,4,5,6,4,4,5,4,10,12,7,21,40,25,39,22,11,12,26,39,37,30,20,21,13,17,19,21,22,29,48,58,41,83,81,38,54,61,36,23,12,4,6,21,33,45,49,50,36,40,34,50,49,48,31,21,12,7,26,18,10,21,34,27,25,14,23,19,7,7,7,10,9,2,1,4,9,6,3,10,9,18,12,1,3,5,1,4,0,0,0,0,0,0,0,0,2,0,2,2,4,4,16,24,18,21,11,0,0,0,0,2,0,0,5,4,0,0,4,10,9,7,9,24,15,9,11,6,2,8,9,8,6,10,6,4,8,4,4,4,2,0,0,0,6,4,0,0,0,0,2,0,0,0,2,4,0,0,0,4,4,0,0,2,0,4,2,0,0,2,0,0,2,0,6,14,9,9,0,0,0,0,0,0,0,0,0,7,6,4,4,3,0,0,2,0,0,0,4,4,8,6,0,5,5,0,0,0,0,0,1,17,19,10,13,3,0,1,0,0,0,0,1,4,3,0,5,2,0,0,0,0,0,0,0,0,0,0,1,2,0,0,0,0,0,0,0,0,0,0,0,0,0,0,0,0,0,0,0,0,0,0,0,0,2,2,0,0,3,3,0,0,0,0,0
000109.bin,conv2,2,21x800x704,0,400,KittiDataset.__getitem__,True,kitti,15000,11827200,19231,0.0016259977002164503,0.9983740022997836,0,0,0,0,0,0,0,0,0,0,0,0,0,0,0,0,0,0,0,0,0,0,0,0,0,0,0,0,0,0,0,0,0,0,0,0,0,0,0,0,0,0,0,0,0,0,0,0,0,0,0,0,0,0,0,30,46,30,5,2,0,0,0,0,0,11,23,31,17,18,13,14,19,29,36,32,40,43,36,35,45,47,44,53,65,58,65,83,128,127,95,101,98,77,46,64,69,55,62,71,71,85,122,149,169,183,159,180,175,149,174,179,170,199,200,212,298,410,505,488,514,381,280,292,291,279,315,319,269,242,265,265,309,359,346,300,294,237,246,237,244,241,216,206,207,229,267,253,229,180,142,185,253,252,235,201,227,224,162,103,50,37,45,56,106,109,112,76,25,27,42,55,13,11,15,72,98,70,134,271,244,92,139,216,103,39,16,12,11,12,10,6,4,1,1,0,0,2,2,0,0,2,0,2,4,4,31,37,20,15,10,4,5,5,6,7,2,8,0,2,8,11,8,9,8,8,2,2,0,1,0,0,2,0,0,0,0,0,0,0,0,0,0,0,0,0,0,0,0,0,0,0,1,2,4,4,2,6,4,4,5,6,4,2,2,0,0,0,2,4,4,0,0,0,0,0,0,0,0,0,0,0,0,0,0,2,2,4,2,0,0,0,0,0,0,0,0,0,0,0,0,0,0,0,0,0,0,0,0,0,0,0,0,0,0,0,3,4,0,0,0,4,4,0,0,0,0,0,0,4,4,0,0,0,0,0,0,0,0,0,0,0,0,0,0,0,0,0,0,0,0,0,0,0,0,0,0,0,0,0,0,0,0,0,0,0,0,0,0,0,0,0,0,0,0,0,0,0,0,0,0,0,0,0,0,0,0,0,0,0,0,0,0,0,0,0,0,0,0,0,7,10,5,1,0,0,0,0,0,0,0,0,0,0,0,0,0,0,0,0,0,0,0,0,0,0,0,0,0,0,0,0,0,0,0,0,0,0,0,0,0,0,0,0,0,0,0,0,0,0,0,0,0,0,0,0,0,0,0,0,0,0,0,0,0,0,0,0,0,0,0,0,0,0,0,0,0,0,0,0,0,0,0,0,0,0,0,0,0,0,0,0,0,2,2,0,0,0,0,0,0,0,0,0,0,0,0,0,0,0,2,3,1,0,0,0,0,0,0,0,0,0,0,0,0,0,0,0,0,0,0,0,0,0,0,0,0,0,0,0,0,0,0,0,0,0,0,0,0,0,0,0,0,0,0,0,0,0,0,0,0,0,2,2,0,0,0,0,0,0,0,0,0,0,0,0,0,0,0,0,0,0,0,0,0,0,0,0,0,0,0,0,0,0,0,3,7,0,2,0,0,0,0,0,0,0,0,0,0,0,0,0,0,0,0,0,0,0,0,0,0,0,0,0,0,0,0,0,0,0,0,0,0,0,0,0,0,0,0,0,0,0,0,0,0,0,0,0,0,0,0,0,0,0,0,0,0,0,0,0,0,0,0,0,0,0,0,0,0,0,0,0,0,0,0,0,0,0,0,0,0,0,0,0,0,0,0,0,0,0,0,0,0,0,0,0,0,0,0,0,0,0,0,0
000110.bin,conv2,2,21x800x704,0,400,KittiDataset.__getitem__,True,kitti,15000,11827200,22879,0.0019344392586580087,0.998065560741342,0,0,0,0,0,0,0,0,0,0,0,0,0,0,0,0,0,0,0,0,0,0,0,0,0,0,0,0,0,0,0,0,0,0,0,0,0,0,0,0,0,0,0,0,0,0,0,0,0,0,0,0,4,10,12,20,22,30,39,45,62,97,105,99,124,109,116,128,117,122,101,107,131,140,135,127,178,239,196,144,162,138,113,120,105,95,79,102,127,102,100,101,119,81,71,68,38,48,69,84,63,44,32,54,81,80,68,60,60,44,40,49,41,76,116,102,82,47,62,104,112,100,102,148,138,119,135,159,175,219,198,163,128,130,130,191,135,109,108,112,146,182,134,117,109,141,191,202,156,128,108,119,127,114,152,158,115,88,86,81,95,122,207,183,149,143,123,105,104,94,121,135,83,78,82,76,62,64,78,78,62,79,100,81,74,71,30,38,38,43,46,41,80,88,43,47,40,35,19,19,31,30,30,37,54,93,68,68,58,53,55,44,42,51,48,34,33,33,29,57,58,38,24,29,32,40,39,39,33,21,32,47,36,33,28,25,27,18,21,24,41,52,36,38,52,44,48,52,50,45,41,53,55,59,39,35,25,22,21,28,62,106,77,77,67,53,36,35,37,49,52,36,46,50,36,45,88,106,61,33,37,19,12,15,19,10,4,12,8,10,8,6,8,10,6,6,10,15,35,28,9,10,13,12,12,15,13,5,8,8,10,6,16,6,12,14,13,10,15,21,20,17,15,20,13,7,10,12,7,48,62,33,22,22,15,14,6,7,9,13,31,42,36,27,24,60,88,46,40,41,20,22,28,27,31,42,57,37,43,42,39,39,29,42,63,55,57,31,26,31,27,22,20,30,22,18,23,29,29,28,74,35,17,14,26,21,7,11,23,45,66,56,33,16,18,13,100,125,70,37,15,17,11,11,5,5,0,6,25,18,8,16,4,26,46,42,36,29,8,11,8,19,18,13,12,4,2,4,0,1,3,4,1,1,1,0,16,14,0,1,1,0,0,3,2,0,2,0,0,0,5,4,8,19,14,19,23,23,67,58,32,35,48,18,16,18,8,4,4,2,2,4,5,7,12,5,21,45,28,27,18,16,20,22,10,12,18,14,2,0,0,0,4,0,0,2,2,0,0,0,0,0,2,4,4,2,2,0,2,0,0,0,0,0,0,0,0,0,4,4,1,1,2,0,0,0,0,0,0,0,1,1,0,0,0,0,4,4,0,1,1,0,4,13,20,27,18,14,14,9,4,2,3,2,4,4,0,2,6,6,2,2,2,0,0,0,2,2,0,0,0,4,0,0,0,0,0,0,0,0,0,0,0,0,0,0,0,0,0,0,0,0,0,0,0,0,4,6,6,4,0,0,0,0,0,0,0,1,2,0,6,3,3,11,2,4,2,2,0,0,0,0,0,0,0,2,0,0,0,0,0,0,0,0,0,2,0,1,1,4,0,0,0,0,0,0,0,0,0,0,0,0,0,0,0,0,0,0,0,0,0,0,0,1,0,0,0,0,0,0,0,0,0,0,0,0,0,0,0,0,0,0,0,0,0,0,0,0,0,0,0,0,0,0,0,0,0,0,0,0,0,0,0,0
000111.bin,conv2,2,21x800x704,0,400,KittiDataset.__getitem__,True,kitti,15000,11827200,27554,0.002329714556277056,0.9976702854437229,0,0,0,0,0,0,0,0,0,0,0,0,0,0,0,0,0,0,0,0,0,0,0,0,0,0,0,0,0,0,0,0,0,0,4,10,8,7,2,2,0,0,0,0,0,0,0,0,0,0,0,0,0,0,0,2,3,5,13,20,25,30,43,51,50,62,64,61,73,99,136,97,65,87,125,129,135,99,78,123,106,92,109,104,103,131,102,76,75,93,115,107,64,86,111,121,74,97,142,104,56,62,114,140,110,81,67,64,109,132,93,76,79,76,80,80,78,103,144,107,73,75,87,132,116,59,89,134,111,76,72,67,102,150,166,116,123,128,153,155,145,117,103,105,115,141,132,97,98,92,98,130,115,70,76,80,76,90,78,75,88,61,54,41,40,33,32,53,77,64,52,50,53,43,43,43,50,81,82,52,54,48,65,46,42,45,43,53,72,92,77,69,60,51,41,51,66,46,56,74,104,99,74,74,66,66,72,88,92,65,59,48,46,76,101,70,61,53,61,53,56,60,79,78,44,27,35,50,38,52,105,71,52,47,65,56,69,45,42,39,54,30,23,80,144,62,32,22,30,20,39,61,97,107,71,59,106,106,106,108,69,52,35,39,32,56,79,80,53,25,19,34,20,20,27,34,25,45,60,50,23,28,27,32,32,30,32,37,48,75,41,22,51,69,68,131,165,129,89,56,46,52,44,57,55,53,69,104,166,156,168,171,218,288,205,74,58,44,47,45,36,45,28,36,41,56,56,39,37,28,43,37,53,66,55,69,46,31,33,21,29,40,59,69,66,86,124,105,63,65,50,48,38,34,31,44,50,55,45,46,31,37,68,83,63,63,52,45,37,29,67,89,60,51,59,42,44,39,44,34,37,26,22,43,54,42,51,25,14,23,29,19,17,27,12,23,29,25,22,22,22,34,39,35,22,18,14,9,16,16,16,15,14,23,68,57,24,21,11,18,17,24,17,16,20,19,21,21,17,21,23,10,25,25,25,15,17,20,18,25,37,30,20,8,9,9,10,8,11,16,15,19,15,14,16,21,9,2,3,4,3,10,11,18,21,23,10,3,2,4,5,5,3,3,5,12,14,31,20,5,6,15,18,23,39,18,15,16,17,11,15,46,137,117,8,2,2,1,7,8,26,14,10,14,17,13,6,4,1,6,11,1,5,10,25,42,77,74,153,140,25,7,0,1,1,1,0,3,3,4,0,3,6,4,30,116,96,63,20,24,24,16,16,16,18,2,4,5,4,13,17,15,12,4,9,7,0,13,17,2,15,4,12,11,8,7,12,7,0,18,16,10,4,6,7,6,6,17,5,4,0,8,10,12,1,4,0,2,8,8,15,21,31,11,2,4,5,12,6,2,9,32,22,2,8,9,0,0,5,4,2,6,3,2,7,3,0,4,4,2,0,0,3,0,0,0,0,0,0,8,10,4,6,6,0,2,0,2,0,3,2,4,2,6,8,9,42,33,3,3,0,0,1,2,2,2,0,0,0,2,2,0,0,2,0,2,0,4,2,0,0,0,2,2,0,2,2,0,0,0,0,0,0,1,2,2,2,2,4,5,5,1,2,2,2,3,3,1,4,4,3,4,6,0
000112.bin,conv2,2,21x800x704,0,400,KittiDataset.__getitem__,True,kitti,15000,11827200,23714,0.0020050392316017314,0.9979949607683982,0,0,0,0,0,0,0,0,0,0,0,0,0,0,0,0,0,0,0,0,0,0,0,0,0,0,0,0,0,0,0,0,0,0,0,0,0,0,0,0,0,0,0,0,0,0,0,0,0,0,0,0,0,9,10,13,11,11,13,12,4,38,113,134,121,147,136,136,103,135,130,93,132,174,174,171,125,129,161,93,132,167,109,150,118,53,64,78,88,99,69,71,66,97,159,154,173,175,89,79,93,96,95,43,47,64,91,84,103,70,38,40,51,52,71,77,85,99,132,116,130,134,123,146,165,129,165,152,140,111,124,115,100,130,146,115,126,137,140,153,164,127,127,147,138,125,130,125,123,114,98,97,95,89,42,113,183,178,163,164,146,104,95,87,106,111,127,132,102,84,77,53,90,69,51,108,188,242,201,163,142,156,144,144,84,125,143,101,73,55,50,45,73,127,113,84,58,40,35,42,47,57,54,50,71,67,59,45,52,52,52,42,37,32,24,12,11,40,47,51,52,39,54,54,48,46,75,75,74,63,41,38,29,37,52,52,25,44,40,28,52,73,59,43,43,56,64,50,22,23,22,13,13,12,5,7,4,4,13,29,32,40,52,51,26,23,22,11,8,14,9,6,6,6,9,8,9,7,8,9,14,18,18,24,22,26,22,22,25,25,17,15,19,12,9,19,52,63,61,33,14,13,16,20,11,6,6,11,22,36,37,33,25,14,27,22,17,27,46,75,71,53,45,29,46,51,23,13,9,16,15,12,20,25,37,28,35,33,85,94,69,31,15,9,8,21,23,15,5,9,24,28,10,15,10,9,12,5,3,1,6,12,10,12,14,21,19,17,21,27,27,13,10,19,19,14,15,26,19,6,8,8,5,9,8,12,12,18,14,21,10,3,4,4,2,3,2,0,0,0,2,2,0,0,4,8,4,4,4,4,4,0,0,0,4,4,0,1,5,12,17,5,3,2,4,6,10,14,14,21,6,8,5,4,3,3,5,7,19,18,10,14,18,16,18,12,10,14,8,6,9,33,24,6,8,10,6,4,6,0,0,0,4,6,6,10,6,4,4,8,2,6,5,24,30,24,13,9,2,12,30,26,38,21,4,0,2,4,14,4,16,33,42,22,18,10,2,10,12,25,36,21,14,19,29,17,7,5,5,4,4,13,12,19,24,19,15,26,18,17,17,25,26,14,8,12,14,23,4,5,5,2,3,12,19,22,8,10,2,2,0,0,0,0,0,0,0,8,12,4,0,0,0,0,0,0,0,0,0,0,0,0,0,0,0,0,0,0,0,0,0,0,0,0,0,0,0,0,0,0,0,0,0,0,0,0,0,0,0,0,0,0,2,0,0,0,10,34,58,26,32,42,18,20,20,12,16,12,11,14,0,4,0,0,0,0,0,0,0,6,8,16,12,42,38,34,45,34,7,16,15,11,9,6,6,16,2,4,5,11,1,0,1,1,2,2,0,0,2,0,0,0,0,0,0,0,0,1,8,13,8,7,8,8,8,4,2,0,0,0,0,0,0,0,0,0,0,7,10,16,100,167,76,0,0,0,0,0,0,0,0,0,0,0,0,0,0,0,0,0,0,0,5,11
000113.bin,conv2,2,21x800x704,0,400,KittiDataset.__getitem__,True,kitti,15000,11827200,26536,0.002243641774891775,0.9977563582251082,0,0,0,0,0,0,0,0,0,0,0,0,0,0,0,0,0,0,0,0,0,0,0,0,0,0,0,0,0,0,4,5,2,4,8,8,0,0,0,0,0,0,0,0,0,0,0,0,0,0,2,24,47,54,50,48,52,50,51,48,64,101,133,129,152,131,128,131,102,119,127,82,105,137,116,129,106,96,127,102,78,110,94,88,105,55,57,65,80,112,118,84,74,104,115,60,87,110,66,53,65,98,89,38,39,46,55,53,54,35,35,43,49,55,65,82,108,113,58,58,65,88,96,75,72,82,73,51,60,52,63,100,90,54,60,60,69,95,75,51,56,57,67,81,64,47,49,58,73,84,65,48,49,51,54,58,72,91,73,50,50,44,47,48,56,66,77,63,50,46,45,51,49,58,58,69,72,34,36,32,38,40,38,40,40,41,46,50,42,46,48,52,68,69,34,33,30,31,30,33,32,37,36,42,55,123,237,251,226,233,138,81,40,42,45,60,67,67,75,68,101,106,109,104,45,31,46,61,54,90,74,68,97,119,144,258,227,116,124,91,116,132,119,151,204,178,203,180,103,78,67,71,75,60,54,57,95,81,98,71,81,102,178,151,104,69,65,58,68,49,42,45,58,63,55,47,63,107,115,85,61,15,8,41,39,13,30,41,18,37,55,80,65,68,52,12,49,113,153,169,154,215,222,150,150,175,121,144,227,238,163,104,96,94,105,72,50,50,45,68,54,20,22,36,50,73,75,91,44,21,16,16,26,57,82,137,148,127,91,44,12,10,45,45,32,16,15,15,6,13,38,39,116,78,26,30,47,78,40,103,246,183,64,38,13,16,18,14,13,12,7,3,2,2,3,5,6,4,2,2,4,4,4,6,12,20,32,32,10,8,14,6,2,16,20,17,16,20,22,20,18,18,24,22,35,45,38,27,16,20,34,18,23,20,12,10,6,12,18,4,7,41,36,14,15,15,10,10,15,11,9,3,7,2,1,2,6,5,2,3,3,21,46,31,6,1,3,3,0,6,2,0,0,0,0,0,0,6,9,7,4,6,4,1,3,2,14,35,29,8,13,7,11,9,3,6,2,5,4,4,6,4,4,6,4,2,4,6,10,6,2,2,4,8,4,16,6,24,50,36,12,25,17,11,4,4,6,6,0,2,12,10,6,4,4,0,0,2,2,0,0,0,0,6,20,26,30,12,4,4,0,0,0,0,2,0,0,0,0,0,0,0,0,0,0,4,0,4,0,2,2,0,0,0,0,0,0,0,0,0,0,0,4,13,20,12,8,2,6,6,2,2,0,0,0,0,0,0,0,0,8,4,0,0,2,6,4,2,0,0,5,1,0,4,0,4,6,0,0,0,0,0,5,21,59,18,2,10,8,6,0,2,2,0,0,0,4,0,1,1,4,2,0,0,0,0,0,0,0,0,0,0,0,0,0,0,0,0,0,0,0,0,0,0,0,4,0,0,0,0,0,0,0,0,0,0,0,0,0,2,0,0,0,0,2,2,0,0,0,0,0,0,0,0,0,0,0,0,0,0,2,0,0,0,0,0,0,0,0,0,0,0,0,2,1,2,1,0,0,0,0,0,0,0
000114.bin,conv2,2,21x800x704,0,400,KittiDataset.__getitem__,True,kitti,15000,11827200,26175,0.0022131189123376625,0.9977868810876623,0,0,0,0,0,0,0,0,0,0,0,0,0,0,0,0,0,0,0,0,0,0,0,0,0,0,0,0,0,0,0,0,0,0,0,0,0,0,0,0,0,0,0,0,0,0,0,0,0,0,0,0,0,0,0,0,0,0,0,0,4,6,10,14,14,27,33,41,45,50,52,49,48,49,54,63,74,104,103,91,123,98,74,91,101,89,79,87,64,52,71,74,72,80,88,72,69,84,103,64,62,89,81,85,98,99,122,149,122,119,124,113,102,130,90,45,48,61,53,65,68,72,72,122,145,91,95,109,89,88,89,101,101,91,108,99,115,134,152,170,136,110,60,66,74,144,178,186,161,91,75,100,133,81,116,114,103,113,178,218,114,133,104,81,83,77,57,133,145,79,84,74,96,114,92,112,144,136,132,103,105,82,71,87,56,60,64,61,107,96,74,155,225,192,165,142,109,112,114,117,242,257,227,174,121,176,235,175,83,118,176,159,120,85,107,104,120,164,119,119,103,108,108,112,96,79,79,80,82,94,88,90,106,91,92,105,117,92,69,60,67,65,69,56,77,85,64,56,46,35,48,44,50,35,30,32,31,60,57,69,46,53,64,52,45,68,84,79,87,53,34,30,46,62,58,52,40,58,68,50,30,30,45,58,64,84,69,49,62,47,40,32,53,44,51,51,36,44,54,58,51,46,46,24,23,36,42,38,26,36,45,78,96,39,25,43,35,25,39,35,29,24,33,40,33,28,48,74,124,99,46,37,48,26,33,56,44,34,31,18,29,46,34,16,12,45,37,21,20,7,4,3,1,0,0,0,0,1,0,8,12,12,8,12,8,16,17,12,16,23,16,11,9,10,7,17,21,9,0,4,16,9,11,18,25,22,18,14,13,11,9,6,10,4,4,9,3,4,4,2,2,2,10,35,51,33,34,28,54,29,20,11,6,13,16,22,17,25,27,17,14,12,14,12,4,15,15,15,20,16,1,12,21,20,14,19,11,10,19,10,14,17,10,9,6,9,13,9,3,6,25,31,11,12,4,8,23,21,13,5,8,14,25,17,12,5,6,9,11,6,12,7,6,15,5,0,4,3,0,4,4,3,7,7,15,16,9,0,4,4,4,8,8,4,2,4,6,6,7,24,34,9,9,13,16,9,3,2,4,4,3,2,2,11,18,4,2,2,1,1,0,2,2,6,20,11,2,0,7,4,0,0,6,19,20,45,23,19,12,6,0,0,4,6,2,0,0,2,4,0,0,0,4,2,1,0,2,17,17,6,4,0,3,4,4,6,4,0,2,1,0,0,0,4,2,4,2,6,14,10,10,10,14,0,2,0,5,4,0,0,4,0,0,0,0,0,0,0,0,0,4,2,1,1,0,1,1,4,55,32,6,8,3,0,4,0,8,13,5,0,4,6,8,4,0,1,1,0,5,4,2,3,4,3,0,2,2,1,8,6,1,0,0,1,1,3,9,17,2,2,4,0,2,2,2,0,0,0,0,0,0,0,3,4,0,0,0,1,1,0,0,0,0,0,0,0,0,0,0,0,4,4,4,8,49,75,26,4,2,0,0,0,0,0,0,4,8,5,5,12,6,1,1,0
000115.bin,conv2,2,21x800x704,0,400,KittiDataset.__getitem__,True,kitti,15000,11827200,32447,0.0027434219426406927,0.9972565780573593,0,0,0,0,0,0,0,0,0,0,0,0,0,0,0,0,0,0,0,0,0,0,0,0,0,0,0,0,0,0,0,0,0,0,0,0,0,0,0,0,0,0,0,0,0,0,0,0,0,0,0,0,0,0,2,8,20,24,26,24,26,32,36,41,46,47,63,64,67,73,73,75,84,72,72,89,106,109,111,110,129,147,132,108,127,122,107,142,144,104,96,103,125,126,132,108,129,116,139,121,102,112,155,145,122,120,127,157,153,100,124,131,134,137,162,119,109,114,106,106,103,136,142,119,141,108,118,140,139,152,143,122,130,177,136,132,146,141,143,128,140,119,90,113,134,144,124,159,130,112,129,157,148,154,150,105,70,68,100,108,139,203,121,78,71,79,75,91,105,94,132,88,58,61,52,51,56,77,58,83,102,66,50,52,62,75,69,82,113,115,108,109,80,69,76,70,97,70,52,70,74,64,65,58,63,48,47,35,44,58,52,56,46,48,78,103,140,162,93,97,71,37,25,23,30,36,46,51,29,44,58,43,36,37,58,44,39,61,92,82,50,17,23,23,32,37,39,32,52,62,49,61,73,72,130,125,101,195,200,129,107,162,121,148,126,106,93,94,74,67,92,60,69,69,74,82,106,114,90,99,71,89,82,79,98,111,116,150,150,172,200,242,219,220,188,123,107,119,106,112,86,86,67,56,52,49,74,71,49,47,49,39,46,61,59,67,58,48,44,95,136,77,66,43,24,25,24,19,24,15,9,18,21,26,23,36,24,28,17,17,14,19,21,32,32,21,18,31,26,36,39,44,66,75,41,44,67,72,88,85,81,98,95,84,59,52,60,94,71,50,23,32,37,30,29,27,30,56,20,13,21,20,13,22,21,31,30,46,62,38,38,33,13,51,62,53,23,41,28,21,23,28,28,31,21,20,22,22,21,4,11,14,9,18,7,9,12,13,36,95,86,25,18,18,25,22,19,27,29,26,16,14,20,31,50,53,46,20,8,18,27,38,36,28,22,18,42,55,74,57,40,25,12,11,4,22,21,12,20,31,16,16,7,11,26,76,23,8,6,10,10,8,19,18,6,14,22,27,8,2,11,13,7,11,27,24,19,6,10,12,15,25,23,32,26,20,26,29,22,29,31,10,3,9,18,26,19,23,12,12,51,51,12,21,13,15,16,24,37,22,8,10,8,20,14,16,27,49,63,45,13,5,7,5,65,58,5,7,10,9,12,10,6,10,9,6,10,18,12,5,16,9,15,10,3,4,10,8,3,8,2,6,6,8,10,8,2,4,4,16,19,13,15,29,13,22,16,19,12,6,11,2,7,11,10,12,15,9,6,2,4,4,0,2,0,0,8,4,2,0,6,10,8,0,2,4,30,48,10,8,12,10,13,14,8,2,8,0,0,0,0,0,0,0,2,31,32,0,0,7,10,5,2,5,11,8,5,8,6,8,6,8,10,4,8,2,0,0,2,0,2,2,2,0,2,0,0,0,0,0,0,0,0,0,0,2,4,8,3,5,13,6,7,6,3,25,22,12,10,11,16,20,11,8,8,18,12,7,12,6,4,4,0,0,2,12,4,10,8,2,4,0,2,0
000116.bin,conv2,2,21x800x704,0,400,KittiDataset.__getitem__,True,kitti,15000,11827200,23975,0.0020271070075757575,0.9979728929924242,0,0,0,0,0,0,0,0,0,0,0,0,0,0,0,0,0,0,0,0,0,0,0,0,0,0,0,0,0,0,0,0,0,0,0,0,0,0,0,0,0,0,0,0,0,0,0,0,0,0,0,0,0,0,0,2,2,6,9,13,31,61,90,94,78,73,76,68,68,68,103,121,110,102,107,152,128,141,119,86,129,144,79,126,154,117,142,205,168,143,126,141,168,208,109,93,112,197,171,97,94,159,161,101,91,84,93,139,113,91,88,80,105,150,141,111,103,98,100,95,86,107,118,135,137,130,139,128,105,133,123,98,96,127,100,73,80,83,81,76,82,100,93,94,95,98,67,90,97,63,69,60,65,64,66,81,77,64,78,83,59,56,72,67,57,59,64,63,68,67,63,63,74,72,81,76,71,79,93,83,68,71,86,91,62,63,72,80,71,60,59,45,59,70,79,73,56,61,66,73,78,64,76,85,79,69,52,59,65,71,59,62,64,49,53,45,76,114,101,66,71,79,70,75,78,80,63,54,60,56,47,43,53,57,60,55,43,39,54,57,62,75,42,24,28,31,49,56,47,53,47,52,47,44,40,47,47,39,38,46,36,48,52,62,43,47,64,74,45,65,120,85,64,66,52,58,48,61,57,48,35,75,84,39,42,46,83,90,86,66,50,46,53,80,42,23,21,26,29,28,33,23,3,2,10,52,56,27,37,38,36,45,56,50,25,14,17,21,31,32,29,29,41,36,28,15,8,4,8,4,4,3,2,10,30,43,20,6,6,6,3,3,2,7,7,3,2,2,4,7,6,5,6,5,9,6,4,6,15,11,5,8,6,4,2,6,2,39,45,19,23,16,10,10,8,6,2,10,18,15,14,22,19,8,8,5,1,2,7,8,9,12,4,6,18,20,15,9,6,8,13,0,4,8,9,15,23,25,22,12,16,11,9,8,33,46,23,39,29,35,37,25,22,23,24,26,20,24,11,9,7,12,29,37,116,156,58,4,2,4,5,2,0,0,4,1,1,0,0,0,0,4,0,1,1,0,0,0,0,0,4,1,0,6,28,25,25,2,3,6,8,8,12,10,16,20,8,12,10,6,8,8,10,10,0,2,2,8,4,2,0,2,4,16,25,19,9,0,0,0,0,0,0,0,2,2,0,0,0,0,2,2,6,8,2,0,2,2,0,0,4,8,13,10,2,4,4,0,0,0,4,4,2,2,0,0,0,0,0,0,2,4,4,11,16,18,19,16,3,2,18,17,46,84,85,66,51,65,51,72,92,123,137,131,152,129,37,2,4,2,0,0,0,0,2,8,12,10,2,4,0,2,2,1,0,1,2,0,10,2,6,10,4,0,0,0,0,0,0,0,0,4,12,18,23,10,4,11,7,2,4,4,4,2,3,3,0,6,6,0,6,6,2,0,0,0,4,10,6,2,19,17,6,18,4,1,11,16,0,0,0,0,1,4,4,0,0,0,0,0,0,0,0,0,1,3,2,0,0,0,0,0,0,0,0,0,0,0,0,0,0,0,0,0,0,0,0,0,0,0,0,0,0,0,0,0,0,0,0,0,0,0,0,0,16,14,0,0,0,0,0,0,2,2
000117.bin,conv2,2,21x800x704,0,400,KittiDataset.__getitem__,True,kitti,15000,11827200,27698,0.002341889880952381,0.9976581101190476,0,0,0,0,0,0,0,0,0,0,0,0,0,0,0,0,0,0,0,0,0,0,0,0,0,0,0,0,0,0,0,0,0,0,0,0,0,0,0,0,0,0,0,0,0,0,0,0,0,0,0,0,0,0,0,0,0,0,0,0,8,20,20,28,46,56,59,66,75,80,81,92,102,102,88,106,114,106,112,98,90,116,113,84,97,116,89,86,128,89,77,76,85,92,109,93,160,235,279,229,152,119,130,134,120,117,90,101,189,242,210,169,137,112,130,110,70,78,107,109,118,130,132,118,131,124,104,102,86,89,118,73,56,81,98,81,97,83,66,50,119,142,113,98,96,105,184,129,54,53,40,49,91,90,34,40,39,35,72,95,138,163,204,211,222,216,238,162,130,103,74,71,55,40,56,67,93,86,86,51,22,26,27,42,35,41,80,113,118,102,51,54,49,42,56,37,35,71,77,84,87,81,77,59,48,38,57,51,44,31,18,66,80,34,48,91,82,63,51,47,57,78,101,89,84,72,62,44,41,24,20,26,45,47,42,39,37,32,24,40,35,44,40,35,31,29,46,67,89,102,83,51,38,49,62,61,44,34,36,12,9,10,9,23,31,19,23,38,33,37,41,37,34,27,35,31,28,18,20,17,27,39,40,33,24,19,15,14,11,9,6,9,11,9,20,16,20,24,19,18,20,16,16,13,15,14,13,11,13,10,11,11,11,67,114,136,186,207,218,209,183,156,129,131,126,128,108,90,82,92,104,128,141,144,126,131,134,122,139,134,100,86,106,99,91,106,104,112,99,79,83,39,58,60,42,48,57,57,50,51,40,63,58,46,57,64,72,70,50,46,37,50,47,46,47,26,27,30,17,28,21,25,29,21,15,19,22,22,23,21,19,29,37,17,22,27,17,10,9,16,24,28,18,29,30,30,33,38,38,22,34,23,22,31,26,22,16,9,19,14,23,18,15,23,21,23,26,28,6,10,8,21,29,53,46,41,30,30,21,36,51,42,33,46,32,43,44,45,52,35,35,33,13,20,13,24,21,14,10,9,6,13,11,5,12,16,7,13,7,20,20,20,7,5,17,28,43,37,24,21,23,31,18,10,19,22,29,21,17,24,17,8,8,0,4,4,6,2,0,8,13,17,14,3,6,9,13,6,12,21,16,11,21,26,20,22,13,22,22,18,9,2,1,2,14,7,17,23,25,36,10,10,8,6,7,2,0,1,0,0,1,8,10,13,6,3,5,4,0,1,9,5,5,2,3,8,5,0,0,0,6,16,31,14,7,7,8,0,6,8,4,4,3,6,12,11,2,1,3,6,1,4,6,0,4,11,4,0,6,16,14,8,9,9,4,0,0,0,9,11,6,0,1,1,2,4,4,0,0,0,4,4,10,10,4,1,2,0,0,0,0,0,0,0,0,0,0,0,0,0,0,0,0,0,0,0,0,0,0,0,0,0,0,0,0,2,4,3,3,0,0,0,0,0,0,0,0,0,2,2,7,13,4,0,0,0,0,0,0,0,0,0,0,0,2,0,0,0,0,0,0,0,0,0,0,0,0,0,0,0,0,0,0,0,0,0,0,0,0,0,0,0,0,0
000118.bin,conv2,2,21x800x704,0,400,KittiDataset.__getitem__,True,kitti,15000,11827200,19070,0.0016123850108225109,0.9983876149891775,0,0,0,0,0,0,0,0,0,0,0,0,0,0,0,0,0,0,0,0,0,0,0,0,0,0,0,0,0,0,0,0,0,0,0,0,0,0,0,0,0,0,0,0,0,0,0,0,0,0,0,0,0,0,0,0,0,2,9,14,15,21,29,48,62,70,84,117,147,175,174,157,166,200,207,177,190,171,151,212,205,191,189,169,128,161,167,123,110,100,114,155,138,128,156,214,217,192,185,178,127,91,81,78,121,115,94,103,89,85,115,102,56,92,101,85,82,93,123,131,110,93,166,190,149,168,139,101,95,112,90,96,99,104,101,128,112,77,142,139,144,168,112,73,76,68,98,172,149,74,57,70,62,104,76,46,47,52,48,45,46,75,54,33,32,17,19,43,52,82,71,42,56,114,105,75,80,77,102,107,52,29,22,22,21,26,31,37,38,42,61,58,34,60,67,51,28,23,29,50,46,70,36,8,14,11,27,62,55,79,127,101,46,47,71,61,33,60,52,40,44,49,59,41,40,37,34,44,39,13,17,30,38,27,16,10,26,33,17,14,31,52,70,93,65,38,41,23,17,10,6,6,2,12,31,23,21,16,22,24,10,14,17,13,8,10,8,8,24,24,10,8,8,12,6,12,15,13,34,16,10,8,5,0,0,0,2,6,6,4,41,46,20,20,14,5,16,14,6,12,28,16,12,9,3,0,0,0,10,5,0,0,0,0,0,0,0,0,10,20,16,14,14,8,20,48,16,6,6,4,0,0,0,0,10,4,0,0,0,3,6,2,4,10,3,3,12,28,29,25,14,13,15,16,25,7,0,8,17,20,36,47,41,28,41,40,18,23,28,32,30,53,38,13,15,21,23,35,51,50,56,83,57,21,26,33,30,26,34,33,39,69,58,41,39,33,18,14,13,23,30,19,16,18,13,11,7,4,2,0,5,4,10,15,3,4,1,4,10,16,18,17,15,14,5,0,0,0,0,0,0,0,0,0,6,0,0,0,0,0,0,0,0,0,0,0,0,0,0,0,0,0,0,0,0,0,0,0,0,0,0,0,0,0,0,0,0,0,0,0,0,0,0,0,0,0,0,0,0,0,0,0,0,0,0,0,0,0,0,0,0,0,0,2,2,0,0,0,0,0,0,0,0,0,0,0,0,0,0,0,0,0,0,0,0,0,0,0,0,0,0,0,0,0,0,0,0,0,0,0,0,0,0,0,0,0,0,0,0,0,0,0,0,0,0,0,0,0,0,0,0,0,0,0,0,0,0,0,0,0,0,4,4,0,0,0,0,6,8,8,8,0,4,0,8,10,8,4,0,0,0,0,0,0,0,0,0,0,0,0,0,0,0,0,0,0,0,0,0,0,0,0,0,0,0,0,0,0,0,0,0,0,0,0,0,0,0,0,0,0,0,0,0,0,0,0,0,0,0,0,0,0,0,0,0,0,0,0,0,0,0,0,0,0,0,0,0,0,0,0,0,0,0,0,0,0,0,0,0,0,0,0,0,0,0,0,0,0,0,0,0,0,0,0,0,0,0,0,0,0,0,0,0,0,0,0,0,0,0,0,0,0,0,0,0,0,0,0,0,0,0,0,0,0
000119.bin,conv2,2,21x800x704,0,400,KittiDataset.__getitem__,True,kitti,15000,11827200,26976,0.002280844155844156,0.9977191558441558,0,0,0,0,0,0,0,0,0,0,0,0,0,0,0,0,0,0,0,0,0,0,0,0,0,0,0,0,0,0,0,0,0,0,0,0,0,0,0,0,0,4,5,10,18,12,13,16,16,21,15,7,13,18,21,23,24,24,22,25,16,28,34,39,36,36,34,34,31,34,45,33,34,41,47,50,48,71,87,84,79,82,88,93,90,115,102,94,118,128,137,174,170,167,202,273,248,207,268,266,249,273,229,194,201,164,154,149,156,207,184,153,168,156,150,159,170,207,207,214,190,214,245,239,285,258,260,237,255,254,236,233,228,213,206,161,119,146,148,167,154,173,135,121,106,136,129,127,103,67,91,151,183,197,231,220,187,180,138,146,154,162,118,105,115,123,105,96,102,111,147,90,63,79,109,106,82,102,114,121,120,100,102,87,108,97,59,71,85,81,55,74,73,60,51,36,56,50,55,66,75,97,88,69,61,56,68,62,47,45,46,58,60,53,60,44,42,48,64,66,51,69,92,78,68,77,88,94,78,68,57,48,18,26,39,68,42,34,37,38,41,41,62,75,53,52,48,45,45,63,59,43,38,29,39,26,40,35,50,55,44,43,78,35,41,38,33,25,28,53,50,47,51,61,109,91,52,43,48,34,43,44,26,27,40,34,40,42,43,41,39,26,18,21,35,34,16,24,30,32,26,23,10,18,10,8,19,20,15,8,2,6,10,14,12,18,26,34,23,34,28,29,35,42,50,38,30,38,54,54,55,41,38,38,29,32,33,35,13,28,60,36,35,42,25,24,20,4,16,23,20,15,18,14,11,6,14,16,14,8,26,19,31,32,35,35,44,23,20,35,34,23,20,15,15,25,12,11,7,0,0,2,0,0,13,16,13,15,13,7,10,19,7,4,2,13,13,8,5,4,9,13,9,6,4,2,2,2,0,6,9,22,15,1,5,22,25,26,23,6,3,3,1,5,9,5,11,18,14,5,2,2,4,3,0,0,0,0,2,5,7,3,2,0,3,1,0,4,0,0,1,3,0,4,7,5,3,2,0,0,8,7,4,12,11,23,8,1,2,4,16,10,9,12,12,12,6,5,6,2,12,10,0,0,2,2,2,6,8,12,4,6,0,0,0,6,14,0,0,4,18,25,8,4,5,4,0,0,1,5,0,2,2,1,0,0,7,10,6,7,5,3,5,12,5,0,0,0,0,4,4,0,0,0,0,0,0,2,2,4,4,0,0,0,0,0,0,0,0,0,0,0,0,0,0,0,0,0,0,0,0,0,0,0,0,0,1,2,4,0,0,0,0,0,0,0,4,8,0,0,0,0,0,0,0,0,0,0,0,0,0,0,0,0,0,0,0,0,0,0,0,0,0,0,0,0,0,0,0,0,0,0,0,0,0,0,0,0,0,0,0,0,0,0,0,0,0,0,0,0,0,0,0,0,0,0,0,0,0,0,0,0,0,0,0,0,0,0,0,0,0,0,0,0,0,0,0,0,0,0,2,2,1,0,3,4,3,5,4,2,0,0,0,0,2,5,7,2,2,1,9,5,7,7,3,5,4,4,2,7,6,1,4,2,3,2,5,6,0,0,0,0,0,0
000120.bin,conv2,2,21x800x704,0,400,KittiDataset.__getitem__,True,kitti,15000,11827200,24086,0.0020364921536796536,0.9979635078463204,0,0,0,0,0,0,0,0,0,0,0,0,0,0,0,0,0,0,0,0,0,0,0,0,0,0,0,0,0,0,0,0,0,0,0,0,0,0,0,0,4,6,7,8,7,9,11,6,6,7,17,38,47,41,12,10,8,9,15,20,27,31,31,52,119,124,119,114,88,137,139,118,140,134,99,95,99,71,98,112,80,115,111,87,84,97,101,85,134,128,70,60,68,84,104,97,88,84,119,111,65,65,118,104,55,44,40,91,119,61,55,64,59,78,166,151,124,145,143,114,113,100,118,167,193,135,130,140,124,173,153,128,145,165,161,134,137,165,158,155,226,203,175,168,180,168,146,192,195,173,147,200,153,140,132,95,110,85,70,82,117,127,102,105,87,87,117,269,363,301,158,108,95,114,128,135,113,96,80,131,133,101,77,65,54,43,36,36,40,51,128,130,71,70,88,98,92,78,76,113,96,62,57,52,44,82,106,88,72,42,39,39,28,18,31,18,26,32,29,93,115,76,47,61,55,27,27,19,15,30,25,19,31,53,93,102,94,73,91,85,70,64,61,63,74,52,52,49,53,30,15,33,79,86,52,55,81,62,62,92,102,82,79,68,52,42,32,16,19,51,42,34,21,23,18,17,9,5,17,13,15,12,8,10,8,9,5,5,6,16,16,12,15,10,13,31,42,24,27,18,23,22,14,12,14,9,8,6,4,22,28,38,6,9,2,3,8,6,0,35,54,40,31,38,44,52,50,49,33,43,21,13,13,16,33,37,30,41,31,28,16,14,30,31,22,34,24,18,8,12,9,3,9,14,5,17,26,18,21,11,12,12,8,8,10,8,6,8,14,8,8,6,8,12,21,8,4,4,2,1,3,6,9,8,2,0,0,6,6,9,15,8,13,13,5,6,12,14,17,15,12,16,6,9,9,17,13,14,19,18,18,6,9,10,12,18,9,14,15,24,19,16,15,0,2,0,2,0,0,0,0,0,0,0,0,0,8,12,7,7,4,12,7,3,9,4,6,2,1,3,5,2,1,2,2,7,9,6,7,4,3,3,1,3,3,2,3,1,4,2,4,6,2,6,4,8,6,8,2,2,10,20,22,10,16,18,7,13,10,3,17,11,9,10,14,10,10,12,7,29,27,21,8,2,10,6,6,10,2,6,4,6,4,6,9,10,4,3,6,7,7,3,4,6,10,8,2,3,3,1,1,0,3,4,3,3,5,5,7,7,0,0,0,0,1,12,12,4,16,16,8,3,10,10,20,26,21,18,34,31,8,14,16,4,4,4,0,13,20,11,4,4,4,12,12,0,8,10,6,6,6,4,2,0,0,0,0,0,0,0,0,0,0,6,6,2,6,10,0,6,2,4,6,8,4,4,6,6,12,8,2,0,0,0,0,0,0,4,8,4,0,0,0,0,1,1,4,3,0,0,0,0,0,0,0,3,4,2,3,2,0,0,0,0,2,2,0,0,0,0,0,0,0,0,0,4,3,0,1,1,0,1,2,0,1,1,0,0,0,0,0,0,0,0,1,1,2,8,2,3,4,5,7,4,2,6,6,6,2,3,3,1,2,3,2,0,1,0,0,0,0,0,4,0
000121.bin,conv2,2,21x800x704,0,400,KittiDataset.__getitem__,True,kitti,15000,11827200,26131,0.002209398674242424,0.9977906013257576,0,0,0,0,0,0,0,0,0,0,0,0,0,0,0,0,0,0,0,0,0,0,0,0,0,0,0,0,0,0,0,0,0,0,0,0,0,0,0,0,0,0,0,0,0,0,0,0,0,0,0,17,34,37,35,38,39,40,36,49,60,66,105,109,105,138,126,130,120,125,156,143,118,157,157,136,152,148,171,140,124,134,143,118,148,107,88,103,108,136,160,116,113,143,163,115,106,141,104,85,95,96,107,75,76,90,109,122,115,125,147,131,133,119,123,143,168,140,112,120,130,152,114,95,111,124,107,101,123,137,127,124,87,106,125,121,118,122,114,111,108,125,155,161,121,93,95,89,93,83,75,81,108,106,90,82,81,54,61,61,82,89,105,100,108,76,65,58,56,54,60,72,84,90,67,62,78,61,56,66,78,75,68,98,98,73,56,35,40,44,59,59,86,100,78,72,77,68,40,40,51,54,53,55,67,92,99,60,43,61,54,39,56,50,53,39,35,33,49,80,77,48,51,72,87,125,88,77,79,53,31,31,31,30,33,47,52,48,69,84,80,44,44,34,36,59,61,85,75,47,36,45,43,53,33,32,36,40,41,36,49,50,41,34,43,55,37,51,60,46,58,43,59,53,51,64,38,47,66,57,62,63,35,48,40,27,17,18,15,18,16,22,20,19,22,24,26,29,31,29,14,23,27,24,27,45,57,54,38,40,36,30,54,45,32,27,28,32,17,32,26,31,65,41,34,30,33,22,17,17,22,29,20,34,30,33,43,31,19,18,41,56,55,41,46,34,17,23,19,20,13,17,12,10,11,10,9,20,23,37,41,47,45,47,21,18,26,22,35,40,52,44,36,29,32,39,42,53,50,40,43,29,55,43,18,8,6,21,22,18,17,13,20,36,32,13,14,26,16,17,10,23,29,21,11,16,22,16,30,8,9,21,31,42,45,47,32,23,25,18,19,18,13,7,11,9,11,10,17,45,37,25,32,22,29,15,15,45,70,45,14,11,19,10,14,9,25,9,10,13,19,18,14,20,14,24,12,22,26,8,14,20,24,14,18,8,10,13,24,32,34,32,38,25,22,21,15,1,5,5,34,45,10,0,5,15,12,6,12,4,8,6,1,18,23,26,8,6,4,10,0,6,5,6,1,11,6,3,3,13,6,13,8,2,3,10,10,6,5,5,9,5,4,2,6,5,8,25,44,38,26,22,18,9,7,15,11,8,14,10,20,39,46,13,6,3,2,2,0,2,2,7,10,1,4,18,5,10,13,5,2,2,2,0,2,6,4,0,2,9,3,1,5,7,4,6,8,40,24,10,12,13,8,6,5,0,8,11,4,7,9,12,13,29,33,20,15,2,4,0,0,0,4,5,7,12,10,9,4,6,8,8,9,5,3,1,3,6,6,24,16,19,5,0,2,3,2,4,3,2,2,2,1,3,3,3,9,12,11,21,18,9,5,9,8,10,0,2,4,2,0,1,1,6,7,8,9,3,0,0,2,3,3,2,8,15,6,3,4,1,3,6,4,7,4,6,6,15,6,0,2,0,2,2,2,5,0,4,2,2,5,6,12,9,4,7,11,10,12,2,0,4,0,4
000122.bin,conv2,2,21x800x704,0,400,KittiDataset.__getitem__,True,kitti,15000,11827200,24582,0.002078429383116883,0.9979215706168831,0,0,0,0,0,0,0,0,0,0,0,0,0,0,0,0,0,0,0,0,0,0,0,0,0,0,0,0,0,0,0,0,0,0,0,0,0,0,0,0,0,0,0,0,0,0,0,0,0,0,0,0,0,0,8,8,9,10,18,22,26,28,38,48,51,49,52,56,67,89,91,82,86,88,97,89,97,96,76,105,124,106,136,155,149,164,207,231,207,148,118,109,126,124,111,126,117,110,133,168,151,115,114,134,120,105,89,98,126,122,115,112,121,109,128,138,112,80,77,95,100,95,105,103,103,125,102,69,78,96,104,101,88,81,84,114,119,108,139,140,142,166,202,207,182,165,176,186,205,203,169,170,137,137,166,136,151,110,82,109,121,106,96,124,105,72,66,79,72,88,108,87,106,96,63,59,63,88,79,76,95,117,143,158,168,163,144,98,101,98,82,76,127,150,89,84,91,78,77,95,104,89,82,82,54,52,62,104,89,61,58,48,40,43,29,43,44,42,43,55,49,49,37,35,31,25,33,35,49,46,38,43,47,43,45,48,35,47,42,35,25,27,36,54,36,39,31,55,50,58,70,68,61,63,57,47,46,55,28,24,36,27,23,24,25,20,20,22,27,24,46,64,44,21,26,32,30,27,24,17,16,14,18,15,14,19,17,10,10,15,6,7,9,11,9,16,38,52,40,27,7,13,23,21,28,19,15,12,26,63,65,54,42,20,20,10,6,0,20,27,32,44,13,14,13,20,9,11,10,8,8,12,14,15,4,20,30,46,75,56,21,13,9,18,21,8,6,6,2,0,25,34,39,39,24,16,10,0,0,1,0,4,18,23,17,6,8,11,6,6,4,17,17,13,9,17,24,10,10,14,34,30,26,36,48,59,48,20,27,32,30,29,17,20,36,22,23,17,19,24,30,18,22,24,25,26,24,38,51,53,47,35,28,27,34,47,21,17,20,20,15,25,29,24,20,35,43,53,50,27,49,31,17,24,25,23,24,17,14,19,22,54,42,32,38,22,17,14,10,12,9,7,15,11,11,13,20,41,38,28,15,20,19,14,17,15,7,21,27,25,12,13,22,14,15,21,11,10,12,22,21,23,14,35,37,30,18,20,9,1,12,12,16,16,6,10,6,1,7,11,2,6,2,2,2,1,0,5,0,6,0,6,2,1,9,16,12,10,2,4,16,14,4,0,1,1,2,2,0,4,0,0,0,0,0,4,2,4,6,0,0,0,8,14,13,4,0,4,0,6,6,6,20,17,20,8,8,12,6,3,3,1,0,7,6,0,4,6,0,0,0,0,2,6,2,0,8,4,4,8,0,0,0,0,6,2,0,2,2,14,32,16,0,0,0,4,4,0,0,4,0,0,0,0,0,2,2,0,0,0,0,0,0,0,0,0,0,0,0,0,0,1,1,0,2,0,2,2,0,0,1,4,0,0,0,4,0,0,0,0,0,0,1,0,0,0,0,0,3,0,0,0,0,0,0,0,0,0,0,0,0,2,0,0,0,0,0,0,0,0,0,0,0,0,0,1,0,0,0,0,0,0,0,0,0,2,2,0,0,0,1,0,0,0,0,0,0,0,0,0,0,0,0,0
000123.bin,conv2,2,21x800x704,0,400,KittiDataset.__getitem__,True,kitti,15000,11827200,33827,0.0028601021374458874,0.9971398978625541,0,0,0,0,0,0,0,0,0,0,0,0,0,0,0,0,0,0,0,0,0,0,0,0,0,0,0,0,0,0,0,0,0,0,0,0,0,0,0,0,0,0,0,0,0,0,0,0,0,0,0,0,0,0,0,0,0,0,0,0,0,0,0,0,4,4,9,23,20,28,24,28,23,26,20,33,43,40,34,46,56,68,75,81,76,86,100,78,93,98,115,133,124,109,149,175,191,127,118,162,180,120,124,121,164,205,163,157,155,146,181,155,123,115,137,151,157,160,163,184,224,209,201,194,234,279,239,251,275,252,216,215,185,236,247,278,253,251,245,239,259,294,263,202,206,211,223,250,192,161,168,185,169,189,202,157,175,194,173,151,193,214,234,185,158,143,168,178,190,169,158,145,161,148,151,159,143,182,157,168,150,133,122,126,105,115,118,118,123,123,132,137,134,106,99,113,100,70,65,69,89,84,73,83,72,49,66,76,91,86,83,75,91,83,99,93,93,101,96,82,69,62,64,105,127,90,61,68,82,90,78,70,104,114,95,74,87,81,62,65,48,65,88,79,80,79,108,171,123,62,62,66,48,61,67,58,27,28,55,57,54,59,55,59,44,38,29,27,27,48,44,148,99,41,48,40,42,55,44,47,43,45,56,58,72,73,65,46,47,48,38,35,46,131,145,49,35,55,55,52,62,76,70,49,71,104,60,79,76,58,77,88,71,72,92,91,85,101,106,85,85,116,155,116,78,89,94,97,91,63,97,101,83,56,46,30,30,11,16,35,28,19,17,26,27,18,8,15,11,18,25,28,15,14,12,30,37,54,39,29,24,37,45,33,13,14,16,7,13,12,2,2,4,9,15,12,4,15,26,12,12,6,7,15,10,10,19,23,25,29,22,17,18,32,29,27,33,27,27,22,23,17,10,11,26,20,10,10,19,24,9,4,15,22,22,18,28,24,13,20,32,23,22,17,33,31,26,21,20,26,29,23,11,23,11,7,17,10,11,16,12,6,8,16,24,16,20,11,16,20,16,18,24,20,30,21,17,25,24,20,25,10,9,8,16,24,12,20,24,11,14,22,25,25,8,14,26,53,41,22,15,13,14,7,4,12,6,4,2,7,8,3,1,0,0,4,4,0,0,1,1,0,2,2,0,0,2,2,1,2,5,1,0,0,1,0,4,2,2,0,4,2,2,1,13,9,5,2,2,3,4,4,0,2,12,8,4,6,14,6,2,4,7,4,2,8,8,0,3,3,0,3,7,4,5,1,2,2,0,6,10,8,10,18,8,8,2,4,4,12,8,6,6,4,8,4,8,8,6,10,26,30,26,22,19,16,8,10,13,5,7,12,10,20,6,8,4,2,2,0,4,6,4,1,7,0,0,6,8,12,4,0,4,4,4,6,0,6,2,0,2,10,0,0,0,0,4,4,2,4,0,4,4,0,4,6,2,4,0,0,0,4,4,0,2,0,0,1,0,0,0,0,0,5,4,2,2,0,6,14,14,4,0,2,2,3,0,4,5,2,3,0,0,0,2,1,2,0,2,4,4,1,3,2,0,3,5,2,1,3,2,1,2,7,0,0,0,1,0,1,1,1,0,1
000124.bin,conv2,2,21x800x704,0,400,KittiDataset.__getitem__,True,kitti,15000,11827200,26310,0.002224533279220779,0.9977754667207792,0,0,0,0,0,0,0,0,0,0,0,0,0,0,0,0,0,0,0,0,0,0,0,0,0,0,0,0,0,0,0,0,0,0,0,0,0,0,0,0,0,0,0,0,0,6,13,16,18,18,28,37,49,56,59,67,72,72,68,69,52,55,64,76,82,86,106,111,136,162,185,191,226,242,207,236,214,196,221,181,173,187,124,152,134,118,133,136,133,151,129,101,141,125,86,102,100,91,118,115,83,72,68,72,65,72,60,117,122,62,60,65,81,169,109,63,98,132,130,70,69,92,99,113,108,134,131,120,101,107,135,159,132,90,77,96,128,118,48,72,100,122,134,60,59,64,62,97,110,138,68,57,51,81,80,133,113,45,43,46,32,37,59,120,153,55,40,34,38,42,36,30,34,119,143,69,53,61,42,59,60,47,78,110,54,42,31,47,52,58,53,47,34,37,83,77,52,47,45,53,57,52,49,44,46,46,42,65,87,61,42,56,78,68,48,33,34,43,69,69,64,62,57,44,54,59,58,61,47,39,48,40,38,36,44,58,59,113,103,69,57,54,40,43,55,54,51,76,66,62,46,52,63,80,109,89,66,76,53,61,51,26,13,19,14,24,20,20,24,24,28,31,33,31,38,40,34,53,53,48,44,38,37,34,30,29,16,20,18,13,14,25,28,24,34,27,24,18,18,13,22,26,39,36,53,64,32,20,29,38,51,51,35,24,19,25,32,30,32,43,44,29,33,31,34,20,22,25,23,26,23,31,25,30,26,22,20,35,20,15,15,19,15,12,11,9,11,13,11,20,23,17,20,28,19,12,18,27,18,27,57,52,32,44,63,70,47,25,34,29,16,23,54,65,56,40,43,46,38,38,37,40,41,40,26,25,19,17,34,28,17,26,19,31,27,27,35,48,57,35,47,37,61,35,27,42,27,45,32,15,11,31,25,13,25,26,26,53,61,60,37,41,28,35,25,33,34,28,46,25,26,38,33,45,40,26,21,28,31,22,46,50,43,24,40,23,15,27,27,29,40,39,33,28,24,30,14,23,17,17,11,19,25,8,4,3,18,12,14,12,34,51,50,42,14,8,14,13,13,18,18,26,25,9,10,5,7,8,14,24,15,11,23,22,59,44,29,50,34,15,6,16,23,20,7,6,10,21,11,8,7,18,33,22,37,25,22,14,12,13,20,15,19,15,10,14,17,2,14,15,16,9,6,9,3,10,11,7,5,16,14,5,1,1,6,4,8,4,4,10,19,11,11,2,5,6,7,4,3,3,3,12,4,0,0,0,10,6,4,4,0,0,10,4,2,2,4,14,20,16,20,40,42,14,11,8,14,17,19,15,10,13,9,24,30,38,23,26,7,6,2,15,15,3,4,4,12,10,2,0,2,7,5,2,2,0,1,1,4,4,3,2,0,2,2,5,1,2,1,1,3,3,0,0,8,10,6,4,7,8,25,28,15,5,2,2,2,0,5,5,1,3,4,2,1,1,0,1,1,0,2,2,2,0,3,2,0,0,0,2,11,13,3,4,6,8,2,1,3,6,6,14,58,39,5,10,10,0,0,2,1,3,2,0,0,0,0,2,5,2,0,0,1,5
000125.bin,conv2,2,21x800x704,0,400,KittiDataset.__getitem__,True,kitti,15000,11827200,23828,0.0020146780303030303,0.9979853219696969,0,0,0,0,0,0,0,0,0,0,0,0,0,0,0,0,0,0,0,0,0,0,0,0,0,0,0,0,0,0,0,0,0,0,0,0,0,0,0,0,0,0,0,0,0,0,0,0,0,0,0,0,0,0,6,10,55,87,99,59,67,89,119,126,167,189,155,136,127,141,123,113,135,145,136,117,102,104,104,100,102,125,109,97,94,93,83,88,100,114,101,96,95,114,86,75,99,100,71,53,89,109,104,85,67,80,95,101,96,86,95,104,113,115,102,120,129,103,71,80,93,104,89,86,101,83,60,70,85,97,104,83,53,57,74,87,110,78,67,69,76,69,83,77,64,50,53,78,100,68,61,84,51,43,41,61,96,131,141,157,147,88,60,38,35,45,38,30,34,42,113,102,39,33,34,25,14,9,6,9,8,12,35,56,61,79,109,55,27,10,11,14,14,14,17,43,65,69,59,37,38,64,71,14,14,14,15,15,7,13,67,79,42,26,19,20,16,19,24,24,42,53,57,50,25,10,67,96,72,47,39,47,49,47,46,42,38,33,35,37,85,109,78,77,51,43,38,44,39,45,47,37,42,59,66,48,59,56,42,41,24,19,22,18,89,81,22,14,55,67,19,29,20,29,38,26,8,10,12,18,16,12,18,18,20,17,18,71,24,30,25,25,57,85,43,14,19,15,17,15,14,11,12,10,12,11,29,43,38,35,38,54,44,15,24,33,46,113,81,39,33,48,66,36,41,43,54,68,28,14,8,7,10,28,40,26,17,8,9,13,27,22,13,14,16,21,28,28,23,34,32,29,51,40,43,50,25,29,54,44,26,40,38,37,30,30,35,47,43,60,52,33,43,45,25,27,35,20,22,31,54,79,79,80,77,54,23,16,22,22,30,38,25,36,34,25,20,16,18,29,17,20,30,59,47,32,31,42,42,30,16,17,19,12,17,19,40,54,48,43,33,53,45,39,32,33,34,56,50,41,29,51,40,41,47,38,44,32,15,17,17,34,23,27,29,22,36,48,59,41,51,52,62,79,44,38,31,46,34,12,10,13,21,22,28,21,23,33,41,31,9,8,8,14,12,23,22,10,16,18,19,18,15,6,26,31,15,35,20,14,10,25,21,21,30,30,19,13,13,18,17,20,21,21,27,24,5,24,30,28,24,28,35,34,30,34,17,9,3,10,24,28,32,21,18,9,9,11,14,15,10,17,21,25,30,20,19,10,9,12,9,7,11,14,12,4,15,14,3,7,11,9,9,2,3,3,12,13,17,25,16,22,34,30,10,8,12,8,4,17,11,6,4,1,1,8,12,2,9,13,3,4,2,10,26,19,11,2,6,4,11,10,22,9,0,0,2,7,16,8,2,0,2,8,6,4,4,8,9,18,24,16,13,16,8,10,10,7,3,0,3,7,3,1,6,6,10,12,8,18,21,5,4,12,7,2,4,5,3,1,6,3,5,1,2,5,4,0,7,14,8,3,8,5,2,5,3,4,8,2,1,4,4,3,1,2,4,7,1,1,2,12,17,15,0,0,2,4,2,2,1,4,3,0,4,5,8,10,4,8,7,2,1,1,3,4,6,7,3,8,7,13,6,5
000126.bin,conv2,2,21x800x704,0,400,KittiDataset.__getitem__,True,kitti,15000,11827200,25011,0.0021147017045454546,0.9978852982954546,0,0,0,0,0,0,0,0,0,0,0,0,0,0,0,0,0,0,0,0,0,0,0,0,0,0,0,0,0,0,0,0,0,0,0,0,0,0,0,0,0,0,0,0,0,0,0,0,0,0,0,0,0,0,0,0,0,0,0,0,0,0,0,2,2,2,4,4,7,9,14,18,19,22,27,38,37,36,43,52,71,75,77,70,90,126,97,80,95,98,142,158,116,101,148,178,143,122,187,202,124,123,137,203,210,156,114,95,76,111,161,117,131,165,166,169,187,198,198,234,233,136,147,132,187,315,281,179,176,220,151,103,111,125,165,292,304,239,201,200,220,254,222,207,213,185,147,155,184,147,139,153,136,114,125,126,102,103,105,79,83,106,142,189,156,90,97,117,116,99,112,110,136,116,83,71,78,76,77,54,45,40,42,73,45,44,39,52,71,71,58,47,39,30,38,56,52,40,46,54,60,69,60,49,29,42,32,36,45,37,26,22,24,39,42,38,46,52,39,35,36,44,36,39,47,40,42,38,38,39,39,43,54,45,47,37,40,43,53,70,80,105,97,106,129,120,115,110,116,120,124,133,81,36,23,16,28,27,18,14,17,23,29,31,28,21,19,30,35,43,47,46,36,37,27,15,29,44,29,24,32,22,19,28,15,27,33,36,27,39,25,22,31,27,34,38,41,34,28,28,30,29,28,18,13,15,20,29,13,26,23,19,16,10,18,15,19,17,8,32,36,26,44,34,36,43,59,61,48,40,31,27,22,15,18,34,59,54,30,23,9,10,8,7,6,5,10,15,18,11,7,7,8,12,10,12,12,14,9,11,16,11,20,22,15,14,22,19,10,14,13,14,15,7,7,5,13,19,12,11,9,12,12,9,11,11,14,19,16,23,29,31,24,27,24,28,29,19,25,22,26,23,28,23,20,18,23,27,23,35,29,21,27,52,54,57,53,50,36,25,45,33,42,19,29,29,23,31,26,29,28,25,26,51,46,50,46,59,71,59,46,48,78,63,56,58,24,24,28,19,27,18,7,14,14,5,10,17,6,2,0,2,1,0,4,7,4,0,4,8,6,6,0,0,4,4,0,4,4,0,0,0,0,0,0,5,0,0,18,34,34,16,3,1,0,0,0,0,0,0,0,0,0,0,0,0,2,2,2,4,2,4,4,8,12,12,4,8,4,6,2,2,2,0,2,0,4,0,0,2,3,2,0,0,0,8,8,5,15,8,5,9,4,6,2,0,4,0,1,3,2,2,6,0,2,4,4,4,4,6,7,1,2,4,4,0,0,0,4,0,0,2,0,4,4,0,4,10,4,4,6,2,2,2,4,6,8,2,0,6,2,4,4,0,0,3,1,0,0,6,0,0,2,0,6,8,4,3,2,2,4,14,24,16,4,6,0,0,1,1,0,0,0,0,4,4,0,0,0,1,1,0,0,0,0,2,4,0,0,0,2,0,0,2,0,0,0,0,2,0,0,0,2,0,0,0,1,1,2,2,2,2,8,7,0,1,1,0,0,0,0,0,0,0,0,0,0,0,0,0,0,0,0,0,0,2,2,0,1,0,1,1,0,0,0,0,0,0,0,0,0,0,0,1
000127.bin,conv2,2,21x800x704,0,400,KittiDataset.__getitem__,True,kitti,15000,11827200,26099,0.0022066930465367966,0.9977933069534632,0,0,0,0,0,0,0,0,0,0,0,0,0,0,0,0,0,0,0,0,0,0,0,0,0,0,0,0,0,0,0,0,0,0,0,0,0,0,0,0,0,0,0,0,0,0,0,0,0,0,0,0,0,0,0,0,0,0,0,20,54,92,132,119,161,166,156,152,128,165,146,136,160,157,132,163,116,137,148,120,126,147,110,101,97,87,117,110,127,160,145,107,123,167,154,114,120,112,109,107,107,101,82,75,88,108,122,114,89,83,85,106,105,117,137,190,202,145,146,150,122,126,127,122,102,102,79,89,91,101,123,92,77,90,89,88,110,84,62,75,101,90,97,72,71,75,83,97,78,50,50,57,56,57,76,81,84,60,39,57,59,65,72,82,87,66,83,70,81,87,100,125,122,85,47,37,48,41,62,53,45,74,128,142,144,118,87,113,104,67,61,96,108,135,142,129,72,53,63,46,56,48,52,41,42,70,145,191,90,61,60,45,58,51,48,56,58,54,54,41,54,85,140,163,131,68,48,79,92,72,84,78,67,59,71,72,145,128,43,35,50,67,50,36,40,45,61,49,50,47,43,48,54,49,44,50,36,53,59,71,55,57,37,36,37,25,51,72,45,32,45,40,51,34,35,47,26,25,23,28,33,21,7,14,8,13,36,50,40,38,52,57,29,44,51,60,47,65,75,67,65,44,48,51,43,28,39,43,50,52,49,41,52,74,87,41,34,98,134,96,77,65,69,76,48,47,43,53,53,61,30,27,43,48,45,28,18,22,10,18,31,29,33,30,11,22,34,22,20,5,5,8,20,27,28,12,14,9,4,10,16,10,8,18,18,29,18,26,28,25,17,4,12,23,32,17,2,4,2,6,10,10,20,17,18,19,8,3,9,14,21,32,18,15,20,23,28,31,32,24,12,2,16,45,69,55,48,49,54,50,36,33,57,69,68,73,42,21,6,21,17,14,23,15,9,11,10,13,21,4,13,16,20,19,14,9,2,11,29,24,6,18,12,6,2,6,8,3,4,22,30,24,40,43,65,46,41,29,22,23,17,18,8,10,18,18,2,4,6,16,10,6,4,0,0,3,6,4,5,11,2,1,1,2,5,6,7,9,5,8,5,2,0,1,1,2,9,6,10,17,13,9,2,3,4,6,2,0,0,0,0,0,4,2,9,12,13,7,7,5,1,2,7,8,6,7,11,17,5,5,0,1,2,16,27,30,4,14,10,12,12,6,0,0,0,0,2,2,0,0,2,4,1,1,1,0,0,0,0,0,0,2,13,13,5,3,0,0,0,0,0,0,4,14,4,6,0,2,0,4,2,2,0,0,0,0,0,0,0,0,0,2,12,10,16,14,8,4,4,12,8,10,18,10,8,15,5,10,20,16,17,23,14,13,8,6,12,19,9,7,16,3,7,8,16,10,4,2,0,13,8,6,7,2,10,10,11,10,2,20,29,28,23,13,4,5,8,4,8,18,10,1,9,5,1,0,0,0,0,0,9,13,14,4,2,2,10,16,7,7,2,4,0,1,1,5,6,2,2,0,2,0,2,2,0,0,0,0,0,0,0,0,0,0,0,0,0,0,4,1,3,3,0,2
000128.bin,conv2,2,21x800x704,0,400,KittiDataset.__getitem__,True,kitti,15000,11827200,30072,0.0025426136363636363,0.9974573863636363,0,0,0,0,0,0,0,0,0,0,0,0,0,0,0,0,0,0,0,0,0,0,0,0,0,0,0,0,0,0,0,0,0,0,0,2,5,10,13,14,12,11,10,10,12,10,10,14,14,13,12,11,9,10,9,9,12,14,14,14,20,29,30,27,39,54,56,62,80,89,92,105,112,106,122,169,155,122,152,108,111,140,97,95,130,124,98,127,121,92,104,102,100,132,132,109,115,144,173,135,153,192,177,120,146,121,134,172,130,136,127,131,126,162,138,110,127,112,134,146,158,142,159,207,176,142,146,155,194,211,137,148,214,199,133,129,148,140,131,157,156,138,146,167,136,185,199,135,166,196,171,192,219,148,95,83,99,80,153,131,86,88,102,98,96,82,86,122,78,57,62,55,101,138,144,153,185,151,125,90,98,136,155,128,118,100,130,142,72,82,76,72,90,80,78,111,99,86,61,133,154,81,68,68,65,53,53,68,68,107,87,97,126,100,115,89,74,61,43,51,56,55,74,63,61,28,57,115,47,46,47,44,41,45,33,47,41,31,41,51,38,30,43,45,73,102,71,34,50,45,42,52,44,56,60,75,81,91,79,95,81,39,47,27,14,14,32,30,43,41,44,40,44,38,15,19,18,34,53,23,34,54,49,68,58,36,26,22,23,25,22,35,21,21,38,45,44,37,34,34,35,46,42,26,26,30,44,26,37,47,26,23,21,41,45,35,27,24,38,46,48,66,39,26,25,34,34,31,62,49,50,33,41,28,28,37,49,101,124,71,34,18,20,12,12,22,23,16,19,29,32,43,46,38,28,46,38,43,34,22,25,24,23,28,32,25,46,25,13,19,22,30,40,18,33,61,136,109,29,33,31,18,21,17,6,17,21,11,11,6,3,2,2,9,30,39,40,28,4,9,15,21,29,18,27,31,20,15,12,16,23,29,27,34,35,32,25,21,15,20,42,50,102,166,88,28,36,30,24,27,37,32,26,24,13,24,23,25,26,19,28,17,23,28,19,15,10,29,122,152,82,20,11,19,9,4,11,10,16,8,6,5,21,27,28,22,28,29,26,16,17,19,14,21,22,7,7,13,12,3,16,17,14,6,6,10,18,20,28,27,20,25,32,24,17,11,6,5,15,12,12,10,9,16,12,20,8,10,14,20,24,18,15,13,9,18,18,26,17,24,22,10,10,18,13,10,16,4,5,8,9,3,6,2,7,5,4,2,5,13,8,4,8,6,6,0,0,0,4,8,6,6,6,6,7,6,8,3,6,2,8,2,5,11,8,10,9,10,16,14,13,6,4,0,2,0,8,10,11,18,18,17,18,6,17,17,11,12,12,10,3,6,11,7,1,0,0,7,2,6,2,2,2,8,4,5,2,3,11,4,0,0,0,0,0,0,0,0,2,4,9,7,0,5,3,4,10,9,3,5,11,8,6,6,6,6,2,0,0,0,5,3,1,6,6,2,0,3,3,0,5,8,9,9,7,5,4,0,5,4,6,5,7,1,3,6,7,2,4,1,0,11,9,4,13,7,3,5,4,2,1,2,0,2,6,2,0,0,0,0,0,0,1,4,4,0,0,4,0,4,4,1,0,4
000129.bin,conv2,2,21x800x704,0,400,KittiDataset.__getitem__,True,kitti,15000,11827200,29830,0.0025221523268398266,0.9974778476731602,0,0,0,0,0,0,0,0,0,0,0,0,0,0,0,0,0,0,0,0,0,0,0,0,0,0,0,0,0,0,0,0,0,0,0,0,0,0,0,0,0,0,0,0,0,0,0,0,0,0,0,0,0,0,0,0,2,2,4,8,10,16,28,36,46,59,64,60,80,113,122,104,132,152,134,152,150,91,147,151,103,116,149,103,122,105,90,103,111,117,136,131,99,111,159,130,89,111,120,92,115,112,118,103,67,82,108,101,116,104,79,75,61,92,99,131,144,154,125,87,125,132,159,148,76,105,106,126,126,124,141,149,176,154,141,90,87,117,142,120,130,135,88,112,132,91,71,103,135,111,127,106,62,60,58,64,93,146,148,100,70,66,76,77,69,86,91,134,103,63,61,84,78,90,85,98,114,130,109,86,82,52,62,71,77,74,91,102,101,107,125,91,67,69,82,71,61,67,72,83,123,140,117,98,98,65,68,81,53,76,95,115,103,85,97,123,117,112,121,94,74,53,83,105,134,116,78,97,103,103,108,147,125,106,101,103,99,79,72,68,65,68,95,85,101,104,100,152,125,59,78,64,48,59,48,56,50,38,42,34,38,30,34,40,41,65,80,83,100,114,112,94,125,114,79,69,79,108,94,72,51,51,71,92,93,70,63,68,86,68,70,111,107,86,83,72,74,89,57,56,33,31,39,37,41,46,120,166,142,71,50,44,31,48,61,63,61,62,59,54,67,87,83,73,50,49,51,42,50,40,61,63,40,51,28,32,25,22,45,65,64,71,81,80,94,33,42,36,18,25,14,8,22,15,20,30,27,26,21,45,28,30,30,26,29,23,35,49,34,20,42,36,18,28,37,36,23,18,20,20,35,18,20,28,34,22,38,50,41,30,30,16,14,43,38,23,18,19,29,22,24,19,20,15,28,25,18,39,26,20,19,21,14,21,19,24,18,41,117,143,59,16,7,10,10,7,5,5,11,17,11,14,10,10,16,20,14,5,14,14,15,32,29,28,19,12,15,16,16,17,10,6,11,14,18,22,25,25,6,16,18,15,12,10,6,22,20,3,15,28,19,14,17,26,33,24,4,3,10,6,5,1,1,2,10,8,14,26,6,19,8,8,16,20,10,10,8,10,7,28,22,23,20,16,16,22,23,13,18,8,10,14,11,4,12,24,7,10,9,12,12,9,12,3,9,7,7,10,6,38,55,44,19,2,2,2,0,7,2,7,1,1,0,6,10,8,8,10,4,16,8,2,4,4,0,4,4,0,0,0,0,0,0,0,0,0,4,0,0,2,4,4,1,0,4,0,4,0,0,4,0,0,2,8,16,15,9,13,10,8,6,2,4,0,2,13,4,0,0,4,4,0,4,8,4,6,4,4,8,4,2,7,7,6,10,14,0,4,4,2,8,0,2,1,0,0,6,8,2,0,0,2,6,4,0,0,5,4,1,2,2,0,0,0,1,3,0,0,2,2,0,1,0,2,3,2,0,2,2,2,5,4,1,4,4,0,0,2,2,1,1,2,2,0,0,0,0,0,1,0,0,0,3,10,5,0,2,0,2,2,6,7,2,1,4,2,3,4,1,0,6,9,12,17
000130.bin,conv2,2,21x800x704,0,400,KittiDataset.__getitem__,True,kitti,15000,11827200,19201,0.0016234611742424242,0.9983765388257576,0,0,0,0,0,0,0,0,0,0,0,0,0,0,0,0,0,0,0,0,0,0,0,0,0,0,0,0,0,0,0,0,0,0,0,0,0,0,0,0,0,0,0,0,0,0,0,0,0,0,0,0,0,0,0,29,45,31,5,1,0,0,0,0,0,12,25,28,22,17,11,10,16,23,42,32,34,39,41,37,47,51,44,52,61,77,94,107,111,89,55,70,77,63,46,65,66,61,64,71,68,66,112,140,170,179,158,153,173,156,182,200,165,188,198,214,318,399,506,501,492,379,301,285,288,289,318,303,251,246,252,251,305,336,349,317,270,245,260,244,206,251,232,194,220,252,261,250,228,187,136,186,243,260,248,218,228,209,163,107,58,45,43,65,103,103,118,75,34,32,50,52,16,11,21,66,98,67,136,276,241,93,148,220,118,51,32,23,9,18,10,4,2,1,1,0,0,0,0,0,0,2,6,6,6,4,32,41,18,13,15,4,6,4,8,5,4,6,4,4,6,10,15,9,6,6,2,0,1,1,0,0,2,2,0,0,0,0,0,0,0,0,0,0,0,0,0,0,0,0,0,0,2,2,6,4,7,6,1,6,3,4,6,4,4,0,0,0,0,4,4,0,0,0,0,0,0,0,0,0,0,0,0,0,0,0,2,2,0,0,0,0,0,0,0,0,0,0,0,0,0,0,0,0,0,0,0,0,0,0,0,0,0,0,0,0,4,4,0,0,0,0,0,0,0,0,0,0,0,0,0,0,0,0,0,0,0,0,0,0,0,0,0,0,0,0,0,0,0,0,0,0,0,0,0,0,0,0,0,0,0,0,0,0,0,0,0,0,0,0,0,0,0,0,0,0,0,0,0,0,0,0,0,0,0,0,0,0,0,0,0,2,2,0,0,0,0,0,0,0,8,13,6,1,0,0,0,0,0,0,0,0,0,0,0,0,0,0,0,0,0,0,0,0,0,0,0,0,0,0,0,0,0,0,0,0,0,0,0,0,0,0,0,0,0,0,0,0,0,0,0,0,0,0,0,0,0,0,0,0,0,4,0,0,0,0,0,0,0,0,0,0,0,0,0,0,0,0,0,0,0,0,0,0,0,0,0,0,0,0,0,0,0,4,2,0,0,0,0,0,0,0,0,0,0,0,0,0,0,0,2,3,2,2,0,0,0,0,0,0,0,0,0,0,0,0,0,0,0,0,0,0,0,0,0,0,0,0,0,0,0,0,0,0,0,0,0,0,0,0,0,0,0,0,0,0,0,0,0,0,0,0,0,0,0,0,0,0,0,0,0,0,0,0,0,0,0,0,0,0,0,0,0,0,0,0,0,0,0,0,0,0,0,0,0,2,0,4,4,0,0,0,0,0,0,0,0,0,0,0,0,0,0,0,0,0,0,0,0,0,0,0,0,0,0,0,0,0,0,0,0,0,0,0,0,0,0,0,0,0,0,0,0,0,0,0,0,0,0,0,0,0,0,0,0,0,0,0,0,0,0,0,0,0,0,0,0,0,0,0,0,0,0,0,0,0,0,0,0,0,0,0,0,0,0,0,0,0,0,0,0,0,0,0,0,0,0,0,0,0,0,0,0,0
000131.bin,conv2,2,21x800x704,0,400,KittiDataset.__getitem__,True,kitti,15000,11827200,27189,0.0022988534902597404,0.9977011465097403,0,0,0,0,0,0,0,0,0,0,0,0,0,0,0,0,0,0,0,0,0,0,0,0,0,0,0,0,0,0,0,0,0,0,0,0,0,0,0,0,0,0,0,0,0,0,0,0,4,4,9,12,17,25,42,49,55,58,71,76,81,115,154,144,145,158,139,165,156,153,151,115,136,180,203,181,159,148,170,162,139,152,154,142,162,122,85,84,105,135,149,103,129,164,143,107,129,160,121,108,112,142,152,99,109,123,129,148,146,111,97,111,114,117,120,134,149,134,109,121,129,161,175,145,158,147,113,112,123,99,98,127,99,64,77,123,134,139,122,122,106,89,129,108,116,128,114,110,122,103,82,84,79,70,78,65,87,77,73,80,86,83,88,96,111,72,60,65,77,73,94,105,131,120,88,67,64,73,97,94,103,115,89,104,117,77,53,58,58,59,81,89,108,133,189,148,88,93,86,94,90,68,58,79,71,78,115,94,52,51,46,38,35,41,35,33,25,17,18,34,50,83,70,82,50,49,68,46,37,15,11,16,17,18,44,68,77,124,48,18,21,19,9,11,18,17,15,23,15,12,18,18,19,23,19,18,34,36,46,42,51,104,109,77,35,26,15,19,8,15,20,19,29,31,31,38,30,31,60,65,75,78,73,77,91,159,140,66,34,33,62,77,89,101,98,76,56,63,40,43,33,28,28,20,22,32,32,42,60,71,51,41,35,18,24,49,67,41,31,24,10,14,15,22,18,18,12,9,4,10,8,6,15,22,14,11,13,12,12,17,16,17,17,23,26,22,19,18,17,8,20,23,17,10,15,11,10,4,0,0,6,8,5,3,7,17,18,19,15,12,15,22,20,28,36,43,50,38,26,28,26,24,35,27,39,29,13,30,56,100,83,48,76,112,63,59,38,38,23,13,20,27,42,41,36,31,21,16,12,4,12,8,12,19,14,15,22,18,17,11,21,7,8,6,6,3,1,3,9,29,60,49,11,9,16,20,8,7,3,6,13,19,17,14,17,10,19,12,13,4,11,14,0,4,6,1,4,2,16,26,23,33,45,25,22,22,1,7,6,1,4,0,2,6,2,2,11,17,9,4,12,14,14,4,16,35,33,18,12,8,6,10,4,6,4,10,4,4,8,4,8,8,8,2,2,1,5,6,2,7,8,8,9,5,2,2,8,10,18,8,6,14,14,21,24,3,17,18,9,11,14,10,3,4,3,11,24,24,37,33,29,24,16,13,13,24,6,8,8,9,2,2,5,7,10,3,1,1,6,0,2,3,6,27,29,6,5,5,0,2,3,5,4,0,2,8,4,16,33,16,2,2,6,2,2,2,0,4,4,10,10,8,5,2,8,27,44,23,13,13,9,6,2,4,14,10,5,2,3,5,5,7,6,7,5,0,4,7,1,8,12,5,15,16,15,7,13,44,35,15,23,16,20,15,6,10,13,14,5,4,11,14,15,4,13,6,7,14,13,9,14,19,10,5,4,6,10,6,4,2,9,5,4,6,5,7,4,10,2,1,4,8,15,2,7,10,0,0,6,4,0,4,2,0,0,1,10,8,4,5,5,12,12,5,1,0,0,0,0,0,5,0,0,2
000132.bin,conv2,2,21x800x704,0,400,KittiDataset.__getitem__,True,kitti,15000,11827200,29642,0.002506256764069264,0.9974937432359308,0,0,0,0,0,0,0,0,0,0,0,0,0,0,0,0,0,0,0,0,0,0,0,0,0,0,0,0,0,0,0,0,0,0,0,0,0,0,0,0,0,0,0,0,0,0,0,0,0,0,0,0,0,0,0,0,0,0,0,0,0,0,0,0,0,0,0,0,0,0,0,4,4,3,5,9,14,15,16,24,27,26,28,33,40,41,48,52,67,89,116,130,139,183,205,191,178,188,249,215,187,177,212,195,166,207,193,159,187,172,159,184,196,204,205,222,218,244,221,199,196,227,268,252,232,270,286,234,186,193,220,242,298,240,154,176,183,203,244,205,175,181,199,220,218,211,218,218,178,203,219,164,145,134,138,159,212,207,190,123,145,149,163,161,162,166,166,132,126,104,90,138,129,101,104,135,127,82,62,72,71,95,98,82,78,89,95,120,98,112,118,119,120,91,89,87,91,121,98,65,69,88,88,72,40,60,67,55,69,69,115,111,75,63,66,79,79,60,86,58,63,58,80,101,104,132,190,142,85,64,59,66,83,78,82,98,90,99,170,137,65,51,66,67,58,55,59,43,44,55,58,53,61,55,33,65,57,49,62,92,166,111,44,44,40,63,58,45,27,20,34,25,23,20,25,6,15,33,50,106,97,39,37,46,45,39,89,89,75,66,50,51,54,37,25,28,17,12,34,30,18,15,33,30,35,38,34,40,28,24,39,34,23,34,33,33,23,22,16,27,30,17,13,23,24,21,31,44,53,41,39,33,26,25,28,46,38,26,22,24,30,30,30,21,4,14,25,19,23,30,24,14,9,11,6,5,16,14,2,2,13,21,14,16,12,31,22,24,21,32,18,16,8,11,9,11,21,21,15,18,17,23,22,37,25,19,32,37,33,23,29,23,20,21,24,22,16,4,10,17,15,15,8,16,31,20,18,14,13,14,28,28,18,18,12,11,4,1,3,2,4,4,4,6,8,15,13,3,0,2,8,12,15,19,19,20,23,25,18,11,8,15,14,11,11,18,31,25,21,15,14,7,6,2,6,20,20,9,18,17,23,20,17,10,13,11,13,24,19,7,9,9,15,16,7,13,11,7,4,12,15,10,15,7,13,9,10,7,4,12,11,9,4,10,7,5,0,1,0,4,10,6,5,2,1,1,0,2,6,21,10,15,12,0,7,12,12,12,6,10,8,5,10,1,1,5,5,1,3,8,3,1,3,0,3,3,0,0,0,0,4,4,0,2,0,0,2,3,0,8,18,20,12,0,7,18,15,3,0,2,6,4,4,8,8,1,0,4,4,0,5,7,8,7,3,0,1,3,7,2,0,2,4,5,13,8,8,3,10,12,4,8,2,0,0,8,0,0,0,6,0,4,6,3,4,12,6,5,3,10,4,0,0,0,0,0,0,0,0,0,1,2,0,3,2,2,5,4,4,12,6,0,2,0,0,0,0,3,0,5,4,0,3,5,4,4,0,0,0,0,0,0,0,2,0,0,0,1,1,0,0,2,0,0,0,0,0,0,0,0,0,0,0,0,0,2,2,2,4,4,0,0,0,0,0,0,0,2,0,0,0,4,2,0,2,2,2,2,0,0,0,2,2,1
000133.bin,conv2,2,21x800x704,0,400,KittiDataset.__getitem__,True,kitti,15000,11827200,29039,0.002455272591991342,0.9975447274080087,0,0,0,0,0,0,0,0,0,0,0,0,0,0,0,0,0,0,0,0,0,0,0,0,0,0,0,0,0,0,0,0,0,0,0,0,0,0,0,0,0,0,0,0,0,0,0,0,0,4,6,9,10,14,21,20,24,25,29,35,30,33,40,39,56,75,75,83,81,78,108,113,105,111,155,148,148,130,114,171,153,113,151,153,121,153,131,96,93,93,109,156,122,98,114,160,157,111,162,159,88,92,110,156,170,136,147,117,126,177,163,88,89,107,112,102,97,122,160,160,100,98,111,164,177,110,97,177,173,119,116,119,133,150,202,124,108,99,112,123,138,75,77,78,75,111,128,62,74,68,81,99,114,90,68,66,62,78,72,82,114,90,53,62,56,58,68,77,94,119,106,84,113,131,140,117,103,113,110,110,76,73,69,55,52,46,34,41,34,32,50,78,37,27,30,31,45,51,47,48,36,44,82,58,35,43,33,31,23,25,27,22,40,30,38,49,56,80,42,35,37,38,40,76,65,64,93,175,218,170,123,106,86,59,83,94,69,67,76,63,58,71,59,56,50,82,56,57,51,56,95,89,84,87,136,109,88,84,93,122,93,99,109,101,96,93,99,102,99,79,101,68,48,62,84,78,93,84,57,79,78,71,56,47,40,27,40,39,28,26,16,24,36,20,28,26,23,16,22,38,68,102,64,31,9,6,10,19,20,20,15,13,18,17,21,27,23,24,37,57,62,52,27,34,44,64,107,102,80,49,51,32,50,90,69,57,42,20,16,31,19,32,14,18,62,51,17,5,12,15,16,15,11,19,9,18,20,9,16,22,9,8,21,20,51,85,78,100,131,111,106,114,159,94,56,44,58,60,80,46,55,80,77,73,76,78,68,49,72,65,55,34,61,76,64,32,25,7,18,21,22,27,39,33,19,26,52,58,51,28,5,3,34,39,35,14,19,34,135,127,39,47,41,28,41,46,44,33,21,14,7,24,27,34,26,17,3,11,15,9,7,16,39,62,63,30,11,17,10,14,28,53,40,19,12,10,12,9,7,11,10,8,12,7,0,44,42,14,11,20,8,10,10,24,16,12,19,26,19,11,7,14,8,10,9,10,9,14,18,17,11,15,16,6,8,4,6,9,16,10,2,11,7,7,7,12,11,9,6,7,12,14,10,17,86,58,21,9,10,4,9,9,6,5,4,5,8,16,11,2,0,1,0,0,2,0,6,5,5,9,16,3,1,3,7,4,9,3,14,11,6,11,22,49,27,9,9,9,2,11,1,4,4,0,0,0,0,2,8,4,8,4,2,4,0,2,2,6,6,0,0,0,6,4,0,0,4,0,0,1,0,0,0,0,4,2,2,2,0,12,8,0,0,2,2,0,0,4,7,5,7,2,2,6,11,11,8,16,12,4,7,7,8,4,4,0,6,2,7,10,13,14,4,0,11,6,1,1,1,2,2,3,2,0,6,15,4,2,2,4,7,5,1,0,1,0,0,0,0,0,0,6,6,4,0,0,0,0,1,0,0,0,0,0,0,0,0,0,0,0,4,4,0,0,6,3,3,2,0,0,0,0,0,0,1,0,0,0,0,0,0,0,2,14
000134.bin,conv2,2,21x800x704,0,400,KittiDataset.__getitem__,True,kitti,15000,11827200,26550,0.002244825487012987,0.997755174512987,0,0,0,0,0,0,0,0,0,0,0,0,0,0,0,0,0,0,0,0,0,0,0,0,0,0,0,0,0,0,0,0,0,0,0,0,0,0,0,0,0,0,0,0,0,0,0,0,0,0,0,0,0,0,2,7,18,21,25,40,51,73,127,140,153,155,156,132,127,157,137,119,158,147,154,155,106,150,145,96,149,140,112,109,71,72,86,80,117,124,95,79,95,86,73,96,96,77,86,88,114,88,63,85,102,97,102,83,109,156,158,138,134,139,169,154,124,120,113,134,122,105,130,143,107,108,99,92,109,112,93,99,107,128,105,78,73,76,62,92,82,81,93,102,116,75,31,43,50,58,93,145,130,79,83,85,91,100,92,108,44,69,85,43,38,56,74,97,83,24,38,69,90,115,132,129,87,80,98,35,45,74,75,70,88,112,156,191,129,30,48,85,93,105,93,69,69,92,114,108,85,83,75,78,64,47,46,40,55,72,92,94,124,75,22,26,40,44,50,39,45,61,72,95,40,18,26,36,19,14,18,26,37,43,43,28,33,42,52,65,192,90,47,39,34,35,32,47,55,42,47,60,60,41,68,85,60,118,67,32,46,44,32,52,60,61,82,62,104,78,51,56,53,51,44,73,167,135,124,122,114,95,58,37,33,29,27,31,24,34,27,32,20,23,18,19,23,24,35,34,27,29,33,55,46,35,38,42,59,71,84,77,44,42,51,40,32,37,38,30,32,37,32,27,15,17,18,9,12,18,12,16,29,28,20,10,15,36,28,24,21,23,10,23,19,17,14,13,20,17,8,6,9,7,10,11,19,14,13,17,11,16,16,9,9,10,12,12,8,15,8,9,9,4,4,8,30,59,20,16,30,24,16,12,10,14,28,22,16,16,12,12,8,10,12,11,32,37,51,41,13,18,14,13,13,13,13,13,16,15,13,11,6,8,7,6,3,6,14,30,45,81,193,157,116,71,91,65,54,49,36,38,32,42,40,36,44,28,36,45,40,34,27,17,31,19,39,18,22,21,37,32,35,42,23,30,34,37,37,21,28,30,26,24,31,28,40,36,47,37,40,22,18,10,15,17,23,30,28,16,13,7,31,42,23,27,34,38,29,15,12,14,28,31,32,36,27,21,22,38,37,23,15,11,23,30,24,30,14,21,21,17,17,17,27,25,25,16,30,29,23,13,3,4,0,8,8,6,4,1,14,4,10,14,6,8,4,1,10,8,9,9,2,8,10,11,8,5,7,15,21,8,17,15,12,6,8,0,4,8,5,3,8,0,0,1,2,2,5,4,0,4,2,2,4,13,14,5,0,0,4,4,4,2,1,0,0,0,6,18,17,8,2,8,6,7,4,2,0,1,3,2,1,0,0,0,0,4,2,4,4,0,0,0,0,1,4,8,6,2,4,0,0,2,6,5,5,7,0,0,1,8,6,14,4,5,3,1,0,0,3,4,2,2,4,4,0,0,2,5,3,3,4,7,2,4,2,0,2,6,4,4,5,2,3,4,6,8,6,2,0,2,3,4,4,4,5,8,4,5,14,7,4,0,2,1,1,1,1,9,7,6,0,0,0,0,0,4,2,0,2,6,10,4
000135.bin,conv2,2,21x800x704,0,400,KittiDataset.__getitem__,True,kitti,15000,11827200,29531,0.002496871617965368,0.9975031283820346,0,0,0,0,0,0,0,0,0,0,0,0,0,0,0,0,0,0,0,0,0,0,0,0,0,0,0,0,0,0,0,0,0,0,0,0,0,0,0,0,0,0,0,0,0,0,0,0,0,0,0,0,4,10,14,14,16,18,21,22,24,26,22,27,28,25,29,24,31,33,37,36,37,52,82,129,101,141,130,108,150,113,90,137,119,71,110,138,60,59,67,76,100,154,130,84,99,112,138,121,110,107,112,124,94,93,96,83,90,107,92,91,98,87,74,85,81,76,73,89,91,98,91,77,94,103,127,118,118,97,97,99,96,83,86,102,106,126,143,123,117,141,170,148,136,134,120,126,131,125,118,119,106,101,119,117,97,128,219,229,282,276,246,212,181,152,133,129,123,112,136,130,125,116,100,92,87,181,189,137,102,58,74,113,110,87,76,98,122,95,80,93,60,78,87,115,175,140,122,105,111,101,83,66,80,84,60,58,57,83,87,85,65,65,58,43,42,50,81,73,48,75,80,71,93,76,50,56,45,36,34,26,40,38,46,45,55,48,44,37,23,25,19,58,89,78,65,87,108,77,67,74,84,92,69,82,52,52,43,63,65,64,82,77,47,44,46,55,56,44,41,40,28,36,77,122,85,102,103,83,64,63,54,49,87,92,64,47,74,72,55,67,54,50,55,35,39,59,34,29,22,18,12,17,15,28,22,16,22,15,21,32,27,21,18,15,15,19,17,10,19,23,49,61,38,14,27,40,13,11,10,12,297,1114,359,53,85,89,89,64,48,60,67,55,52,68,49,53,75,126,112,63,58,42,40,37,31,27,31,28,30,39,26,31,36,36,28,36,42,36,43,43,30,28,34,26,40,28,22,33,40,42,70,52,34,18,9,4,5,15,9,11,14,10,14,15,10,11,18,17,8,13,10,5,9,21,13,17,20,21,55,175,83,18,7,8,13,14,9,5,12,7,4,3,6,4,5,11,28,22,18,19,18,21,13,16,10,11,6,4,10,4,1,1,7,4,3,11,13,14,12,19,37,20,3,17,23,24,14,15,22,17,22,32,14,17,13,7,15,22,13,11,5,17,17,9,12,4,10,17,8,2,0,3,3,9,5,7,1,6,6,4,10,12,24,23,19,9,5,4,12,14,28,21,14,10,14,15,25,22,16,16,18,14,13,13,9,19,16,21,11,7,12,32,27,22,14,1,4,2,6,7,4,2,11,41,45,47,92,63,84,72,73,55,61,17,21,24,8,6,3,1,10,6,4,2,2,4,4,0,8,12,6,2,4,0,0,0,0,0,0,2,2,0,0,0,0,0,0,0,2,1,1,1,0,0,0,1,0,0,0,0,0,2,11,13,6,1,0,0,0,2,4,2,4,4,0,2,6,4,0,0,0,4,0,2,2,0,0,6,27,10,2,2,0,0,0,0,0,0,0,0,0,0,0,0,0,0,0,0,0,1,6,12,9,12,16,15,20,17,17,9,5,5,4,2,0,0,0,2,2,0,0,2,0,0,0,0,0,6,12,8,6,7,5,1,3,1,1,2,3,1,0,0,0,5,7,4,4,2,0,4,4,0,0,4,2,2,2,0,0,0,0,0
000136.bin,conv2,2,21x800x704,0,400,KittiDataset.__getitem__,True,kitti,15000,11827200,25180,0.002128990800865801,0.9978710091991342,0,0,0,0,0,0,0,0,0,0,0,0,0,0,0,0,0,0,0,0,0,0,0,0,0,0,0,0,0,0,0,0,0,0,0,0,0,0,8,20,22,25,27,28,27,29,34,31,42,76,104,85,67,61,46,44,60,65,52,46,39,46,56,56,49,69,117,122,129,145,146,139,111,138,173,180,190,209,174,174,208,156,159,213,194,146,192,158,94,77,86,95,156,151,96,81,131,156,66,50,114,123,44,58,65,124,144,80,68,55,63,113,126,47,34,29,35,26,13,5,50,82,39,25,22,59,90,60,43,59,91,58,51,50,38,75,105,72,82,80,108,142,163,160,154,153,124,144,155,157,173,160,144,107,133,132,113,99,84,87,92,77,49,85,102,83,72,50,56,59,60,50,60,120,93,48,43,33,37,34,40,47,49,63,73,74,94,77,76,87,72,66,55,82,101,80,63,58,55,51,51,38,33,39,43,41,35,21,22,57,60,62,56,27,24,42,32,36,27,42,70,68,67,71,55,42,39,57,72,52,59,61,47,38,29,35,27,40,51,28,29,32,25,24,46,70,91,86,69,61,57,56,46,55,52,60,57,44,44,31,38,38,33,21,22,30,45,47,37,25,22,40,45,27,23,17,15,25,22,24,21,16,13,12,25,29,25,31,42,44,34,47,63,89,168,242,206,202,164,95,90,63,74,72,67,82,100,94,91,89,98,88,88,124,123,70,70,85,83,96,69,62,44,43,63,73,75,80,112,98,61,49,39,37,50,43,34,52,31,28,19,14,18,13,19,16,18,28,22,29,33,30,19,24,18,18,18,25,28,23,16,19,20,29,28,38,73,83,99,89,110,104,80,78,64,81,75,80,65,51,31,32,17,29,30,18,21,25,18,12,17,20,15,24,13,8,5,5,10,23,30,30,27,14,10,10,10,12,8,2,2,2,8,8,19,16,16,22,26,6,12,11,9,9,14,9,5,3,2,2,0,5,7,16,20,19,27,38,26,9,18,4,19,17,11,26,12,11,9,1,0,2,2,3,5,2,7,11,9,7,8,5,13,8,1,0,3,0,3,3,17,19,6,5,2,2,0,6,4,2,2,0,0,12,6,0,0,0,0,4,4,0,0,11,11,13,9,2,4,2,2,2,0,1,0,2,2,2,0,1,0,1,0,0,0,1,0,4,6,6,2,4,8,2,0,0,0,0,0,0,0,0,0,0,0,6,8,4,6,2,0,0,0,2,2,8,4,4,4,0,0,0,0,0,0,0,0,4,10,10,4,6,2,4,2,2,2,0,4,4,0,2,0,4,4,0,4,0,0,2,0,4,4,0,0,4,0,0,2,2,0,0,0,2,4,4,0,4,8,0,0,0,0,0,2,4,2,0,0,0,0,0,0,0,0,0,0,0,0,2,2,0,1,0,0,0,0,0,1,1,0,0,0,0,0,2,2,0,0,0,0,0,0,0,0,0,0,1,1,0,0,0,0,0,0,0,0,0,0,0,0,0,0,0,0,0,0,0,1,0,0,0,0,0,0,0,0,1,0,2,2,2,0,0,0,0,0,0,0,0,0,0,0,0,0,0,0,0,0,0,8,2,0,0
000137.bin,conv2,2,21x800x704,0,400,KittiDataset.__getitem__,True,kitti,15000,11827200,28188,0.002383319805194805,0.9976166801948052,0,0,0,0,0,0,0,0,0,0,0,0,0,0,0,0,0,0,0,0,0,0,0,0,0,0,0,0,0,0,0,0,0,0,0,0,0,0,0,0,0,0,0,0,0,0,0,0,0,0,0,0,0,10,16,18,22,34,33,41,41,43,45,51,56,56,67,96,97,108,127,119,98,132,153,154,132,140,103,136,172,121,129,174,178,173,228,186,172,171,194,196,207,145,147,186,193,140,130,157,155,95,87,111,169,175,142,131,120,110,126,150,129,127,120,115,116,110,112,120,171,177,129,143,153,201,196,142,134,189,204,138,114,121,134,131,163,142,108,101,109,121,140,130,78,70,88,117,163,167,104,78,76,77,98,115,146,176,172,162,127,126,105,140,170,141,103,98,110,142,119,107,127,169,157,127,110,119,89,88,94,93,81,85,115,108,100,97,76,86,73,68,84,82,96,91,85,94,106,81,69,62,65,66,71,68,67,72,99,93,89,64,75,96,98,63,61,46,46,54,53,55,68,70,68,87,78,49,66,52,37,37,41,48,47,51,71,82,54,57,66,55,76,62,68,49,56,49,23,30,23,14,19,23,16,34,75,46,36,46,44,39,17,11,19,28,28,13,19,18,13,13,20,16,19,20,21,19,16,15,14,17,27,28,38,39,28,69,43,31,33,32,42,17,12,23,22,14,6,17,18,9,11,16,15,25,24,22,14,17,41,40,38,31,10,28,35,44,34,33,37,39,44,34,33,41,53,37,15,22,9,16,23,14,16,12,24,19,26,23,10,16,23,12,10,20,36,35,16,9,9,7,3,18,33,59,73,55,19,16,17,15,20,15,26,12,7,9,12,20,24,33,33,19,9,6,9,25,32,28,25,10,10,14,8,18,27,30,28,40,49,27,26,20,17,24,44,41,34,18,16,8,21,35,26,11,10,9,8,7,9,9,18,7,4,2,10,9,2,6,7,11,20,22,32,70,94,74,73,52,25,24,28,19,14,4,9,13,22,48,50,47,31,26,20,29,45,26,25,15,31,35,29,11,21,13,9,22,13,17,14,8,11,10,6,6,6,12,15,21,19,17,14,12,15,20,20,15,13,10,17,22,17,12,12,14,12,6,25,29,16,4,1,1,7,6,16,22,6,7,1,2,3,19,18,7,10,8,6,12,17,27,21,6,12,18,17,7,5,8,4,6,18,2,4,8,10,4,8,14,2,0,6,0,6,4,18,15,3,10,7,12,11,12,16,8,12,3,2,4,0,0,4,2,4,10,19,22,12,20,34,32,15,2,14,16,5,5,5,5,9,8,2,0,10,13,6,12,3,7,8,5,3,2,10,9,11,8,3,8,9,4,6,8,3,1,6,15,12,9,1,2,5,3,6,4,0,2,4,2,16,18,11,6,6,7,16,11,23,24,18,9,7,10,10,3,1,2,9,7,5,3,2,11,14,13,8,11,10,19,11,9,11,18,11,13,7,3,9,10,4,8,7,8,10,7,7,11,1,0,6,10,2,7,7,1,0,7,20,42,46,20,11,4,3,10,10,6,14,10,14,15,4,10,3,14,6,2,4,9,4,2,5,8,2,2,2,1,1,5,2,4,0,4
000138.bin,conv2,2,21x800x704,0,400,KittiDataset.__getitem__,True,kitti,15000,11827200,30036,0.002539569805194805,0.9974604301948052,0,0,0,0,0,0,0,0,0,0,0,0,0,0,0,0,0,0,0,0,0,0,0,0,0,0,0,0,0,0,0,0,0,0,0,0,0,0,0,0,0,0,0,0,0,0,0,0,0,0,0,0,0,0,0,2,2,0,0,4,4,10,52,111,110,141,161,134,151,125,138,164,116,126,164,166,135,160,118,134,163,124,120,151,124,129,143,91,113,140,135,163,188,144,166,165,173,126,141,173,146,116,121,108,146,128,89,100,123,115,127,113,91,101,111,103,122,164,137,163,185,131,130,136,141,184,162,126,171,188,132,130,147,181,153,169,131,88,119,123,127,200,149,107,107,123,128,130,155,99,120,126,110,102,142,134,138,165,180,146,124,105,137,121,88,116,113,89,94,112,92,119,103,76,101,102,91,100,110,100,107,101,82,70,66,64,83,79,87,105,101,89,94,104,112,80,78,59,44,50,74,44,44,59,65,62,61,66,56,65,67,60,59,48,54,39,55,57,70,91,69,60,50,49,53,47,62,72,78,59,43,28,39,47,43,61,60,61,42,37,45,45,32,28,25,25,36,48,54,59,70,62,57,39,33,21,30,24,34,36,34,34,37,60,56,68,54,61,103,138,98,87,71,81,65,59,53,63,65,44,62,50,36,46,45,53,58,53,42,56,46,58,52,42,37,56,77,94,82,74,88,79,46,48,64,50,29,29,27,40,38,22,18,21,17,23,41,25,40,50,49,67,68,50,65,52,40,41,76,78,41,55,76,88,61,41,25,15,26,17,38,29,22,20,31,23,50,43,25,28,23,17,24,31,28,30,43,41,54,52,33,39,28,42,34,36,54,49,75,40,57,67,46,24,30,39,13,17,13,10,33,18,10,14,16,11,13,18,22,21,33,55,73,47,37,51,50,47,43,36,40,51,49,45,42,36,51,54,68,55,37,53,53,28,17,41,37,46,33,16,17,18,25,28,26,12,30,24,43,74,58,19,12,14,16,15,14,12,12,9,8,16,12,21,18,21,22,29,24,43,91,44,59,64,32,25,17,14,25,11,10,19,16,31,19,6,10,15,33,15,23,17,16,15,24,48,43,15,37,36,30,28,22,9,4,13,23,19,16,10,20,16,14,2,0,0,3,7,4,4,18,16,5,4,3,15,11,5,7,7,9,10,11,22,20,13,14,16,18,12,11,9,12,1,4,4,4,1,0,1,1,5,7,2,4,4,2,2,5,5,2,11,12,4,4,2,2,0,5,5,1,1,1,2,4,8,6,1,0,5,3,0,1,3,4,9,7,4,4,9,13,6,10,6,0,0,22,20,2,8,8,0,0,0,0,2,3,3,2,4,6,13,4,6,9,7,8,8,8,9,9,9,3,9,10,0,0,1,8,4,2,0,0,0,0,2,1,0,0,1,2,4,2,0,0,0,0,0,0,1,2,3,0,0,0,2,4,2,0,2,5,1,0,1,5,2,2,2,2,4,4,0,0,5,3,2,5,5,6,6,2,0,6,2,4,0,7,2,4,3,0,2,2,1,4,5,2,3,4,8,14,10,4,6,6,7,4,3,2,8,5,4,8,9,5,8,4,0,4,6,1,1,0,0
000139.bin,conv2,2,21x800x704,0,400,KittiDataset.__getitem__,True,kitti,15000,11827200,31828,0.0026910849567099568,0.99730891504329,0,0,0,0,0,0,0,0,0,0,0,0,0,0,0,0,0,0,0,0,0,0,0,0,0,0,0,0,0,0,0,0,0,0,0,0,0,0,0,0,0,0,0,0,0,0,0,4,4,0,0,0,6,13,10,9,8,10,13,15,18,28,31,32,43,50,50,56,59,59,54,59,57,55,61,71,98,91,80,96,85,85,106,102,90,109,105,98,120,83,72,73,75,75,94,96,95,91,99,85,73,100,124,85,67,76,95,138,111,73,87,119,110,144,129,73,84,88,83,79,76,98,104,139,118,87,94,102,120,155,133,108,106,140,83,77,78,80,92,101,132,113,88,98,114,111,139,117,64,79,95,117,106,125,92,61,62,62,108,132,147,104,76,98,61,57,77,100,169,218,163,104,82,72,59,71,77,83,122,148,81,78,90,82,79,70,95,113,110,145,151,90,91,113,124,111,119,119,107,119,116,138,142,177,189,101,81,90,109,130,106,87,95,130,183,228,204,177,107,87,86,86,89,70,52,97,77,74,72,91,117,214,255,109,87,85,102,90,88,120,161,155,153,119,88,103,92,82,96,106,122,175,181,165,108,56,52,64,45,56,69,79,92,64,52,77,102,110,112,96,91,82,59,50,50,39,27,34,24,40,30,39,48,59,66,72,53,53,64,66,83,70,109,96,91,74,70,64,78,85,90,83,64,60,68,99,55,57,70,58,56,48,34,44,59,65,45,62,45,23,48,58,88,38,63,43,67,63,63,88,69,70,65,39,34,46,39,20,13,18,29,34,49,52,54,52,61,68,61,61,71,48,53,55,62,79,39,32,43,65,62,62,39,38,63,79,72,39,37,30,26,22,37,18,19,19,28,40,35,14,7,22,26,16,18,16,14,17,14,21,17,36,25,22,8,16,15,14,18,22,33,34,18,20,20,34,31,40,43,34,31,66,44,33,22,16,35,34,50,48,24,13,12,13,7,4,15,17,10,15,19,16,23,39,30,32,23,12,16,20,14,11,8,9,12,4,6,13,6,8,12,10,17,11,11,6,2,10,6,0,14,37,60,88,67,70,104,74,55,87,63,55,57,43,72,45,9,15,22,26,23,6,12,15,11,10,19,22,10,10,12,14,6,8,4,3,2,4,4,2,4,6,4,6,12,8,10,4,11,12,16,27,17,12,28,21,19,21,18,10,9,4,6,16,16,6,4,4,12,6,7,6,7,3,20,13,9,13,10,14,22,18,14,6,17,19,31,23,34,36,13,8,9,24,20,15,20,18,16,19,20,33,13,10,10,13,5,2,5,9,6,0,3,10,5,5,6,8,2,2,3,0,4,0,1,4,8,2,10,11,2,1,4,14,9,8,0,4,3,0,2,0,6,2,5,4,3,4,4,0,2,4,6,4,0,8,6,9,10,12,17,5,3,5,17,18,12,6,9,11,0,2,4,9,9,10,20,13,7,10,9,3,6,13,10,4,12,9,13,9,6,17,8,5,4,4,8,6,6,10,24,28,16,13,13,28,19,3,16,13,4,5,10,3,2,2,6,1,3,5,2,1,50,80,25,3,4,4,2,4,14,6,0,8,4,4,10,4,3,4,2,0,2,7
000140.bin,conv2,2,21x800x704,0,400,KittiDataset.__getitem__,True,kitti,15000,11827200,24357,0.0020594054383116884,0.9979405945616883,0,0,0,0,0,0,0,0,0,0,0,0,0,0,0,0,0,0,0,0,0,0,0,0,0,0,0,0,0,0,0,0,0,0,0,0,0,0,0,0,0,0,0,0,0,0,0,0,0,0,0,0,0,0,0,0,0,0,0,0,0,4,6,8,12,12,13,12,14,16,15,17,18,17,16,18,24,27,27,32,32,40,43,51,52,80,87,68,76,87,101,175,140,110,117,152,134,79,101,141,122,87,104,104,146,120,83,90,107,130,146,151,119,95,90,97,115,152,156,164,157,145,143,162,182,176,189,194,191,175,152,159,167,176,186,162,162,161,158,153,136,128,125,128,157,223,244,198,188,146,153,171,156,142,141,136,135,134,110,113,136,123,127,139,118,104,110,121,137,111,87,89,90,86,91,99,86,101,99,91,81,69,80,87,87,88,86,72,78,104,79,74,101,106,93,105,107,133,126,137,134,108,91,81,85,94,93,71,75,74,81,82,89,114,134,163,164,99,80,59,69,77,61,52,55,70,60,83,80,49,32,19,22,35,61,63,33,26,50,79,79,79,70,48,33,20,28,25,31,23,38,41,35,14,15,10,12,15,26,32,34,31,26,13,16,15,6,6,10,6,6,6,6,4,4,12,22,23,33,20,22,14,17,28,19,14,35,30,11,12,10,4,6,4,4,4,11,19,19,22,20,23,23,22,23,15,18,18,30,56,66,50,39,40,32,12,23,37,46,27,24,60,62,52,34,50,53,55,35,30,20,8,15,19,33,44,32,23,6,5,4,2,10,12,54,64,63,47,41,27,27,34,34,32,26,18,20,25,27,12,36,87,153,141,27,11,17,8,6,6,8,10,2,4,0,22,18,12,12,8,10,10,8,8,0,0,0,0,7,10,0,15,34,27,21,7,8,0,0,1,0,0,0,0,0,0,0,1,1,0,2,5,8,12,8,7,6,6,6,11,19,19,22,6,1,5,7,4,2,3,0,0,5,1,2,2,0,3,2,5,9,6,8,16,14,2,0,3,0,3,4,6,0,0,2,2,0,0,0,0,0,0,4,4,4,4,0,2,1,4,20,10,0,4,0,8,15,3,15,22,9,32,72,58,45,69,58,54,107,163,149,128,174,172,67,10,6,8,8,2,0,0,8,14,14,8,5,4,7,3,0,7,4,1,0,0,0,0,0,0,2,0,0,0,2,2,0,0,0,4,4,18,22,10,0,0,2,2,1,0,0,0,0,0,4,8,14,2,2,8,8,0,2,2,4,0,2,15,24,16,14,2,4,7,13,0,3,0,0,4,4,0,0,0,0,4,4,4,0,0,2,0,4,8,0,0,0,0,0,0,0,0,0,0,0,0,0,0,0,0,0,0,0,0,0,0,0,0,0,0,0,0,0,0,0,0,0,0,0,0,4,4,8,0,4,8,6,2,0,4,0,0,4,5,1,8,12,0,4,5,3,0,2,5,8,5,9,7,7,7,3,5,10,16,15,6,8,4,6,6,1,4,1,5,11,12,4,4,5,8,9,6,8,9,6,2,2,3,1,0,0,0,0,0,0,0,0,0,0,0,0,0,0,0,0,0,0,0,0,0,0,1,2,1
000141.bin,conv2,2,21x800x704,0,400,KittiDataset.__getitem__,True,kitti,15000,11827200,33895,0.0028658515963203464,0.9971341484036796,0,0,0,0,0,0,0,0,0,0,0,0,0,0,0,0,0,0,0,0,0,0,0,0,0,0,0,0,0,0,0,0,0,0,0,0,0,0,0,0,0,0,0,0,0,0,0,0,0,0,0,4,2,0,0,2,0,4,4,4,2,0,8,12,16,11,14,14,12,10,28,27,25,35,36,45,54,56,85,87,81,85,94,90,91,96,117,121,126,152,154,216,197,163,161,181,207,178,165,173,177,131,143,142,147,163,135,133,128,126,150,131,94,127,128,127,129,139,145,176,189,155,141,171,184,222,177,139,170,183,166,184,177,159,157,189,214,194,219,248,293,356,328,291,325,344,363,402,391,364,397,374,353,346,318,283,275,247,232,232,221,269,301,249,228,238,211,160,143,125,181,214,169,165,173,143,127,94,103,112,148,118,87,93,68,80,74,66,65,72,95,130,153,126,117,93,114,82,65,102,72,60,45,97,116,76,45,43,33,40,56,59,65,58,75,49,50,83,73,44,44,76,63,68,37,49,63,72,68,56,87,122,86,94,105,76,79,90,86,88,69,50,48,64,76,94,90,109,78,68,79,63,71,65,67,55,61,57,47,51,52,45,38,36,49,47,48,30,44,28,44,93,76,51,67,63,43,43,41,34,30,50,50,38,51,51,69,60,55,59,53,41,43,46,57,39,59,73,74,79,65,59,76,84,69,83,62,108,97,71,54,45,37,33,33,33,26,20,28,28,27,26,40,45,45,42,36,25,21,24,44,31,26,22,12,8,17,15,9,14,12,13,8,12,10,4,2,1,3,3,3,3,5,0,6,2,1,7,15,22,16,12,16,24,36,37,59,55,49,60,39,45,10,29,20,17,19,12,12,28,27,31,28,39,26,10,6,15,18,11,10,16,21,16,7,24,21,9,11,22,22,22,10,9,10,4,5,7,6,8,5,19,23,25,27,23,16,21,26,25,29,47,41,46,55,64,43,40,44,36,38,19,17,20,28,18,26,30,28,44,15,11,8,25,42,22,16,23,16,20,23,20,24,20,15,13,12,15,23,20,20,18,12,28,26,11,19,8,3,2,7,9,4,5,14,23,21,23,8,7,9,11,1,10,11,14,18,1,5,20,17,29,29,21,4,10,19,20,15,3,24,10,6,9,12,11,8,6,2,4,15,16,16,30,24,7,8,11,16,11,2,12,18,14,15,4,6,7,3,6,8,2,4,5,4,9,10,13,6,10,6,6,9,4,7,5,14,10,9,13,7,3,10,8,5,2,6,10,11,9,4,11,13,2,8,10,8,8,9,12,16,13,14,10,4,8,4,0,4,10,8,7,0,0,4,4,5,1,4,4,4,2,2,4,0,2,2,2,3,3,6,0,2,2,8,0,6,12,4,0,2,2,8,8,4,10,4,14,12,10,18,24,14,3,2,5,11,26,9,1,2,10,14,4,3,8,0,0,0,2,0,0,1,0,0,4,11,4,2,0,0,0,0,4,5,4,0,0,0,0,0,0,0,0,0,0,0,1,1,0,1,3,4,4,0,0,0,0,0,0,0,0,0,4,1,0,0,2,0,0,0,0,0,0,0,0,0,0,2,0,0,0,0,0
000142.bin,conv2,2,21x800x704,0,400,KittiDataset.__getitem__,True,kitti,15000,11827200,17247,0.0014582487824675325,0.9985417512175324,0,0,0,0,0,0,0,0,0,0,0,0,0,0,0,0,0,0,0,0,0,0,0,0,0,0,0,0,0,0,0,0,0,0,0,0,0,0,33,45,49,41,35,29,23,22,20,17,13,13,22,25,29,32,37,46,59,63,64,60,63,81,101,108,132,140,110,102,70,104,73,74,115,103,88,98,81,99,82,84,109,91,80,118,82,44,91,141,171,152,97,93,123,102,86,117,71,54,53,70,94,36,30,30,54,110,80,43,35,44,52,61,66,82,132,115,104,88,111,112,60,71,98,108,66,63,58,91,94,80,53,53,98,119,51,50,39,24,63,71,73,62,52,81,209,167,69,62,55,58,89,144,109,66,65,54,35,36,50,113,111,72,76,65,62,43,56,98,124,86,87,64,49,50,51,50,48,85,152,95,61,87,79,96,79,41,61,121,93,62,71,91,62,30,35,37,38,36,41,105,92,43,42,39,50,29,23,16,16,24,38,22,31,41,48,51,64,41,27,32,41,36,28,20,26,44,34,19,17,24,22,32,27,37,34,53,28,14,11,25,25,25,22,14,15,34,46,31,41,40,22,18,39,51,59,66,36,20,14,15,20,22,19,16,30,35,33,14,7,5,4,4,12,21,20,10,5,5,7,5,23,34,20,11,19,13,32,38,52,37,14,10,10,10,6,6,8,8,13,14,9,16,7,4,6,2,0,8,2,9,32,38,34,30,17,13,18,6,10,16,14,12,19,14,6,4,10,18,32,22,14,6,2,16,32,36,45,35,27,11,3,6,6,14,1,6,9,9,10,6,2,2,2,10,8,5,15,40,45,29,19,12,28,45,34,22,9,10,13,10,12,10,12,12,7,13,13,6,4,4,4,2,2,2,2,0,4,4,2,6,24,22,6,6,8,6,6,6,4,6,10,8,7,12,6,6,6,4,2,1,11,23,11,6,4,6,11,7,4,7,11,4,4,0,2,0,0,6,19,25,4,0,3,25,22,8,31,33,5,3,0,2,3,5,5,8,8,0,0,0,1,3,0,0,0,0,0,0,0,29,30,23,9,4,8,8,4,11,31,37,7,21,21,17,23,20,6,16,5,4,8,6,4,4,6,4,4,2,2,2,2,2,6,8,4,4,8,0,0,0,9,12,8,0,0,0,0,0,2,12,6,0,0,0,2,2,2,7,16,22,2,4,5,7,14,12,42,21,2,2,4,4,5,2,0,0,1,0,1,1,6,10,3,12,8,0,2,2,2,0,8,4,0,4,6,4,2,0,2,6,0,0,0,0,0,0,4,0,4,0,0,0,0,0,2,2,0,6,12,6,4,0,0,0,0,4,4,0,4,0,0,0,0,0,2,2,0,0,0,0,0,0,8,4,2,8,10,5,6,2,0,0,0,0,0,0,0,0,0,0,2,0,0,2,2,0,2,0,0,0,0,0,0,0,0,0,2,2,0,0,0,0,0,0,0,0,0,0,0,0,0,0,0,0,0,0,0,0,0,0,0,0,0,0,0,0,0,0,0,0,0,0,0,0,0,0,0,0,0,0,0,0,0,0,0,0,0,0,0,0,0,0,0,0,0,0,0,2,11,14,16,6,4,8
000143.bin,conv2,2,21x800x704,0,400,KittiDataset.__getitem__,True,kitti,15000,11827200,21493,0.0018172517586580086,0.998182748241342,0,0,0,0,0,0,0,0,0,0,0,0,0,0,0,0,0,0,0,0,0,0,0,0,0,0,0,0,0,0,0,0,0,0,0,0,0,0,0,0,0,0,0,0,0,0,0,0,0,0,0,0,0,0,0,0,0,0,0,0,0,0,9,23,49,67,58,82,78,69,78,60,75,79,58,67,77,91,81,96,78,59,80,68,51,64,83,63,58,65,45,47,52,50,60,76,70,55,55,73,73,55,65,88,70,52,53,52,64,75,47,45,47,52,56,71,52,49,67,68,68,66,63,67,76,101,93,79,73,73,68,95,71,61,68,75,69,66,60,68,71,77,82,73,53,52,69,81,84,76,55,55,63,58,59,72,85,56,48,46,50,45,54,56,30,32,40,43,47,64,62,59,65,62,39,31,44,49,57,64,54,60,85,101,69,39,87,136,123,94,99,81,73,86,60,47,81,73,49,56,58,74,86,75,67,57,56,53,76,69,52,50,68,73,75,101,110,132,146,120,98,108,97,89,85,95,112,84,67,88,76,69,84,84,64,70,78,82,123,119,94,71,69,39,60,75,77,54,50,39,44,53,62,70,92,93,91,103,71,85,77,41,41,35,45,61,58,63,51,73,79,70,55,47,53,71,55,68,61,35,39,70,80,60,46,43,33,34,34,15,28,23,33,33,25,26,20,18,8,1,9,22,19,15,15,34,98,102,68,22,23,21,34,35,77,80,42,27,9,15,11,12,31,22,30,30,26,27,29,16,26,39,40,63,66,42,56,75,71,56,25,16,25,24,25,18,12,8,9,2,3,1,5,5,4,7,12,14,17,19,8,6,12,11,17,21,18,22,25,23,19,27,30,37,26,23,51,66,61,52,58,37,33,39,43,27,5,17,21,11,11,8,11,17,32,35,40,50,35,62,48,25,26,23,23,24,14,5,10,10,9,26,14,5,22,31,18,18,22,26,45,24,17,17,5,14,17,13,23,38,46,51,42,5,4,13,9,10,5,27,21,25,25,17,30,34,42,47,26,36,26,14,14,9,17,12,9,8,14,16,8,10,2,4,5,0,4,4,2,6,5,4,0,2,4,4,12,3,4,2,7,2,5,9,8,10,15,45,46,52,70,35,18,13,8,9,10,2,2,7,4,8,12,8,8,8,9,12,0,2,6,2,0,2,7,14,9,9,9,10,10,9,10,11,21,11,25,40,27,8,16,23,14,6,8,6,18,21,11,9,5,2,5,10,6,4,4,5,2,8,0,0,0,3,7,12,18,14,4,7,7,4,1,8,10,0,4,4,2,2,5,0,1,2,2,5,10,9,8,0,0,0,6,22,22,30,23,15,10,12,6,6,9,13,21,11,4,6,8,8,2,1,1,0,2,0,0,0,3,0,16,14,4,4,7,10,6,6,2,0,0,0,2,13,17,14,14,4,3,2,4,2,0,3,2,0,0,0,0,0,0,1,5,4,4,1,2,2,0,0,0,0,2,2,3,2,2,4,2,2,0,2,0,6,9,1,4,6,4,4,8,7,5,8,2,2,2,2,0,0,4,4,2,0,0,3,1,1,5,8,16,13,12,4,2,0,1,2,0,8,16,5,2,43
000144.bin,conv2,2,21x800x704,0,400,KittiDataset.__getitem__,True,kitti,15000,11827200,24544,0.00207521645021645,0.9979247835497835,0,0,0,0,0,0,0,0,0,0,0,0,0,0,0,0,0,0,0,0,0,0,0,0,0,0,0,0,2,2,4,5,3,4,8,13,12,6,4,7,4,6,5,8,7,11,14,12,10,7,6,8,8,9,12,8,8,4,11,25,31,44,70,88,65,103,104,106,104,91,144,124,74,104,165,136,128,105,75,140,124,90,120,133,70,152,130,63,76,65,64,132,105,43,47,139,106,29,77,140,64,34,48,106,124,54,45,54,62,145,129,49,49,50,54,53,44,72,134,107,84,57,92,121,87,86,115,114,86,89,62,69,89,58,69,80,101,126,93,71,87,99,104,88,81,86,78,88,88,81,65,46,56,71,78,99,90,95,116,93,79,94,126,121,122,96,83,78,70,84,87,102,110,85,61,50,52,68,60,55,67,84,92,101,96,91,78,72,67,59,73,75,71,70,73,80,74,74,46,41,58,77,81,55,46,44,36,40,51,55,75,69,58,49,89,89,67,50,59,63,64,57,61,87,94,72,87,64,75,78,55,58,37,37,43,56,61,97,92,68,77,66,62,75,82,60,52,49,53,46,65,63,75,76,69,122,88,68,82,100,124,121,192,296,114,41,37,52,45,25,38,46,49,30,35,31,38,36,101,136,106,78,73,78,99,79,59,48,56,59,40,33,94,69,47,44,53,60,66,81,40,29,26,29,61,43,47,59,42,64,79,77,79,73,65,61,65,66,48,55,50,40,32,24,23,20,32,22,32,23,15,37,44,48,44,24,38,42,41,49,46,47,49,68,82,85,68,56,40,35,36,32,28,28,21,23,13,14,29,18,11,12,8,8,4,13,22,56,82,46,31,42,26,20,23,28,33,28,50,53,39,35,28,15,14,17,19,24,29,22,15,10,15,4,3,7,6,12,13,6,14,37,48,25,22,14,7,9,7,9,6,10,3,4,7,6,4,2,4,8,27,19,6,9,4,4,8,10,0,2,9,6,12,17,6,6,10,14,10,8,6,2,0,4,0,2,2,0,0,0,6,8,13,26,46,54,28,8,2,8,25,34,6,0,0,2,0,4,2,4,5,10,4,5,2,2,0,3,3,3,0,1,1,0,5,2,2,1,0,0,0,0,0,0,0,0,2,2,0,0,0,0,0,0,0,0,0,0,0,0,0,0,0,0,4,4,0,0,0,0,0,0,6,18,66,71,34,42,32,55,70,48,25,20,13,18,20,16,15,19,12,0,2,8,18,12,22,20,24,5,6,6,2,3,2,2,2,0,16,38,25,0,2,7,11,8,4,0,4,5,9,4,7,8,4,4,6,2,2,2,1,0,0,4,8,0,0,2,2,0,0,0,0,0,0,0,0,0,0,0,0,2,2,0,2,2,0,0,0,0,0,0,0,0,0,0,0,0,6,12,8,4,6,0,0,0,0,0,0,0,0,0,0,0,0,0,0,0,0,0,2,2,0,0,0,0,0,0,0,0,0,0,0,0,0,1,1,2,1,1,0,0,1,2,3,3,4,5,4,4,2,2,5,6,0,0,0,2,2,0,2,4,2,1,0,2,2,0,0,1,6,6,0,4,11,9,0,0,0,1,1,3,4,12
000145.bin,conv2,2,21x800x704,0,400,KittiDataset.__getitem__,True,kitti,15000,11827200,29722,0.0025130208333333333,0.9974869791666666,0,0,0,0,0,0,0,0,0,0,0,0,0,0,0,0,0,0,0,0,0,0,0,0,0,0,0,0,0,0,0,0,0,0,0,0,0,0,0,0,0,0,0,0,0,0,0,0,0,0,0,2,4,4,0,0,0,0,0,0,0,0,0,10,19,22,30,36,41,49,53,59,69,74,89,108,124,122,144,160,124,151,169,134,145,129,113,96,118,122,132,123,112,116,115,93,85,97,88,69,79,85,126,86,68,75,74,81,106,89,81,80,76,82,95,119,133,123,111,115,126,127,112,98,96,109,95,84,88,97,95,96,79,109,142,134,100,123,101,120,139,160,161,142,117,93,129,116,166,128,103,78,35,30,39,35,33,69,73,52,38,27,31,41,40,37,32,36,85,63,47,28,44,49,56,53,48,48,55,75,86,83,49,47,65,80,66,42,38,31,32,40,40,51,71,68,49,53,49,52,49,47,49,47,53,90,82,43,41,40,45,45,49,48,54,32,115,125,53,33,41,48,68,53,56,90,73,112,148,171,135,135,96,91,110,114,150,160,152,139,168,164,156,128,107,85,82,92,78,92,150,121,106,85,74,82,67,64,90,135,158,118,82,59,62,62,62,42,48,40,41,41,47,49,49,57,53,47,41,53,64,65,53,57,57,44,36,36,56,83,107,68,69,57,63,84,86,104,91,82,58,61,70,60,62,86,90,84,51,48,37,44,57,50,32,41,25,38,47,58,51,85,87,61,100,112,125,94,67,79,70,84,65,63,62,55,71,65,65,71,70,52,30,27,31,57,59,52,30,14,24,16,20,25,8,22,38,45,46,41,33,32,63,133,236,253,296,272,315,392,374,309,188,81,83,36,22,25,28,27,36,50,34,13,21,30,15,26,24,10,23,29,30,22,29,52,16,18,14,18,28,66,51,21,9,17,35,23,15,15,17,16,5,5,8,12,8,10,17,10,16,25,25,13,10,7,4,9,4,13,30,26,9,2,10,4,2,2,2,2,29,53,19,8,7,3,10,14,11,6,2,13,20,16,29,31,12,22,25,21,15,7,13,15,18,31,28,24,27,22,23,23,27,19,19,11,8,16,21,20,16,26,33,8,8,25,25,32,35,18,26,24,18,14,12,21,22,22,12,8,10,8,2,18,12,16,50,162,283,129,32,12,8,7,3,7,15,16,4,2,6,8,23,8,3,5,0,1,3,15,9,2,0,1,0,1,2,1,1,1,1,2,7,11,2,0,0,6,13,2,4,7,6,6,6,12,6,4,12,14,22,26,8,6,0,6,5,1,1,0,6,6,10,6,0,0,0,0,0,6,7,8,19,22,44,25,0,0,0,0,0,0,8,8,24,28,28,6,4,6,2,0,0,0,6,6,3,0,0,0,0,1,0,2,11,9,2,0,4,0,0,0,0,0,0,0,0,0,0,0,0,0,0,0,0,0,0,0,4,5,4,2,0,0,1,0,0,2,1,5,5,2,1,2,1,1,2,0,0,6,5,1,0,0,0,0,0,0,0,1,1,0,0,0,0,0,2,2,0,1,0,0,2,1,0,0,0,0,0,0,0,0,0,0,2,0,0,0,0,0,0,0,0,0
000146.bin,conv2,2,21x800x704,0,400,KittiDataset.__getitem__,True,kitti,15000,11827200,20120,0.00170116341991342,0.9982988365800866,0,0,0,0,0,0,0,0,0,0,0,0,0,0,0,0,0,0,0,0,0,0,0,0,0,0,0,0,7,19,22,19,15,16,16,18,20,19,23,31,30,25,24,21,22,19,19,24,27,30,19,17,14,8,10,10,8,9,8,2,0,0,4,27,87,77,126,92,116,98,53,117,70,53,108,102,60,128,98,80,114,49,53,112,68,54,140,113,70,65,64,100,138,76,46,86,160,120,81,153,156,65,59,66,79,144,112,28,20,23,55,126,77,27,23,26,27,30,25,20,66,124,52,19,47,103,132,88,44,74,117,106,53,47,58,90,134,108,92,52,46,127,183,115,89,48,36,39,86,102,78,54,19,18,35,79,154,128,76,32,22,20,33,60,101,102,56,37,24,25,55,62,77,92,121,95,46,61,82,71,35,57,71,90,94,73,45,32,27,32,34,33,40,65,73,75,91,79,84,76,59,47,45,79,117,111,138,170,131,106,88,69,59,54,68,59,48,43,70,116,97,88,77,85,74,71,72,74,56,41,63,76,76,53,48,71,89,99,56,51,53,70,60,44,43,37,33,29,33,45,42,27,29,38,68,88,81,63,48,33,26,30,25,25,14,12,10,2,21,29,16,15,11,7,19,30,33,32,24,15,15,19,23,47,45,21,24,33,15,17,26,19,49,73,58,39,57,33,42,60,29,36,93,124,108,109,54,50,22,16,23,24,5,17,10,9,17,10,16,14,18,12,44,35,36,78,292,108,16,22,19,31,46,28,31,32,21,15,16,26,34,19,25,21,15,39,43,42,28,33,25,13,29,34,20,33,39,37,23,28,37,23,20,22,15,23,28,18,19,24,24,9,10,16,16,10,13,10,19,44,37,25,12,15,19,21,26,17,17,18,11,6,6,13,4,9,14,2,1,6,1,0,8,19,20,23,20,18,32,28,31,22,18,8,7,21,16,22,26,18,11,11,20,7,4,6,8,4,0,0,0,0,0,0,0,0,0,0,0,0,0,1,15,13,6,8,4,9,12,48,38,7,0,0,2,0,0,0,0,0,0,0,0,0,0,0,0,0,0,0,0,0,2,0,4,9,6,0,4,4,2,8,10,4,9,22,21,5,0,0,0,0,0,0,0,0,0,0,0,10,55,16,8,2,6,0,0,0,0,0,0,0,0,0,0,0,0,0,0,2,0,0,0,0,0,0,0,0,0,0,0,0,0,2,2,0,1,0,0,0,0,0,4,12,12,12,4,0,4,4,10,6,4,4,4,0,4,0,4,11,1,8,4,2,7,5,0,8,0,4,6,4,2,4,4,0,0,0,0,0,0,0,0,0,0,0,0,4,4,6,6,8,2,0,2,4,2,0,2,2,4,11,23,10,2,4,2,0,2,6,5,15,24,21,14,8,0,0,0,0,0,2,0,2,2,0,2,4,2,0,10,10,2,0,0,0,0,2,2,2,3,0,0,0,2,2,1,1,1,1,0,1,0,0,0,0,0,0,1,0,2,13,7,0,2,0,1,4,0,0,2,2,0,1,3,0,0,0,0,0,0,1,0,0,0,0,0,0,0,1,0,0,0,0,0,0,2,6,4,0,0,0,2,0
000147.bin,conv2,2,21x800x704,0,400,KittiDataset.__getitem__,True,kitti,15000,11827200,21225,0.0017945921266233765,0.9982054078733766,0,0,0,0,0,0,0,0,0,0,0,0,0,0,0,0,0,0,0,0,0,0,0,0,0,0,0,0,0,0,0,0,0,0,0,0,4,4,4,4,0,2,2,0,0,0,0,0,0,0,5,8,5,5,5,4,4,0,1,8,10,8,7,5,10,14,18,30,32,45,44,61,83,112,117,110,105,119,139,140,168,160,179,231,227,206,194,132,137,111,110,146,155,133,135,125,164,110,142,205,177,91,107,122,129,109,70,65,71,73,116,118,99,118,122,133,140,123,119,145,163,119,127,143,194,224,135,132,220,252,109,97,175,277,265,235,147,107,107,110,114,140,82,69,76,78,98,145,91,98,82,77,99,132,120,77,115,151,102,75,74,96,98,84,75,77,74,95,134,134,105,75,60,46,51,56,82,107,132,151,116,121,128,98,69,64,59,55,65,81,113,91,47,56,44,31,34,35,41,57,38,60,36,7,16,6,5,2,4,51,56,37,36,52,167,176,64,33,26,22,30,26,15,23,32,34,23,41,31,22,42,50,42,44,28,23,38,20,16,11,19,28,44,36,52,40,36,22,20,12,11,13,15,15,8,6,31,48,43,39,17,22,55,47,34,21,30,48,33,63,63,43,32,35,32,22,25,21,9,6,0,4,8,6,11,6,29,25,20,19,10,12,18,8,16,27,34,35,30,23,28,39,49,11,12,17,45,46,6,6,15,24,32,29,16,14,4,4,4,6,20,59,68,24,22,33,27,41,41,42,30,24,16,15,16,15,17,11,16,17,25,9,12,10,10,4,4,6,4,4,5,0,0,0,4,2,0,2,0,2,6,22,52,53,46,23,30,16,26,10,0,7,7,2,4,2,4,4,3,7,2,5,12,20,14,0,4,7,1,1,0,0,0,4,0,1,16,23,31,26,11,14,18,8,4,11,41,35,18,6,11,14,11,0,7,10,16,8,4,1,0,0,0,0,4,4,4,13,15,8,13,19,25,21,4,2,2,0,0,4,0,0,4,8,16,13,1,3,3,0,0,0,0,0,0,0,0,0,2,6,4,6,2,4,0,0,0,0,0,0,0,0,0,0,1,6,10,4,0,0,0,7,1,4,9,0,4,8,6,5,2,2,0,2,2,2,3,4,6,4,0,0,0,0,0,0,0,0,0,0,0,0,0,0,0,0,0,0,0,0,0,0,0,0,0,0,0,0,0,0,0,0,0,0,0,8,14,15,22,24,9,10,8,14,18,24,31,0,5,18,20,17,14,14,15,21,16,15,16,10,10,21,33,26,12,18,11,15,8,0,4,0,0,0,0,0,8,6,12,22,14,6,2,0,2,0,2,2,0,0,0,0,0,0,0,0,0,0,0,0,0,0,0,0,0,0,0,0,0,0,0,0,0,0,0,0,0,0,0,0,0,0,0,0,0,0,0,0,0,0,0,0,0,0,0,0,0,0,0,0,0,0,0,0,0,0,0,0,0,0,0,0,0,0,0,0,0,0,0,0,0,0,0,0,2,8,3,0,0,0,0,0,0,0,0,0,0,0,0,0,0,0,0,0,0,5,8,9,15,17,10,10,10,8,10,10,9,8,16,21,17,8,11,10
000148.bin,conv2,2,21x800x704,0,400,KittiDataset.__getitem__,True,kitti,15000,11827200,28341,0.0023962560876623377,0.9976037439123376,0,0,0,0,0,0,0,0,0,0,0,0,0,0,0,0,0,0,0,0,0,0,0,0,0,0,0,0,0,0,0,0,0,0,0,0,0,0,0,0,0,0,0,0,0,0,0,0,0,0,0,0,0,0,0,0,0,0,0,0,10,70,144,152,126,164,150,166,150,124,181,162,140,151,170,119,153,114,115,146,126,110,156,140,118,132,94,91,98,112,171,169,129,129,142,119,91,98,126,94,85,105,100,105,90,70,76,77,87,108,79,68,73,84,76,80,103,107,142,119,77,86,99,130,120,86,87,106,107,68,73,77,90,95,116,99,84,73,90,100,92,58,63,73,83,103,104,79,57,60,73,85,76,66,69,58,47,54,84,107,126,107,69,63,63,59,56,51,63,59,31,35,42,42,44,57,58,69,81,55,35,40,40,39,39,45,53,49,54,60,66,47,40,38,36,40,46,58,58,60,53,68,48,30,33,41,41,43,35,36,47,58,61,79,75,58,31,37,29,35,34,39,52,48,45,47,60,77,95,118,122,79,69,45,31,52,55,35,42,44,33,39,49,103,119,146,119,84,81,49,55,63,44,21,25,30,22,16,31,42,43,40,39,53,53,58,47,73,191,145,33,37,25,17,36,36,21,15,11,19,24,21,24,35,41,32,26,41,67,72,43,39,79,108,13,10,5,10,15,16,59,80,57,62,47,20,38,62,55,95,112,60,70,70,46,22,27,34,30,55,46,53,89,110,91,59,33,66,60,37,34,22,17,20,30,32,32,59,56,47,36,44,57,43,45,51,57,54,54,57,54,44,67,61,71,73,80,78,64,133,101,89,72,54,64,78,58,62,95,82,67,64,68,93,64,38,45,63,60,30,60,53,47,51,52,42,46,63,49,45,40,60,83,70,60,38,35,63,59,39,33,53,97,63,42,48,26,22,33,26,16,10,31,29,24,33,27,29,28,22,22,24,33,44,38,50,33,40,55,64,44,54,43,36,30,25,24,16,12,30,47,33,44,55,50,41,26,36,36,40,27,32,41,48,36,26,27,71,72,71,31,17,18,31,76,68,53,43,29,26,18,25,25,12,17,20,14,19,10,7,12,11,4,11,12,11,17,15,16,8,2,4,6,6,6,9,32,59,14,8,8,12,8,6,23,27,15,4,3,13,10,4,5,14,17,8,8,20,23,18,8,17,27,33,14,13,13,16,18,18,27,11,16,10,21,12,4,8,4,6,2,12,12,7,9,11,6,4,8,13,10,8,10,8,16,6,10,20,10,12,12,10,10,4,12,22,10,15,16,10,16,18,10,8,11,22,10,6,2,0,1,8,9,6,14,6,8,14,14,18,14,14,16,8,7,4,3,8,13,5,23,25,9,11,3,10,10,7,5,3,8,8,8,5,17,13,12,11,7,5,14,12,24,29,21,17,25,30,31,14,7,5,12,5,21,17,21,20,6,10,1,7,8,5,6,7,4,5,2,8,10,12,11,12,7,4,7,15,15,7,7,11,18,19,10,15,7,2,0,1,2,0,2,2,4,2,1,3,1,1,0,0,0,0,2,5,0,4,4,7,3,6,6,6,9,2,0,0,0,0,0,0,2,0
000149.bin,conv2,2,21x800x704,0,400,KittiDataset.__getitem__,True,kitti,15000,11827200,23884,0.0020194128787878788,0.9979805871212121,0,0,0,0,0,0,0,0,0,0,0,0,0,0,0,0,0,0,0,0,0,0,0,0,0,0,0,0,0,0,0,0,0,0,0,0,0,0,0,0,0,0,0,0,0,0,0,0,0,0,0,0,0,0,0,2,3,7,8,15,19,22,24,28,25,46,65,79,90,109,143,135,123,127,157,145,143,147,118,128,142,112,123,151,130,197,239,157,130,140,157,158,107,107,145,161,120,102,170,160,101,84,124,211,195,137,98,69,106,187,127,62,68,62,64,73,78,65,161,173,81,58,73,136,173,83,95,154,130,57,57,79,76,156,207,147,83,65,57,130,158,115,84,58,61,168,233,164,108,101,91,100,111,129,96,67,38,53,49,56,77,62,75,76,47,38,52,40,34,92,79,93,138,104,55,60,60,53,59,96,68,66,106,99,50,43,49,32,34,42,56,91,63,55,79,75,75,61,40,51,54,52,59,79,45,48,62,51,89,88,48,84,79,44,48,40,43,52,33,21,43,41,34,37,34,22,18,8,21,15,14,20,16,31,56,41,19,13,18,35,28,37,33,29,19,13,11,23,44,55,38,26,20,17,28,34,30,33,29,25,25,23,26,32,23,47,87,134,137,131,112,85,94,141,136,94,72,89,101,119,100,85,71,54,24,30,39,28,55,40,14,15,5,15,28,64,72,51,54,51,25,32,18,18,19,9,19,19,26,23,16,8,32,23,14,10,10,18,27,27,44,27,21,14,32,49,67,49,42,43,27,6,12,23,17,12,26,24,12,19,45,65,43,25,21,34,42,35,30,19,27,29,42,39,32,39,38,31,29,25,49,86,151,93,45,45,51,46,39,23,15,10,2,4,4,22,20,14,22,22,30,52,38,24,29,15,4,8,0,2,0,0,2,2,2,2,0,2,4,8,12,13,17,17,6,5,3,6,10,27,72,54,17,7,4,2,11,23,26,19,8,2,0,15,19,9,4,5,6,1,1,5,6,16,13,8,13,9,9,8,4,0,5,4,2,8,6,3,3,8,8,2,5,2,0,10,6,1,0,0,0,0,0,0,0,0,0,0,0,0,0,0,9,16,12,16,103,125,58,26,11,2,4,1,1,0,0,4,4,0,0,0,0,2,2,16,12,12,10,12,8,2,5,14,3,0,0,0,0,0,0,14,14,19,39,33,35,31,12,2,1,2,4,0,2,2,0,0,2,2,4,10,4,4,5,11,14,25,15,6,12,11,11,2,2,9,16,32,16,8,9,2,10,115,143,36,25,17,8,15,4,6,4,1,6,6,4,6,4,6,6,2,4,10,20,16,2,0,2,2,2,12,1,4,0,8,6,4,14,13,9,8,5,7,2,6,9,10,12,2,10,16,22,8,0,4,0,4,4,0,0,0,2,0,0,4,4,0,0,0,0,2,8,9,1,0,0,0,0,1,1,0,0,0,3,5,6,0,2,2,2,1,4,1,1,9,6,5,5,4,5,4,5,1,1,2,1,0,1,3,2,0,0,0,0,0,0,0,4,7,3,3,6,3,5,4,9,23,17,11,12,24,6,2,8,5,3,2,5,7,6,12,15,12,7,5,3,8,9,7,7,14,8,1
000150.bin,conv2,2,21x800x704,0,400,KittiDataset.__getitem__,True,kitti,15000,11827200,31893,0.002696580762987013,0.9973034192370129,0,0,0,0,0,0,0,0,0,0,0,0,0,0,0,0,0,0,0,0,0,0,0,0,0,0,0,0,0,0,0,0,0,0,0,0,0,0,0,0,0,0,0,0,0,0,0,0,0,0,0,6,8,6,4,7,9,13,12,21,18,17,27,23,24,16,28,26,31,39,41,56,48,57,76,79,109,102,111,144,130,107,145,123,106,111,74,82,85,79,122,138,138,141,151,137,88,114,107,63,101,110,136,94,47,45,96,122,159,151,103,74,74,63,54,86,169,183,127,74,77,160,218,114,71,168,177,92,80,69,72,102,208,164,62,53,59,80,184,129,54,55,68,96,172,189,68,38,40,62,115,173,154,91,47,55,47,50,78,157,163,115,113,71,50,49,59,102,131,111,69,69,68,73,76,63,61,82,94,83,91,91,110,96,87,64,48,76,103,141,159,132,131,144,128,126,88,99,68,73,92,99,149,197,210,222,167,145,148,108,68,70,68,50,60,56,76,57,60,65,77,70,80,85,59,89,93,97,106,131,116,116,130,110,122,116,82,58,85,117,134,85,88,92,97,86,75,86,79,79,137,170,152,111,123,88,92,84,62,67,75,81,67,76,75,65,44,62,62,74,69,49,50,61,54,61,58,46,46,35,42,51,58,66,66,53,51,39,44,62,73,61,65,59,67,71,76,60,53,69,71,91,114,141,98,86,63,49,59,70,67,57,45,65,79,74,68,52,44,27,34,48,48,41,39,35,37,44,48,54,36,25,27,31,44,33,41,34,38,52,48,31,30,39,29,31,21,24,16,32,37,21,27,75,134,157,120,66,81,68,34,38,26,10,30,33,13,34,38,43,46,43,41,24,19,31,30,28,48,78,108,92,61,43,41,57,48,51,38,95,207,220,203,223,134,108,77,63,73,62,47,43,54,63,42,41,36,27,24,19,36,32,21,18,27,29,23,43,38,24,31,26,28,31,22,20,20,17,42,38,16,23,17,8,30,42,32,26,17,20,28,23,23,37,38,37,35,18,18,24,31,13,33,29,20,13,11,26,12,5,13,17,18,17,14,16,15,13,9,12,16,25,23,15,9,6,12,8,17,9,1,10,18,21,25,36,35,32,8,1,10,22,10,3,9,9,22,4,4,12,14,9,18,13,20,31,36,13,5,9,14,12,12,12,19,21,21,18,10,3,10,7,7,5,17,20,13,10,14,17,23,17,15,24,27,24,19,13,20,12,27,21,11,9,10,8,8,4,6,8,10,10,8,6,6,8,11,8,20,11,30,18,7,21,11,11,1,6,6,5,4,2,9,7,3,10,4,11,13,6,0,9,6,11,14,6,5,12,9,3,10,6,8,8,0,6,9,4,6,5,2,6,2,16,14,0,12,14,1,3,2,0,5,6,3,5,2,1,7,7,2,3,5,1,7,4,8,5,8,7,4,4,7,1,6,2,9,6,6,2,0,3,3,6,8,9,4,6,6,1,2,7,10,5,1,4,10,29,42,34,2,12,11,9,11,13,9,2,14,10,5,6,4,3,4,4,5,8,4,4,8,6,12,1,0,6,6,0,0,7,6,0,4,0,0,2,12,10,4,6,5,4,11,1
000151.bin,conv2,2,21x800x704,0,400,KittiDataset.__getitem__,True,kitti,15000,11827200,26851,0.0022702752976190474,0.997729724702381,0,0,0,0,0,0,0,0,0,0,0,0,0,0,0,0,0,0,0,0,0,0,0,0,0,0,0,0,0,0,0,4,4,8,12,15,17,15,8,6,11,17,21,16,18,14,9,11,12,11,11,11,14,14,11,10,10,15,17,21,30,49,73,122,125,123,124,112,84,110,118,85,93,128,113,110,116,73,119,108,74,92,111,75,111,81,54,69,81,92,121,109,85,105,120,69,81,122,98,69,109,162,154,97,62,56,53,78,84,52,44,53,66,56,65,67,74,68,82,80,84,72,59,77,84,66,68,97,104,77,75,52,64,96,114,88,56,49,56,74,87,88,73,73,85,88,87,91,103,79,48,80,111,80,38,44,73,76,96,89,104,58,36,39,39,45,71,140,166,123,50,22,26,30,37,53,76,123,164,65,42,54,90,110,69,66,74,118,126,50,63,65,54,51,55,84,102,52,50,68,75,89,53,29,33,36,34,39,24,42,43,73,92,109,103,83,88,80,78,207,193,109,88,83,70,61,69,73,58,105,113,52,60,70,54,81,51,40,36,43,37,33,39,23,38,50,48,36,44,85,60,48,53,47,55,49,52,53,45,46,46,47,49,48,45,71,47,36,51,52,46,36,32,37,30,34,32,31,42,41,55,48,43,45,47,33,28,35,36,35,84,72,39,60,43,34,17,25,25,40,30,38,28,30,23,25,42,84,88,49,47,55,41,45,41,43,51,42,54,50,49,50,51,64,132,118,55,30,22,84,265,395,243,129,82,91,66,56,56,55,47,36,33,48,41,35,47,61,53,61,85,67,58,42,32,38,43,55,60,75,61,42,49,47,36,53,37,32,38,28,49,42,39,33,29,26,35,53,69,64,54,55,37,28,28,48,40,34,54,27,30,34,41,38,42,31,38,44,34,14,29,34,22,41,36,29,35,55,53,63,46,43,16,27,36,25,20,32,28,52,72,54,42,31,16,25,35,42,49,62,54,20,22,11,16,25,27,13,27,27,28,14,11,15,29,20,12,16,11,13,15,20,12,10,7,16,14,17,28,46,15,9,19,26,15,15,21,26,27,26,20,21,16,26,20,10,20,17,11,15,20,11,22,13,35,40,23,20,18,32,24,22,17,6,8,20,16,5,4,12,37,26,15,16,10,8,12,13,10,6,4,4,15,6,4,8,4,8,10,7,12,22,13,3,0,4,8,10,7,2,4,6,6,14,10,2,0,9,12,17,8,21,23,12,6,12,14,2,1,6,6,9,16,10,2,1,4,6,17,12,5,11,14,23,13,19,6,15,16,15,17,12,23,20,9,5,8,10,18,14,3,1,1,1,4,16,16,5,2,3,4,2,14,11,11,6,3,1,4,6,8,6,8,4,0,1,1,6,11,13,12,16,16,8,2,4,8,13,11,3,0,2,2,3,2,5,5,2,4,4,5,5,1,4,6,8,7,1,4,4,1,4,4,4,4,6,2,3,2,1,0,2,12,10,1,1,1,1,2,0,2,5,5,5,2,2,2,7,9,0,0,3,6,4,2,5,4,3,4,6,8,12,9,4,2,0,2,4,5,5,0,0,3,0,1,1,1,5,3,4,3,2,7,4
000152.bin,conv2,2,21x800x704,0,400,KittiDataset.__getitem__,True,kitti,15000,11827200,18176,0.001536796536796537,0.9984632034632035,0,0,0,0,0,0,0,0,0,0,0,0,0,0,0,0,0,0,0,0,0,0,0,0,0,0,0,0,0,0,0,0,0,0,0,0,0,0,0,0,0,0,0,0,0,4,47,57,122,139,125,57,55,48,34,39,57,65,80,73,68,65,117,127,117,162,127,141,122,111,138,90,64,105,135,131,122,81,91,114,66,72,114,69,60,88,51,17,17,21,73,87,35,10,58,110,66,29,68,120,110,89,103,118,123,144,94,82,83,84,104,115,77,52,44,45,45,52,73,91,130,129,69,64,67,88,80,55,67,84,56,71,63,41,61,81,89,71,51,47,49,74,70,47,69,86,76,79,83,78,81,77,88,104,92,105,100,85,84,80,91,73,67,72,56,60,65,92,97,97,67,61,60,62,60,55,43,60,61,60,55,77,69,56,79,105,95,106,121,94,77,74,71,58,75,62,66,66,53,51,64,59,41,47,50,44,32,62,57,50,47,54,54,34,54,71,43,41,23,28,34,36,28,16,14,10,11,5,10,13,8,12,20,25,34,28,15,17,17,21,11,2,6,17,13,8,22,26,17,32,46,36,26,37,34,43,96,58,24,32,26,26,28,29,23,17,11,9,4,4,7,3,25,34,29,29,23,32,25,21,20,18,6,13,11,8,10,7,12,9,13,24,24,36,23,32,49,31,36,40,30,14,8,16,20,9,18,12,14,15,8,11,11,10,17,11,5,6,6,8,17,12,0,19,35,34,48,39,32,30,26,16,21,21,113,106,98,91,57,64,42,20,36,17,27,18,4,13,11,14,3,6,5,8,13,6,4,16,15,17,7,24,18,23,23,21,40,41,21,19,20,16,14,24,21,24,17,11,18,20,9,3,2,2,6,5,4,6,3,4,6,0,5,7,4,6,3,13,16,28,22,16,23,19,17,14,3,12,12,23,18,8,8,16,10,10,24,22,26,27,25,21,11,11,1,12,11,0,4,2,4,8,8,2,4,4,6,2,0,4,3,1,1,8,4,2,4,11,8,4,7,6,8,30,6,5,4,1,1,4,4,2,6,4,4,6,6,8,17,18,4,4,11,11,8,7,5,9,15,12,14,8,11,11,9,8,4,6,7,2,5,3,10,10,0,2,4,1,1,0,0,0,4,2,1,1,0,1,0,0,2,2,4,11,2,2,0,4,4,2,0,0,6,0,2,0,1,1,0,0,1,0,0,4,0,4,1,1,0,0,0,0,2,2,0,0,6,8,4,0,8,6,4,2,0,4,0,4,3,11,11,10,18,1,1,0,0,2,2,0,0,4,0,0,0,0,0,0,4,2,4,6,28,14,4,0,9,6,11,5,2,4,3,6,4,4,0,1,7,9,1,1,1,2,0,12,22,4,2,4,4,0,0,0,2,0,0,2,2,0,0,0,4,0,0,0,0,0,3,4,4,2,2,0,2,2,1,1,0,0,0,0,0,0,0,2,2,0,0,0,0,0,0,0,0,2,2,0,0,2,9,11,4,8,2,0,0,0,2,2,0,0,0,0,0,0,0,0,0,0,0,0,0,2,2,0,0,0,0,0,2,0,0,0,0,4,4,0,0,2,6,0,0,0
000153.bin,conv2,2,21x800x704,0,400,KittiDataset.__getitem__,True,kitti,15000,11827200,21726,0.0018369521103896104,0.9981630478896104,0,0,0,0,0,0,0,0,0,0,0,0,0,0,0,0,0,0,0,0,0,0,0,0,0,0,0,0,0,0,0,0,0,0,0,0,0,6,16,15,8,3,0,0,0,0,0,0,0,0,0,8,9,9,9,26,36,31,45,78,87,82,71,76,92,118,158,199,193,225,206,165,170,190,178,169,136,145,182,205,211,208,137,138,131,87,98,97,131,158,124,129,155,158,136,143,159,124,115,129,140,125,88,93,114,123,122,114,131,144,126,125,112,95,94,109,100,57,63,82,116,145,95,104,115,86,75,72,77,73,127,141,81,79,68,73,107,128,80,46,56,67,84,112,100,68,64,66,79,106,121,95,42,45,51,54,61,70,64,52,38,35,65,67,65,69,61,64,53,32,32,43,49,51,81,110,86,42,41,45,34,33,35,32,43,85,71,81,83,66,47,29,32,64,70,66,94,43,30,28,26,27,32,115,175,132,101,84,125,84,19,12,10,8,26,35,64,59,36,41,30,25,47,132,60,16,36,39,64,100,110,63,76,61,64,61,133,154,70,81,64,52,62,59,67,61,77,117,137,141,118,107,84,67,68,73,65,53,53,72,87,70,30,24,52,57,67,73,43,50,40,21,30,32,40,79,70,27,34,25,28,31,34,70,39,2,20,17,21,17,14,12,17,26,15,14,15,21,25,28,11,8,3,1,3,2,7,36,33,28,14,0,0,2,4,4,4,14,16,18,29,9,10,4,0,4,4,4,12,18,18,21,44,48,15,14,9,3,4,4,15,28,16,15,3,6,1,3,12,14,6,0,1,5,4,0,1,2,0,10,7,31,15,4,6,5,8,6,10,8,10,14,7,13,12,16,20,56,52,22,8,4,16,14,10,8,17,14,25,36,36,82,65,36,16,10,5,2,16,17,2,4,2,2,10,6,9,1,4,6,0,2,2,1,3,18,14,1,6,41,54,7,3,7,11,6,2,17,13,6,11,9,6,0,1,7,12,10,11,14,11,8,18,9,2,0,3,3,7,7,9,7,6,12,14,2,2,2,0,4,4,0,6,0,1,1,1,3,2,0,2,2,2,0,4,4,0,8,12,15,10,2,4,5,8,12,4,0,4,4,4,0,4,8,16,21,16,6,18,25,1,2,2,0,0,0,0,0,2,6,4,4,4,0,0,0,10,0,0,0,0,0,0,0,0,0,4,4,0,0,0,3,4,2,0,1,2,7,1,9,8,0,0,0,6,5,7,15,12,3,0,0,0,1,1,3,2,1,0,0,0,0,0,0,0,0,0,0,0,2,0,0,0,0,0,0,0,0,0,0,0,4,4,0,0,0,2,2,2,0,0,0,0,0,0,0,0,0,0,0,0,0,0,0,0,0,0,0,0,0,0,0,0,0,0,0,0,0,0,0,0,0,0,0,0,0,0,0,0,0,0,0,0,0,0,0,0,0,0,0,0,0,0,0,0,0,0,0,0,0,0,0,0,0,0,0,0,0,0,0,0,0,0,0,0,0,0,0,0,0,0,0,0,0,0,2,0,0,0,0,2,2,2,0,2,2,3,2,2,3,4,0,0,0,0,2,0,0,0,0,0,0,0,0
000154.bin,conv2,2,21x800x704,0,400,KittiDataset.__getitem__,True,kitti,15000,11827200,24887,0.002104217397186147,0.9978957826028139,0,0,0,0,0,0,0,0,0,0,0,0,0,0,0,0,0,0,0,0,0,0,0,0,0,0,0,0,0,0,0,0,0,0,0,0,0,0,0,0,0,0,0,0,0,0,0,0,0,0,0,0,0,0,0,0,0,0,0,4,28,74,137,157,138,156,133,163,130,164,156,125,133,175,152,152,152,115,147,150,116,131,178,129,158,131,89,89,103,115,133,124,121,112,140,142,140,150,117,118,129,119,134,97,81,82,78,87,81,64,60,72,79,92,92,105,109,80,82,97,125,116,94,104,93,108,145,151,137,147,147,95,102,104,123,135,109,97,83,107,116,84,80,104,113,128,101,89,76,73,73,98,161,128,102,104,92,76,96,148,144,74,63,61,42,51,70,88,119,67,34,36,48,77,64,69,87,111,124,57,26,33,47,55,60,62,92,74,24,29,50,63,60,39,57,45,66,139,139,53,30,27,64,93,105,98,67,40,46,43,36,43,78,152,122,33,33,32,20,18,27,50,45,38,30,58,111,89,45,53,56,21,9,10,8,14,24,24,14,10,17,35,49,59,66,55,32,36,42,82,100,50,19,15,24,20,21,25,12,26,33,24,11,13,17,28,57,49,96,75,59,115,137,60,40,40,43,36,37,54,53,47,49,44,38,53,48,37,43,42,27,22,18,18,26,46,44,43,78,49,24,32,35,28,19,23,32,47,54,46,17,32,21,6,10,14,16,10,14,15,33,48,35,49,188,190,101,45,35,26,16,12,27,30,27,14,11,26,43,30,8,7,15,14,20,38,37,30,40,21,10,7,17,13,23,22,10,13,17,24,28,28,33,35,51,37,23,24,29,27,29,11,12,14,9,16,20,26,19,20,30,29,18,6,21,26,27,28,32,24,19,15,23,30,40,20,11,24,32,34,34,22,33,35,16,16,13,6,8,9,9,11,11,11,11,10,13,15,16,19,14,6,37,52,25,11,2,0,0,9,20,6,0,2,2,0,4,8,8,11,7,5,8,4,8,14,16,14,18,6,8,3,7,13,17,12,16,12,8,8,8,6,5,10,14,29,49,46,34,18,14,24,19,11,25,29,28,38,50,38,40,36,66,53,69,59,48,33,23,35,14,48,56,18,16,16,10,16,24,25,21,20,24,14,25,10,12,10,6,7,0,0,4,8,2,4,4,0,4,16,16,8,14,6,2,2,2,28,30,20,22,24,10,8,9,5,10,16,17,4,0,4,12,12,25,51,23,10,0,8,6,8,6,6,6,0,8,10,8,18,22,6,6,6,4,9,6,14,12,9,11,9,15,10,0,0,0,10,20,10,4,0,3,1,8,14,17,18,20,15,10,2,0,0,2,2,4,0,2,6,8,18,14,14,4,10,2,0,0,0,0,0,0,0,0,8,8,6,9,7,7,21,19,29,20,13,12,3,14,17,12,8,5,2,2,1,0,0,0,5,10,9,1,2,6,1,2,8,4,1,2,4,4,0,5,3,1,5,8,2,1,1,1,0,1,1,1,0,1,1,0,0,0,0,0,0,0,0,2,4,1,0,0,0,0,0,0,0,0,0,0,0,0,0,2,7,4,0,0,0,4,5,1,5
000155.bin,conv2,2,21x800x704,0,400,KittiDataset.__getitem__,True,kitti,15000,11827200,29273,0.0024750574945887447,0.9975249425054112,0,0,0,0,0,0,0,0,0,0,0,0,0,0,0,0,0,0,0,0,0,0,0,0,0,0,0,0,0,0,0,0,0,0,0,0,0,0,0,0,0,0,0,0,0,0,0,0,0,0,0,0,0,0,2,5,11,15,15,19,22,22,30,44,68,88,100,112,109,104,108,133,110,86,117,137,114,112,131,110,137,120,82,98,112,90,96,97,53,47,53,55,66,106,107,75,88,128,114,66,80,94,52,59,63,80,110,64,38,50,74,93,129,84,39,47,43,43,50,53,71,96,166,80,69,61,64,118,138,47,56,100,139,71,41,47,58,59,64,119,82,55,46,57,71,112,96,85,76,64,82,109,115,99,77,73,50,58,90,100,62,54,64,90,70,40,50,75,95,67,66,64,50,56,84,84,50,72,85,57,39,45,48,73,74,77,79,108,92,51,46,44,37,37,40,43,45,56,76,79,98,76,80,96,93,75,47,41,48,40,51,52,66,62,51,53,51,55,71,89,139,88,73,95,114,117,111,107,117,112,94,98,93,80,86,124,94,121,108,74,75,88,98,99,87,75,100,86,86,55,50,46,61,84,82,92,56,51,68,67,70,66,58,48,28,30,54,36,40,47,31,51,50,62,76,90,75,63,99,76,58,49,35,63,74,77,109,93,57,38,26,23,28,28,38,31,40,30,19,29,32,61,73,76,109,128,70,49,62,41,36,43,44,51,35,27,32,15,8,8,23,28,24,18,12,23,23,26,10,19,29,30,36,43,34,34,43,45,39,37,42,39,41,37,71,67,23,15,12,15,22,35,21,17,26,21,22,26,49,64,59,43,28,27,14,10,18,19,19,19,22,34,39,42,32,15,11,12,18,43,47,54,63,86,87,70,61,47,43,46,56,56,47,43,44,15,29,31,48,50,41,28,27,44,37,41,39,24,40,60,108,103,73,93,117,163,173,153,110,99,102,102,105,99,97,122,95,76,86,66,77,70,62,69,68,54,60,62,44,30,33,34,35,47,37,37,40,49,50,48,35,46,56,67,51,63,104,144,164,174,127,78,75,82,94,73,52,39,42,40,41,42,47,47,61,75,46,28,41,46,53,45,38,44,40,22,10,20,18,8,2,2,28,35,32,25,23,13,4,5,11,9,7,4,5,7,12,4,4,10,28,10,6,10,4,6,5,8,26,15,8,6,10,4,4,2,0,0,0,0,0,0,3,13,15,13,27,18,11,18,10,5,8,13,10,13,20,25,23,19,20,21,16,6,19,14,5,8,2,5,6,8,5,10,9,11,11,23,22,10,8,11,9,18,13,14,8,9,4,5,9,4,2,0,0,4,2,0,2,8,9,4,3,4,2,2,2,3,1,0,0,0,0,0,0,2,0,0,0,1,10,11,10,4,6,6,4,14,8,6,0,1,1,2,4,2,2,2,2,0,0,6,2,0,0,0,0,0,0,5,19,17,20,28,29,31,29,34,31,28,25,31,44,34,21,28,26,19,9,0,2,2,0,0,4,10,9,2,2,6,0,0,0,0,2,0,0,0,2,4,3,5,4,2,0,1,1,6,4,8,9,16,9,2,4,1,1,0,0,0,4,0,2,3
000156.bin,conv2,2,21x800x704,0,400,KittiDataset.__getitem__,True,kitti,15000,11827200,18713,0.0015822003517316017,0.9984177996482684,0,0,0,0,0,0,0,0,0,0,0,0,0,0,0,0,0,0,0,0,0,0,0,0,0,0,0,0,0,0,0,0,0,0,0,0,0,0,0,0,0,0,0,0,0,0,0,0,0,0,0,0,0,0,2,32,49,32,7,1,0,0,0,0,5,24,34,40,28,32,25,25,34,42,47,52,67,86,91,90,79,70,77,78,68,51,68,74,80,63,60,71,65,48,55,65,56,56,64,124,122,111,142,181,205,204,198,184,211,193,198,194,202,243,218,229,346,437,480,491,483,382,296,284,319,289,307,281,233,206,213,233,284,316,280,252,245,248,232,207,206,224,174,155,138,181,212,212,205,180,165,189,235,252,244,208,237,206,140,86,58,56,42,63,69,50,21,17,17,20,26,48,22,10,15,72,102,70,140,276,240,59,131,206,98,37,23,8,8,15,10,6,12,6,0,0,0,0,0,0,4,2,4,2,6,4,4,1,6,6,6,5,8,0,2,6,7,2,0,0,2,0,0,1,0,0,0,0,0,0,0,0,0,0,0,0,0,0,0,0,0,0,0,0,0,0,0,0,0,0,0,0,0,0,0,0,0,0,0,1,2,1,2,0,0,0,0,0,0,0,0,0,0,0,0,0,0,0,0,0,0,0,0,0,0,0,4,14,18,12,0,0,0,0,0,0,0,0,0,0,0,0,0,0,0,0,0,0,0,0,0,0,0,0,0,0,8,7,0,0,0,0,0,0,0,0,0,0,0,2,0,0,0,0,0,0,0,0,0,0,0,0,0,0,0,0,0,0,0,0,0,0,0,0,0,0,0,0,0,2,0,0,0,0,0,0,0,0,0,0,0,0,0,0,0,0,0,0,0,0,0,0,0,0,0,0,0,0,0,0,0,4,0,0,0,0,0,0,0,0,13,12,2,0,0,0,0,0,0,0,0,0,0,0,0,0,0,0,0,0,0,0,0,0,0,0,0,0,0,0,0,0,0,0,0,0,0,0,0,0,0,0,0,0,0,0,0,0,0,0,0,0,0,0,0,0,0,0,0,4,2,2,0,0,0,0,0,0,0,0,0,0,0,0,0,0,0,0,0,0,0,0,0,0,0,0,0,0,0,0,0,0,0,2,0,0,0,0,0,0,0,0,0,0,0,0,0,0,0,0,2,1,2,2,0,0,0,0,0,0,0,0,0,0,0,0,0,0,0,0,0,0,0,0,0,0,0,0,0,0,0,0,0,0,0,0,0,0,0,0,0,0,0,0,0,0,0,0,0,0,0,0,2,0,0,0,0,0,0,0,0,0,0,0,0,0,0,0,0,0,0,0,0,0,0,0,0,0,0,0,0,0,0,0,0,5,1,4,4,0,0,0,0,0,0,0,0,0,0,0,0,0,0,0,0,0,0,0,0,0,0,0,0,0,0,0,0,0,0,0,0,0,0,0,0,0,0,0,0,0,0,0,0,0,0,0,0,0,0,0,0,0,0,0,0,0,0,0,0,0,0,0,0,0,0,0,0,0,0,0,0,0,0,0,0,0,0,0,0,0,0,0,0,0,0,0,0,0,0,0,0,0,0,0,0,0,0,0,0,0,0,0,0,0
000157.bin,conv2,2,21x800x704,0,400,KittiDataset.__getitem__,True,kitti,15000,11827200,23857,0.0020171300054112554,0.9979828699945887,0,0,0,0,0,0,0,0,0,0,0,0,0,0,0,0,0,0,0,0,0,0,0,0,0,0,0,0,0,0,0,0,0,0,0,0,0,0,0,0,0,0,0,0,0,0,0,0,0,0,0,0,0,0,0,0,0,0,0,4,10,28,40,44,40,43,40,48,62,71,75,82,84,93,88,92,105,91,110,109,114,157,184,166,183,231,231,207,230,198,176,165,168,162,167,148,116,106,98,101,79,70,76,83,79,83,88,114,106,79,64,63,76,97,97,62,53,39,57,74,82,73,72,106,87,79,83,90,104,124,153,163,183,187,161,147,119,144,135,115,135,107,95,100,93,100,110,116,90,66,60,51,52,55,56,68,59,88,101,63,62,56,69,77,58,93,83,79,66,42,38,45,101,96,112,106,102,91,89,103,113,91,134,169,107,59,26,19,19,27,30,26,24,37,45,53,67,89,130,65,47,36,31,22,27,40,40,30,24,20,14,22,40,59,21,26,29,30,50,65,58,41,25,20,27,35,36,51,59,64,62,52,32,89,75,24,13,16,10,15,37,57,81,75,89,96,76,51,61,55,48,63,49,40,33,39,40,76,105,25,16,14,13,8,14,21,11,8,10,6,38,37,31,26,33,40,48,60,57,61,79,107,142,153,145,117,111,83,62,65,61,72,102,130,104,73,80,83,93,108,122,87,78,76,98,98,124,106,103,68,41,22,30,26,36,34,19,25,30,26,44,43,37,35,42,28,6,5,13,8,3,13,16,26,12,12,6,10,12,12,5,17,16,17,11,17,18,10,10,7,9,4,11,5,11,46,33,4,10,7,9,16,10,11,24,15,16,13,24,12,8,14,14,9,9,11,2,9,25,7,12,20,27,17,23,18,42,40,42,38,27,27,15,31,24,31,23,26,30,42,34,29,27,37,27,24,31,33,46,29,25,21,40,63,34,31,47,56,70,57,44,29,36,30,48,49,37,20,25,29,44,37,18,4,6,15,13,17,6,0,2,1,1,4,2,3,2,4,9,8,7,11,16,11,10,2,2,6,4,2,0,0,0,0,0,0,0,0,2,16,19,12,16,18,11,32,25,3,4,16,18,11,11,2,14,21,14,8,6,10,4,8,8,16,13,12,6,9,15,18,13,14,22,17,24,11,11,21,8,0,0,24,12,8,5,8,7,9,8,4,2,8,8,0,0,0,4,8,8,8,0,4,2,1,3,0,6,9,9,8,6,2,10,12,3,1,14,14,7,0,0,0,0,3,0,2,2,4,4,0,0,0,2,2,0,0,0,0,0,2,2,0,0,1,3,2,0,0,0,4,0,0,0,0,0,0,4,4,4,2,8,8,4,0,0,0,5,5,2,0,2,6,12,7,6,8,20,4,1,1,16,9,4,10,5,3,4,7,8,21,22,10,19,16,12,6,8,13,15,10,9,19,19,17,8,7,8,15,9,6,10,6,7,12,11,7,3,4,4,2,0,7,3,0,2,2,7,8,5,2,0,0,0,0,0,0,0,0,0,0,0,0,0,0,0,0,0,0,0,0,0,2,2,2,2,4,4,4,4,4,2,0,0,0,0,0,0,0,0,1,0,2,1,0
000158.bin,conv2,2,21x800x704,0,400,KittiDataset.__getitem__,True,kitti,15000,11827200,28162,0.0023811214826839826,0.997618878517316,0,0,0,0,0,0,0,0,0,0,0,0,0,0,0,0,0,0,0,0,0,0,0,0,0,0,0,0,0,0,0,0,0,0,0,0,0,0,0,0,0,0,0,0,0,0,0,0,0,0,0,0,0,0,0,0,0,0,0,0,18,74,150,150,126,172,150,162,148,130,180,162,133,152,164,121,150,111,117,147,122,116,156,136,122,132,94,92,97,114,165,165,134,134,143,123,91,101,124,90,79,100,98,103,75,78,75,76,93,111,86,72,72,82,82,82,104,108,134,117,78,86,99,129,115,84,91,108,106,72,71,77,86,96,119,102,78,70,96,108,93,59,68,71,85,108,105,77,61,63,69,83,77,70,66,60,48,54,94,109,120,103,65,66,67,55,52,53,58,57,32,33,42,44,47,58,60,72,80,55,34,38,39,41,38,47,49,53,57,53,65,46,41,36,35,35,50,58,63,57,54,71,48,30,32,40,43,48,35,34,52,55,66,70,75,55,31,33,29,35,28,38,51,50,44,48,61,79,87,119,126,82,63,44,33,45,59,32,40,44,32,40,50,105,123,149,127,84,73,44,58,56,34,21,26,30,21,20,34,37,42,38,40,48,60,55,49,90,197,137,38,37,27,17,35,34,20,17,15,19,26,23,26,34,40,30,26,47,74,81,52,51,104,105,10,9,6,8,13,23,64,82,57,57,44,21,37,57,58,118,126,66,76,70,45,20,33,41,28,51,41,51,94,117,85,56,32,75,75,39,31,20,16,19,27,25,25,48,52,34,36,35,57,50,50,45,48,49,46,44,45,39,62,53,58,53,63,56,55,126,86,68,58,40,50,60,46,37,79,59,38,52,52,72,44,32,43,53,55,33,47,48,42,50,46,35,41,56,48,45,40,65,75,72,46,40,38,62,61,40,39,58,84,49,29,34,21,25,33,21,14,6,25,30,35,33,21,28,29,21,22,23,30,38,49,47,33,53,46,55,37,44,42,33,31,28,17,18,10,24,43,33,47,59,70,39,29,35,35,44,29,37,38,44,38,26,39,65,70,59,35,23,17,42,68,54,62,36,28,27,24,21,22,15,12,23,16,21,12,11,13,8,5,15,12,15,10,15,20,16,10,8,12,9,5,10,35,60,17,8,8,11,9,6,21,24,9,5,3,16,11,6,8,19,17,11,13,21,25,17,19,28,39,47,16,20,13,20,27,22,28,23,20,14,21,13,6,10,17,10,6,10,12,19,12,18,17,6,8,19,18,14,12,12,14,20,24,18,16,16,14,12,16,4,16,16,8,13,13,20,14,18,10,9,19,16,4,8,2,0,5,13,7,4,12,10,8,16,20,22,6,12,16,11,7,4,1,4,11,5,21,25,9,9,8,12,10,8,5,4,9,10,7,3,17,16,12,14,6,5,13,12,23,32,18,19,21,28,29,12,8,8,13,9,20,17,21,15,8,6,3,9,8,5,8,7,1,6,2,9,9,12,10,10,9,2,7,18,13,13,3,13,16,16,6,15,6,2,0,1,2,0,0,2,3,3,1,2,3,1,0,0,0,0,2,5,2,5,8,9,1,6,2,4,7,2,0,0,0,0,0,0,2,0
000159.bin,conv2,2,21x800x704,0,400,KittiDataset.__getitem__,True,kitti,15000,11827200,25534,0.0021589218073593073,0.9978410781926407,0,0,0,0,0,0,0,0,0,0,0,0,0,0,0,0,0,0,0,0,0,0,0,0,0,0,0,0,0,0,0,0,0,0,0,0,0,0,0,0,0,0,0,0,0,0,0,0,5,7,8,9,10,8,14,24,23,16,12,16,16,13,57,99,80,132,148,156,143,124,126,72,90,150,149,148,152,95,147,113,79,150,121,102,116,36,26,47,63,165,141,61,95,200,179,83,175,146,50,65,70,182,120,49,48,58,141,167,63,69,93,103,117,137,133,213,232,151,116,166,231,162,119,144,164,131,73,72,129,232,222,185,124,94,118,121,137,108,99,112,121,116,105,94,61,96,84,89,83,82,87,66,101,132,97,111,104,77,93,95,159,173,149,125,115,95,93,86,133,166,137,111,83,68,63,43,45,36,41,19,95,92,96,78,89,76,80,63,53,37,137,152,125,115,96,83,56,61,59,72,97,97,119,121,87,71,49,49,28,28,19,12,4,4,6,8,30,52,40,40,46,40,35,30,22,24,20,11,28,43,33,19,41,53,32,27,21,14,12,9,10,9,9,10,7,9,14,27,47,56,44,50,50,68,63,53,57,60,61,49,90,87,57,46,38,43,45,37,38,44,56,55,54,67,43,44,55,49,44,39,23,22,29,24,19,17,13,15,18,25,34,50,75,60,51,46,40,55,55,50,36,33,42,46,38,39,61,56,43,54,98,132,167,220,241,180,183,111,91,79,87,144,160,127,152,127,100,116,109,105,54,42,75,83,58,38,25,19,19,19,8,7,10,19,25,32,20,21,11,6,8,11,10,28,25,23,21,20,28,34,27,13,21,29,39,46,25,16,12,21,17,14,44,72,51,39,30,33,37,31,21,23,30,28,31,24,20,20,21,23,19,8,19,18,19,18,10,22,16,35,46,47,44,26,23,33,20,11,10,4,3,5,12,13,11,6,4,6,2,1,5,2,5,10,8,4,6,9,5,6,3,1,5,4,0,3,2,16,16,10,9,6,9,20,13,24,20,10,7,5,4,1,1,0,0,0,0,0,0,0,0,0,0,4,0,10,9,6,4,0,16,43,57,31,9,6,5,1,0,0,1,0,2,0,2,9,16,20,10,4,5,2,2,2,0,0,2,2,2,0,0,0,0,0,0,2,6,2,3,0,2,2,0,0,0,0,2,0,0,0,0,0,0,0,0,0,8,10,2,0,0,0,0,1,7,22,4,8,0,0,0,6,4,0,2,2,6,8,4,0,0,0,0,0,0,0,0,0,0,0,0,0,0,0,0,0,8,10,6,2,0,0,0,0,0,0,0,0,0,0,0,0,0,0,0,0,0,0,0,0,0,0,0,0,0,0,0,0,0,0,0,0,0,0,0,0,0,0,0,3,5,8,25,23,15,8,6,2,0,2,0,3,2,0,1,5,2,2,0,10,14,6,3,0,0,0,3,7,4,0,0,0,4,0,3,0,0,1,4,2,1,0,0,0,2,2,3,1,1,0,6,4,2,4,2,2,2,2,1,1,1,0,2,2,4,5,5,7,0,2,2,5,5,0,2,2,2,4,4,2,0,2,2,4,4,0,0,0,0,0,0,0,0,0
000160.bin,conv2,2,21x800x704,0,400,KittiDataset.__getitem__,True,kitti,15000,11827200,32979,0.002788403003246753,0.9972115969967532,0,0,0,0,0,0,0,0,0,0,0,0,0,0,0,0,0,0,0,0,0,0,0,0,0,0,0,0,0,0,0,0,0,0,0,0,0,0,0,0,0,0,0,0,0,0,0,0,0,0,0,0,0,0,0,0,0,2,2,4,10,7,7,11,26,44,68,88,107,106,114,127,144,145,126,155,150,133,114,128,117,122,125,115,108,126,111,94,132,107,102,106,104,118,130,116,122,112,114,118,102,124,141,100,68,85,94,101,104,59,67,84,98,100,126,103,92,84,91,86,105,117,126,134,153,138,126,137,142,163,142,105,132,139,138,112,109,99,95,86,93,104,81,101,108,128,121,137,137,90,93,124,146,148,133,122,104,112,123,111,117,147,151,92,97,98,82,106,122,139,156,145,113,88,84,92,101,107,85,121,138,167,132,129,129,139,127,104,109,88,108,122,151,114,93,122,150,140,110,119,100,110,92,93,88,80,120,110,85,97,105,109,106,99,76,57,74,74,91,92,122,121,85,64,76,71,59,68,84,85,93,87,77,92,104,109,115,82,40,37,58,50,30,42,56,40,47,48,42,44,42,50,45,62,56,62,61,92,93,90,65,58,75,71,60,62,68,99,88,77,65,59,70,72,104,117,100,101,70,93,85,101,91,107,99,117,93,99,93,61,91,131,118,111,97,90,118,106,98,88,60,83,99,95,88,77,76,57,41,49,43,31,41,43,49,64,74,113,86,64,69,40,51,75,82,87,70,51,25,29,41,39,30,40,48,37,82,92,53,35,37,24,20,18,20,26,43,25,19,18,27,40,40,41,65,61,74,77,61,86,83,92,66,59,71,53,69,79,97,106,88,69,74,75,58,53,45,49,33,34,42,23,21,11,23,30,16,17,15,20,27,49,33,29,39,31,32,27,23,15,21,25,23,18,17,25,27,17,15,19,15,16,43,38,36,33,44,33,24,35,27,20,25,25,24,35,26,12,12,15,12,13,14,16,26,12,16,23,22,28,26,25,13,6,15,10,13,22,20,19,15,10,12,22,13,12,27,15,16,26,30,33,21,23,17,13,11,10,18,22,35,32,38,44,16,19,45,21,11,12,13,13,4,10,9,15,21,30,36,31,23,31,24,32,28,8,18,11,12,15,17,11,8,10,15,15,21,25,29,34,42,47,38,27,19,14,19,24,38,16,16,5,8,16,10,3,12,7,8,3,6,7,4,2,5,12,10,25,14,6,18,12,8,0,3,3,19,22,25,18,9,9,16,52,55,23,17,25,33,18,6,12,8,14,4,6,8,11,12,10,25,15,3,20,19,17,27,51,43,51,37,16,14,28,8,4,2,5,6,13,19,9,2,1,5,27,27,11,6,8,10,18,9,9,8,6,10,9,4,4,6,5,5,10,4,2,2,5,2,8,3,1,0,0,2,9,4,2,4,6,0,4,4,0,0,6,0,0,2,2,0,2,0,0,5,2,8,2,2,0,0,2,0,4,8,5,1,1,1,1,2,0,2,8,4,3,1,2,2,6,4,6,3,3,0,0,0,0,0,0,4,4,0,7,0,0,0,0,2,0,2,2,0,0,4,4,0,0,0,0,6,8,8,3
000161.bin,conv2,2,21x800x704,0,400,KittiDataset.__getitem__,True,kitti,15000,11827200,25226,0.002132880140692641,0.9978671198593073,0,0,0,0,0,0,0,0,0,0,0,0,0,0,0,0,0,0,0,0,0,0,0,0,0,0,0,0,0,0,0,0,0,0,0,0,0,0,6,21,23,20,20,7,2,4,2,0,0,0,3,1,10,14,10,9,13,18,19,19,28,33,49,73,90,67,106,103,125,100,105,135,96,83,133,136,122,169,117,85,183,191,136,163,186,100,118,134,89,62,57,65,120,131,97,82,72,120,73,96,144,115,67,76,79,80,108,54,63,83,106,129,178,164,135,105,124,138,131,110,106,136,174,128,119,118,111,171,179,140,135,152,117,91,106,116,104,128,145,118,99,92,85,105,137,129,108,115,113,124,154,171,179,169,154,128,113,146,118,99,89,105,112,73,81,92,95,108,90,91,96,75,57,62,64,63,92,94,61,62,78,72,61,78,78,59,62,65,77,75,60,72,67,51,65,83,105,104,97,66,78,82,74,81,63,46,40,41,43,37,46,51,46,54,50,54,58,67,97,105,46,45,51,54,64,56,58,54,50,59,60,64,57,64,81,90,89,89,70,53,57,65,63,83,113,113,108,77,98,100,74,59,53,51,49,44,53,61,49,45,43,44,47,36,38,39,31,28,33,45,46,44,42,46,46,27,29,31,32,24,29,38,20,22,23,25,28,20,39,42,63,63,60,70,70,63,57,48,32,28,25,21,31,40,41,24,31,24,33,21,15,15,16,15,11,17,16,15,40,26,48,65,60,48,40,35,29,34,32,16,14,16,13,6,14,11,9,11,15,25,41,47,29,37,36,34,35,48,86,138,126,55,33,32,30,39,63,47,17,7,42,27,11,12,14,19,13,53,109,145,61,25,53,47,32,15,9,13,33,31,12,24,24,8,6,15,23,39,71,63,57,10,3,7,19,28,18,19,21,17,18,27,16,28,19,7,14,24,28,28,21,23,24,28,24,9,12,13,24,23,18,14,15,6,4,7,6,4,4,0,1,3,2,6,2,0,4,3,6,2,0,2,2,0,0,1,5,16,28,27,13,16,16,2,5,5,4,16,10,4,6,4,0,4,15,24,14,6,5,12,8,10,9,4,8,4,6,9,5,20,47,25,4,9,13,4,2,2,6,0,4,4,0,2,2,4,18,22,5,2,3,2,1,2,1,2,2,1,2,13,2,0,2,0,2,1,3,3,2,6,0,0,0,2,4,0,0,0,0,0,0,0,2,3,8,5,1,2,0,0,0,2,1,6,0,4,3,0,0,0,0,0,0,0,2,4,1,1,0,0,1,8,11,6,0,0,0,0,0,0,0,0,0,2,11,4,0,0,0,0,0,0,0,0,0,0,0,0,0,0,4,6,4,4,0,8,12,10,4,2,4,13,9,8,8,2,2,8,4,0,1,0,0,2,0,0,0,0,0,0,1,9,18,6,0,0,0,0,0,0,0,0,0,0,0,0,4,6,8,8,15,7,0,3,7,2,4,5,11,4,6,10,11,18,28,11,13,18,7,7,3,0,2,3,2,4,5,0,0,0,0,4,0,2,2,0,0,0,0,0,0,0,0,0,1,2,9,5,2,0,0,0,1,4,3,1,0,0,0,0,0,0,0,0
000162.bin,conv2,2,21x800x704,0,400,KittiDataset.__getitem__,True,kitti,15000,11827200,31876,0.0026951433982683984,0.9973048566017316,0,0,0,0,0,0,0,0,0,0,0,0,0,0,0,0,0,0,0,0,0,0,0,0,0,0,0,0,0,0,0,0,0,0,0,0,0,0,0,0,0,0,0,0,0,0,0,0,0,2,3,9,16,16,17,22,19,32,35,41,44,46,48,68,77,77,83,95,95,92,98,104,100,133,132,141,161,136,150,167,121,146,158,128,179,157,114,159,160,168,190,167,179,186,197,159,138,182,168,114,124,128,192,155,142,128,133,138,193,152,130,129,122,111,127,119,117,162,139,92,98,110,147,138,88,86,118,112,117,106,99,108,135,104,81,95,104,111,123,107,86,69,60,83,130,125,80,65,74,95,122,111,76,75,65,57,78,85,78,99,75,77,82,83,76,76,85,129,123,122,146,113,129,117,107,104,130,134,125,146,123,101,80,75,82,73,78,72,94,79,53,73,80,88,89,92,69,77,70,116,119,100,147,213,192,122,148,166,139,107,94,83,89,73,53,33,44,44,46,50,65,73,69,95,108,83,83,80,89,106,120,68,61,59,57,48,59,86,108,114,96,78,69,68,72,52,56,55,45,55,68,80,79,86,98,84,53,60,54,71,69,65,81,92,120,120,102,74,106,112,117,80,79,89,77,72,92,94,49,58,56,70,57,63,76,75,60,88,104,85,73,77,58,60,61,44,38,33,46,44,46,69,91,99,87,86,88,96,56,52,71,73,65,60,67,88,73,72,80,95,68,64,66,58,35,27,25,33,40,51,57,47,42,61,51,42,40,40,32,37,46,55,49,50,40,27,32,36,51,31,36,27,50,36,39,42,33,30,34,20,27,46,61,56,48,71,81,60,44,42,37,25,30,24,21,30,33,27,31,23,11,16,6,16,11,14,15,9,14,6,6,10,18,21,16,27,25,22,16,24,28,23,16,27,22,19,27,17,27,25,14,24,25,18,18,22,14,17,19,25,20,16,23,16,17,12,23,9,21,26,21,15,16,19,20,16,19,14,24,22,18,32,26,20,16,22,18,28,30,20,18,31,20,44,44,25,37,9,5,16,15,9,23,22,22,16,15,16,29,28,14,16,33,31,41,25,21,29,22,26,28,14,14,18,14,23,23,24,19,16,18,32,19,8,6,2,6,0,8,9,13,15,3,11,11,16,22,33,28,11,23,20,24,23,15,7,6,4,5,5,4,9,3,1,1,2,4,2,7,23,18,16,23,13,3,8,6,0,7,24,12,8,6,0,2,4,6,12,13,7,17,6,10,6,10,13,17,19,9,5,16,15,16,16,18,12,8,7,12,16,11,19,12,10,2,13,16,17,11,10,14,10,13,13,4,10,14,9,11,6,10,12,32,24,12,4,9,9,0,2,0,4,0,0,9,20,6,0,0,0,0,0,0,2,6,6,4,5,0,2,4,0,6,2,2,1,5,6,2,4,3,8,6,8,15,8,5,6,5,2,0,1,3,21,14,2,2,2,3,5,5,2,1,5,0,2,4,5,0,4,4,8,4,1,4,4,10,2,8,6,2,4,7,2,7,10,3,1,1,0,0,3,13,8,4,0,0,0,0,0,8,8,7,1,5,3,1,2,2,1,2,6,5,4
000163.bin,conv2,2,21x800x704,0,400,KittiDataset.__getitem__,True,kitti,15000,11827200,25275,0.002137023133116883,0.9978629768668831,0,0,0,0,0,0,0,0,0,0,0,0,0,0,0,0,0,0,0,0,0,0,0,0,0,0,0,0,0,0,0,0,0,0,0,0,0,0,0,0,0,0,0,0,0,0,0,0,0,0,0,0,0,0,0,0,0,0,0,0,4,8,16,26,41,47,46,39,47,55,56,59,64,58,63,68,67,87,137,113,129,172,89,143,158,72,69,69,129,136,82,68,114,157,125,116,121,109,106,122,151,176,213,192,172,183,133,128,121,85,103,90,60,113,136,100,115,130,156,157,105,111,133,99,82,105,92,83,96,97,92,118,106,85,121,96,91,97,71,77,105,89,111,115,110,139,139,112,116,107,96,114,117,132,113,84,83,105,83,130,167,171,154,122,103,91,72,121,230,247,212,168,116,83,56,48,55,83,124,148,174,168,157,113,69,69,64,66,67,88,141,118,143,162,123,103,75,52,59,54,43,87,86,79,116,116,104,76,30,35,44,59,79,62,83,99,106,95,98,121,136,102,88,94,77,76,74,64,104,129,127,89,88,63,74,64,44,45,54,75,76,67,64,45,41,61,89,47,41,53,53,38,27,39,31,42,49,37,34,36,53,50,44,46,68,70,58,51,64,63,43,29,26,25,26,21,25,20,41,42,36,33,25,31,37,31,55,57,80,96,80,42,37,50,46,59,55,49,34,32,25,23,34,45,36,17,22,16,10,13,18,19,13,10,43,64,35,10,25,45,24,20,24,30,22,18,25,10,10,12,10,26,60,73,80,123,86,20,40,57,44,45,41,41,26,25,29,35,34,15,15,15,18,11,20,39,49,42,27,28,35,34,22,34,34,18,13,10,7,18,14,11,16,15,30,44,58,47,60,44,23,17,8,22,12,34,36,19,21,20,6,11,13,17,16,25,68,114,103,69,44,44,45,22,15,10,23,21,6,2,7,4,8,26,22,25,50,36,30,10,6,2,7,2,2,8,9,4,2,0,0,0,0,0,0,5,1,0,0,8,4,4,0,1,3,3,1,3,5,8,2,4,2,6,10,7,7,20,24,33,10,6,12,12,8,0,4,0,0,0,0,0,0,0,0,0,0,0,0,4,4,0,0,0,6,2,0,0,0,0,0,0,0,0,0,0,0,4,0,0,0,0,0,0,0,0,0,0,0,0,0,0,0,0,0,0,12,9,6,12,14,4,4,0,2,0,0,0,2,0,0,5,2,3,4,9,8,12,11,13,13,20,20,9,10,4,0,4,8,4,0,2,2,0,0,4,14,4,6,14,0,2,4,10,6,4,6,6,2,2,10,16,4,0,14,6,0,0,0,0,0,0,0,0,0,0,0,0,0,0,3,3,0,0,0,0,0,0,2,0,0,0,0,0,0,0,0,0,0,0,0,0,0,0,0,0,0,0,0,0,0,4,4,4,0,0,0,0,1,2,0,0,0,0,0,2,1,0,0,0,0,0,2,0,0,2,4,2,0,0,1,0,4,0,4,0,0,0,4,2,4,3,3,2,2,0,0,0,0,0,0,0,4,4,0,0,0,0,0,0,0,0,0,0,0,0,0,0,0,0,0,0,0,0,0,0,12,8,0,4,2,0,0,0
000164.bin,conv2,2,21x800x704,0,400,KittiDataset.__getitem__,True,kitti,15000,11827200,30377,0.0025684016504329004,0.9974315983495671,0,0,0,0,0,0,0,0,0,0,0,0,0,0,0,0,0,0,0,0,0,0,0,0,0,0,0,0,0,0,0,0,0,0,0,0,0,0,0,0,0,0,0,0,0,0,0,0,0,0,0,0,0,0,0,0,2,6,6,7,12,13,18,38,40,44,46,48,48,60,64,71,76,89,100,113,140,126,112,145,131,104,142,140,99,140,124,100,98,99,131,156,122,88,114,155,130,117,122,140,100,104,108,156,120,96,111,111,131,168,157,129,121,118,98,101,110,129,131,155,117,130,125,144,154,127,107,145,135,114,112,101,114,134,135,122,99,86,105,113,115,118,97,92,99,102,111,92,72,73,92,107,126,126,153,136,122,117,123,140,129,149,134,125,107,104,115,110,109,130,138,116,136,88,90,82,74,98,124,109,93,82,82,77,107,105,109,108,90,103,106,105,108,92,107,154,173,130,125,113,115,109,107,115,122,143,135,132,140,132,116,119,117,95,103,114,103,95,77,89,106,124,122,104,81,64,80,72,82,79,87,76,98,106,85,67,81,99,94,57,78,60,104,122,90,79,81,91,63,63,56,55,41,56,41,37,39,38,41,43,54,66,64,38,37,61,79,77,79,74,78,73,57,53,34,46,45,41,41,31,53,54,63,52,80,54,46,64,56,54,64,57,48,46,60,53,58,61,33,41,28,51,43,28,29,25,56,37,49,59,58,61,60,44,48,59,50,35,70,50,42,45,45,38,48,40,32,41,28,26,36,26,44,51,53,64,34,58,46,39,36,41,32,49,42,59,52,42,31,43,29,24,34,32,29,26,24,39,35,42,46,42,39,27,44,68,40,22,32,23,53,59,32,62,46,58,44,39,23,30,18,21,24,25,24,32,26,16,24,32,34,35,20,15,28,24,8,7,15,12,8,16,12,17,28,32,23,14,23,39,26,40,41,32,40,54,48,30,26,22,23,24,27,33,28,8,8,16,13,37,36,16,26,26,12,12,20,14,16,15,30,35,22,17,23,25,22,26,38,43,49,46,39,25,26,42,8,8,17,29,20,19,18,25,21,18,22,19,19,28,32,8,8,17,31,32,21,22,10,26,17,12,19,27,27,23,18,19,18,9,19,32,22,19,6,14,17,8,9,7,8,15,11,37,32,3,7,4,2,3,1,4,2,0,0,5,9,4,0,2,11,19,5,9,11,4,7,7,16,13,19,24,45,21,30,21,29,29,15,14,11,22,39,18,9,7,8,2,4,13,5,1,4,4,9,16,8,2,10,12,10,10,8,12,12,18,8,12,6,8,7,3,2,6,16,9,13,4,13,10,2,2,3,10,9,2,2,6,11,6,1,6,11,11,7,14,12,8,10,15,8,2,1,7,9,5,7,10,5,7,6,0,0,4,6,10,8,3,2,6,12,16,4,4,5,8,9,5,16,13,2,3,1,0,0,0,0,0,1,0,0,0,0,1,1,0,0,0,0,0,0,7,1,0,0,0,2,0,0,0,0,0,1,1,0,0,0,0,2,3,1,3,8,3,2,2,3,1,8,4,5,5,6,2,0,0,0,0,0,5,2,3,2,2,0,4,4,0,0,0,0,1,0,2
000165.bin,conv2,2,21x800x704,0,400,KittiDataset.__getitem__,True,kitti,15000,11827200,23335,0.0019729944534632037,0.9980270055465368,0,0,0,0,0,0,0,0,0,0,0,0,0,0,0,0,0,0,0,0,0,0,0,0,0,0,0,0,0,0,0,0,3,2,2,1,1,1,1,2,3,7,12,10,7,16,18,19,19,17,8,10,8,3,9,23,31,21,26,33,47,62,134,149,147,191,170,187,170,185,164,123,137,178,186,180,156,121,162,147,90,133,119,100,116,59,54,57,63,117,87,56,67,108,88,79,139,137,61,60,64,104,91,37,40,45,58,93,59,46,39,40,48,52,58,72,105,60,21,40,78,107,71,42,83,89,58,56,75,74,88,95,88,45,51,59,71,70,105,90,105,114,118,144,136,95,89,103,99,111,152,84,38,39,38,50,68,65,103,77,15,16,20,36,33,46,100,64,4,4,12,51,54,31,55,101,81,30,40,25,27,22,30,75,81,57,73,91,98,52,22,20,24,43,92,84,57,57,38,104,90,59,84,87,40,27,36,107,96,42,49,56,56,41,44,51,39,46,50,49,13,19,68,106,50,123,111,65,79,65,65,78,65,39,42,54,117,162,92,29,36,55,39,35,37,30,17,23,30,14,17,17,19,23,19,15,57,74,61,38,55,78,39,38,38,36,26,24,25,29,23,25,32,38,57,133,165,181,219,263,286,191,161,162,195,223,221,232,243,179,132,129,167,202,202,179,172,108,149,247,155,52,34,22,16,23,35,44,40,33,55,39,22,30,24,42,35,27,21,42,45,36,23,39,28,33,26,33,28,26,23,17,17,14,6,36,34,19,10,14,18,11,14,19,38,31,17,25,14,10,13,20,10,7,14,34,15,11,3,27,22,12,5,2,10,17,23,26,13,15,8,15,19,13,9,19,17,8,9,16,19,41,33,4,6,1,13,18,13,7,8,3,4,3,4,3,3,1,10,6,13,8,0,9,9,19,23,34,34,13,13,12,10,13,10,7,6,2,0,9,20,15,16,13,0,2,6,1,5,6,2,13,15,3,3,11,11,10,10,2,1,12,19,14,15,14,10,7,5,5,7,4,4,0,0,0,0,0,0,0,0,2,3,2,2,5,2,5,3,2,2,4,0,0,2,5,0,0,0,3,0,0,4,5,5,2,4,2,8,4,6,4,3,3,6,9,11,9,31,31,22,21,14,17,8,4,0,2,0,0,0,4,6,2,3,4,6,6,2,6,17,9,15,20,14,5,9,6,10,8,4,0,4,4,2,2,0,4,4,0,1,4,7,7,5,2,1,0,4,7,10,2,8,6,2,2,0,0,0,0,2,2,2,2,0,0,1,1,0,0,0,0,2,2,0,0,4,4,6,0,0,0,0,0,0,0,0,0,0,0,0,4,6,0,0,1,1,4,0,0,0,0,0,0,0,0,0,0,0,4,4,0,0,0,0,0,0,0,0,0,0,0,0,0,0,0,0,0,0,0,0,0,0,0,0,0,0,0,0,0,0,0,0,0,0,0,0,0,0,0,0,0,0,0,0,0,0,0,0,0,0,0,0,0,0,0,0,0,0,0,0,0,0,0,0,0,0,0,0,0,0,0,0,0,0,0,0,0,0,0,0,0,0,0,0,0,0,0,0,0,0,0,0,0
000166.bin,conv2,2,21x800x704,0,400,KittiDataset.__getitem__,True,kitti,15000,11827200,30899,0.0026125372023809526,0.997387462797619,0,0,0,0,0,0,0,0,0,0,0,0,0,0,0,0,0,0,0,0,0,0,0,0,0,0,0,0,0,0,0,0,0,0,0,0,0,0,0,0,0,0,0,0,0,0,0,0,0,0,0,0,0,0,0,0,8,7,10,18,20,24,28,33,39,49,64,56,68,79,84,88,95,100,117,132,131,142,152,119,131,141,106,126,129,93,89,107,138,149,103,97,140,151,109,119,123,106,96,95,108,127,118,106,97,103,149,126,135,120,112,111,115,125,141,172,118,113,102,119,156,118,104,140,134,117,100,95,101,144,151,125,90,95,118,120,95,104,110,114,132,128,89,87,103,107,125,103,115,116,127,149,131,157,149,135,148,122,109,110,131,175,125,94,82,99,111,138,129,154,142,85,106,104,118,136,118,103,100,125,156,145,114,107,100,107,108,102,109,163,217,178,124,129,127,106,91,89,118,110,82,78,151,106,79,79,77,80,80,77,70,82,97,98,107,90,92,148,123,82,72,65,68,83,66,64,70,67,63,69,72,62,65,71,64,54,51,67,77,89,73,72,70,67,71,83,68,70,86,111,125,79,64,55,54,59,65,77,84,81,92,96,89,95,69,54,53,54,88,94,69,47,36,39,44,44,31,53,61,63,48,38,47,43,63,71,63,90,67,65,46,47,47,48,36,62,64,34,40,57,48,44,67,64,48,48,61,71,93,76,63,81,80,63,75,85,70,75,65,66,36,45,60,73,57,50,81,74,62,29,40,50,40,76,50,56,32,28,32,21,20,15,31,21,26,33,17,28,58,54,50,38,42,34,43,19,24,25,33,32,26,29,27,20,12,11,20,17,28,23,36,29,30,33,24,24,30,30,30,39,25,29,19,17,18,15,26,21,25,23,41,47,34,25,14,20,18,19,24,50,33,52,53,29,18,29,28,36,50,28,13,7,8,7,14,6,4,6,16,9,15,12,17,16,22,29,30,25,16,10,19,26,24,22,6,17,20,18,20,23,29,14,12,9,21,35,14,17,20,16,8,24,34,34,24,29,30,26,24,25,18,40,41,62,46,33,31,45,17,25,10,44,21,14,16,11,11,6,12,11,15,20,9,18,16,24,16,14,22,9,15,14,12,12,13,19,10,3,10,7,10,25,22,13,9,7,11,13,11,9,7,13,15,13,13,13,43,63,53,59,45,34,33,45,60,28,14,13,10,12,8,17,21,7,8,7,8,11,12,10,2,17,8,32,31,5,14,9,0,10,15,15,14,16,6,8,13,4,2,0,3,5,4,4,6,4,8,10,4,4,9,13,14,5,15,20,10,12,12,4,6,20,20,12,12,10,16,18,12,6,11,9,2,0,8,6,0,2,8,11,2,4,0,4,3,6,0,2,4,6,2,8,15,15,14,7,3,1,2,4,8,3,1,2,4,6,4,1,3,12,8,4,0,6,8,4,4,4,5,1,0,1,0,3,5,0,0,0,0,0,0,0,0,0,0,0,0,0,0,2,2,0,0,0,0,0,0,5,3,0,0,2,2,0,1,3,0,1,1,1,2,4,0,0,1,0,1,5,0,1,0,2,1,1,0,0,1,0,0,4,3,0,0,0
000167.bin,conv2,2,21x800x704,0,400,KittiDataset.__getitem__,True,kitti,15000,11827200,24553,0.002075977408008658,0.9979240225919913,0,0,0,0,0,0,0,0,0,0,0,0,0,0,0,0,0,0,0,0,0,0,0,0,0,0,0,0,0,0,0,0,0,0,0,0,0,0,0,0,0,0,0,0,0,0,0,0,0,0,0,0,0,0,0,3,9,13,15,18,22,24,37,103,119,117,147,136,144,129,113,137,117,102,144,143,105,142,127,112,160,129,111,149,151,121,148,102,84,97,98,111,154,107,93,102,153,118,96,133,145,85,88,102,128,141,74,81,93,102,142,192,129,114,92,90,83,84,96,109,162,127,81,100,102,154,141,88,94,161,127,84,97,101,116,131,163,144,91,80,96,116,154,73,78,85,94,93,137,100,65,66,78,80,139,124,56,82,60,60,65,67,87,130,90,56,57,79,77,64,62,72,93,67,52,51,54,55,64,71,93,96,62,49,48,34,54,45,41,50,48,55,102,145,136,80,56,34,37,30,38,47,59,64,65,54,52,54,29,38,43,38,37,41,38,44,46,68,67,53,51,54,57,37,37,40,36,33,40,37,44,63,54,30,54,40,36,26,33,20,7,12,30,35,27,35,58,30,46,84,69,77,53,37,43,47,70,76,69,46,61,76,77,67,38,13,27,19,18,26,22,52,39,41,76,49,32,40,23,42,44,24,33,17,33,42,24,20,26,9,18,29,20,25,36,61,61,66,52,31,46,32,17,20,26,25,16,17,23,23,25,24,37,29,23,18,25,20,28,14,7,17,25,47,37,27,49,99,104,69,43,62,29,18,29,32,26,24,25,25,41,29,12,27,48,47,26,29,36,33,24,31,24,19,12,9,13,19,22,6,11,5,11,23,28,54,127,80,28,34,36,29,22,32,24,20,34,29,41,38,40,22,18,17,19,22,24,11,14,11,19,19,15,17,21,30,26,13,18,27,19,19,16,23,21,36,30,37,43,49,60,77,100,107,46,34,47,30,29,39,40,68,51,35,35,32,27,21,27,30,25,27,25,20,17,9,14,12,11,7,8,28,14,6,10,7,14,13,6,14,10,23,16,8,16,11,5,10,27,24,18,10,16,20,33,25,10,11,12,17,8,18,12,12,21,16,14,11,7,18,17,18,7,15,29,43,36,25,20,25,25,11,26,23,19,15,19,37,27,25,40,22,17,19,31,25,25,21,7,4,8,11,8,12,6,2,4,10,7,14,7,0,9,2,0,2,13,17,14,13,10,12,13,4,5,6,6,2,8,4,0,2,5,9,12,8,12,9,7,10,2,0,6,13,13,8,20,18,20,16,27,18,12,4,16,16,20,8,7,7,5,7,12,11,6,8,8,2,3,0,2,2,3,2,1,2,4,3,1,0,0,3,0,1,1,2,7,3,3,6,6,2,3,3,10,6,2,4,5,2,5,2,1,2,8,12,3,5,5,1,2,3,4,3,9,1,0,1,2,5,3,0,0,4,6,3,2,4,0,0,0,0,5,1,0,1,0,5,1,0,2,2,2,2,0,4,2,4,2,0,0,1,5,5,1,4,0,2,8,2,0,2,8,12,6,13,22,10,6,0,0,4,8,10,0,1,1,2,0,0,4,0,8,8,1,0,0,0,2,0,4,0,2,2
000168.bin,conv2,2,21x800x704,0,400,KittiDataset.__getitem__,True,kitti,15000,11827200,29304,0.002477678571428571,0.9975223214285714,0,0,0,0,0,0,0,0,0,0,0,0,0,0,0,0,0,0,0,0,0,0,0,0,0,0,0,0,0,0,0,0,0,0,0,0,0,0,0,0,0,0,0,0,0,0,0,0,0,0,0,0,0,0,0,0,0,0,0,0,0,0,12,56,111,103,148,138,134,130,116,148,119,99,121,153,138,112,121,109,128,124,89,111,129,125,111,106,81,81,92,124,161,133,77,83,111,176,124,98,146,185,103,61,58,99,172,199,118,73,69,90,109,129,101,96,58,62,78,81,92,120,152,117,86,132,121,140,153,76,82,177,173,91,68,81,90,85,125,186,124,117,136,125,116,145,111,56,59,76,122,131,130,81,84,88,75,85,116,127,64,91,86,93,102,117,137,116,81,106,101,98,117,85,74,70,75,56,59,73,78,76,62,48,63,74,62,77,67,44,38,46,51,61,66,57,63,64,60,52,62,75,93,87,71,78,65,53,35,42,62,77,79,51,44,48,42,41,34,37,49,40,52,52,80,83,75,45,42,29,50,47,31,40,46,52,55,75,87,89,78,57,92,55,44,66,98,93,91,66,60,69,68,60,64,45,51,61,41,60,77,69,77,75,83,79,59,83,100,46,53,55,52,66,56,48,52,46,47,42,23,29,20,23,21,23,17,21,17,29,26,35,40,25,21,21,28,41,48,48,43,34,34,35,35,40,32,55,45,22,14,27,33,15,17,21,53,48,56,52,47,75,78,49,38,32,39,41,40,56,55,41,48,32,39,44,37,55,86,103,133,113,69,62,60,65,42,66,76,51,78,68,63,42,51,58,49,48,23,29,42,51,46,35,37,37,27,28,40,40,29,44,41,32,34,35,26,52,37,43,29,28,41,93,75,47,35,34,37,28,12,17,16,14,8,3,18,20,9,10,11,9,11,10,22,18,2,4,6,18,13,20,20,10,8,11,12,10,6,3,4,6,5,0,8,12,15,26,60,31,47,40,55,29,4,4,7,16,9,0,2,4,7,7,7,14,24,25,42,52,48,37,31,6,19,11,11,7,8,4,0,0,0,7,0,2,1,3,10,8,2,4,7,7,2,18,18,12,17,9,19,34,50,61,61,78,91,62,93,81,58,35,19,38,48,40,45,25,28,29,34,33,38,14,23,24,33,62,112,67,10,10,12,13,16,13,16,41,33,29,45,49,56,100,120,106,96,92,106,106,92,88,58,32,32,31,22,27,18,16,33,18,15,21,28,23,34,27,15,14,16,16,20,28,12,25,17,7,7,5,6,12,12,7,2,12,14,10,6,2,2,9,2,2,3,0,5,2,4,18,9,15,13,7,8,11,8,10,20,28,27,17,22,25,17,12,18,34,3,10,10,19,18,11,18,22,28,33,19,16,17,13,9,12,9,10,10,9,6,7,0,5,11,14,10,12,6,4,0,0,2,0,2,7,7,8,2,5,9,11,19,14,6,9,11,11,22,21,14,15,15,14,7,2,3,6,12,15,13,8,10,6,9,7,0,6,6,0,7,6,5,4,1,0,3,2,4,0,4,12,4,9,6,2,0,0,2,0,0,2,4,2,4,3,1,1,9,9,1,1,3,6,11,7
000169.bin,conv2,2,21x800x704,0,400,KittiDataset.__getitem__,True,kitti,15000,11827200,22379,0.0018921638257575757,0.9981078361742424,0,0,0,0,0,0,0,0,0,0,0,0,0,0,0,0,0,0,0,0,0,0,0,0,0,0,0,0,0,0,0,0,0,0,0,0,0,0,0,0,0,0,0,0,0,0,0,0,0,0,13,36,59,89,112,97,77,72,61,49,55,60,62,145,146,85,119,68,130,116,83,128,104,85,115,176,126,183,160,99,170,157,116,165,145,99,161,135,58,63,64,73,114,78,24,46,98,97,36,113,223,186,63,42,65,124,111,39,32,35,62,124,118,96,137,134,97,46,40,30,31,119,83,40,32,24,129,152,83,59,64,122,82,55,34,40,37,53,140,94,46,22,14,28,78,103,66,30,27,28,57,72,93,72,88,74,104,113,91,73,52,39,34,37,68,84,85,89,86,80,75,88,156,168,147,221,194,154,136,122,109,81,77,81,95,75,51,48,55,44,93,111,80,85,97,106,117,124,112,79,98,98,119,128,115,102,93,93,92,122,135,134,122,112,139,112,61,60,58,43,62,51,55,75,82,52,56,48,33,25,13,8,11,14,10,20,25,21,8,9,13,26,31,22,31,30,20,20,16,54,138,141,91,45,18,18,14,23,48,44,31,32,36,31,24,16,14,0,6,8,12,6,16,29,26,24,9,10,6,3,2,9,5,4,10,11,21,23,31,28,41,54,43,35,20,16,20,6,7,12,0,16,26,13,15,9,12,10,6,5,6,6,15,29,19,13,12,14,18,16,14,6,12,8,6,4,6,4,4,4,4,0,0,2,0,0,0,0,0,0,2,7,15,21,23,24,5,4,4,5,6,11,8,14,13,26,22,22,25,23,12,8,12,10,14,10,8,9,52,91,60,20,57,47,20,29,43,11,17,33,30,36,34,70,89,79,90,68,48,36,28,21,25,21,29,42,29,39,36,27,28,18,22,22,22,17,35,30,24,21,25,24,19,8,9,13,11,4,10,12,6,9,10,24,26,15,27,31,21,14,12,14,10,8,6,9,4,6,2,4,14,18,12,5,1,4,0,2,0,3,2,7,7,11,20,18,17,13,10,17,22,14,16,12,14,17,18,16,19,21,15,40,24,14,10,11,7,6,11,11,12,18,40,39,21,9,12,14,16,1,9,20,15,18,20,17,8,24,40,26,24,21,8,9,10,9,14,9,12,11,11,12,20,18,17,2,9,9,12,28,28,33,22,25,24,37,26,18,19,10,1,12,12,13,12,12,8,15,17,12,22,14,9,8,8,2,2,7,8,2,2,4,8,9,4,5,3,3,2,10,12,6,31,20,5,0,14,20,12,0,0,0,0,5,10,0,0,0,6,10,4,0,0,0,0,0,0,0,0,0,0,0,1,1,0,0,0,0,0,0,0,0,0,0,4,0,4,0,4,4,2,3,4,4,4,2,25,29,8,8,6,4,4,6,8,8,9,0,2,2,0,0,0,2,7,9,9,0,0,0,4,8,2,0,2,2,0,5,2,0,2,2,0,2,0,0,6,7,0,0,2,0,0,2,2,0,0,0,0,3,7,0,0,0,0,0,0,2,2,0,0,6,4,4,0,0,4,4,0,2,8,8,7,2,0,0,0,0,0,0,0,2,2,0
000170.bin,conv2,2,21x800x704,0,400,KittiDataset.__getitem__,True,kitti,15000,11827200,30334,0.0025647659632034633,0.9974352340367966,0,0,0,0,0,0,0,0,0,0,0,0,0,0,0,0,0,0,0,0,0,0,0,0,0,0,0,0,0,0,0,0,0,0,0,0,0,0,0,0,0,0,0,0,0,0,0,0,0,0,0,0,0,0,0,0,0,0,0,0,0,0,0,0,0,0,0,0,0,0,0,0,0,0,8,8,9,23,27,20,11,12,18,22,41,60,65,73,68,95,116,103,102,137,151,169,167,184,244,325,321,247,253,269,297,294,246,224,212,205,250,205,157,176,211,182,202,206,232,251,247,206,213,225,237,248,189,224,272,265,208,236,230,231,234,260,152,187,215,203,213,200,159,158,182,182,264,217,141,161,161,166,226,193,118,98,119,138,173,177,214,174,108,100,81,68,87,110,131,154,106,107,105,109,101,93,89,85,125,88,105,97,93,100,72,97,118,104,102,137,115,93,101,91,96,96,79,110,88,84,129,111,89,90,101,100,85,73,71,82,94,89,74,73,82,40,68,64,82,94,86,90,92,92,89,80,72,62,60,65,72,67,80,66,65,82,85,82,118,109,116,97,106,104,85,51,36,43,32,30,33,38,32,54,51,51,41,56,57,58,44,56,65,71,75,63,62,81,50,22,19,28,30,60,79,83,92,70,52,47,60,39,47,58,63,42,48,67,65,32,52,54,27,49,61,40,23,35,20,34,35,22,40,29,42,27,16,28,29,28,36,39,40,35,55,48,60,60,59,43,61,63,53,65,48,69,36,57,62,65,40,33,24,18,7,8,22,24,23,24,19,28,30,31,46,63,37,26,33,33,33,28,24,24,25,20,12,8,13,12,11,16,20,14,4,0,4,5,8,20,34,29,12,19,17,6,14,19,12,22,42,55,15,14,17,12,6,4,11,12,4,2,5,17,25,22,20,5,7,8,6,6,7,3,2,4,0,0,4,0,2,3,16,20,14,14,18,16,6,6,8,15,24,12,10,9,12,13,13,26,30,8,10,6,11,5,13,15,27,12,14,15,11,6,4,4,3,2,2,2,0,4,4,2,4,2,6,17,17,13,10,4,4,4,2,8,5,2,6,9,6,20,18,21,28,44,39,40,42,18,12,7,13,9,12,13,6,4,17,18,5,4,2,6,1,10,15,23,13,4,9,13,8,1,0,2,4,4,13,29,26,11,6,0,1,1,14,8,2,2,4,6,8,13,15,5,3,14,8,14,10,11,14,20,15,2,8,4,4,10,13,7,4,9,27,14,6,15,10,8,14,9,4,0,14,8,8,12,6,9,12,14,6,2,11,8,14,15,12,4,10,10,2,6,0,0,0,0,0,0,0,0,0,0,0,0,0,0,0,0,2,4,0,3,6,0,4,12,0,0,10,24,10,2,1,0,0,0,6,6,2,2,0,4,2,0,10,10,4,1,1,0,0,2,3,1,2,0,0,0,2,7,8,8,7,6,9,5,0,2,2,1,2,2,2,4,4,2,0,4,10,7,1,1,2,1,4,8,2,0,0,0,0,0,0,2,0,0,4,2,2,8,8,0,0,0,0,0,2,2,6,8,2,1,1,0,0,2,1,1,0,0,0,0,0,0,0,0,1,0,0,0,0,0
000171.bin,conv2,2,21x800x704,0,400,KittiDataset.__getitem__,True,kitti,15000,11827200,24807,0.002097453327922078,0.9979025466720779,0,0,0,0,0,0,0,0,0,0,0,0,0,0,0,0,0,0,0,0,0,0,0,0,0,0,0,0,0,0,0,0,0,0,0,0,0,0,0,0,0,0,0,0,0,0,0,0,0,0,0,0,0,0,0,0,0,0,0,0,0,0,0,0,23,51,66,65,77,73,62,77,65,66,81,64,53,72,80,68,69,79,57,72,87,76,71,88,104,120,140,145,143,123,101,80,64,83,74,61,52,57,73,59,46,51,72,50,34,37,48,52,62,57,53,51,51,61,64,82,81,52,53,51,67,68,73,79,88,97,98,60,68,68,79,101,120,80,66,64,102,81,60,86,90,89,65,95,102,45,57,78,94,90,90,84,57,53,58,65,75,119,154,132,109,81,79,98,105,87,94,103,110,89,51,52,49,61,68,81,90,126,99,66,28,104,102,63,56,93,108,84,60,51,22,33,40,49,101,99,165,126,58,118,166,97,59,59,48,44,59,50,25,30,28,33,40,108,125,127,216,193,41,30,31,31,22,56,81,54,44,88,148,108,59,97,119,31,46,48,48,48,39,43,45,33,38,47,53,69,94,106,84,57,63,67,88,103,74,64,80,113,92,57,51,40,40,47,65,75,81,63,71,73,55,71,68,41,29,24,29,56,54,53,54,53,63,104,96,72,70,62,60,76,59,41,38,30,45,52,44,51,69,64,55,65,38,23,25,37,34,44,45,53,58,64,48,57,52,45,65,90,51,47,43,64,68,66,62,37,44,31,21,22,28,32,31,50,37,23,28,20,30,19,24,23,22,17,22,31,30,22,15,14,19,16,18,21,30,27,21,25,37,39,41,37,24,21,32,37,33,39,28,32,43,33,32,23,27,17,21,24,14,18,12,11,14,18,29,18,4,7,17,20,10,28,43,21,13,22,33,31,27,21,25,33,39,31,32,40,31,52,44,35,16,23,15,18,25,34,43,26,25,19,20,13,20,11,10,25,16,11,18,25,38,27,25,22,41,18,19,19,17,27,28,23,44,37,32,24,27,29,14,28,29,21,19,14,29,24,40,32,36,26,21,14,28,33,35,37,38,42,31,36,37,25,21,6,6,6,13,11,19,15,16,17,8,10,16,10,4,16,14,18,16,18,13,13,13,21,26,17,20,13,28,15,4,10,29,25,14,5,0,2,3,22,15,9,16,12,2,34,41,36,32,14,26,48,28,23,23,27,32,30,34,34,24,10,12,33,44,20,16,35,35,16,6,3,3,0,2,6,4,0,8,4,0,2,10,12,8,0,0,4,4,0,0,2,3,2,1,6,4,4,4,2,2,6,6,4,4,8,10,9,6,8,10,4,0,1,1,11,7,3,0,1,4,3,6,10,15,16,15,14,18,21,19,17,17,22,16,11,26,20,2,1,6,4,14,15,14,20,18,14,18,5,2,2,3,6,7,4,0,0,1,3,6,6,0,4,6,2,4,9,9,7,3,2,3,10,8,12,9,5,7,3,1,0,5,4,6,8,4,2,4,4,0,6,6,4,1,5,5,0,5,1,17,11,9,17,11,4,12,20,4,2,7,3,0,2,2,5,3,2,4,0,6,10,4,4,0,6,14,14
000172.bin,conv2,2,21x800x704,0,400,KittiDataset.__getitem__,True,kitti,15000,11827200,22788,0.00192674512987013,0.9980732548701299,0,0,0,0,0,0,0,0,0,0,0,0,0,0,0,0,0,0,0,0,0,0,0,0,0,0,0,0,0,0,6,13,16,15,15,15,14,14,14,17,20,32,25,18,19,20,15,13,17,32,32,23,21,17,17,12,8,8,9,15,34,64,105,77,123,125,125,129,118,139,122,114,141,152,118,140,110,145,157,137,137,131,89,109,90,97,106,135,186,139,80,89,135,86,51,62,56,80,108,111,80,66,87,110,117,120,80,87,106,103,99,121,103,111,95,52,66,114,127,86,75,88,70,51,96,98,91,81,65,58,82,123,110,48,53,70,145,174,97,60,81,136,202,171,114,104,77,72,90,158,158,87,91,85,98,117,142,135,104,89,76,56,71,121,190,131,52,34,58,49,33,31,39,40,126,113,49,28,33,55,39,54,55,76,124,78,49,43,46,60,63,31,28,22,18,37,67,28,18,34,48,32,54,76,361,383,62,23,9,19,46,41,41,28,25,21,29,64,75,64,63,86,90,48,31,24,10,5,7,39,50,39,33,24,22,27,26,22,18,41,66,92,89,35,30,17,19,20,22,22,38,55,48,28,48,42,39,42,73,122,101,53,37,35,38,42,104,125,77,56,48,61,60,42,46,39,40,59,45,50,46,77,75,69,61,23,24,29,42,28,20,32,49,39,48,57,57,59,45,38,15,15,8,12,10,11,16,20,25,25,29,47,34,34,49,50,40,27,28,27,20,10,20,11,30,47,66,46,32,23,26,21,13,42,62,38,36,31,68,44,39,48,34,16,19,16,19,21,17,10,14,12,20,36,40,36,31,30,25,23,27,28,19,14,9,21,18,23,23,24,12,12,19,22,9,12,12,15,25,32,38,39,22,21,14,22,34,28,12,15,20,13,22,22,39,32,43,46,28,19,19,9,12,13,18,16,9,9,9,10,4,11,10,7,11,6,6,5,11,13,22,18,29,18,13,14,5,2,7,4,1,4,4,1,4,17,10,0,12,11,2,0,5,11,13,17,7,14,22,19,19,20,12,16,36,61,14,12,8,12,14,6,12,28,27,26,8,8,14,10,6,2,16,37,14,8,15,9,16,14,34,10,18,27,12,2,6,2,0,0,2,2,0,0,0,22,44,10,0,0,0,4,11,10,13,5,5,4,6,6,6,0,0,3,9,8,26,38,21,15,10,6,20,28,4,2,0,0,0,0,8,2,0,0,4,4,3,3,2,3,0,2,0,5,5,4,6,1,1,0,0,1,4,2,0,0,0,0,0,0,0,2,0,4,6,3,0,0,0,0,4,4,10,12,10,0,0,0,0,10,8,2,0,0,0,5,5,0,0,0,0,0,0,0,8,4,0,0,1,1,0,0,0,0,0,0,0,0,0,0,0,0,0,0,0,0,0,0,0,0,0,0,0,0,0,0,0,0,0,6,2,7,5,1,0,0,0,0,0,0,0,0,0,0,0,0,0,0,0,0,0,0,0,0,0,0,0,0,0,0,0,0,0,0,0,0,0,0,0,0,0,0,0,0,0,0,0,0,0,0,0,0,0,0,0,0,0,0,0,0,0,0,0,0,0,0,0,0,0,0,0,0,0,0
000173.bin,conv2,2,21x800x704,0,400,KittiDataset.__getitem__,True,kitti,15000,11827200,21164,0.0017894345238095239,0.9982105654761905,0,0,0,0,0,0,0,0,0,0,0,0,0,0,0,0,0,0,0,0,0,0,0,0,0,0,0,0,0,2,6,12,13,10,14,16,21,18,9,9,17,19,18,14,22,30,51,53,40,21,15,9,13,15,29,47,61,63,76,73,85,98,107,122,74,110,95,93,106,63,103,83,59,79,115,124,125,104,104,140,121,112,145,134,108,153,133,85,80,115,150,172,172,171,151,145,89,127,160,127,95,106,119,163,154,119,101,100,115,153,101,77,101,92,87,79,93,127,178,135,102,98,163,231,191,150,166,182,126,114,112,108,122,140,81,73,79,87,109,126,81,53,101,169,157,140,128,110,80,56,83,92,95,73,75,77,59,51,67,61,50,60,58,71,83,101,96,125,113,129,126,139,108,82,78,90,90,113,106,77,58,64,60,53,51,47,39,64,96,109,142,150,87,59,47,50,39,26,36,26,31,38,63,132,121,125,139,142,136,90,86,57,48,49,40,42,45,59,68,54,63,56,48,50,51,52,35,25,19,12,14,16,23,48,60,45,36,42,34,28,30,25,15,6,8,19,15,15,11,20,19,19,13,8,12,22,21,17,17,20,22,18,18,16,12,13,16,19,9,6,21,24,37,30,23,18,19,25,25,12,17,20,14,17,21,22,16,13,15,19,18,15,14,20,24,17,10,26,22,27,26,15,11,2,8,13,13,12,11,12,11,16,16,27,36,36,38,35,22,18,12,18,16,16,30,12,8,11,7,7,11,9,14,22,32,49,45,45,31,21,12,20,32,19,15,6,12,10,3,2,5,2,6,5,10,8,6,6,6,5,5,5,2,4,4,6,5,12,24,14,3,9,7,9,10,12,8,8,10,6,8,3,2,1,6,1,8,9,10,8,14,5,17,13,7,11,12,8,22,28,32,48,43,36,14,13,21,15,18,7,7,2,3,0,1,4,4,6,4,2,3,0,6,7,6,7,5,2,4,5,12,10,12,7,12,19,9,6,18,15,24,21,22,21,12,6,6,8,4,4,4,6,2,4,4,2,2,1,2,1,1,0,2,0,0,1,1,0,2,2,0,0,0,0,0,0,0,0,0,0,0,0,0,0,0,0,0,0,2,2,2,2,0,1,3,4,6,5,2,2,1,3,2,2,2,2,2,2,1,1,2,2,2,0,1,2,15,14,6,4,0,4,4,16,16,12,18,17,10,16,12,6,0,0,4,0,0,2,6,8,8,17,25,31,20,11,6,1,1,4,4,4,3,2,3,3,2,2,1,1,1,0,0,4,0,0,0,2,6,4,0,0,0,0,4,0,0,0,0,0,2,4,2,1,0,0,0,0,2,2,0,0,0,0,0,0,0,0,0,0,4,0,0,0,4,4,4,0,0,0,0,0,0,0,0,3,0,0,0,3,2,2,4,0,0,2,2,0,2,2,0,0,0,0,0,0,0,0,0,0,0,0,0,0,0,0,0,0,0,0,0,0,2,2,0,2,4,2,1,2,0,0,0,0,0,0,0,1,3,0,0,0,0,0,2,0,0,0,0,0,0,0,2,2,0,0,0,0,0,0,0,0,0,0,0,0,0,0,0,0,0,0,0,0
000174.bin,conv2,2,21x800x704,0,400,KittiDataset.__getitem__,True,kitti,15000,11827200,24674,0.0020862080627705626,0.9979137919372294,0,0,0,0,0,0,0,0,0,0,0,0,0,0,0,0,0,0,0,0,0,0,0,0,0,0,0,0,0,0,0,0,0,0,0,0,0,0,0,0,0,0,0,0,0,0,0,0,0,0,0,0,0,0,0,0,0,0,0,0,0,0,4,8,12,12,16,20,20,19,19,22,25,29,31,29,33,34,32,35,43,38,39,37,42,39,48,60,67,67,71,119,95,80,94,148,136,83,104,124,125,84,92,97,104,143,140,103,108,105,109,121,133,109,108,135,159,139,141,153,182,187,149,160,196,169,132,147,146,143,172,177,159,159,107,107,170,179,144,125,119,111,167,183,138,135,123,111,124,179,150,122,115,101,101,117,128,149,176,153,114,111,119,110,89,84,117,133,92,84,83,80,55,57,58,72,96,86,71,63,61,51,76,102,113,108,113,80,86,105,104,108,104,98,101,105,112,106,95,116,135,133,137,112,104,109,127,117,92,65,63,57,58,57,71,72,87,73,65,75,67,73,72,84,76,59,51,64,56,60,88,80,76,67,72,68,69,65,51,54,67,51,42,36,34,42,42,43,44,50,61,52,66,56,86,82,70,58,49,34,22,28,28,41,49,49,59,42,42,38,51,58,48,47,73,79,57,83,80,96,85,71,62,43,32,37,34,26,20,22,38,47,40,37,40,37,34,43,36,33,21,32,33,35,37,59,58,42,18,31,35,21,31,30,30,23,16,8,10,10,6,10,11,6,11,7,20,14,11,7,23,30,16,40,58,82,147,135,108,94,79,66,72,86,77,80,78,91,83,78,65,78,73,64,47,43,67,41,27,21,16,22,12,14,32,20,15,22,14,14,19,14,16,17,15,11,23,37,35,20,11,18,18,18,20,8,5,14,0,0,14,17,15,14,15,9,3,14,8,14,39,42,30,30,32,19,15,17,17,27,27,27,23,19,12,5,3,4,15,15,13,13,6,0,0,2,6,0,0,2,2,1,4,4,6,3,2,12,10,10,13,12,9,9,11,9,0,2,6,10,4,2,2,6,8,1,0,2,8,8,6,2,3,2,6,8,0,0,4,14,8,10,10,6,10,7,4,0,2,0,0,0,0,4,6,2,0,0,6,11,6,1,2,9,7,9,2,9,5,2,10,8,3,2,2,2,0,2,0,0,2,2,0,0,4,4,0,0,0,0,0,2,2,0,0,0,0,0,0,0,0,1,0,0,0,0,0,2,2,2,2,0,8,21,22,17,10,4,2,6,2,8,6,0,4,0,1,0,1,5,6,4,8,12,4,2,2,1,10,9,19,20,16,9,9,7,13,11,5,12,20,8,5,2,4,10,4,8,8,4,1,0,2,0,0,2,0,0,0,0,0,0,0,0,0,0,0,1,1,0,0,0,0,0,0,0,1,1,0,0,0,0,4,9,10,0,2,0,0,0,0,0,2,0,0,0,0,0,0,0,0,0,0,0,0,0,0,2,1,0,0,0,0,0,1,1,0,0,0,0,2,2,1,4,10,9,7,4,2,4,4,0,2,0,0,0,0,0,0,0,0,0,0,0,0,0,0,0,0,0,0,0,0,0,0,0,0,0,0,0,0,0,0,0
000175.bin,conv2,2,21x800x704,0,400,KittiDataset.__getitem__,True,kitti,15000,11827200,22618,0.0019123714826839826,0.998087628517316,0,0,0,0,0,0,0,0,0,0,0,0,0,0,0,0,0,0,0,0,0,0,0,0,0,0,0,0,0,0,0,0,0,0,4,7,8,6,0,0,0,0,0,0,0,0,0,0,2,10,28,33,33,48,69,90,73,46,61,62,64,55,53,59,62,65,62,56,53,62,62,67,68,88,101,85,100,106,97,98,92,87,98,98,90,97,90,76,77,84,62,85,79,84,93,85,81,90,79,76,84,66,68,64,54,42,40,65,74,57,48,39,38,49,86,76,50,44,39,40,44,44,48,48,75,124,128,108,173,184,170,212,218,163,117,133,129,84,64,62,72,72,91,130,102,72,43,46,48,60,92,87,51,43,52,62,77,117,130,93,77,49,43,66,67,69,79,60,78,81,63,57,57,68,77,91,69,79,79,72,79,71,67,79,80,77,80,54,47,54,58,85,104,107,111,119,98,101,75,58,59,44,39,30,56,95,98,48,83,153,216,234,241,210,151,73,64,62,64,40,38,25,41,72,69,58,43,31,33,43,34,31,27,44,35,21,20,19,36,42,23,50,67,64,58,50,48,53,56,66,66,64,53,67,55,50,35,29,33,31,39,35,39,32,25,32,46,43,23,44,93,165,209,151,60,52,47,46,55,71,69,55,48,55,41,40,25,15,14,11,9,15,21,18,14,5,17,11,12,16,16,14,12,31,73,72,189,327,379,291,143,84,54,41,34,42,31,21,33,36,57,49,42,41,33,37,48,56,48,65,74,71,52,45,31,45,23,20,29,18,14,18,16,15,6,7,5,3,3,3,5,1,6,10,5,11,10,8,11,19,24,18,10,18,22,12,2,7,13,18,5,8,16,32,41,43,45,39,22,15,12,8,13,8,5,3,0,2,2,0,2,5,4,0,2,5,5,7,4,6,15,16,10,16,19,3,7,4,24,33,17,19,28,28,13,8,10,2,8,16,16,12,24,22,14,12,8,3,2,2,2,0,0,0,2,1,0,0,2,2,9,12,15,3,3,1,6,7,3,1,13,13,0,5,3,6,3,1,4,11,20,9,6,4,6,8,10,4,2,0,2,8,23,17,22,16,19,21,18,12,8,10,0,2,0,2,2,6,6,4,9,14,6,4,0,4,2,2,6,10,4,0,14,10,3,1,0,0,4,4,4,4,2,1,0,0,2,2,0,5,2,2,4,6,0,0,2,0,2,2,0,3,11,12,0,5,10,4,8,4,9,5,5,8,5,3,11,10,6,3,3,2,5,8,18,14,11,6,10,14,18,0,4,8,4,0,4,0,0,0,0,0,0,0,0,5,2,2,3,2,2,1,10,4,0,4,4,0,0,0,2,0,0,0,0,0,0,4,6,2,2,0,0,0,0,0,0,0,0,1,32,52,34,31,25,8,22,24,28,28,6,4,4,4,8,0,2,4,0,4,0,2,0,0,2,4,8,11,3,7,4,4,9,3,5,6,17,7,0,3,0,4,4,0,3,1,2,6,7,5,6,0,0,0,0,0,0,0,0,0,2,2,0,0,0,0,0,0,0,0,6,6,3,3,0,0,3,0,1,3,0,0,0,4,2,0,2,5,2,1,0,0,0,4
000176.bin,conv2,2,21x800x704,0,400,KittiDataset.__getitem__,True,kitti,15000,11827200,22372,0.0018915719696969697,0.9981084280303031,0,0,0,0,0,0,0,0,0,0,0,0,0,0,0,0,0,0,0,0,0,0,0,0,0,4,7,5,4,7,8,8,8,6,7,13,19,21,14,9,8,5,9,10,16,18,15,10,11,7,20,37,45,34,23,16,7,6,1,0,2,6,21,34,41,42,44,49,65,80,101,100,71,67,106,103,105,136,131,125,113,104,132,125,82,103,100,49,38,34,24,77,77,40,31,103,99,40,29,88,70,37,29,41,76,55,49,50,69,97,127,172,201,118,93,95,100,109,114,162,205,138,131,136,117,153,163,189,259,296,273,234,217,177,219,197,171,174,143,164,183,132,128,130,145,196,175,154,164,186,194,158,138,105,92,77,84,104,119,103,88,101,145,189,167,100,75,48,75,103,109,91,82,68,66,42,31,28,43,67,59,62,78,87,81,81,77,67,49,56,77,69,56,66,80,64,77,69,63,78,94,85,133,97,85,96,82,76,62,55,52,68,65,75,87,74,83,91,68,41,27,46,35,21,45,41,27,43,19,41,66,55,55,41,48,42,22,13,17,23,28,21,35,52,44,22,43,36,25,44,34,29,32,36,35,31,25,24,34,29,19,15,19,17,9,9,15,7,5,6,18,34,26,39,35,106,122,80,83,84,72,74,54,43,59,47,40,58,30,25,23,8,6,7,11,8,6,13,13,54,64,52,49,52,39,19,22,31,29,13,21,21,15,27,22,28,27,45,46,16,29,49,42,13,19,20,6,17,15,34,56,40,29,18,16,16,23,20,16,12,37,36,14,7,7,9,18,10,2,4,1,0,4,4,4,6,4,4,4,2,2,0,0,6,46,40,20,17,20,20,10,14,16,16,14,12,4,4,10,4,6,10,8,5,8,0,6,8,2,8,0,0,4,10,21,24,32,20,15,20,22,12,15,10,12,22,13,12,8,15,4,8,14,9,9,4,2,2,4,5,5,6,10,16,5,5,0,0,5,2,4,4,6,3,4,9,1,0,4,6,8,0,2,2,2,16,25,25,35,34,30,29,25,8,7,14,36,21,12,3,1,4,0,0,8,6,6,0,0,0,2,5,4,12,10,15,16,8,18,25,27,24,37,36,9,12,5,2,0,0,2,0,0,2,0,0,0,2,6,4,6,6,12,16,10,6,12,10,8,13,16,9,2,3,4,12,10,6,6,6,4,6,12,10,16,10,2,0,4,0,2,0,0,4,4,0,0,0,0,0,2,2,0,2,0,0,0,0,0,0,4,10,8,2,4,0,0,6,14,0,8,6,0,0,0,0,0,4,4,2,0,0,6,0,0,4,6,6,4,0,0,0,0,0,0,0,0,0,0,0,0,0,0,0,0,2,3,2,1,0,0,0,4,6,0,0,0,0,2,2,6,6,1,3,0,1,3,3,2,4,0,1,6,4,0,0,1,6,6,0,2,0,1,1,0,0,0,0,0,0,0,0,0,0,0,0,0,0,0,0,0,0,0,0,0,0,0,0,0,0,0,0,2,0,0,2,2,0,0,0,0,0,0,0,0,0,0,0,0,0,0,0,0,0,0,0,0,0,0,0,0,0,0,0,0,0,0,0,0,0,0,0,0,0
000177.bin,conv2,2,21x800x704,0,400,KittiDataset.__getitem__,True,kitti,15000,11827200,27024,0.0022849025974025976,0.9977150974025975,0,0,0,0,0,0,0,0,0,0,0,0,0,0,0,0,0,0,0,0,0,0,0,0,0,0,0,0,0,0,0,0,0,0,0,0,0,0,0,0,0,0,0,0,0,0,0,0,0,0,0,0,0,0,0,0,0,0,0,6,10,21,35,44,56,61,60,63,44,53,48,50,67,65,65,81,88,83,94,92,119,137,115,145,166,135,137,164,135,109,94,101,106,136,84,72,93,139,115,83,93,121,85,65,61,81,137,109,62,70,75,77,107,98,57,56,62,76,77,86,117,137,160,156,120,111,103,142,187,159,142,177,171,111,100,116,142,180,205,207,166,108,84,101,102,144,147,111,76,80,119,162,169,122,87,74,86,81,104,102,44,47,181,176,69,80,93,143,131,63,50,54,49,73,117,131,148,249,157,108,91,79,74,69,76,87,63,120,138,69,54,65,55,70,83,92,67,68,74,54,49,131,116,82,111,149,214,197,178,166,144,105,117,131,161,129,110,87,94,83,93,106,97,91,86,66,74,90,100,123,151,142,99,98,110,77,105,115,111,90,64,58,63,67,93,94,96,76,104,105,88,62,59,61,64,52,63,41,47,35,41,36,41,41,45,88,93,48,55,33,13,13,13,24,46,36,29,25,43,44,32,33,50,56,48,40,59,50,31,47,50,43,43,56,51,61,49,43,31,16,19,6,11,16,39,54,18,24,28,12,23,44,36,20,26,34,23,20,16,20,29,18,38,18,0,6,2,2,4,7,8,13,8,3,5,5,3,2,1,4,3,5,9,21,41,62,44,30,34,31,23,6,8,14,17,21,27,30,8,13,4,4,5,5,7,4,10,18,4,2,23,75,90,61,34,34,25,33,19,10,24,49,55,47,24,37,75,44,16,14,54,60,55,109,186,168,71,25,30,42,44,37,31,40,44,53,34,31,59,53,41,52,55,52,27,30,28,36,34,54,62,18,27,13,26,42,13,12,19,20,26,25,33,16,16,16,16,14,28,41,13,21,25,15,13,7,6,3,5,6,2,6,5,7,19,13,5,6,10,0,4,9,14,7,12,6,6,4,0,0,0,0,1,0,0,0,0,0,0,2,2,0,0,11,16,8,8,23,15,6,0,0,0,1,0,0,2,0,2,2,1,2,5,0,6,12,6,20,7,0,2,0,1,5,0,0,0,0,0,0,0,0,0,0,0,6,8,4,6,5,6,20,22,14,8,4,0,0,0,0,0,0,0,0,1,6,10,9,3,7,4,10,6,0,2,5,4,9,27,32,21,4,2,2,6,8,4,0,2,4,0,2,4,16,8,0,0,0,0,1,5,0,0,13,8,4,3,3,0,0,0,0,2,2,6,7,33,37,10,5,1,8,16,2,0,4,0,0,2,6,8,8,6,0,2,6,14,14,0,13,13,2,0,0,2,12,8,6,6,0,0,0,5,0,0,0,0,0,0,2,3,5,3,8,3,5,6,0,0,0,4,4,5,7,0,0,0,0,0,0,1,10,4,0,0,0,3,2,0,0,0,1,0,2,1,5,4,6,9,9,2,0,2,0,1,1,0,0,0,0,1,3,0,0,0,0,0,0,2,3,3,2,0,0
000178.bin,conv2,2,21x800x704,0,400,KittiDataset.__getitem__,True,kitti,15000,11827200,24377,0.002061096455627706,0.9979389035443723,0,0,0,0,0,0,0,0,0,0,0,0,0,0,0,0,0,0,0,0,0,0,0,0,0,0,0,0,4,6,6,4,0,6,10,20,20,10,10,6,4,4,4,15,17,12,3,3,6,3,8,10,11,13,12,10,7,4,4,0,0,0,16,79,74,67,96,80,115,125,155,157,118,132,165,148,139,155,113,132,141,93,103,158,125,120,123,61,63,75,92,119,124,92,106,134,126,100,113,133,105,59,95,102,118,101,68,67,76,103,126,103,52,49,55,54,73,90,100,109,117,75,51,79,99,121,109,88,90,127,83,29,31,35,64,99,129,55,40,47,64,137,151,44,35,25,53,78,164,107,27,27,57,151,225,178,71,52,36,30,36,42,74,158,119,73,61,57,42,22,43,133,176,120,93,78,60,66,49,42,60,103,97,52,57,57,76,82,51,48,44,76,67,63,76,79,55,56,61,65,98,71,7,7,9,19,50,65,41,56,53,68,60,49,23,14,22,20,12,30,64,63,38,35,32,52,79,85,67,63,62,47,74,252,249,142,96,75,82,53,37,43,39,37,53,58,52,46,46,45,50,70,52,75,46,34,45,75,55,20,31,54,36,14,19,25,22,25,41,30,25,78,125,94,64,47,39,53,38,37,19,15,19,42,82,78,38,32,44,57,75,56,45,59,49,48,38,43,35,39,42,60,91,126,100,73,52,31,23,15,22,66,299,378,163,87,45,51,44,30,26,30,25,16,21,15,20,25,19,18,19,13,8,11,17,23,33,106,115,35,19,11,18,14,25,31,39,64,60,33,17,21,20,37,39,38,44,33,28,23,20,19,18,26,22,20,21,15,20,15,12,18,10,13,19,33,23,44,44,40,52,46,31,36,21,8,27,38,35,17,22,31,30,16,28,22,16,24,23,27,36,23,22,24,24,48,32,27,17,4,1,1,7,10,4,4,0,0,0,0,0,0,0,1,20,20,14,10,14,55,68,54,38,54,33,40,52,39,23,15,15,5,17,32,31,40,23,25,25,33,60,51,37,31,29,34,19,16,37,20,24,17,16,32,19,25,32,17,13,4,2,6,18,8,3,8,4,11,14,5,12,12,2,5,0,0,3,4,6,23,25,8,2,6,8,5,3,2,11,18,5,15,14,2,8,9,2,9,12,18,13,10,10,12,1,1,0,0,0,2,4,3,4,59,71,17,13,16,29,8,4,2,0,2,3,1,4,4,8,9,6,5,3,10,9,0,4,11,8,9,7,0,0,0,4,2,2,0,2,6,4,4,0,2,0,4,6,0,0,0,0,0,2,0,0,0,0,4,4,0,4,14,10,2,6,1,4,5,8,2,2,10,12,8,4,0,0,0,0,0,4,4,0,5,4,16,10,2,0,0,4,4,0,0,0,0,0,0,0,2,4,10,6,5,19,14,4,4,0,0,2,2,0,0,0,0,0,1,18,22,0,1,0,4,4,2,2,0,0,0,0,0,6,7,4,12,3,4,3,3,0,0,2,0,0,0,3,3,4,5,4,2,0,0,0,1,1,0,0,0,2,0,1,1,2,2,0,0,0,0,1,1,0,0,0,1,1,4,0,0,0,0,0,0
000179.bin,conv2,2,21x800x704,0,400,KittiDataset.__getitem__,True,kitti,15000,11827200,31085,0.0026282636634199132,0.99737173633658,0,0,0,0,0,0,0,0,0,0,0,0,0,0,0,0,0,0,0,0,0,0,0,0,0,0,0,0,0,0,0,0,0,0,0,0,0,0,0,0,0,0,0,0,0,0,0,0,0,0,0,0,0,0,0,4,9,8,6,9,13,14,18,15,15,19,21,33,33,35,44,47,60,60,54,59,70,78,103,119,133,108,107,140,117,104,126,96,88,98,104,133,137,113,106,130,148,108,112,152,114,79,98,110,142,114,86,99,123,138,170,121,91,83,91,102,119,124,114,158,148,90,103,125,168,169,117,118,154,125,86,97,101,126,146,163,116,104,117,131,132,140,74,90,90,105,138,157,107,93,95,95,107,137,102,79,74,68,109,152,158,146,148,119,128,140,128,135,122,142,129,113,97,97,100,106,134,118,125,129,145,119,129,101,85,84,84,170,183,154,160,142,162,114,98,105,103,88,82,91,90,91,86,103,74,31,37,59,58,63,79,74,66,59,81,85,102,101,83,63,79,74,139,164,145,127,80,69,103,127,128,110,108,107,102,60,80,96,79,89,64,64,72,71,96,140,117,98,91,64,54,44,37,54,46,72,75,61,62,58,63,54,54,101,80,65,60,72,94,85,91,162,182,83,63,73,74,65,69,53,67,85,70,62,54,56,45,28,57,40,45,74,59,35,89,133,75,45,56,41,61,55,41,62,55,49,48,53,40,38,40,46,62,50,71,58,40,54,58,57,84,78,68,51,57,74,113,115,66,68,31,27,28,35,39,32,35,25,15,39,45,37,40,37,25,31,77,71,51,30,36,36,36,28,50,50,54,54,59,59,29,59,40,50,90,91,61,34,44,31,21,24,27,28,24,25,21,49,57,36,30,48,50,15,38,33,26,27,29,22,28,24,23,7,25,23,18,32,27,25,16,25,34,29,26,39,51,30,23,27,35,39,49,41,24,33,36,30,22,15,11,13,27,39,24,19,12,9,20,16,12,26,33,27,17,17,37,36,17,21,24,16,12,29,27,15,19,20,11,9,15,25,14,7,14,17,10,18,24,22,21,15,32,50,36,23,33,31,71,76,62,52,58,42,27,34,29,22,23,32,24,29,12,7,13,16,18,14,8,8,15,8,15,17,11,19,27,22,15,19,25,17,33,27,19,19,16,20,34,32,25,16,6,2,12,20,1,4,8,4,11,9,3,2,2,2,1,3,6,5,4,2,9,14,24,18,18,17,9,10,14,14,10,11,6,4,2,6,7,5,8,12,6,16,17,17,16,16,8,4,2,3,4,4,0,4,8,7,6,6,8,10,8,8,4,4,4,6,4,6,6,4,4,2,8,6,6,0,0,0,0,8,6,6,2,0,0,4,10,6,4,4,1,2,6,8,8,4,0,0,0,10,6,6,10,6,0,0,6,3,4,1,3,0,0,3,1,5,2,4,0,0,2,3,5,6,2,0,2,0,3,2,2,2,1,2,3,4,4,2,4,2,2,0,1,3,0,3,6,0,2,1,0,2,2,1,0,0,0,0,4,2,1,3,15,19,22,5,5,6,8,1,1,2,2,2,2,2,4,0,0,0,0,0,2,1,2,0,0,0,0,1,1,0
000180.bin,conv2,2,21x800x704,0,400,KittiDataset.__getitem__,True,kitti,15000,11827200,29036,0.0024550189393939396,0.9975449810606061,0,0,0,0,0,0,0,0,0,0,0,0,0,0,0,0,0,0,0,0,0,0,0,0,0,0,0,0,0,0,0,0,0,0,0,0,0,0,0,0,0,0,0,0,0,0,0,0,0,0,0,0,0,10,12,12,22,39,60,64,73,55,45,44,49,52,56,53,54,61,74,72,74,86,96,96,124,158,101,123,168,142,144,184,187,149,165,99,93,97,92,159,162,92,74,110,146,90,109,167,142,84,88,91,166,183,99,108,105,115,167,168,103,119,101,85,99,96,105,132,182,161,126,107,141,158,177,148,140,176,181,139,175,177,169,173,197,195,132,107,105,142,133,137,136,84,89,107,95,102,110,71,69,104,81,83,94,84,67,28,29,36,63,60,64,81,112,111,68,65,84,76,83,108,88,78,97,74,54,50,73,82,91,111,108,98,105,113,78,55,55,51,66,88,60,63,77,80,83,100,100,78,90,60,71,88,74,58,72,65,68,83,105,111,74,80,63,76,75,79,91,88,76,73,86,66,64,73,102,143,115,97,70,66,56,45,65,49,53,58,61,36,48,54,68,53,69,48,55,88,86,70,77,76,75,80,101,94,85,72,56,33,56,70,72,65,76,62,57,29,31,46,57,48,39,42,62,47,57,71,48,51,61,91,115,113,71,62,60,43,69,55,57,48,62,51,51,51,67,76,54,51,143,212,141,98,78,64,39,63,81,30,28,26,21,24,20,22,30,21,28,35,26,28,28,20,19,24,25,14,18,19,37,42,58,43,34,24,26,21,25,27,22,27,22,44,43,31,38,42,63,76,49,25,29,28,38,31,23,26,23,29,24,13,24,23,24,23,23,30,46,37,47,39,40,47,63,87,69,91,95,75,45,44,42,24,30,31,36,47,66,52,54,43,29,25,29,29,25,19,12,18,17,6,13,6,10,13,24,29,28,25,25,24,17,25,58,75,52,26,16,6,20,11,21,16,12,12,7,10,8,5,4,3,2,7,10,10,8,4,3,2,1,2,2,6,7,9,3,14,22,2,5,6,2,6,7,9,7,8,10,19,13,20,14,5,9,19,10,13,18,29,35,12,6,26,16,8,6,12,21,26,24,14,10,6,2,2,0,0,0,7,5,1,3,4,3,1,4,11,9,1,1,1,6,4,22,54,3,2,8,22,24,7,0,2,6,10,4,12,18,12,4,2,4,2,10,3,2,4,3,7,36,38,22,5,0,0,0,5,2,2,0,12,6,0,0,2,0,7,2,0,0,0,2,3,1,0,2,2,4,5,2,2,4,4,4,2,7,6,10,10,7,7,8,2,5,0,6,0,12,26,107,160,80,66,59,19,21,22,17,10,12,4,6,2,6,16,4,6,6,4,2,0,2,6,6,8,15,20,7,6,6,5,8,1,1,2,16,9,20,21,19,14,8,23,20,10,5,2,2,2,8,18,15,1,4,7,2,8,10,8,6,3,2,0,4,6,9,13,4,0,1,7,2,4,0,4,8,0,0,8,9,4,14,13,0,1,1,0,4,2,0,0,1,2,3,0,2,1,2,3,10,16,12,9,7,3,2,0,0,0,0,0,2,0,4,4,0,2,7,19,13,0
000181.bin,conv2,2,21x800x704,0,400,KittiDataset.__getitem__,True,kitti,15000,11827200,22575,0.0019087357954545455,0.9980912642045454,0,0,0,0,0,0,0,0,0,0,0,0,0,0,0,0,0,0,0,0,0,0,0,0,0,0,0,0,0,0,0,0,0,0,0,0,0,0,0,0,0,0,0,0,0,15,53,64,34,19,10,13,14,9,10,14,14,10,7,8,13,34,81,114,105,141,134,136,108,91,121,89,73,124,138,93,142,111,88,139,96,73,126,93,70,111,51,30,45,76,237,255,146,127,172,173,133,138,177,130,117,94,97,164,108,67,58,58,93,132,61,46,38,32,28,29,23,45,129,108,33,42,60,138,183,163,153,202,141,38,31,33,22,68,114,47,18,19,21,50,99,50,33,22,41,104,212,169,97,74,56,61,60,115,109,75,47,69,61,49,43,78,79,52,62,42,30,59,73,98,93,94,70,52,36,30,35,48,91,127,151,142,140,135,101,78,58,59,55,31,22,56,82,92,101,68,71,81,67,65,71,54,75,100,95,89,105,96,85,84,91,114,98,60,64,70,73,79,84,86,61,52,66,59,82,88,103,99,85,50,35,41,52,70,76,60,74,53,62,52,57,79,60,53,53,45,36,39,25,33,19,27,34,66,78,44,41,29,38,48,31,36,39,50,62,39,7,46,76,42,22,17,7,3,5,9,10,11,21,27,28,29,24,20,15,8,10,7,10,6,20,22,13,17,26,49,37,18,21,9,7,13,17,15,13,12,11,10,8,7,5,23,31,37,81,86,59,57,32,19,16,17,14,6,10,13,13,6,15,5,12,8,2,2,18,44,44,25,28,20,17,25,36,32,13,10,7,8,11,1,3,2,0,0,1,6,11,12,10,10,22,35,31,38,32,18,12,16,20,11,13,16,12,19,23,25,45,51,39,69,63,95,107,56,63,52,40,27,18,17,6,6,13,10,7,4,6,11,15,13,5,3,5,7,5,6,8,22,12,14,15,6,6,9,8,12,8,4,7,8,7,68,65,42,28,16,11,12,12,8,7,7,16,13,8,3,6,2,8,2,4,2,1,1,1,4,2,0,0,0,0,0,0,0,2,2,0,0,0,0,0,0,0,9,34,38,18,14,15,20,30,36,43,23,13,11,25,52,16,14,60,27,13,5,7,13,16,11,6,19,63,47,26,47,135,205,109,28,19,3,17,20,14,15,10,18,11,11,17,24,17,2,8,19,41,39,31,4,2,10,11,3,0,6,2,6,4,12,29,31,28,15,2,0,0,0,0,0,0,2,2,8,8,4,13,9,2,4,4,10,6,12,18,12,2,0,10,12,4,8,20,12,6,10,7,13,6,4,6,7,3,3,12,14,20,8,6,4,5,5,3,6,8,10,6,13,9,23,25,19,3,2,0,0,4,6,3,12,22,28,12,11,13,15,10,2,4,4,1,1,1,0,0,6,4,3,0,0,0,0,0,0,0,2,0,0,0,0,0,0,0,0,0,0,1,2,5,5,1,2,2,0,4,4,1,2,0,0,0,2,2,0,2,2,3,0,0,0,1,0,0,2,6,0,1,2,8,9,16,4,2,2,0,0,0,0,0,0,2,4,2,2,0,0,0,0,0,0,0,0,0,0,0,0,0,0,0,2,0,0,0,0,0,0
000182.bin,conv2,2,21x800x704,0,400,KittiDataset.__getitem__,True,kitti,15000,11827200,19957,0.0016873816287878787,0.9983126183712121,0,0,0,0,0,0,0,0,0,0,0,0,0,0,0,0,0,0,0,0,0,0,0,0,0,0,0,0,0,0,0,0,0,0,0,0,16,28,44,51,52,57,53,58,55,52,49,51,44,43,42,37,39,43,39,32,32,40,47,61,88,106,119,110,122,113,88,121,91,93,103,80,99,86,66,83,88,75,58,76,55,67,89,94,69,76,68,49,60,80,68,61,72,79,87,89,50,60,77,73,39,42,45,61,30,33,33,55,82,55,44,47,77,110,132,128,109,130,175,188,182,174,171,179,155,118,104,102,159,126,106,116,145,151,99,110,123,98,115,158,180,146,148,169,134,153,156,118,86,98,120,152,158,81,60,51,44,47,91,112,72,70,68,51,37,27,29,88,83,32,15,15,19,15,9,9,78,73,29,25,17,14,32,106,174,221,365,353,199,80,48,53,25,14,32,34,26,18,28,85,83,41,52,60,66,69,78,83,129,103,85,142,132,65,48,30,31,32,23,22,13,14,17,19,42,48,93,48,47,41,47,30,29,35,29,39,32,16,18,23,21,14,11,12,4,42,56,26,15,14,11,10,12,11,9,5,7,7,24,47,38,44,102,62,33,13,12,10,10,10,10,10,12,7,6,4,8,6,3,4,2,2,0,1,0,1,1,0,1,12,15,30,56,55,34,32,22,8,18,14,10,10,4,7,8,6,6,5,5,4,2,4,13,9,3,3,6,0,0,0,6,32,52,19,18,4,0,0,0,2,42,82,37,8,4,2,0,2,3,9,10,1,3,2,0,1,3,2,2,6,5,2,2,1,1,3,3,2,1,2,0,2,2,6,8,2,0,0,2,26,64,72,55,68,102,99,79,85,67,58,47,38,54,54,65,81,46,29,25,44,33,39,39,30,19,19,13,7,8,6,12,16,16,18,25,14,11,10,13,6,8,0,4,10,6,1,2,1,2,2,7,13,2,1,0,0,1,3,2,0,0,0,0,4,6,6,2,19,12,9,11,9,0,15,18,19,15,17,25,16,30,24,18,16,9,5,11,10,18,44,43,18,6,13,13,14,14,16,4,4,0,0,1,5,16,33,32,37,44,47,42,31,10,23,18,2,8,4,0,0,0,4,4,2,2,0,0,0,0,0,0,0,0,0,0,0,0,0,0,0,0,0,0,0,0,0,0,0,0,0,0,0,0,0,0,0,0,0,0,0,0,0,0,0,0,0,0,0,0,0,0,0,0,0,0,0,0,0,0,0,0,0,0,0,0,0,0,0,0,0,0,0,0,0,0,0,0,0,0,0,0,0,0,0,0,0,0,0,0,0,0,0,0,0,0,0,0,0,0,0,0,0,0,0,0,0,0,0,0,0,0,0,0,0,0,0,0,0,0,0,0,0,0,0,0,0,0,0,0,0,0,0,0,0,0,0,0,0,0,0,0,0,0,0,0,0,0,0,0,0,0,0,0,0,0,0,0,0,1,5,8,6,6,2,2,0,0,0,0,0,0,0,0,0,0,0,0,0,0,0,0,0,0,0,0,0,0,0,0,0,0,0,0,0,0,0,0,0,0,0,0,0,0,0,0,0,0,0,0,0,0,0,0,0
000183.bin,conv2,2,21x800x704,0,400,KittiDataset.__getitem__,True,kitti,15000,11827200,20448,0.001728896103896104,0.9982711038961039,0,0,0,0,0,0,0,0,0,0,0,0,0,0,0,0,0,0,0,0,0,0,0,0,0,2,7,7,5,8,6,7,6,7,16,21,9,4,4,8,6,9,10,7,12,8,5,8,8,6,6,8,11,13,12,12,14,8,6,8,4,18,35,64,56,63,92,74,87,85,105,91,111,158,197,190,181,175,147,251,301,230,152,129,89,122,124,55,56,62,82,145,114,57,73,148,126,58,74,148,184,269,322,235,211,136,103,109,110,140,200,144,110,113,102,110,105,81,84,130,127,70,62,60,98,106,57,69,122,95,69,39,33,38,97,82,49,42,26,57,80,52,42,35,36,70,92,51,46,45,35,45,66,48,42,41,38,32,25,31,60,43,44,41,71,109,96,60,67,80,57,48,38,40,70,70,50,58,76,49,50,79,101,97,82,81,93,109,98,138,150,149,198,188,155,170,152,156,125,107,82,79,47,44,35,28,21,30,18,13,21,19,30,39,26,16,9,11,12,10,15,18,22,34,25,12,12,9,37,51,46,27,17,15,50,98,77,30,15,16,22,41,63,61,47,41,25,18,26,22,23,18,18,13,14,12,6,10,12,17,22,64,105,71,20,23,59,70,41,54,43,31,29,27,25,24,20,21,18,14,22,23,22,21,16,20,19,26,32,21,18,71,49,21,21,21,23,23,31,30,22,18,24,21,21,17,19,20,23,12,10,17,16,19,28,25,19,26,22,20,14,6,16,16,50,77,42,43,34,45,27,27,21,30,19,21,10,21,15,12,14,30,28,10,7,9,8,2,0,2,5,7,2,13,10,15,5,12,16,17,11,14,25,14,25,38,63,31,44,42,31,18,18,14,11,13,13,13,12,6,14,13,5,6,5,10,16,10,4,5,4,12,13,8,8,3,23,30,13,5,5,37,28,14,33,22,7,9,15,20,14,7,6,14,17,28,37,26,14,12,20,18,5,21,20,21,9,14,10,8,8,8,6,6,4,8,6,10,6,8,11,19,7,7,0,2,3,8,9,10,12,9,1,6,33,48,56,59,24,6,3,21,37,12,7,8,6,18,31,7,5,0,1,3,2,1,0,0,0,3,3,4,5,18,35,9,6,1,2,3,2,1,3,2,1,2,2,1,1,2,1,4,4,3,9,17,12,12,13,6,1,1,0,0,1,1,0,0,2,0,0,0,0,0,0,0,0,0,0,0,0,0,0,0,2,1,0,0,0,0,0,0,0,1,2,3,0,0,0,0,0,0,2,10,6,4,6,10,6,0,0,0,0,1,1,8,8,6,2,0,0,0,2,8,10,4,0,2,2,0,0,0,0,1,2,2,1,0,2,6,7,1,2,1,4,4,0,0,0,0,3,3,0,2,5,13,4,0,2,4,0,8,6,16,10,6,4,2,20,27,42,48,14,4,0,0,0,0,0,0,0,0,0,0,0,2,0,0,0,0,0,0,0,0,0,0,0,0,0,8,8,6,4,4,0,0,0,0,0,0,2,2,3,5,0,0,0,0,0,0,0,0,0,0,0,0,0,0,2,8,4,1,0,0,0,0,0,0,0,0,0,0,0,0,0,4,4,0,0,0,0,0,0,0
000184.bin,conv2,2,21x800x704,0,400,KittiDataset.__getitem__,True,kitti,15000,11827200,27420,0.0023183847402597404,0.9976816152597403,0,0,0,0,0,0,0,0,0,0,0,0,0,0,0,0,0,0,0,0,0,0,0,0,0,0,0,0,0,0,0,0,0,0,0,0,0,0,0,0,0,0,0,0,0,0,0,0,0,0,0,0,0,0,0,16,16,12,16,18,20,23,24,28,33,31,34,43,46,42,48,56,63,57,49,61,73,84,91,117,139,122,114,161,161,146,178,125,98,117,107,127,164,143,113,116,137,136,112,128,136,91,94,98,119,151,99,67,78,93,112,157,116,64,72,139,176,144,158,159,158,179,102,88,91,142,159,98,76,90,114,96,85,61,66,89,131,126,111,142,84,100,101,120,60,123,150,122,149,185,141,117,167,172,131,172,146,84,52,71,113,177,189,142,85,84,94,111,124,89,122,163,164,114,88,83,76,53,60,75,106,99,87,108,85,66,61,63,65,58,59,70,105,117,102,101,99,79,79,90,77,70,50,66,69,51,43,47,54,61,66,105,116,102,76,76,81,104,82,80,80,62,67,81,78,70,67,77,63,62,77,53,56,75,65,69,66,50,68,65,67,75,101,76,75,81,94,108,62,47,36,39,79,110,89,45,50,77,98,97,64,40,28,24,27,40,47,43,37,35,33,39,31,31,25,35,40,42,28,30,26,23,32,36,51,43,47,38,36,36,28,23,39,32,29,27,23,33,21,18,16,16,18,16,12,20,9,12,11,33,38,18,18,17,16,15,27,19,13,24,18,28,28,20,24,16,14,15,15,20,25,27,37,35,19,17,15,24,20,5,6,69,119,81,52,46,29,31,22,17,27,26,29,32,28,10,16,17,38,34,19,9,14,16,16,10,22,18,20,15,21,26,38,57,98,137,79,58,47,46,69,79,52,21,9,11,17,17,10,6,39,93,84,36,30,36,18,9,7,6,6,12,10,11,17,34,39,42,48,36,19,25,19,11,3,7,9,21,16,20,18,10,14,12,14,8,14,10,16,52,39,13,19,27,15,12,8,15,19,11,21,24,26,12,16,13,5,10,15,22,17,3,7,4,6,7,21,24,12,13,7,7,6,8,12,22,11,10,12,13,19,56,83,68,68,100,98,104,114,81,64,74,72,63,57,61,28,31,12,9,7,15,18,2,18,10,4,8,2,7,8,7,7,12,20,23,28,14,18,12,7,13,8,12,15,10,10,11,7,7,8,7,6,6,9,11,17,13,6,11,9,9,8,9,16,23,14,15,10,19,12,5,9,5,3,7,11,8,2,10,13,6,6,11,8,3,8,6,2,20,26,16,8,8,6,8,12,14,8,14,14,10,6,10,14,20,20,5,9,14,8,0,4,8,2,4,16,18,8,10,14,8,0,6,8,8,4,2,2,8,4,0,2,8,2,0,4,8,6,4,9,11,5,2,8,8,7,3,2,2,4,2,1,9,24,25,18,39,40,36,35,29,47,61,46,15,3,8,12,2,2,4,8,7,4,1,4,7,6,1,3,3,4,3,9,7,0,0,0,1,1,1,2,0,0,3,4,1,0,0,0,1,0,0,0,0,0,0,0,7,8,0,0,0,2,0,0,0,0,2,0,0,0,0,0,4,4,2,2,0,0,0,0,0
000185.bin,conv2,2,21x800x704,0,400,KittiDataset.__getitem__,True,kitti,15000,11827200,21796,0.001842870670995671,0.9981571293290044,0,0,0,0,0,0,0,0,0,0,0,0,0,0,0,0,0,0,0,0,0,0,0,0,0,0,0,0,0,0,1,2,2,10,10,13,17,23,30,20,21,19,21,22,30,38,28,13,18,32,44,47,39,38,41,42,42,37,36,30,26,29,36,49,62,53,60,85,75,65,87,108,130,105,114,105,125,127,135,123,139,164,152,161,187,188,166,199,226,220,204,167,150,166,166,150,123,142,168,154,120,119,122,100,89,88,87,129,110,87,108,123,113,116,136,105,91,74,66,53,43,43,38,38,50,64,96,110,131,145,130,105,92,74,60,100,109,96,114,118,106,90,92,76,68,97,83,72,63,60,93,83,62,64,56,56,46,68,82,66,71,61,56,50,52,75,66,55,55,60,80,117,282,334,108,74,132,151,168,164,137,102,87,77,89,67,59,58,50,48,40,34,41,49,78,87,79,90,119,110,89,114,131,97,74,56,53,46,35,34,65,70,62,56,51,44,52,37,29,24,17,7,29,37,32,22,16,15,18,21,24,21,38,41,41,59,62,34,29,59,57,45,35,26,20,20,18,17,20,17,16,21,20,10,5,8,7,6,39,40,19,16,13,12,14,20,13,21,19,19,24,20,13,14,2,8,18,32,14,21,22,17,17,26,43,61,44,43,31,31,48,44,45,24,25,27,29,30,18,15,29,27,29,23,21,13,7,18,22,18,21,10,11,21,12,4,11,14,9,6,6,2,6,6,6,2,6,4,10,14,5,9,16,49,66,56,87,90,76,60,48,43,33,31,30,19,21,22,15,17,12,8,11,20,16,11,11,9,1,6,8,11,8,29,40,33,33,32,25,35,34,30,22,24,22,12,6,4,12,13,14,22,44,52,37,18,10,12,13,2,6,18,19,1,7,10,17,12,15,10,1,10,15,33,22,13,10,20,9,19,35,37,32,18,15,10,8,7,6,3,7,9,6,3,2,0,0,0,0,0,4,2,1,4,2,3,5,5,2,1,7,10,5,15,5,7,6,1,17,12,14,15,12,10,11,4,4,2,2,0,3,5,6,8,3,1,0,0,0,6,6,2,3,0,0,0,0,0,4,2,3,3,0,1,1,0,0,0,0,0,0,0,0,0,0,0,2,6,0,0,2,2,8,22,9,12,2,4,4,4,10,18,30,18,7,17,15,9,8,8,9,10,2,8,11,0,2,2,0,0,0,0,0,0,0,0,0,0,0,0,0,0,0,0,0,0,0,0,0,0,0,0,2,4,4,0,4,4,0,4,8,0,0,0,2,2,8,12,4,0,0,0,0,0,0,0,0,0,0,0,0,0,0,0,0,0,0,0,0,0,0,0,0,0,0,0,0,0,0,0,0,0,0,0,0,0,0,0,0,0,0,0,0,0,0,0,0,0,0,0,0,0,0,0,0,0,2,0,1,41,50,20,18,26,11,17,12,10,13,2,8,10,1,10,6,5,9,17,14,13,18,15,13,17,9,3,16,12,9,7,11,7,6,15,17,11,11,17,14,8,7,4,6,6,9,6,4,9,13,12,8,7,8,9,6,4,5,12,13,0,6,4,4,5,1,0,0,0,0,0,0,0,0,0
000186.bin,conv2,2,21x800x704,0,400,KittiDataset.__getitem__,True,kitti,15000,11827200,27451,0.002321005817099567,0.9976789941829004,0,0,0,0,0,0,0,0,0,0,0,0,0,0,0,0,0,0,0,0,0,0,0,0,0,0,0,0,0,2,4,6,10,14,14,19,22,17,11,8,9,9,15,18,27,22,17,13,8,9,9,10,11,14,14,13,10,8,6,2,6,16,51,110,103,108,123,109,116,93,128,109,93,106,138,134,119,123,103,117,123,104,114,122,89,106,87,64,70,84,94,127,83,66,79,134,108,78,86,96,59,64,67,79,71,39,42,63,66,78,67,32,35,43,36,63,89,95,112,114,84,98,125,129,110,83,96,103,92,58,78,82,129,154,101,48,63,76,99,91,56,59,72,85,87,115,72,63,53,68,76,144,121,91,102,94,91,86,91,147,142,69,80,69,79,75,92,74,116,91,50,45,53,63,54,55,73,58,75,52,51,40,41,44,38,39,63,57,71,70,75,48,35,29,31,35,32,25,30,67,102,97,57,35,57,48,55,104,95,95,89,105,152,143,163,171,131,82,72,97,96,71,103,91,121,128,141,172,202,180,157,141,155,112,100,153,160,133,100,94,80,105,95,89,117,73,89,94,83,75,61,61,70,65,58,52,44,55,61,44,30,38,39,38,56,50,69,74,84,77,65,93,86,62,57,111,244,220,191,185,170,231,324,583,522,296,209,194,155,122,145,112,100,84,89,91,62,51,42,36,36,57,50,27,25,30,44,36,36,30,20,24,13,8,12,19,18,19,15,23,43,31,24,23,45,74,70,81,59,38,26,40,41,48,36,20,13,5,10,9,4,3,5,5,5,0,0,0,0,0,0,0,0,0,0,0,2,6,8,6,10,10,16,12,12,46,120,30,8,8,14,15,12,1,2,2,21,33,9,12,19,19,23,10,12,15,27,16,29,10,2,10,3,9,6,0,0,0,4,0,0,2,5,17,30,31,19,10,6,0,0,0,0,22,20,0,2,28,30,19,9,17,0,0,0,0,0,0,0,0,0,0,0,0,0,0,0,0,0,0,0,0,0,0,0,8,8,10,12,14,10,0,0,8,12,16,18,18,12,4,14,20,16,6,6,6,15,5,9,5,5,11,5,5,13,17,3,2,4,6,8,6,2,4,6,2,9,6,8,2,2,2,0,0,0,6,0,4,6,2,6,9,5,2,2,0,2,30,23,4,0,0,0,0,0,0,0,2,2,0,6,13,8,16,17,22,8,0,0,2,6,9,7,1,1,0,0,1,0,0,0,6,6,8,16,6,1,0,2,2,0,0,0,0,0,0,0,0,0,0,8,6,0,0,0,0,0,0,0,0,0,0,0,0,0,0,0,0,0,0,0,0,0,0,0,0,0,0,0,0,2,0,34,102,156,48,12,4,0,0,0,0,0,0,0,0,0,0,0,0,0,0,0,0,0,0,0,0,0,0,0,0,0,14,58,1,0,0,0,2,17,14,8,8,16,12,23,37,14,1,3,3,3,1,0,0,0,0,0,0,0,0,0,0,0,0,0,0,0,0,0,0,0,0,0,0,0,0,0,0,0,0,0,0,0,0,0,0,0,0,0,0,0,7,4,32,53,50,43,29,3,9,27,46,43,34,34,38,40,40,64,75,70,78
000187.bin,conv2,2,21x800x704,0,400,KittiDataset.__getitem__,True,kitti,15000,11827200,34454,0.00291311553030303,0.997086884469697,0,0,0,0,0,0,0,0,0,0,0,0,0,0,0,0,0,0,0,0,0,0,0,0,0,0,0,0,0,0,0,0,0,0,0,0,0,0,0,0,0,0,0,0,0,0,0,0,0,0,0,0,0,0,0,0,0,0,0,0,0,0,0,0,0,0,0,6,6,6,10,9,10,28,29,32,39,54,70,63,77,61,83,122,135,130,154,136,93,101,136,145,149,147,119,137,156,130,124,137,140,113,99,116,147,167,117,103,104,118,149,178,142,101,106,111,110,114,125,144,168,222,176,135,143,148,189,174,143,145,209,173,150,110,131,169,214,276,230,179,187,214,243,267,201,153,153,154,120,135,140,103,86,101,100,102,111,77,45,80,77,68,88,117,141,164,160,184,215,219,221,214,197,201,211,139,118,121,107,144,119,94,106,111,115,78,60,61,66,73,75,42,68,105,91,74,92,104,60,73,64,87,91,102,114,133,161,152,124,153,117,61,63,62,43,51,48,56,49,57,59,77,95,111,119,82,38,45,41,38,44,40,41,50,52,43,36,46,43,66,75,87,93,149,134,64,52,43,40,30,32,53,77,80,69,92,114,104,138,168,145,151,123,85,91,89,105,133,127,125,119,92,107,113,112,127,125,128,125,152,118,103,97,114,116,109,92,97,75,87,104,92,92,101,94,81,83,88,67,84,77,46,36,49,35,62,70,53,41,32,43,38,59,64,28,27,32,39,33,32,36,22,30,22,37,60,53,46,67,61,43,53,46,33,43,52,33,29,38,31,25,42,62,56,40,31,27,28,53,54,35,28,25,24,32,31,7,7,11,11,18,9,25,20,39,28,16,24,40,42,45,43,64,38,34,20,33,45,34,29,28,36,37,36,31,33,36,44,46,49,52,39,27,59,74,41,23,24,72,84,93,106,121,112,68,70,100,92,82,76,83,75,48,47,29,42,32,27,27,28,19,25,19,14,17,28,14,17,39,27,25,43,38,36,42,28,35,68,61,28,41,34,61,57,39,36,9,25,13,12,34,33,14,7,13,27,19,26,30,38,15,11,22,30,40,35,39,60,79,85,73,76,42,59,57,52,29,45,43,53,66,34,57,44,48,37,45,42,44,34,32,35,26,14,18,9,16,10,25,23,12,19,26,28,34,25,16,19,34,18,16,14,20,11,8,24,22,12,7,10,16,8,5,0,2,0,0,3,1,2,2,6,16,26,14,6,15,32,26,23,14,18,3,2,13,12,7,4,11,13,10,7,5,6,5,7,9,10,0,4,11,11,8,18,19,14,4,3,2,2,4,3,0,8,7,10,6,1,1,0,6,4,2,0,1,1,0,2,5,6,4,5,3,8,21,23,24,27,11,10,0,4,4,1,5,12,6,3,1,1,0,2,0,0,0,0,4,4,4,2,0,4,2,0,0,4,4,0,0,4,6,2,0,0,5,0,0,0,0,0,0,0,0,0,1,0,0,0,2,0,0,0,0,0,0,0,0,0,1,1,0,0,0,0,0,0,0,0,0,2,0,0,0,6,0,0,0,0,0,0,0,0,0,0,0,0,0,2,6,0,0,0,0,0,0,0,0,0,1,1,0,0,0,1
000188.bin,conv2,2,21x800x704,0,400,KittiDataset.__getitem__,True,kitti,15000,11827200,20200,0.0017079274891774892,0.9982920725108225,0,0,0,0,0,0,0,0,0,0,0,0,0,0,0,0,0,0,0,0,0,0,0,0,0,0,0,0,0,0,0,0,0,0,0,0,0,0,0,0,0,0,0,0,0,0,0,0,0,0,0,0,0,0,0,0,0,0,0,0,0,0,4,6,10,12,13,17,18,30,40,30,29,45,42,40,63,66,64,87,89,95,112,107,108,111,154,158,141,121,153,152,140,133,128,151,141,148,148,140,142,181,212,206,199,190,190,191,183,180,206,200,173,165,155,183,178,180,166,164,171,131,146,146,142,128,127,142,116,90,92,83,106,99,96,90,86,82,92,93,93,74,68,71,79,80,82,64,53,43,45,49,64,67,54,46,53,49,70,71,79,82,82,54,61,121,159,145,105,69,68,83,62,49,44,79,73,70,55,65,46,49,81,76,28,46,45,57,57,56,41,40,35,49,82,83,56,52,63,112,98,61,35,33,23,6,23,39,42,67,44,38,58,56,37,32,37,42,27,35,46,56,74,52,30,64,96,145,190,201,204,197,216,195,123,54,59,52,76,47,65,60,56,57,40,27,19,9,14,7,21,18,28,19,23,15,21,24,31,34,33,36,38,38,19,17,36,30,18,15,13,33,22,25,43,36,26,35,51,50,40,51,34,23,23,27,21,10,9,13,12,9,7,12,11,6,9,8,10,3,11,7,5,2,2,3,2,12,31,43,45,36,19,30,33,17,30,36,21,11,8,10,14,15,26,67,91,47,33,25,40,64,45,28,20,15,23,24,15,12,15,10,19,22,17,17,11,6,5,16,11,12,17,5,6,5,19,12,5,8,10,6,4,9,8,5,13,4,12,5,4,10,10,7,10,10,2,0,6,10,3,2,6,3,2,18,18,5,5,2,4,8,11,4,10,11,16,13,11,13,1,0,6,4,2,8,4,7,16,18,8,13,18,2,6,2,4,2,6,5,0,9,11,6,4,7,8,4,2,2,4,9,9,7,3,4,8,3,6,6,4,4,19,12,21,14,14,15,16,14,8,8,10,8,2,8,8,10,2,15,6,2,4,4,5,3,4,0,0,6,4,2,1,1,9,20,20,22,18,9,0,0,4,0,0,0,0,0,0,2,0,0,0,0,2,0,0,0,0,0,0,0,2,3,2,0,0,2,0,2,2,2,0,0,2,0,0,0,0,2,6,1,3,0,8,2,8,7,4,0,0,0,4,4,2,4,6,0,4,2,8,10,6,2,0,4,4,2,2,0,7,1,0,0,2,0,0,0,0,0,0,2,2,0,2,2,0,0,0,0,0,0,0,0,0,0,0,0,0,0,2,2,0,0,0,0,0,0,0,0,0,0,0,0,0,0,0,0,0,0,0,2,0,0,0,0,0,0,0,0,0,0,0,0,0,0,0,0,0,0,0,0,7,23,21,13,10,5,5,14,7,5,0,0,0,0,0,0,0,0,0,1,1,0,2,0,1,0,0,0,0,0,0,0,0,2,2,0,0,0,0,1,1,5,4,0,0,0,2,0,0,0,0,2,0,0,0,0,0,1,1,0,2,2,2,2,0,0,0,0,0,0,0,0,2,2,1,1,0,0,0,0,0,2
000189.bin,conv2,2,21x800x704,0,400,KittiDataset.__getitem__,True,kitti,15000,11827200,22000,0.0018601190476190475,0.9981398809523809,0,0,0,0,0,0,0,0,0,0,0,0,0,0,0,0,0,0,4,4,4,8,6,10,10,12,15,12,10,7,6,8,10,19,18,17,17,11,11,12,18,22,45,51,48,41,27,28,37,40,34,26,16,10,11,10,12,22,33,41,83,131,117,97,103,93,96,75,88,72,67,97,93,80,68,86,84,93,97,94,107,90,114,141,135,104,141,135,113,123,120,105,128,114,88,103,142,128,113,124,81,80,90,111,121,105,122,111,105,137,149,141,105,113,128,116,99,84,113,119,86,108,102,105,109,89,118,128,58,61,77,84,64,27,48,82,111,78,41,44,41,56,53,102,99,63,66,54,54,146,141,123,103,81,81,95,106,148,76,45,48,37,65,43,58,92,91,58,36,48,63,46,78,89,81,89,61,57,23,14,13,36,28,55,67,28,17,17,16,10,12,16,23,90,77,28,21,24,18,20,23,13,14,26,37,173,434,726,701,444,324,192,139,129,124,125,139,125,111,132,146,102,90,83,73,64,69,71,66,56,57,67,73,73,98,88,81,75,61,68,85,71,48,51,52,51,30,32,31,28,35,34,33,49,87,80,66,54,26,25,27,40,42,46,44,26,44,46,60,47,38,25,24,19,20,45,54,32,34,37,48,42,45,50,23,41,57,42,26,36,32,28,17,13,15,14,24,49,51,37,32,28,27,28,28,26,17,12,24,19,27,26,24,7,6,14,10,16,8,6,10,6,0,0,0,0,18,22,12,16,10,22,22,13,15,7,11,8,8,10,6,8,14,16,12,0,0,0,2,6,4,0,2,10,13,6,6,5,22,26,19,0,10,22,10,6,8,6,8,9,16,10,10,15,14,11,5,6,3,7,6,1,0,0,15,23,14,10,16,7,1,4,4,15,12,14,24,45,51,28,33,46,28,28,29,22,22,24,15,23,9,7,3,0,0,4,4,1,1,0,0,0,0,0,0,0,0,0,0,0,0,0,0,0,0,0,0,0,0,0,0,0,0,0,0,0,0,2,0,0,0,0,0,0,0,0,0,0,0,0,0,0,0,0,0,0,0,0,0,0,0,0,0,0,0,0,0,0,0,0,0,0,0,0,0,0,0,0,0,0,0,0,0,0,0,0,0,0,0,0,0,0,0,0,0,0,0,0,0,0,0,0,0,0,0,0,0,0,0,0,0,0,0,0,0,0,0,0,0,0,0,0,0,0,0,0,0,0,0,0,0,0,0,0,0,0,0,0,0,0,0,0,0,0,0,0,0,0,0,0,0,0,0,0,0,0,0,0,0,0,0,0,0,0,0,0,0,0,0,0,0,0,0,0,0,0,0,0,0,0,0,0,0,0,0,0,0,0,0,0,0,0,0,0,0,0,0,0,0,0,0,0,0,0,0,0,0,0,0,0,0,0,0,0,0,0,0,0,0,0,0,0,0,0,0,0,0,0,0,0,0,0,0,0,0,0,0,0,0,0,0,0,0,0,0,0,0,0,0,0,0,0,0,0,0,0,0,0,0,0,0,0,0,0,0,0,0,0,0,0,0,0,0,0,0,0,0,0,0,0,0,0,0,0,0,0,0,0,0,0,0,0,0,0
000190.bin,conv2,2,21x800x704,0,400,KittiDataset.__getitem__,True,kitti,15000,11827200,17753,0.0015010315205627705,0.9984989684794372,0,0,0,0,0,0,0,0,0,0,0,0,0,0,0,0,0,0,0,0,4,7,10,15,14,17,15,8,3,0,0,0,0,0,0,0,0,0,0,0,0,0,0,4,11,13,16,8,6,2,0,0,0,0,8,10,22,34,53,85,130,160,150,155,138,119,86,92,79,72,96,153,147,99,95,89,97,90,91,107,155,193,154,121,90,97,104,101,182,201,111,91,108,108,68,40,47,82,80,87,110,150,157,152,142,134,128,111,73,76,102,118,114,118,165,139,123,127,139,137,157,124,139,157,122,159,189,151,127,143,132,126,77,81,62,63,91,90,80,39,46,43,85,74,111,78,29,40,38,83,69,69,52,42,68,79,103,145,149,105,71,46,37,39,40,76,73,99,105,50,58,60,66,57,64,87,96,91,176,139,36,29,28,23,36,33,28,125,215,150,54,56,47,45,36,46,46,39,61,58,33,34,54,66,52,43,26,23,41,54,48,49,55,34,33,44,36,27,28,38,36,16,38,48,62,48,23,27,21,22,24,16,13,13,6,25,47,40,11,2,11,6,0,0,4,7,11,6,11,18,16,14,21,44,55,37,27,18,48,47,17,11,8,14,11,13,9,0,2,8,20,18,28,23,14,7,9,0,0,2,4,11,45,30,0,0,0,0,0,0,1,6,48,60,9,22,27,12,7,2,2,6,13,12,23,16,6,4,4,0,0,0,10,36,43,25,6,0,2,4,4,0,0,0,4,0,7,13,4,0,18,20,17,4,1,0,0,2,4,6,10,9,13,23,9,33,28,1,4,4,0,5,5,4,2,0,2,0,6,8,1,0,0,0,1,2,0,0,6,13,14,30,20,9,4,2,0,2,0,0,0,8,10,2,3,4,62,50,5,8,22,35,33,33,12,16,7,4,4,2,2,2,0,0,0,0,0,0,0,0,0,0,0,0,0,0,0,0,0,0,0,0,0,3,4,14,14,17,18,19,22,31,25,11,3,5,9,7,10,16,14,9,17,26,15,6,6,2,0,2,2,5,13,12,16,5,6,7,1,4,4,0,0,4,1,1,0,0,0,0,0,0,0,3,3,0,0,0,0,0,0,0,0,2,0,0,0,0,0,0,7,6,10,2,0,0,0,0,0,0,0,0,0,0,0,8,0,2,4,11,13,6,14,8,0,0,0,0,0,0,0,0,0,0,0,18,20,10,10,2,0,1,0,0,18,21,21,22,8,0,0,2,0,0,0,0,0,0,0,0,0,0,0,0,0,0,0,0,2,20,17,4,2,0,0,0,0,0,0,0,0,0,0,0,0,0,0,0,0,0,0,0,0,0,0,0,0,0,0,0,0,0,0,0,0,0,0,0,0,0,0,2,0,0,0,0,0,0,0,0,0,0,0,0,0,0,0,0,0,0,0,0,0,0,0,0,0,0,0,0,0,0,0,0,0,0,0,0,0,0,0,0,0,0,0,0,0,0,0,0,0,0,0,0,0,0,0,0,0,0,0,0,0,0,0,0,0,0,0,0,0,0,0,0,0,0,0,0,0,0,0,0,0,0,0,0,0,0,0,0,0,0,0,0,0,0,0,0,0,0,0,0,0,0
000191.bin,conv2,2,21x800x704,0,400,KittiDataset.__getitem__,True,kitti,15000,11827200,29709,0.0025119216720779223,0.9974880783279221,0,0,0,0,0,0,0,0,0,0,0,0,0,0,0,0,0,0,0,0,0,0,0,0,0,0,0,0,0,0,0,0,0,0,0,4,9,11,11,7,8,6,8,8,8,7,11,11,13,10,6,4,6,6,4,4,8,14,25,18,22,22,25,25,38,36,34,32,40,53,64,67,67,70,86,109,125,138,159,143,158,191,167,179,223,186,145,217,234,174,177,187,197,191,211,175,178,186,222,212,185,217,247,206,220,215,195,229,191,139,117,109,106,153,166,137,138,126,130,143,129,140,143,169,155,150,159,166,214,210,184,217,202,212,188,152,164,179,203,251,227,207,243,224,186,169,214,220,177,149,126,153,189,178,126,116,111,133,188,180,194,138,103,137,139,111,134,127,133,168,119,115,125,105,119,126,92,92,106,141,133,90,64,92,83,84,75,87,100,131,139,77,74,77,71,59,48,53,73,50,52,60,72,113,73,36,38,57,53,75,91,59,49,69,83,73,98,102,67,83,70,44,41,41,42,43,43,53,51,39,43,57,59,93,47,29,30,37,49,38,56,83,47,37,27,27,21,40,52,80,88,79,111,127,77,67,96,93,63,60,47,34,38,52,64,65,67,50,53,92,56,31,29,34,35,16,25,30,22,24,27,26,26,21,18,23,45,51,31,35,41,65,55,57,29,40,43,49,90,56,26,22,12,7,16,31,26,6,0,12,18,24,21,31,12,5,16,28,20,24,27,41,41,54,42,42,42,48,19,0,0,8,6,10,12,6,12,15,15,13,17,15,8,12,20,13,13,7,10,14,35,68,77,55,46,44,24,12,15,32,49,28,15,30,31,34,22,15,0,6,14,16,9,12,22,14,23,22,15,17,10,9,10,7,19,19,16,22,19,23,17,18,17,11,11,6,0,3,1,0,2,6,8,6,8,6,7,20,25,13,14,2,16,12,8,2,5,16,4,8,6,0,2,2,2,3,0,2,7,3,2,2,6,110,128,63,39,16,6,10,9,8,8,11,6,9,5,0,2,5,5,4,8,10,4,6,10,2,8,8,13,15,19,17,6,8,14,17,18,20,24,13,16,23,13,9,7,14,20,9,13,12,17,4,6,8,4,0,4,8,2,1,8,4,0,2,4,22,19,22,12,3,12,12,10,4,0,6,3,5,9,12,4,0,4,13,5,12,4,7,2,10,12,8,7,6,5,7,0,5,5,6,9,10,15,17,15,23,20,19,21,22,19,19,8,12,9,8,16,17,11,17,14,22,17,12,8,8,6,5,4,4,4,2,6,6,1,0,0,2,6,2,4,2,2,12,3,2,3,3,6,9,5,2,0,2,1,5,0,10,18,13,8,2,7,13,8,6,4,11,11,10,4,0,3,11,7,1,6,7,1,1,2,2,2,0,0,0,0,0,0,2,8,7,2,8,2,0,2,0,8,8,10,2,8,13,6,6,6,2,4,3,3,0,2,3,4,1,5,12,4,0,1,2,3,3,1,2,0,1,4,2,1,5,4,0,0,2,2,6,10,5,4,5,0,1,0,6,7,8,8,0,4,6,2,0,0,0,0,0,0,2,0,0,0,0,4,0,0,0,0,0,0,0
000192.bin,conv2,2,21x800x704,0,400,KittiDataset.__getitem__,True,kitti,15000,11827200,24723,0.002090351055194805,0.9979096489448052,0,0,0,0,0,0,0,0,0,0,0,0,0,0,0,0,0,0,0,0,0,0,0,0,0,0,0,0,0,0,0,0,0,0,0,0,0,0,0,0,0,0,0,0,0,0,0,0,2,2,2,6,4,4,5,5,7,7,6,6,6,8,13,18,26,33,40,42,52,60,58,65,73,75,76,88,98,108,113,131,154,164,147,140,146,161,160,189,223,212,167,146,154,148,144,143,112,123,143,159,140,121,128,148,115,97,108,142,286,358,274,202,178,160,155,167,155,127,127,125,139,145,165,162,176,152,152,146,155,170,174,170,179,157,175,164,140,155,141,123,128,194,218,164,153,176,143,119,146,153,113,110,144,169,144,133,111,108,113,135,120,104,141,110,63,64,73,68,69,76,85,109,122,99,87,102,72,77,101,120,126,126,156,128,122,98,101,84,97,116,74,68,88,88,47,46,53,56,51,40,29,32,31,30,36,52,40,64,44,31,39,39,28,33,47,52,52,70,84,68,104,97,52,35,46,54,38,39,44,53,76,61,82,94,90,90,77,92,94,64,57,22,30,63,57,39,35,40,35,66,53,52,63,62,63,73,54,56,73,65,75,80,64,76,69,42,37,44,53,33,38,28,21,53,57,44,49,44,22,11,14,18,18,29,22,23,27,29,14,30,34,18,8,12,8,8,14,14,6,19,11,0,8,17,27,34,35,46,42,8,10,10,26,21,7,24,57,35,19,8,8,10,12,14,22,24,12,14,10,6,8,2,12,11,12,20,22,30,42,22,7,6,5,7,7,12,6,5,18,15,9,7,5,7,13,14,11,31,25,14,4,10,3,11,13,21,24,22,11,18,4,27,54,55,37,35,44,45,36,21,45,32,23,25,25,17,25,19,11,25,23,16,17,11,7,9,53,56,29,13,2,0,0,0,0,0,0,4,8,0,0,0,0,0,0,4,4,0,0,0,0,0,0,0,0,4,10,11,10,10,7,3,11,14,7,9,6,6,1,1,0,11,6,2,9,9,7,6,4,0,0,0,4,0,0,0,0,2,5,5,8,7,0,6,9,5,9,1,13,9,18,12,2,2,2,3,6,8,4,2,2,0,4,4,2,6,1,2,2,0,1,2,5,11,8,10,5,6,1,0,0,0,0,0,1,3,3,2,0,2,4,0,2,2,0,0,0,0,0,0,4,0,0,1,4,2,0,1,2,0,3,4,2,0,0,0,0,0,0,2,2,6,3,0,0,0,2,2,2,9,8,6,6,7,0,3,0,0,5,4,3,4,6,4,0,2,10,7,8,6,7,12,12,14,24,16,8,6,10,4,0,0,0,6,0,0,0,0,0,2,2,1,0,0,0,0,0,0,4,1,1,1,1,0,0,0,2,0,0,0,0,0,0,0,1,0,4,2,0,4,0,2,2,0,0,0,0,0,0,0,0,1,0,0,0,0,0,0,0,0,0,0,0,0,4,0,0,1,0,0,0,2,3,0,4,8,6,3,0,1,0,0,0,0,0,0,2,6,4,0,0,0,0,0,0,1,3,0,0,1,1,4,2,1,2,4,2,0,0,0,4,0,0,0,0,0,1,4,0,0,2,4,2,0
000193.bin,conv2,2,21x800x704,0,400,KittiDataset.__getitem__,True,kitti,15000,11827200,19124,0.0016169507575757576,0.9983830492424243,0,0,0,0,0,0,0,0,0,0,0,0,0,0,0,0,0,0,0,0,0,0,0,0,0,0,0,0,0,0,0,0,0,0,0,0,0,0,0,0,0,0,0,0,0,0,0,0,0,0,0,0,0,0,1,24,45,31,5,0,0,0,0,0,4,9,26,26,13,18,15,8,11,31,56,70,69,71,71,61,40,35,43,52,60,68,66,72,78,60,57,66,69,54,47,67,63,48,66,80,67,79,117,144,164,187,154,154,173,165,163,175,166,218,201,193,339,446,472,501,484,367,292,316,324,324,341,309,286,250,233,260,277,316,317,270,265,240,240,225,218,216,216,204,211,257,280,250,212,181,160,185,244,271,260,219,227,210,137,84,53,52,43,64,108,126,123,72,23,27,36,58,18,7,16,69,101,70,145,293,264,65,131,208,116,53,18,14,12,13,10,0,8,7,1,0,0,0,0,0,2,4,8,6,8,10,28,36,17,14,12,2,6,6,1,3,4,2,0,4,6,4,10,9,6,6,4,0,0,0,0,0,0,0,0,0,0,0,0,0,0,0,0,0,0,0,0,0,0,0,0,0,2,2,8,2,2,2,2,6,5,8,6,2,0,0,0,0,0,0,0,0,0,0,0,0,0,0,0,0,0,0,0,0,0,0,2,10,14,8,6,0,0,0,0,0,0,0,0,0,0,0,0,0,0,0,0,0,0,0,0,0,0,0,0,4,8,9,0,0,0,0,0,0,0,0,0,0,0,0,0,0,0,0,0,0,0,0,0,0,0,0,0,0,0,0,0,0,0,0,0,0,0,0,0,0,0,0,4,4,0,0,0,0,0,0,0,0,0,0,0,0,0,0,0,0,0,0,0,0,0,0,0,0,0,0,0,0,0,0,0,0,0,0,0,0,0,0,0,0,7,12,7,0,0,0,0,0,0,0,0,0,0,0,0,0,0,0,0,0,0,0,0,0,0,0,0,0,0,0,0,0,0,0,0,0,0,0,0,0,0,0,0,0,0,0,0,0,0,0,0,0,0,0,0,0,0,0,2,2,0,4,0,0,0,0,0,0,0,0,0,0,0,0,0,0,0,0,0,0,0,0,0,0,0,0,0,0,0,0,0,0,0,0,0,4,4,0,0,0,0,0,0,0,0,0,0,0,0,0,2,1,2,2,0,0,0,0,0,0,0,0,0,0,0,0,0,0,0,0,0,0,0,0,0,0,0,0,0,0,0,0,0,0,0,0,0,0,0,0,0,0,0,0,0,0,0,0,0,0,0,0,2,0,0,0,0,0,0,0,0,0,0,0,0,0,0,0,0,0,0,0,0,0,0,0,0,0,0,0,0,0,0,0,0,0,1,0,2,0,0,0,0,0,0,0,0,0,0,0,0,0,0,0,0,0,0,0,0,0,0,0,0,0,0,0,0,0,0,0,0,0,0,0,0,0,0,0,0,0,0,0,0,0,0,0,0,0,0,0,0,0,0,0,0,0,0,0,0,0,0,0,0,0,0,0,0,0,0,0,0,0,0,0,0,0,0,0,0,0,0,0,0,0,0,0,0,0,0,0,0,0,0,0,0,0,0,0,0,0,0,0,0,0
000194.bin,conv2,2,21x800x704,0,400,KittiDataset.__getitem__,True,kitti,15000,11827200,28329,0.002395241477272727,0.9976047585227272,0,0,0,0,0,0,0,0,0,0,0,0,0,0,0,0,0,0,0,0,0,0,0,0,0,0,0,0,0,0,0,0,0,0,0,0,0,0,0,0,0,0,0,0,0,0,0,0,0,4,6,11,13,19,24,30,30,27,14,16,19,33,46,54,63,48,49,45,57,71,69,61,57,73,84,80,85,101,121,128,114,128,144,158,121,137,104,100,116,106,128,146,118,89,97,134,137,112,124,113,104,133,145,162,144,139,135,154,166,179,150,132,130,137,125,130,126,169,188,169,138,123,138,179,165,143,188,194,165,137,131,114,111,169,155,144,130,124,137,163,151,146,129,135,145,195,191,174,139,126,107,140,142,145,141,118,93,94,114,190,177,154,154,150,147,111,112,128,109,122,123,107,114,108,91,80,84,84,81,75,67,65,82,81,89,78,84,86,107,74,63,61,68,78,106,140,159,116,97,109,143,132,130,112,108,78,87,100,102,105,112,139,138,129,150,136,117,113,100,103,104,107,99,69,55,72,91,64,45,62,71,59,68,56,75,88,79,82,80,66,45,40,52,117,85,58,58,48,44,56,61,58,81,92,128,123,80,60,68,58,46,58,59,45,25,17,19,45,29,32,28,31,19,28,21,57,55,34,32,24,19,31,37,24,29,34,37,21,28,61,95,88,90,76,78,107,77,43,39,48,31,24,21,37,34,28,44,57,35,42,34,22,22,37,48,56,63,60,50,64,58,75,70,48,46,58,55,53,33,22,28,29,30,38,62,53,32,38,36,27,31,57,51,20,41,36,40,49,43,28,23,6,9,12,10,11,20,17,33,20,15,19,16,24,25,27,21,23,14,8,12,10,8,20,24,71,44,12,2,10,12,2,0,0,4,0,0,4,4,0,0,0,0,0,0,0,0,0,0,0,0,0,0,0,0,0,8,14,15,22,20,6,1,8,23,33,62,87,49,29,27,12,17,8,13,13,7,8,17,17,7,8,5,4,12,23,18,6,6,8,17,8,3,2,2,0,2,4,4,2,5,2,4,4,4,4,4,7,5,6,1,8,6,16,6,12,12,8,18,16,4,2,4,0,0,0,0,0,2,0,6,6,2,2,6,12,8,2,4,2,0,0,0,0,0,0,0,0,0,0,0,0,0,2,0,8,12,8,0,0,0,0,2,2,0,0,0,0,0,0,0,5,7,11,11,3,19,15,23,20,15,15,14,8,9,8,16,11,4,6,6,10,4,4,10,6,13,28,9,5,8,12,19,12,9,3,6,11,8,5,3,5,8,4,0,0,0,0,4,0,0,0,0,0,0,0,0,4,10,8,4,8,2,0,0,0,0,0,0,4,2,8,8,4,12,10,10,4,6,10,10,18,14,6,14,8,14,8,4,12,8,5,8,12,10,2,10,12,2,2,0,0,2,6,8,6,5,3,3,3,2,2,2,1,1,2,4,3,5,4,10,10,16,22,4,7,3,0,2,0,0,1,0,2,2,0,2,0,4,4,1,3,2,2,0,2,2,0,1,1,0,2,4,0,2,2,0,0,2,2,2,0,0,0,4,12,8,2,0,2,2,6,6,8,6,0,6,0,0,0,0,0,0,3
000195.bin,conv2,2,21x800x704,0,400,KittiDataset.__getitem__,True,kitti,15000,11827200,28247,0.0023883083062770562,0.997611691693723,0,0,0,0,0,0,0,0,0,0,0,0,0,0,0,0,0,0,0,0,0,0,0,0,0,0,0,0,0,0,0,0,0,0,0,0,0,0,0,0,0,0,0,0,0,0,0,0,0,0,0,0,0,0,0,0,0,0,0,2,12,16,21,45,111,118,98,128,120,120,116,106,128,104,100,108,117,117,110,114,101,108,123,113,101,119,114,104,136,113,82,85,97,108,120,118,98,95,97,124,101,88,97,129,104,89,89,95,106,118,76,81,91,90,104,128,119,81,85,89,90,99,123,142,140,126,124,94,111,95,93,124,148,112,125,137,147,160,159,157,163,113,106,98,110,107,97,98,99,96,98,110,89,92,116,87,64,75,81,74,80,91,95,77,74,80,62,69,68,78,93,85,83,95,81,75,66,69,61,53,56,69,63,68,75,79,74,79,90,89,72,79,63,62,55,55,54,61,48,38,47,62,63,68,66,66,69,59,56,74,72,58,49,48,59,58,51,49,57,75,72,57,46,64,57,57,51,62,54,65,57,39,47,38,45,56,75,74,61,70,86,99,103,103,87,80,87,88,61,63,80,70,91,70,47,60,68,64,79,72,96,88,61,47,62,56,30,35,26,39,37,30,24,30,39,28,23,22,61,55,56,59,46,64,48,44,46,49,49,42,52,46,47,51,44,43,42,55,57,73,95,90,108,98,90,88,95,84,95,96,77,114,100,81,108,105,116,109,109,96,91,101,82,80,103,82,89,79,74,103,113,136,90,55,52,49,53,48,54,44,48,48,43,63,40,38,57,50,33,26,40,39,38,62,56,58,51,45,63,57,53,57,48,45,26,24,31,36,28,19,37,28,29,33,28,27,25,25,25,12,18,11,19,21,25,31,23,50,52,29,11,12,8,20,15,17,20,17,19,34,35,47,63,36,31,28,28,23,15,20,30,7,16,22,21,30,38,37,22,14,37,26,9,26,28,28,29,34,22,19,37,35,42,50,47,26,31,11,12,34,22,9,12,12,11,17,31,12,19,26,20,4,14,8,18,20,15,15,20,27,18,24,31,38,50,40,29,18,10,15,16,21,23,18,12,12,10,28,19,8,28,28,20,28,32,22,11,15,9,9,10,17,25,34,21,14,7,9,4,15,26,18,10,6,10,6,15,9,8,10,12,5,3,8,8,2,12,7,12,6,9,10,9,1,2,3,7,8,4,6,6,2,8,9,7,3,2,6,2,6,7,1,2,3,6,6,2,10,15,6,1,4,10,6,6,11,9,23,16,19,22,9,10,10,12,6,5,5,15,6,4,10,6,7,3,11,6,4,2,25,17,20,23,11,7,14,13,3,10,12,7,8,4,4,5,0,4,6,14,11,8,4,1,7,8,12,27,10,4,2,2,2,7,4,1,0,0,2,3,1,3,4,4,2,10,2,4,4,9,1,0,0,0,2,4,3,2,0,0,2,2,4,6,16,2,0,0,1,0,3,7,4,3,5,2,3,2,0,8,10,3,2,7,4,5,1,6,6,5,5,2,5,0,0,0,8,13,1,0,5,5,5,6,2,5,5,0,0,0,5,6,2,2,2,0,2,4,5,1,0,2,0,0,0
000196.bin,conv2,2,21x800x704,0,400,KittiDataset.__getitem__,True,kitti,15000,11827200,23673,0.002001572646103896,0.9979984273538961,0,0,0,0,0,0,0,0,0,0,0,0,0,0,0,0,0,0,0,0,0,0,0,0,0,0,0,0,0,0,0,0,0,0,1,2,0,0,0,11,14,26,31,22,24,19,28,41,45,48,50,47,41,45,44,47,49,67,83,96,104,101,89,73,73,81,102,121,127,110,110,113,112,104,113,115,100,95,118,124,125,139,115,109,137,131,118,96,96,73,64,75,85,71,86,107,109,102,103,85,84,93,104,104,103,111,119,149,127,97,97,86,76,90,75,58,58,56,75,84,95,104,85,49,54,81,96,101,110,113,135,115,114,116,107,89,91,91,94,93,85,81,67,64,62,75,103,130,152,134,124,113,110,88,104,95,98,96,93,106,108,109,109,104,122,144,124,126,108,123,125,125,117,93,80,86,70,48,38,76,94,92,69,73,95,105,88,92,105,100,110,131,144,114,94,85,80,87,69,56,57,54,41,45,36,31,35,41,49,41,28,25,32,36,31,23,29,32,39,41,30,34,31,36,45,40,38,38,32,40,36,33,26,32,44,49,52,38,31,21,21,24,17,20,28,29,28,39,28,22,37,41,47,31,33,25,32,40,36,50,51,68,78,70,44,22,16,19,15,14,10,8,9,11,12,12,12,13,13,30,19,25,26,33,24,32,92,119,74,44,53,40,27,35,93,130,96,50,56,115,153,125,152,168,119,116,66,42,49,48,20,8,14,31,27,31,65,95,87,70,48,28,17,41,13,6,8,18,13,25,38,49,61,30,61,56,41,48,33,40,21,20,15,17,9,9,18,18,9,20,13,12,18,16,11,23,14,10,15,17,20,10,20,19,16,16,11,9,19,18,16,18,20,11,5,17,5,8,14,13,18,17,20,26,27,16,24,32,16,13,18,9,4,4,4,7,9,9,8,14,10,18,10,6,1,8,15,4,5,29,10,28,23,23,12,12,12,9,9,9,5,1,1,5,5,11,10,5,6,4,0,5,5,10,3,8,15,28,28,20,8,9,5,2,6,4,10,2,0,4,1,3,12,13,5,3,9,15,11,13,8,4,7,9,9,6,4,2,6,8,0,10,0,0,2,3,3,0,0,2,4,0,4,7,4,2,0,2,4,8,6,8,8,4,4,0,2,2,4,2,6,9,7,4,4,0,2,0,0,0,0,4,18,31,41,20,10,4,18,50,25,0,0,2,0,0,0,0,0,0,2,7,10,2,0,0,7,4,4,6,2,0,2,4,1,7,18,20,24,36,19,17,17,13,14,11,12,9,6,4,0,0,1,4,2,4,0,0,0,0,6,0,4,4,0,0,2,0,0,0,44,81,38,24,18,10,0,7,13,19,10,1,2,7,10,17,11,8,9,4,12,0,16,22,11,21,23,18,13,13,14,14,10,8,6,7,8,5,0,5,5,13,24,29,2,0,15,11,22,7,2,11,19,21,13,11,16,11,3,9,9,5,8,6,0,0,0,0,1,0,4,0,2,2,0,0,0,0,0,0,0,0,0,0,0,0,0,0,0,0,0,2,3,0,0,0,0,0,0,0,2,2,0,0,2,2,2,1,2,2,0,0,0,0,0,0,0,4,4,0,0,0,0,0
000197.bin,conv2,2,21x800x704,0,400,KittiDataset.__getitem__,True,kitti,15000,11827200,27435,0.002319653003246753,0.9976803469967532,0,0,0,0,0,0,0,0,0,0,0,0,0,0,0,0,0,0,0,0,0,0,0,0,0,0,0,0,0,0,0,0,0,0,0,0,0,0,0,0,0,0,0,0,0,0,0,0,0,0,0,0,0,0,0,2,4,7,8,10,10,12,18,18,24,27,34,41,51,67,83,100,107,99,111,157,160,154,168,116,123,144,100,107,169,147,128,160,114,96,109,117,147,156,93,96,139,182,144,105,168,218,146,115,107,122,229,185,91,93,92,97,181,178,141,150,143,129,130,122,139,123,212,233,143,143,121,111,184,138,101,114,161,118,93,99,105,89,65,141,110,93,122,114,105,167,175,122,120,115,124,136,213,194,153,126,146,138,182,214,125,102,100,98,102,90,123,161,163,122,83,65,53,45,65,63,48,101,117,85,82,77,112,110,112,112,115,149,120,116,115,49,43,60,46,37,64,81,69,83,102,74,70,49,30,38,33,29,32,24,30,66,64,53,39,16,18,15,21,17,16,18,18,30,38,40,70,89,89,78,68,37,26,22,27,19,22,55,446,424,69,84,83,86,96,94,64,40,55,75,94,93,107,108,59,71,56,51,55,65,54,65,59,49,40,32,31,38,49,39,30,40,33,38,36,71,50,54,45,44,47,45,54,58,66,49,53,52,45,20,19,31,37,37,37,30,27,31,35,32,40,30,32,37,34,32,27,40,34,33,37,35,21,25,19,93,174,56,37,16,16,25,12,15,15,23,19,20,14,14,20,18,18,16,9,17,13,10,14,13,13,32,41,22,21,14,22,20,20,23,29,30,27,32,23,21,42,34,33,46,44,23,27,16,20,23,47,47,38,25,25,21,15,16,3,16,23,19,12,17,19,10,47,48,22,12,19,18,10,12,14,14,14,6,7,3,19,21,31,5,10,4,3,6,14,19,31,29,13,25,15,18,21,22,26,20,19,31,23,8,12,36,38,27,17,26,32,71,79,67,43,13,12,25,20,19,30,29,58,83,57,48,75,57,49,78,34,8,16,24,18,13,17,12,1,0,6,13,9,9,3,4,8,2,1,4,6,0,2,0,0,0,0,0,0,0,0,0,0,0,0,0,0,0,2,1,0,0,0,0,0,0,3,6,2,1,0,22,24,19,30,22,14,19,14,2,7,7,2,9,4,9,9,19,14,8,15,14,10,8,2,13,36,17,8,0,3,0,4,5,1,3,2,0,0,0,0,0,0,0,1,3,5,4,3,3,2,4,8,18,47,74,62,34,12,12,18,15,2,0,0,0,0,0,0,0,4,0,4,2,2,0,0,0,16,18,8,14,14,6,7,20,12,10,6,4,2,8,16,14,18,25,10,2,1,0,0,0,0,4,6,12,55,58,52,0,2,4,2,8,8,8,11,4,8,8,8,0,0,1,4,0,2,6,4,2,6,4,0,1,4,2,2,1,0,2,0,0,1,0,16,10,3,3,5,5,6,0,0,1,4,0,2,4,1,0,0,0,0,0,0,0,0,0,0,0,1,0,0,0,0,15,8,2,3,4,2,2,0,0,0,0,0,0,2,4,2,0,0,0,0,0,0,0,0,0,0,0,2,3,2,2,2,0
000198.bin,conv2,2,21x800x704,0,400,KittiDataset.__getitem__,True,kitti,15000,11827200,24990,0.0021129261363636363,0.9978870738636364,0,0,0,0,0,0,0,0,0,0,0,0,0,0,0,0,0,0,0,0,0,0,0,0,0,0,0,0,0,0,0,0,0,0,0,0,0,0,0,0,0,0,0,0,0,0,0,0,0,6,5,4,0,0,0,0,0,0,0,0,0,0,0,0,0,0,0,0,0,0,0,0,4,6,8,9,13,15,19,24,27,29,23,29,31,38,42,56,54,62,84,124,130,123,123,135,196,157,121,129,168,130,102,94,90,126,112,89,95,83,89,101,113,158,173,190,192,190,180,172,179,179,189,188,172,164,161,176,190,183,188,300,479,436,188,165,180,193,172,182,188,154,141,148,146,121,140,129,106,116,107,104,120,120,115,100,97,125,132,131,120,97,105,102,89,66,97,107,99,88,66,99,98,131,194,388,248,155,108,136,173,101,116,115,96,107,147,599,652,272,220,134,88,55,59,68,61,55,63,55,49,74,79,66,66,61,43,30,28,24,23,14,13,15,21,39,19,46,45,51,73,52,41,29,13,13,23,18,24,26,34,29,17,22,25,23,23,35,24,43,32,33,30,38,20,20,30,28,44,53,41,19,19,23,56,103,64,40,43,59,37,9,8,16,10,10,10,9,9,11,8,10,17,12,17,18,32,40,27,22,17,24,24,10,6,6,14,12,9,16,14,11,3,10,23,23,10,19,9,13,6,5,4,9,6,6,15,14,10,14,16,8,6,6,7,9,3,7,32,73,64,32,38,26,25,29,34,47,47,37,50,45,36,32,28,50,34,28,23,57,66,6,1,2,3,0,2,3,1,3,7,1,1,0,2,2,1,1,2,12,58,27,17,12,13,7,12,17,8,34,34,2,17,13,8,12,2,10,8,7,12,15,10,10,9,23,23,29,57,76,37,27,28,49,36,40,41,28,53,57,60,51,74,109,92,67,45,56,52,40,110,122,119,103,63,54,36,46,62,36,33,34,25,45,31,7,2,10,0,5,1,0,0,0,0,0,0,0,0,0,0,0,0,0,0,0,0,0,5,45,623,547,76,32,7,0,0,0,0,0,2,6,4,0,0,0,0,0,0,3,3,0,0,0,0,0,0,0,0,0,0,0,0,0,0,2,0,0,0,0,0,0,0,0,0,0,0,0,0,0,20,14,0,0,0,0,0,0,0,0,0,0,0,0,0,0,0,0,0,0,0,0,0,0,0,0,0,0,0,0,0,0,0,0,0,0,0,0,0,0,0,0,0,0,0,0,0,0,0,0,0,0,0,0,0,0,0,0,0,0,0,0,0,0,0,0,0,0,0,0,0,0,0,0,0,0,0,0,0,0,0,0,0,0,0,0,0,0,0,0,0,0,0,0,0,0,0,0,0,0,0,0,0,0,0,0,0,0,0,0,0,0,0,0,0,0,0,0,0,0,0,0,0,0,0,0,0,0,0,0,0,0,0,0,0,0,0,0,0,0,0,0,0,0,0,0,0,0,0,0,0,0,0,0,0,0,0,0,0,0,0,0,0,0,0,0,0,0,0,0,0,0,0,0,0,0,0,0,0,0,0,0,0,0,0,0,0,0,0,0,0,0,0,0,0,0,0,0,0,0,0,0,0,0
000199.bin,conv2,2,21x800x704,0,400,KittiDataset.__getitem__,True,kitti,15000,11827200,19123,0.0016168662067099567,0.99838313379329,0,0,0,0,0,0,0,0,0,0,0,0,0,0,0,0,0,0,0,0,0,0,0,0,0,0,0,0,0,0,0,0,0,0,0,0,0,0,0,0,0,0,0,0,0,0,0,0,0,0,0,0,0,0,0,27,44,32,5,0,0,0,0,0,0,10,26,30,24,22,11,10,14,28,41,38,44,66,67,63,58,53,56,54,58,55,65,76,86,62,51,64,71,51,54,61,60,60,69,76,60,77,123,152,179,174,150,161,170,188,185,165,154,192,193,220,315,418,479,507,481,375,285,300,297,319,309,316,267,235,224,243,286,325,314,322,277,266,265,241,239,246,236,207,206,237,259,252,232,188,141,170,252,263,238,203,228,222,161,95,63,50,38,57,103,124,118,74,33,31,43,55,13,8,21,67,101,72,132,283,257,72,129,214,102,47,34,24,10,6,8,2,12,3,0,0,0,2,2,0,2,4,9,8,7,8,28,28,21,17,9,1,6,6,1,5,4,2,2,2,0,7,4,7,7,4,4,0,0,0,0,0,2,2,2,0,0,0,0,0,0,0,0,0,0,0,0,0,0,0,0,0,2,3,4,4,2,2,4,6,2,6,6,4,0,0,0,0,0,0,0,0,0,0,0,0,0,0,0,0,2,2,0,0,0,0,4,10,16,12,2,0,0,0,0,0,0,0,0,0,0,0,0,0,0,0,0,2,2,0,0,0,0,0,0,0,4,9,4,4,0,0,0,0,0,0,0,0,0,0,0,0,0,0,0,0,0,0,0,0,0,0,0,0,0,0,0,0,0,0,0,0,0,0,0,0,0,0,0,0,0,0,0,0,0,0,0,0,0,0,0,0,0,0,0,0,0,0,0,0,0,0,0,0,0,0,0,0,0,0,0,2,2,0,0,0,0,0,0,0,9,15,7,0,0,0,0,0,0,0,0,0,0,0,0,0,0,0,0,0,0,0,0,0,0,0,0,0,0,0,0,0,0,0,0,0,0,0,0,0,0,0,0,0,0,0,0,0,0,0,0,0,0,0,0,0,0,0,0,0,2,4,2,0,0,0,0,0,0,0,0,0,0,0,0,0,0,0,0,0,0,0,0,0,0,0,0,0,0,0,0,0,0,4,0,0,0,0,0,0,0,0,0,0,0,0,0,0,0,0,2,1,2,2,0,0,0,0,0,0,0,0,0,0,0,0,0,0,0,0,0,0,0,0,0,0,0,0,0,0,0,0,0,0,0,0,0,0,0,0,0,0,0,0,0,0,0,0,0,0,0,0,2,0,0,0,0,0,0,0,0,0,0,0,0,0,0,0,0,0,0,0,0,0,0,0,0,0,0,0,0,0,0,0,0,0,0,0,4,0,0,0,0,0,0,0,0,0,0,0,0,0,0,0,0,0,0,0,0,0,0,0,0,0,0,0,0,0,0,0,0,0,0,0,0,0,0,0,0,0,0,0,0,0,0,0,0,0,0,0,0,0,0,0,0,0,0,0,0,0,0,0,0,0,0,0,0,0,0,0,0,0,0,0,0,0,0,0,0,0,0,0,0,0,0,0,0,0,0,0,0,0,0,0,0,0,0,0,0,0,0,0,0,0
MEAN_200_frames,conv2,2,21x800x704,0,400,KittiDataset.__getitem__,True,kitti,15000,11827200,25296.9350,0.002138877756358225,0.9978611222436418,0.0000,0.0000,0.0000,0.0000,0.0000,0.0000,0.0000,0.0000,0.0000,0.0000,0.0000,0.0000,0.0000,0.0000,0.0000,0.0000,0.0000,0.0000,0.0400,0.0400,0.0600,0.1050,0.1100,0.1750,0.1900,0.3300,0.3800,0.3850,0.5450,0.7700,1.0550,1.4150,1.6250,1.9600,2.2300,2.5700,2.6200,3.0350,3.3200,3.7550,4.2350,4.7200,4.9100,4.8650,5.1750,5.8900,6.4650,6.6300,7.3900,8.6250,9.6700,10.5650,11.3900,12.7650,14.1000,17.0900,19.8750,21.0200,21.7600,24.1150,27.8700,36.5000,50.5350,61.7150,68.1000,78.0750,83.2650,85.8000,87.9600,89.3000,94.8650,94.7300,93.3150,100.1100,109.2650,111.6400,112.2800,114.3900,111.8350,114.5400,117.8300,113.1100,113.8000,120.2000,114.7600,109.3900,110.6450,102.8750,102.9950,105.7600,108.9650,116.6150,117.8650,113.1900,112.3250,119.2300,120.2500,116.4450,117.3150,120.2900,113.6500,107.3600,111.3150,115.0250,117.1850,116.7900,112.3200,110.2850,113.9950,117.2300,118.1450,113.2100,107.2700,109.6400,111.2350,111.7450,119.6950,127.4450,138.1950,140.6750,141.4400,134.3800,130.9100,133.5650,135.0350,137.0200,138.4700,135.6400,135.4250,133.6250,128.0600,124.8550,129.8350,131.3300,128.6100,128.2850,129.7150,123.1950,119.3300,117.7250,118.1700,120.7800,121.2850,118.8050,116.6800,119.7350,120.6400,117.2000,113.9900,108.6600,105.4800,108.6350,113.7500,111.7850,108.6800,105.1100,105.5800,103.8150,100.4450,98.3800,96.8450,94.0850,95.5800,95.8250,95.4150,89.8800,88.2750,88.1700,87.5700,85.2000,82.6400,82.7700,83.1100,81.1500,78.7300,82.1900,83.5100,83.2850,87.8850,94.1100,90.7100,81.2250,85.2500,91.2100,83.3900,78.3000,76.5000,80.7250,77.5900,74.4800,74.2750,71.9850,72.7750,74.2250,74.1100,74.5400,75.6200,73.1700,69.1850,69.3500,71.2200,69.1650,67.7600,66.9150,66.8900,68.3900,73.7250,77.5600,70.8900,69.0300,66.2000,63.5500,62.7200,60.5700,61.4150,58.1550,58.3100,58.8200,56.3150,59.0900,60.6700,59.3100,58.6450,58.7100,56.9550,57.9150,59.1550,59.3900,57.8900,57.6200,58.6850,56.7000,56.6950,55.3700,55.4700,55.4350,55.5950,55.6150,55.1900,55.1850,53.6700,51.7600,50.6350,53.6200,55.6000,52.7150,51.6300,50.6950,49.1850,49.3500,50.6950,48.8050,48.5700,49.4100,50.0400,49.5450,47.7250,46.2700,47.3350,46.9850,45.9800,47.0500,46.7000,46.0650,42.8350,41.3650,41.1800,42.4800,47.0350,44.2300,41.7600,42.8350,42.9950,41.5300,40.6000,41.1800,41.9900,42.2900,42.1650,42.0950,40.6050,40.3400,39.1200,42.3500,43.4850,40.2850,40.8300,41.5950,41.9100,42.0800,42.3600,41.9500,44.0300,44.6750,40.5050,39.6550,39.4150,39.6750,39.4900,39.7600,37.2400,36.9150,37.2350,37.8450,36.4000,36.9000,37.0550,36.7950,36.7600,36.2400,36.3950,35.7750,37.8700,37.3300,35.3900,34.4650,34.6800,34.7150,34.6300,35.2900,36.1800,36.5300,37.2500,34.6800,35.0300,35.5800,35.8550,35.1250,33.9100,32.9350,34.2100,33.7950,32.5600,36.9900,33.1850,33.3750,32.9900,32.1800,29.7200,27.3600,27.0400,27.4700,27.2950,26.1650,25.8450,26.6900,25.5950,26.2750,25.4800,25.7100,26.6650,24.0400,24.9950,24.5300,24.0650,25.6800,25.4400,24.5700,24.7850,26.4250,26.1100,26.1100,24.5950,24.2400,25.2250,27.2850,29.1550,27.8150,29.2000,29.0200,28.4950,28.6600,27.2700,24.9550,23.8850,23.9350,24.0400,25.2200,24.2100,22.4450,22.9750,23.3650,22.8200,22.9300,22.1000,20.4100,20.5400,20.6700,21.1050,20.8500,20.9900,21.4700,20.6850,21.0450,20.8600,20.1300,20.3150,20.7850,21.0050,20.1150,19.4500,20.0350,20.7500,19.7700,18.5050,18.8050,18.5800,19.3100,20.4500,18.9950,19.7000,20.6050,20.3000,20.0900,19.8550,19.4400,18.7850,19.0900,19.3600,18.2250,17.8600,16.8400,16.5150,16.4300,16.1550,15.7650,15.7750,15.7750,17.1900,17.0350,16.8800,16.0050,15.8400,16.3150,15.6350,15.1150,15.6000,15.6400,14.9800,14.4950,15.1450,15.8800,15.3650,15.8000,15.8100,15.0350,13.6500,13.1750,14.8150,15.6300,18.7550,17.4350,15.1850,14.7050,13.6800,12.9300,13.0250,14.7150,15.4450,15.0150,13.3150,12.4550,12.6400,13.7850,14.4650,15.6100,14.5550,12.9950,13.7200,13.8500,12.8050,13.5550,13.7600,13.2050,13.2050,14.3650,13.7150,13.1850,11.9700,11.5700,12.3500,11.7650,12.1100,11.3800,11.8950,12.0500,11.5350,11.0900,10.7750,10.9850,10.9250,10.6100,11.8300,12.2500,11.5100,11.3200,11.2150,11.5100,10.6800,10.9150,11.2150,11.0950,10.3750,9.1500,9.4750,9.0750,9.2500,10.4000,9.9700,9.4850,8.9600,8.8050,8.4000,8.5700,10.0150,10.5200,9.4000,8.8800,8.9450,8.7700,7.6650,7.5600,8.1900,8.5550,8.8450,7.7550,8.3250,8.0550,7.9150,8.1600,8.0850,8.3400,8.2050,7.0300,7.7950,8.4150,7.5850,7.5500,6.9250,7.0300,7.0350,6.5700,7.0500,6.9250,7.6350,7.4900,7.5750,6.6400,7.1350,8.4350,7.7850,6.2250,6.9850,7.1600,7.2450,6.2250,6.1150,6.7050,7.1250,7.5800,7.1050,6.7050,7.1550,7.3350,6.9950,6.6100,5.3800,5.0750,5.4650,6.1900,5.9950,5.2650,5.1150,5.4150,5.7600,5.6550,5.5500,5.8500,5.5550,5.0550,5.0450,5.3700,5.5800,5.2150,5.1600,4.9650,4.8850,4.6400,4.9600,5.2850,5.3100,5.5500,5.2450,5.3250,5.4500,4.8500,4.5250,4.6850,4.4200,4.7150,4.6450,4.8700,4.9400,4.6900,4.6600,4.5750,4.4550,4.4600,3.8950,3.7500,4.2500,4.4050,4.4500,4.3150,3.8300,3.4600,3.7750,3.8550,3.9250,3.9100,3.9950,3.6750,3.8950,4.6800,4.7900,4.5050,4.4900,4.2550,3.9650,4.0650,4.3850,4.4000,4.2850,3.7450,3.9200,4.2900,4.2750,3.9450,3.0350,3.4050,3.5500,3.1750,2.9300,3.5250,3.2950,2.8250,2.8050,2.7100,2.5700,2.6050,2.5600,2.7700,2.7150,2.5750,2.3850,2.3250,2.6050,2.6400,2.4700,2.1800,2.2400,2.5650,2.6900,2.8450,2.4150,2.4400,2.0800,2.0600,2.3650,2.2550,2.0250,2.2050,2.3800,1.9950,2.0550,2.0900,2.2250,2.1450,1.8850,1.8600,2.7000,3.1350,3.2050,3.0600,2.1500,2.4250,2.3000,2.0950,1.9900,2.3550,2.3200,2.1800,2.1950,2.1150,2.2700,1.9850,2.0800,2.3250,2.3100,2.1800,2.2400,2.2250,2.1100,2.4950
