file,stage,stride,spatial_shape_zyx,lidar_center_x,lidar_center_y,data_loader,fov_points_only,data_mode,max_voxels,total_voxels,non_empty_voxels,voxel_occupancy,voxel_sparsity,dist_0,dist_1,dist_2,dist_3,dist_4,dist_5,dist_6,dist_7,dist_8,dist_9,dist_10,dist_11,dist_12,dist_13,dist_14,dist_15,dist_16,dist_17,dist_18,dist_19,dist_20,dist_21,dist_22,dist_23,dist_24,dist_25,dist_26,dist_27,dist_28,dist_29,dist_30,dist_31,dist_32,dist_33,dist_34,dist_35,dist_36,dist_37,dist_38,dist_39,dist_40,dist_41,dist_42,dist_43,dist_44,dist_45,dist_46,dist_47,dist_48,dist_49,dist_50,dist_51,dist_52,dist_53,dist_54,dist_55,dist_56,dist_57,dist_58,dist_59,dist_60,dist_61,dist_62,dist_63,dist_64,dist_65,dist_66,dist_67,dist_68,dist_69,dist_70,dist_71,dist_72,dist_73,dist_74,dist_75,dist_76,dist_77,dist_78,dist_79,dist_80,dist_81,dist_82,dist_83,dist_84,dist_85,dist_86,dist_87,dist_88,dist_89,dist_90,dist_91,dist_92,dist_93,dist_94,dist_95,dist_96,dist_97,dist_98,dist_99,dist_100,dist_101,dist_102,dist_103,dist_104,dist_105,dist_106,dist_107,dist_108,dist_109,dist_110,dist_111,dist_112,dist_113,dist_114,dist_115,dist_116,dist_117,dist_118,dist_119,dist_120,dist_121,dist_122,dist_123,dist_124,dist_125,dist_126,dist_127,dist_128,dist_129,dist_130,dist_131,dist_132,dist_133,dist_134,dist_135,dist_136,dist_137,dist_138,dist_139,dist_140,dist_141,dist_142,dist_143,dist_144,dist_145,dist_146,dist_147,dist_148,dist_149,dist_150,dist_151,dist_152,dist_153,dist_154,dist_155,dist_156,dist_157,dist_158,dist_159,dist_160,dist_161,dist_162,dist_163,dist_164,dist_165,dist_166,dist_167,dist_168,dist_169,dist_170,dist_171,dist_172,dist_173,dist_174,dist_175,dist_176,dist_177,dist_178,dist_179,dist_180,dist_181,dist_182,dist_183,dist_184,dist_185,dist_186,dist_187,dist_188,dist_189,dist_190,dist_191,dist_192,dist_193,dist_194,dist_195,dist_196,dist_197,dist_198,dist_199,dist_200,dist_201,dist_202,dist_203,dist_204,dist_205,dist_206,dist_207,dist_208,dist_209,dist_210,dist_211,dist_212,dist_213,dist_214,dist_215,dist_216,dist_217,dist_218,dist_219,dist_220,dist_221,dist_222,dist_223,dist_224,dist_225,dist_226,dist_227,dist_228,dist_229,dist_230,dist_231,dist_232,dist_233,dist_234,dist_235,dist_236,dist_237,dist_238,dist_239,dist_240,dist_241,dist_242,dist_243,dist_244,dist_245,dist_246,dist_247,dist_248,dist_249,dist_250,dist_251,dist_252,dist_253,dist_254,dist_255,dist_256,dist_257,dist_258,dist_259,dist_260,dist_261,dist_262,dist_263,dist_264,dist_265,dist_266,dist_267,dist_268,dist_269,dist_270,dist_271,dist_272,dist_273,dist_274,dist_275,dist_276,dist_277,dist_278,dist_279,dist_280,dist_281,dist_282,dist_283,dist_284,dist_285,dist_286,dist_287,dist_288,dist_289,dist_290,dist_291,dist_292,dist_293,dist_294,dist_295,dist_296,dist_297,dist_298,dist_299,dist_300,dist_301,dist_302,dist_303,dist_304,dist_305,dist_306,dist_307,dist_308,dist_309,dist_310,dist_311,dist_312,dist_313,dist_314,dist_315,dist_316,dist_317,dist_318,dist_319,dist_320,dist_321,dist_322,dist_323,dist_324,dist_325,dist_326,dist_327,dist_328,dist_329,dist_330,dist_331,dist_332,dist_333,dist_334,dist_335,dist_336,dist_337,dist_338,dist_339,dist_340,dist_341,dist_342,dist_343,dist_344,dist_345,dist_346,dist_347,dist_348,dist_349,dist_350,dist_351
000000.bin,conv3,4,11x400x352,0,200,DatasetTemplate.prepare_data(raw_points),False,raw,15000,1548800,11089,0.007159736570247934,0.9928402634297521,0,0,0,0,0,0,0,0,0,0,0,0,0,0,0,0,0,0,0,6,14,16,16,8,18,23,17,14,15,16,14,14,12,30,59,141,135,99,59,54,57,62,74,53,47,45,36,40,25,32,38,51,47,39,27,28,67,85,158,183,187,204,196,193,201,228,207,219,237,230,273,291,304,346,323,275,267,275,267,227,189,151,156,132,128,93,93,72,61,149,169,192,191,104,55,48,57,30,33,30,14,27,34,53,49,58,51,51,71,111,139,160,157,131,84,63,62,75,46,56,53,38,30,18,13,11,11,27,26,16,22,24,18,4,6,8,4,4,8,4,0,0,0,12,12,0,0,6,12,10,10,10,6,4,4,0,0,0,4,4,4,0,0,0,2,2,1,0,0,2,2,0,0,4,4,0,0,0,0,0,0,0,0,0,0,0,0,0,0,0,0,0,0,0,0,4,4,0,0,0,12,12,1,0,0,0,0,0,0,0,0,0,0,0,0,0,0,0,0,0,0,0,0,0,0,0,0,0,0,0,8,8,0,0,0,0,0,0,0,0,0,0,0,0,0,0,4,4,0,0,0,0,0,0,0,3,4,2,0,0,0,0,0,0,0,0,0,0,0,0,0,0,0,0,0,0,0,0,0,0,0,0,0,0,0,0,0,0,0,0,0,0,0,0,0,0,0,4,6,4,0,0,0,0,0,0,0,0,0,0,0,0,0,0,0,0,0,0,0,0,0,0,0,0,0,0,0,0,0,0,0,0,0,0,0,0,0,0,0,0,0,0,0,0,0,0,0,0,0,0,0,0
000001.bin,conv3,4,11x400x352,0,200,DatasetTemplate.prepare_data(raw_points),False,raw,15000,1548800,26002,0.01678848140495868,0.9832115185950413,0,0,0,0,0,0,0,0,0,0,0,0,0,0,0,0,0,0,0,0,0,0,0,0,0,0,0,0,0,0,0,0,0,0,0,0,0,0,0,0,0,0,8,76,127,155,176,187,185,190,184,153,126,102,103,123,127,136,133,127,94,79,87,80,89,86,92,89,78,59,62,65,73,75,83,77,83,91,73,57,51,55,50,50,61,69,63,58,59,68,54,49,54,71,84,76,83,91,75,76,53,47,48,50,63,59,66,67,75,73,65,62,89,104,87,73,82,76,64,68,110,146,154,126,160,213,247,271,302,302,339,337,379,454,479,483,541,495,489,509,472,422,400,424,386,362,358,327,307,249,268,272,271,217,163,153,209,232,209,159,137,133,127,125,101,174,179,117,111,94,83,78,96,97,63,78,83,92,109,89,89,65,86,94,70,65,76,62,62,55,82,101,74,64,51,45,42,52,51,35,53,51,70,92,78,45,44,29,35,29,40,46,38,22,32,29,31,31,16,39,64,50,59,54,51,75,61,68,75,78,62,55,53,34,27,36,50,52,66,61,30,31,17,29,27,17,16,19,25,36,30,20,31,43,36,21,22,14,15,31,23,9,12,8,10,29,31,34,32,36,16,22,26,34,19,19,31,36,41,40,47,28,15,10,8,15,18,8,4,14,9,4,6,0,8,8,0,6,13,16,4,4,10,8,0,10,6,0,6,4,0,2,2,0,0,0,0,35,72,44,2,0,0,0,0,0,0,4,0,0,4,4,0,0,0,4,0,0,0,0,0,0,0,0,0,0,0,0,0,0,0,0
000002.bin,conv3,4,11x400x352,0,200,DatasetTemplate.prepare_data(raw_points),False,raw,15000,1548800,10552,0.00681301652892562,0.9931869834710744,0,0,0,0,0,0,0,0,0,0,0,0,0,0,0,0,0,0,12,80,88,71,107,113,115,62,43,27,29,29,27,29,26,27,38,38,32,20,39,44,33,29,30,36,33,23,24,24,28,29,19,21,26,37,41,26,24,21,8,9,19,21,23,23,23,25,25,27,25,22,26,31,42,44,35,27,19,32,34,52,68,74,71,40,36,47,46,30,30,59,62,48,49,53,67,69,54,43,42,49,63,62,47,42,43,42,58,60,36,27,33,21,30,38,53,86,103,96,73,73,74,72,71,86,87,76,58,59,48,35,40,29,32,31,31,48,68,57,36,30,14,8,10,24,26,20,26,20,24,30,29,31,45,44,41,25,12,12,17,27,22,15,26,43,60,66,48,54,47,42,56,53,78,92,92,84,76,83,71,80,87,86,85,72,69,79,83,75,87,88,90,96,92,84,84,81,60,65,69,53,31,0,4,14,16,11,10,19,14,3,2,6,14,23,10,6,8,18,22,18,14,10,8,17,18,13,18,22,8,4,2,25,30,26,16,4,0,4,4,0,4,9,8,4,0,0,0,6,6,2,0,4,2,4,8,17,11,12,12,0,0,0,4,16,20,12,16,14,10,3,4,4,5,3,4,3,0,0,6,14,23,27,27,23,20,19,11,4,4,4,4,0,4,4,26,34,28,23,27,24,11,17,29,19,9,13,16,17,10,10,12,22,18,15,16,22,24,18,18,28,22,26,24,6,14,23,22,16,16,16,12,14,6,17,28,17,4,22,27,24,16,25,25,12,10,10,14,14,2,2,4,2
000003.bin,conv3,4,11x400x352,0,200,DatasetTemplate.prepare_data(raw_points),False,raw,15000,1548800,9917,0.006403021694214876,0.9935969783057851,0,0,0,0,0,0,0,0,0,0,0,0,0,8,8,9,10,1,3,6,14,20,22,38,47,57,63,60,132,146,117,91,98,76,87,86,79,62,64,82,78,79,91,100,80,69,108,156,165,152,131,109,111,117,113,110,110,143,123,87,123,116,96,71,61,65,77,76,69,77,79,61,59,50,63,51,44,49,53,52,42,53,56,37,34,32,30,32,33,31,36,38,45,41,27,31,32,34,34,34,33,31,29,29,35,35,41,41,42,35,34,32,37,37,34,36,38,41,41,41,44,44,40,43,40,41,35,35,34,43,53,32,29,45,37,28,29,32,33,32,34,40,44,50,44,36,33,57,57,57,46,30,25,22,17,21,18,8,6,4,6,4,4,4,4,12,10,8,7,7,7,7,5,9,10,12,14,10,6,4,4,4,2,2,2,1,1,0,4,2,4,4,4,4,0,0,0,0,0,0,0,0,0,0,0,0,0,0,9,9,8,6,8,6,4,0,4,15,45,46,41,26,19,11,12,10,6,8,11,24,48,49,25,19,61,66,8,11,9,11,11,9,12,4,8,6,2,9,16,17,12,6,4,8,8,0,0,0,0,0,2,6,6,3,3,2,2,10,8,0,8,10,5,14,9,4,12,11,23,18,0,0,0,0,4,4,0,0,0,0,0,0,4,4,18,25,11,0,0,0,6,6,14,20,31,39,30,19,8,13,8,0,2,13,14,2,0,0,0,4,0,21,49,58,33,17,19,13,10,14,15,14,16,16,17,20,20,17,12,19,15,15,15,9,9,13,5,8,11,10,19,16
000004.bin,conv3,4,11x400x352,0,200,DatasetTemplate.prepare_data(raw_points),False,raw,15000,1548800,27415,0.01770080061983471,0.9822991993801653,0,0,0,0,0,0,0,0,0,0,0,0,0,0,0,0,0,0,0,0,0,0,0,0,0,0,0,0,0,0,0,9,9,8,9,5,0,0,0,6,10,66,110,131,78,37,27,27,26,18,31,16,15,31,67,80,30,0,0,2,19,19,8,24,71,111,111,125,101,94,109,136,134,130,117,112,141,172,184,168,185,232,242,202,194,187,193,214,227,208,163,176,193,213,194,167,196,212,206,226,241,296,310,280,278,239,207,202,202,220,205,138,113,130,127,117,123,124,200,174,89,108,108,115,112,132,155,109,61,56,36,44,63,82,77,65,57,82,124,213,247,216,275,302,338,328,321,283,262,222,179,186,177,145,132,176,186,131,105,113,148,174,135,109,96,105,135,181,255,272,162,96,112,105,124,132,122,131,126,114,120,131,147,153,148,151,146,124,138,152,159,106,103,126,78,83,99,107,131,151,116,81,57,55,47,70,84,59,69,69,72,79,78,122,142,137,120,116,93,93,75,59,36,53,67,85,81,94,111,87,88,103,133,112,65,52,43,52,51,49,51,51,28,26,29,36,50,43,67,98,107,77,41,22,22,19,24,46,29,12,24,29,18,21,24,22,12,12,9,1,4,0,17,25,32,17,12,15,15,21,19,13,9,7,10,16,11,8,11,8,13,13,23,21,27,26,10,13,11,12,15,13,11,7,0,6,9,8,7,6,0,4,0,0,4,0,0,4,0,0,0,0,8,8,0,12,8,0,0,0,0,4,4,0,4,0,0,0,0,0,4,9,7,8,4,0,0,0,0,4,4,0
000005.bin,conv3,4,11x400x352,0,200,DatasetTemplate.prepare_data(raw_points),False,raw,15000,1548800,21505,0.013884943181818182,0.9861150568181818,0,0,0,0,0,0,0,0,0,0,0,0,0,0,0,0,0,0,0,0,0,0,0,0,0,0,0,0,0,0,0,0,0,0,0,0,0,0,0,0,0,0,0,0,0,0,0,0,0,0,0,0,0,0,0,0,0,0,0,0,9,19,22,27,66,121,196,300,352,333,296,251,227,253,331,351,335,357,386,366,354,323,299,249,249,191,167,184,178,153,152,193,194,199,187,174,165,180,204,198,179,171,161,140,113,100,75,62,73,74,73,75,89,81,95,118,129,132,109,79,63,61,57,55,40,37,25,17,30,37,43,48,46,50,52,46,40,52,69,85,52,46,53,52,71,80,97,67,51,46,58,67,51,33,31,42,56,71,78,107,158,142,116,140,122,102,136,154,133,104,123,146,130,135,124,108,92,92,107,107,106,99,77,97,86,60,83,99,94,56,44,43,50,56,63,59,57,55,43,30,27,49,47,40,26,25,37,42,33,37,52,55,56,45,26,40,34,30,28,20,33,21,24,36,30,20,36,33,41,89,131,151,140,137,133,143,101,68,44,50,60,44,52,62,71,45,43,42,51,56,36,45,27,37,38,52,31,21,35,33,44,47,50,81,85,73,65,60,50,51,41,52,56,40,41,30,22,5,7,17,20,18,21,22,22,18,15,10,0,0,0,6,9,4,0,6,18,22,33,40,23,9,2,14,22,12,12,18,16,2,0,20,16,0,8,12,6,4,0,0,0,4,8,4,4,2,0,2,6,4,2,2,2,4,6,6,8,6,6,0,0,0,4,4,4,4,0,0,0,4,8,4
000006.bin,conv3,4,11x400x352,0,200,DatasetTemplate.prepare_data(raw_points),False,raw,15000,1548800,21309,0.013758393595041322,0.9862416064049587,0,0,0,0,0,0,0,0,0,0,0,0,0,0,0,0,0,0,0,0,0,0,0,0,0,0,0,0,0,0,0,62,70,47,57,55,50,51,51,38,38,38,41,32,46,37,43,27,28,20,12,18,17,15,17,21,18,24,25,27,29,25,25,30,26,41,55,46,43,50,53,58,81,104,106,72,67,70,53,60,89,85,78,96,164,175,137,125,124,149,160,163,175,187,203,205,197,177,201,226,245,239,207,146,120,128,133,173,197,186,170,128,147,176,159,157,139,101,92,94,109,121,108,117,156,164,193,165,119,114,115,130,120,114,148,197,210,176,118,123,141,151,191,189,219,209,181,165,215,204,128,128,133,141,124,84,78,87,105,134,142,145,156,195,215,138,90,106,112,99,109,111,102,99,74,50,55,65,67,92,160,183,133,104,83,66,58,75,90,88,87,69,44,38,41,20,12,28,24,32,26,33,66,70,93,111,111,114,103,56,50,62,50,45,53,57,53,45,50,51,49,88,121,103,49,31,41,47,45,36,26,32,15,0,24,50,49,48,42,30,24,22,14,10,12,20,21,11,8,4,10,12,11,10,8,6,6,6,6,4,0,4,11,16,18,9,6,7,1,3,11,11,7,4,4,2,2,2,12,17,10,13,4,6,18,16,8,10,12,6,12,12,12,8,4,4,4,4,21,46,34,48,47,8,4,15,30,29,16,6,8,7,14,13,8,10,12,4,10,26,24,16,20,20,19,12,8,4,10,4,8,14,14,19,20,6,17,22,11,0,0,0,0,0,0,0,2,2,0,0,4,4
000007.bin,conv3,4,11x400x352,0,200,DatasetTemplate.prepare_data(raw_points),False,raw,15000,1548800,30264,0.019540289256198346,0.9804597107438017,0,0,0,0,0,0,0,0,0,0,0,0,0,0,0,0,0,0,0,0,0,0,6,9,19,20,24,18,9,4,0,0,0,0,0,0,0,0,0,0,0,0,0,0,19,21,23,12,0,0,0,0,0,0,0,0,0,0,0,0,0,0,0,6,6,9,17,43,47,42,41,39,48,74,115,169,258,309,358,423,448,458,452,424,364,255,197,157,125,99,66,44,29,37,61,51,31,30,42,58,89,104,111,153,201,205,257,232,231,224,170,212,259,245,280,260,231,210,192,200,225,250,268,298,302,250,219,171,142,135,121,97,110,139,173,179,185,183,141,139,128,105,111,95,108,221,415,710,912,703,274,119,143,135,136,200,245,235,249,227,186,98,83,108,89,79,104,179,201,310,399,354,224,169,135,103,117,99,106,132,122,106,92,83,91,101,108,89,61,75,73,88,88,57,55,52,47,39,62,194,216,117,50,33,40,25,40,67,51,55,53,55,101,89,77,67,80,156,246,279,203,154,127,96,78,48,48,50,53,53,77,85,63,70,86,94,76,68,46,48,51,47,65,71,70,62,47,31,49,36,38,38,42,47,65,52,37,45,59,48,34,28,23,28,33,29,22,22,22,12,34,35,26,36,45,32,28,34,24,37,29,18,13,7,21,22,14,45,42,38,46,43,39,25,19,42,32,20,21,18,11,31,44,44,24,8,8,9,11,7,18,25,15,16,30,32,29,22,22,18,10,11,14,27,28,16,10,4,2,6,10,4,4,4,4,10,16,8,8,8,12,8,4,18,10,4,16,12,4,8,10,34
000008.bin,conv3,4,11x400x352,0,200,DatasetTemplate.prepare_data(raw_points),False,raw,15000,1548800,13583,0.008770015495867768,0.9912299845041322,0,0,0,0,0,0,0,0,0,0,0,0,0,0,0,0,2,4,2,0,2,11,28,29,43,54,71,83,110,119,141,147,161,166,145,126,111,100,99,95,88,86,73,54,81,111,133,160,179,214,244,253,237,247,250,253,209,204,198,161,125,134,138,142,164,139,115,135,144,117,103,99,92,99,82,70,67,82,80,68,38,40,51,57,61,64,69,106,107,116,131,118,103,96,99,97,97,75,52,60,53,43,55,53,69,62,79,84,89,88,72,65,70,49,43,49,43,38,39,46,41,40,50,42,24,24,23,29,26,17,16,19,22,29,28,20,23,19,28,41,36,39,31,39,27,29,34,29,27,36,33,33,26,26,16,8,10,21,44,52,53,37,26,25,24,26,39,39,37,41,39,35,24,21,25,31,34,22,17,12,12,10,10,11,19,27,19,14,11,12,15,9,9,2,7,22,33,28,42,40,43,35,29,28,30,17,13,12,17,16,13,11,9,6,6,4,5,8,4,9,18,30,27,22,23,13,6,7,6,9,5,3,2,3,3,4,3,3,4,6,6,6,6,6,2,4,4,0,0,0,0,0,0,0,4,5,4,0,0,6,21,22,16,14,10,10,14,27,34,21,21,28,34,57,33,4,4,6,10,11,3,2,2,4,4,4,8,14,9,2,0,0,4,8,4,4,4,6,2,2,2,0,4,10,8,10,18,16,8,8,4,0,0,0,0,0,0,0,0,0,0,0,0,4,8,4,0,0,0,0,0,0,0,0,0,0,6,4,0,0,0,0,0,0,0,0,0,0,0,0,0,0
000009.bin,conv3,4,11x400x352,0,200,DatasetTemplate.prepare_data(raw_points),False,raw,15000,1548800,18974,0.01225077479338843,0.9877492252066116,0,0,0,0,0,0,0,0,0,0,0,0,0,0,0,0,0,0,0,0,0,0,0,0,0,0,0,0,0,0,0,0,0,0,0,0,0,0,0,0,0,0,0,0,0,0,0,0,0,0,0,0,0,0,0,0,0,0,0,0,0,0,130,239,232,107,53,48,55,54,51,53,62,78,100,111,135,155,189,173,160,313,394,380,378,294,170,138,108,75,71,56,46,41,49,57,59,69,54,59,79,226,263,195,74,111,106,55,53,51,37,54,79,106,107,97,85,82,75,91,74,72,76,72,83,82,103,116,99,101,113,107,103,106,91,89,89,116,114,140,153,138,84,83,87,84,82,77,84,64,90,132,153,83,58,62,46,62,76,73,48,55,56,51,52,71,75,109,139,139,111,80,64,58,54,55,88,113,115,113,106,119,107,77,70,65,63,88,125,148,91,47,51,66,75,84,85,79,92,80,56,54,70,89,95,107,118,84,73,99,128,114,108,103,69,66,74,51,35,27,17,14,20,24,41,38,39,52,49,31,32,35,30,29,33,20,27,25,37,40,44,40,47,34,49,44,44,50,56,26,32,35,29,24,19,21,13,14,10,11,11,9,32,32,22,32,26,15,15,17,25,18,8,6,14,26,28,11,5,11,17,14,18,10,16,18,23,14,13,24,39,42,40,47,41,36,29,36,38,24,33,50,44,24,9,13,10,16,11,13,15,19,19,7,20,31,41,38,27,28,30,20,23,13,19,17,19,16,21,17,10,23,19,21,25,22,24,33,27,12,10,11,6,22,32,20,22,21,9,14,14,14
000010.bin,conv3,4,11x400x352,0,200,DatasetTemplate.prepare_data(raw_points),False,raw,15000,1548800,23017,0.01486118285123967,0.9851388171487603,0,0,0,0,0,0,0,0,0,0,0,0,0,0,0,0,0,0,0,8,12,28,32,20,21,13,10,8,8,10,6,4,4,4,8,19,25,31,24,20,17,17,15,14,15,15,11,6,0,0,0,12,22,32,47,64,66,65,61,55,104,105,93,107,155,150,169,170,180,188,205,190,201,234,222,187,215,239,284,262,254,269,282,256,215,210,207,206,194,192,236,261,226,191,164,136,157,182,156,132,116,129,187,231,183,123,113,157,190,233,262,195,143,127,121,130,162,182,217,205,181,182,173,144,138,171,153,134,130,161,161,166,164,170,182,174,205,260,261,229,185,129,108,107,123,150,134,130,160,203,230,191,133,96,102,117,144,160,167,141,96,106,113,118,101,90,114,99,35,41,39,51,70,69,72,69,60,76,76,66,51,24,26,18,21,78,88,51,40,34,14,20,13,17,14,17,14,16,56,56,49,54,40,22,31,42,42,50,84,46,25,10,17,15,4,8,10,8,14,18,18,17,6,5,8,8,8,8,16,14,4,13,9,21,26,19,16,14,20,26,23,18,18,14,12,2,2,6,8,13,4,15,17,20,31,48,49,28,25,11,11,8,9,21,19,16,21,17,11,50,51,6,19,19,10,13,10,2,18,10,4,6,7,9,8,8,22,26,16,15,14,16,14,8,4,4,4,8,12,8,9,10,10,4,4,5,11,8,8,9,5,4,4,6,4,2,8,19,23,14,31,30,12,6,4,6,4,8,18,20,10,20,16,10,26,32,17,4,0,0,2,2,0,0,0,2,0,0,13,20,18,17
000011.bin,conv3,4,11x400x352,0,200,DatasetTemplate.prepare_data(raw_points),False,raw,15000,1548800,14858,0.00959323347107438,0.9904067665289256,0,0,0,0,0,0,0,0,0,0,2,2,2,2,0,0,0,0,0,0,0,0,0,0,0,0,0,0,9,56,72,79,74,38,17,12,18,14,8,12,14,35,35,34,148,162,187,130,60,34,39,63,65,54,37,56,65,55,58,48,50,56,82,118,123,79,58,46,48,35,31,52,57,77,69,54,44,29,42,56,69,84,101,97,83,57,43,49,66,62,61,65,44,51,65,73,120,135,127,122,129,139,144,162,186,181,135,195,223,223,186,127,107,90,101,192,217,139,87,90,81,71,70,73,106,135,115,110,105,106,135,126,154,141,110,119,131,128,128,102,89,106,96,85,68,54,54,70,85,93,94,81,64,56,69,68,95,84,79,65,57,51,50,63,59,52,78,71,65,48,45,60,64,60,51,41,25,19,20,27,20,22,29,37,44,56,50,34,21,18,19,15,10,12,12,4,5,16,19,17,9,14,9,3,3,3,5,9,16,25,28,26,30,34,48,41,25,9,14,13,6,6,6,6,6,6,6,6,8,10,8,4,2,2,0,0,0,0,0,0,0,0,0,2,3,6,96,108,106,97,87,66,53,43,29,26,30,49,35,13,7,10,15,23,24,11,29,29,16,24,14,10,10,14,10,14,10,0,14,12,0,0,0,0,0,0,0,0,0,0,0,0,0,8,12,6,10,10,7,0,0,4,10,7,0,0,0,0,0,0,0,0,0,0,8,12,10,8,8,10,12,8,10,8,11,13,4,0,2,12,11,10,8,4,8,10,14,18,14,6,0,0,0,6,8,4,8,10,8,4,5,5
000012.bin,conv3,4,11x400x352,0,200,DatasetTemplate.prepare_data(raw_points),False,raw,15000,1548800,31535,0.02036092458677686,0.9796390754132231,0,0,0,0,0,0,0,0,0,0,0,0,0,0,0,0,0,0,0,0,0,0,0,0,2,11,11,5,0,0,0,0,0,0,8,14,15,8,0,0,0,0,0,0,0,0,0,0,0,0,0,0,10,16,43,38,24,0,0,0,0,0,0,4,12,23,44,36,24,22,55,100,106,72,44,40,58,79,114,104,69,65,72,85,96,94,102,115,109,129,147,147,136,127,122,142,169,196,185,178,218,219,198,226,268,259,208,184,190,175,230,249,239,270,225,182,185,185,166,158,224,202,176,184,152,125,122,130,135,157,182,186,165,163,115,120,126,134,172,169,183,192,163,157,155,174,203,200,169,158,149,178,245,245,256,374,324,179,154,140,149,159,173,172,187,210,186,191,200,260,308,262,238,253,285,250,234,252,257,233,234,214,221,232,208,229,223,247,253,257,238,223,234,252,271,218,184,151,158,152,127,62,60,78,116,111,142,158,155,81,59,65,61,59,82,78,82,86,77,70,119,153,103,46,57,77,63,45,40,51,49,43,37,18,16,47,77,60,59,55,48,43,53,62,48,40,42,49,50,50,49,52,55,44,41,59,59,60,49,39,31,36,21,31,31,47,38,30,34,39,42,28,37,44,46,40,37,44,31,28,30,43,49,42,39,27,40,59,72,53,63,46,48,63,39,18,40,70,82,104,67,46,50,48,41,54,52,41,51,46,43,44,53,72,52,42,49,46,64,79,75,58,44,20,19,31,23,34,32,8,8,18,25,36,50,22,18,16,26,28,28,38,22,4,18,25,11,37,41,36,17,13
000013.bin,conv3,4,11x400x352,0,200,DatasetTemplate.prepare_data(raw_points),False,raw,15000,1548800,26269,0.016960872933884298,0.9830391270661157,0,0,0,0,0,0,0,0,0,0,0,0,0,0,0,0,0,0,0,0,0,0,0,1,9,9,0,0,0,0,0,0,0,4,6,9,12,22,35,56,86,107,126,138,146,148,163,197,209,243,302,343,364,355,326,315,330,354,395,413,400,358,317,295,276,302,312,353,341,339,302,337,374,374,342,348,341,275,285,274,267,274,256,261,263,258,245,249,232,157,155,150,143,140,129,122,150,144,126,116,90,99,77,102,105,116,101,76,69,83,106,97,89,85,78,89,84,85,75,78,57,72,63,48,46,29,45,61,82,89,86,52,79,94,80,78,51,46,40,54,55,58,43,42,70,103,91,63,58,88,105,106,93,84,93,69,34,23,31,98,126,136,133,90,58,44,45,54,47,52,52,53,58,66,44,28,47,59,35,30,26,37,46,63,79,98,83,84,74,54,61,62,52,69,64,39,63,58,65,51,31,42,45,30,43,38,28,38,42,42,45,36,19,15,24,20,25,21,27,43,53,61,44,29,24,29,37,32,49,37,24,47,66,54,48,68,55,45,37,47,60,66,50,44,31,21,24,40,42,33,22,22,19,33,31,32,16,6,4,0,8,12,12,18,37,41,36,30,51,76,60,29,27,24,14,30,29,22,29,35,34,26,28,18,13,9,9,18,12,12,8,14,29,17,9,12,10,7,8,17,13,20,22,14,10,6,18,27,16,29,34,12,12,8,2,8,16,25,18,16,16,12,4,2,4,2,0,0,4,10,12,14,8,12,16,4,8,20,16,16,22,34,18,17,23,18,12,6,10,4,0,0
000014.bin,conv3,4,11x400x352,0,200,DatasetTemplate.prepare_data(raw_points),False,raw,15000,1548800,27222,0.017576188016528927,0.9824238119834711,0,0,0,0,0,0,0,0,0,0,0,0,0,0,0,0,0,0,0,0,0,0,0,0,0,0,0,0,0,0,0,0,4,8,14,13,14,10,10,10,20,23,14,16,21,31,54,85,105,132,172,181,213,252,267,295,314,310,308,322,291,255,236,249,276,278,262,301,332,322,341,359,343,312,279,262,247,247,257,255,247,267,250,229,206,204,209,228,235,265,272,254,227,204,202,176,179,171,199,194,184,182,213,210,184,161,155,134,121,154,161,171,148,147,151,151,116,126,111,110,153,136,125,107,118,132,111,103,115,111,105,113,113,97,81,80,87,92,118,146,122,86,101,135,123,118,81,87,76,91,119,164,166,94,83,95,98,93,59,47,66,76,99,90,75,61,86,154,168,105,79,51,57,82,84,96,80,91,101,137,128,126,75,98,109,100,143,153,118,101,83,119,117,88,44,22,29,35,41,36,41,19,32,36,43,39,32,31,44,40,27,27,14,20,13,20,24,25,43,35,19,31,23,22,27,36,43,41,32,8,13,11,17,32,34,32,45,56,51,67,78,59,38,37,45,38,22,17,17,19,12,13,18,23,26,34,34,16,12,6,20,16,20,21,22,23,26,26,18,0,9,15,12,10,10,4,10,8,14,8,4,0,10,16,10,4,2,27,31,16,9,8,14,8,10,30,35,24,10,8,10,12,12,16,10,4,4,4,10,8,0,12,18,20,22,25,25,24,28,22,24,25,14,16,16,14,4,8,8,8,8,12,6,6,2,2,6,10,4,4,8,4,4,4,8,4,0,0,0,2,8,6
000015.bin,conv3,4,11x400x352,0,200,DatasetTemplate.prepare_data(raw_points),False,raw,15000,1548800,12636,0.00815857438016529,0.9918414256198347,0,0,0,0,0,0,0,0,0,0,0,0,0,0,0,0,0,0,0,0,10,17,11,14,17,25,40,49,44,80,112,110,96,96,76,62,61,40,58,68,94,84,101,138,133,103,87,82,110,148,156,133,124,104,97,87,77,92,107,98,101,125,132,135,108,108,97,104,141,184,197,221,210,165,121,122,111,115,97,73,94,122,116,104,78,55,44,53,89,98,97,111,114,117,109,79,68,63,69,82,101,89,66,55,40,48,57,83,87,68,62,67,75,117,104,58,64,85,67,53,31,37,109,113,58,41,44,35,49,58,81,61,27,17,5,14,28,34,44,45,32,32,29,65,60,24,6,4,0,4,14,29,31,22,8,30,54,34,16,12,22,25,15,10,14,21,18,20,21,24,27,22,23,48,38,24,9,2,22,26,4,24,48,47,33,23,21,21,21,16,12,10,27,41,24,6,0,15,16,14,10,4,8,36,44,49,34,31,21,14,4,9,24,30,21,22,16,6,4,12,20,37,56,39,8,5,2,0,0,11,11,0,10,10,16,21,8,0,0,0,0,1,3,4,5,4,0,22,30,10,7,4,9,9,17,18,4,0,0,0,0,0,0,0,0,0,0,0,0,0,0,0,0,0,0,0,0,0,0,0,0,0,0,0,0,0,0,0,0,0,0,0,0,12,16,5,9,12,10,0,6,6,2,0,0,0,0,0,0,0,4,10,8,0,0,0,2,2,6,6,4,45,47,14,6,8,22,22,12,11,14,7,8,9,8,16,8,10,8,0,0,0,0,0,0,0,0,4,16,14,0,0
000016.bin,conv3,4,11x400x352,0,200,DatasetTemplate.prepare_data(raw_points),False,raw,15000,1548800,24797,0.016010459710743802,0.9839895402892562,0,0,0,0,0,0,0,0,0,0,0,0,0,0,0,0,0,0,0,0,0,0,0,10,16,14,10,6,6,8,10,12,5,12,20,23,35,29,25,32,30,28,29,15,10,0,0,0,2,8,16,28,31,39,58,61,59,67,69,70,78,83,97,116,132,128,116,128,128,124,118,132,155,182,193,191,188,171,162,161,138,112,91,86,91,92,134,146,101,111,109,132,189,203,158,144,138,140,139,126,133,151,143,152,155,154,126,108,106,113,131,132,174,196,185,164,142,158,162,168,158,122,107,142,172,148,119,120,112,107,119,132,176,165,156,185,173,164,135,119,131,115,134,114,107,105,112,117,132,150,148,161,181,162,152,181,187,228,206,191,199,186,191,192,192,183,184,230,217,219,200,199,192,134,102,103,92,96,100,111,124,131,114,88,88,117,128,114,104,93,96,103,105,114,162,216,224,200,155,183,100,66,68,71,68,74,87,76,70,57,46,52,73,81,77,66,56,59,59,35,37,46,43,36,41,42,34,37,40,49,44,52,47,49,49,48,52,56,53,45,56,62,38,36,19,11,14,23,14,14,18,21,20,25,21,26,18,16,20,12,11,13,15,15,11,18,22,26,22,26,14,14,12,4,0,8,16,12,6,6,4,8,4,2,6,7,8,6,30,30,9,14,7,9,14,8,12,8,14,6,4,8,19,21,12,28,30,18,17,20,26,20,8,4,6,6,4,4,8,6,10,8,4,4,0,16,20,8,14,8,4,8,6,10,10,0,4,8,23,20,4,8,8,4,4,10,10,10,25,15,2,6
000017.bin,conv3,4,11x400x352,0,200,DatasetTemplate.prepare_data(raw_points),False,raw,15000,1548800,29431,0.019002453512396694,0.9809975464876033,0,0,0,0,0,0,0,0,0,0,0,0,0,0,0,0,0,0,0,0,0,0,0,0,0,0,0,0,0,0,0,0,0,0,8,8,11,7,8,6,4,0,0,0,10,15,21,19,8,0,0,0,2,12,31,38,29,13,0,0,0,4,8,16,30,46,52,66,66,68,54,68,75,100,122,141,162,154,148,131,139,127,127,140,128,136,142,155,170,177,167,157,175,194,220,223,219,187,187,211,232,194,187,196,190,195,217,192,155,138,160,177,201,188,213,244,202,199,184,188,187,240,318,305,217,190,169,122,109,98,110,153,185,214,291,238,142,127,108,100,83,88,93,107,133,136,158,141,98,87,130,169,153,159,152,179,195,174,160,213,234,238,243,225,217,174,170,174,157,153,154,157,161,170,183,188,183,190,208,243,284,287,271,237,225,256,249,254,241,189,178,214,255,221,198,201,213,182,178,168,117,74,86,45,47,39,43,50,53,55,62,82,76,68,76,80,83,64,44,57,74,85,89,71,64,67,76,70,81,107,86,64,95,102,75,50,36,29,31,21,22,20,37,32,30,18,14,16,46,45,32,28,31,34,22,23,28,37,34,49,57,53,49,41,48,39,39,42,30,24,20,22,28,28,24,25,23,25,30,36,25,24,30,31,34,35,22,26,19,10,11,13,14,26,28,31,22,14,20,24,38,34,27,23,18,24,14,44,58,30,28,38,58,68,55,27,34,34,42,40,16,18,16,14,11,20,29,22,32,33,37,54,59,24,12,12,4,2,6,0,4,4,0,16,32,26,8,8,8,4,4,0
000018.bin,conv3,4,11x400x352,0,200,DatasetTemplate.prepare_data(raw_points),False,raw,15000,1548800,32056,0.020697314049586777,0.9793026859504133,0,0,0,0,0,0,0,0,0,0,0,0,0,0,0,0,0,0,0,0,0,0,0,0,0,0,0,0,0,0,0,0,0,4,4,0,0,0,0,0,0,0,0,0,0,0,0,0,0,0,0,0,0,0,0,0,0,0,0,0,24,31,43,37,39,29,24,30,32,42,36,40,36,50,44,48,60,60,66,73,66,72,99,99,125,151,127,114,150,162,190,178,163,176,181,184,187,174,185,170,165,185,182,186,208,259,274,198,181,214,243,253,318,329,316,215,248,274,252,293,275,226,226,195,227,227,204,171,155,181,182,179,189,214,253,268,286,257,281,226,259,277,276,275,298,278,239,237,225,212,183,211,209,154,110,138,148,150,207,239,223,193,199,195,205,217,243,235,260,257,284,294,257,259,275,272,238,236,223,224,193,143,153,148,175,159,133,115,112,112,149,187,231,202,173,187,183,153,126,150,85,51,62,65,62,69,138,161,129,82,71,86,93,118,140,136,121,121,93,120,112,123,83,85,66,87,120,121,72,71,67,72,35,32,41,46,49,64,82,49,31,39,67,68,71,78,65,56,39,19,15,32,24,21,17,20,19,16,15,36,36,46,39,33,53,50,51,70,82,67,55,46,47,52,34,35,36,35,18,28,53,67,74,48,48,48,38,48,27,11,15,18,21,27,40,25,25,32,24,39,34,33,19,11,7,4,10,35,40,18,11,10,0,4,8,8,8,22,20,20,14,20,20,16,26,42,43,24,14,8,35,57,34,8,4,0,0,0,4,0,6,15,13,8,8,12,28,32,16,14,15,11
000019.bin,conv3,4,11x400x352,0,200,DatasetTemplate.prepare_data(raw_points),False,raw,15000,1548800,14965,0.009662319214876033,0.990337680785124,0,0,0,0,0,0,0,0,0,0,0,0,0,0,0,0,2,6,10,22,32,33,29,14,31,37,37,32,23,59,84,103,94,85,77,54,48,52,51,57,54,63,75,89,87,95,96,80,75,70,79,67,56,63,64,44,44,41,41,40,47,48,56,45,34,29,54,58,51,51,47,61,62,53,55,62,62,49,40,32,32,31,30,57,158,153,41,15,10,14,20,48,50,42,46,56,51,69,75,56,55,45,45,36,57,93,84,88,82,88,95,70,33,47,64,57,50,43,48,50,55,53,52,52,82,96,77,62,86,81,68,62,80,79,79,116,184,175,120,125,121,89,74,56,54,74,84,93,99,122,120,134,114,82,77,73,86,93,79,73,81,86,99,83,96,89,61,61,90,73,55,76,90,58,56,74,62,65,74,70,87,101,102,96,121,91,96,131,172,160,97,63,91,88,72,56,45,60,65,47,48,54,47,40,30,17,24,25,24,36,34,21,31,47,50,37,34,23,16,16,12,14,23,19,12,13,18,15,26,42,26,18,22,13,12,10,18,24,12,12,14,22,19,20,34,34,18,14,18,21,22,8,8,13,13,4,19,19,16,13,12,24,24,26,34,19,26,19,14,6,6,25,32,24,14,8,4,8,2,0,6,14,16,12,12,12,26,35,24,14,34,34,20,14,14,20,13,6,0,0,4,5,2,2,0,2,3,3,3,0,0,2,2,4,4,0,4,4,2,2,0,0,0,0,0,0,0,0,6,6,0,4,4,0,8,12,12,12,0,0,0,0,2,8,25,27,25,22,15,25,37,54
000020.bin,conv3,4,11x400x352,0,200,DatasetTemplate.prepare_data(raw_points),False,raw,15000,1548800,13026,0.008410382231404959,0.991589617768595,0,0,0,0,0,0,0,0,0,0,0,0,0,0,0,0,0,0,0,0,0,0,0,0,0,0,19,112,120,14,15,19,17,19,16,14,15,10,8,12,35,46,65,67,62,58,43,32,55,60,47,28,31,41,46,44,40,64,67,65,80,91,100,93,66,50,42,63,80,99,108,97,81,100,113,110,122,114,110,99,69,78,113,147,154,138,110,109,94,79,70,69,95,192,250,253,238,197,209,238,219,209,190,192,175,114,85,70,62,61,75,70,51,52,66,65,67,74,84,76,91,86,80,76,90,65,66,62,58,49,36,29,35,34,43,47,47,46,61,79,69,82,65,47,44,34,31,32,45,49,40,47,58,65,75,63,35,26,45,50,38,30,34,41,49,53,71,63,56,57,47,37,45,49,44,34,36,20,27,32,31,27,31,35,32,39,18,14,21,22,19,8,8,4,9,11,4,8,17,13,7,9,13,14,13,2,15,18,22,15,4,16,18,74,103,131,121,121,102,70,35,54,60,56,69,84,80,48,5,2,2,0,0,0,4,8,4,0,0,0,4,4,0,4,0,0,0,0,0,0,0,0,0,0,0,0,0,0,0,0,0,0,0,0,0,0,0,0,0,0,0,0,0,0,0,0,0,0,0,0,4,4,0,0,0,0,0,0,0,0,0,0,0,0,4,4,0,0,0,0,0,0,0,0,0,0,0,0,0,0,0,0,0,0,0,0,0,0,0,0,0,0,0,0,0,0,0,0,0,0,0,0,0,0,0,0,0,0,0,0,0,0,0,0,0,0,0,0,0,0,0,0
000021.bin,conv3,4,11x400x352,0,200,DatasetTemplate.prepare_data(raw_points),False,raw,15000,1548800,10949,0.007069344008264463,0.9929306559917356,0,0,0,0,0,0,0,0,0,0,0,0,0,0,0,0,0,0,0,0,0,0,0,0,0,0,0,0,0,0,0,0,0,0,0,0,0,0,0,4,10,18,18,37,62,63,73,72,81,101,124,174,222,276,252,137,109,83,73,58,58,59,70,54,51,60,61,61,71,171,179,105,81,73,72,72,87,83,68,59,52,56,52,42,48,52,45,47,55,58,68,77,62,64,77,95,92,65,65,74,83,95,116,230,225,120,114,106,111,112,111,105,104,82,50,44,51,45,49,51,47,75,71,69,97,100,72,61,72,65,59,45,68,61,39,38,41,45,46,45,41,53,75,84,72,53,40,35,38,49,48,74,83,65,47,67,86,84,65,47,53,47,39,19,24,23,20,18,20,27,47,48,56,74,72,66,54,41,28,30,36,23,13,7,0,2,4,12,10,6,4,10,17,12,40,41,44,45,40,29,30,15,10,5,13,16,2,8,11,6,6,6,5,5,4,6,4,0,0,0,2,2,3,2,7,12,8,14,15,11,7,2,0,0,0,0,0,0,0,0,8,4,0,0,2,6,8,2,13,10,9,11,10,6,4,4,0,4,4,0,4,4,2,2,2,2,0,0,0,0,0,2,2,0,0,0,0,0,4,4,0,0,0,0,0,0,0,2,2,0,0,0,0,0,0,0,0,0,0,0,0,0,0,0,0,0,0,0,0,0,0,0,0,2,2,2,4,4,4,4,0,0,0,6,0,4,4,6,4,6,4,0,0,0,0,0,0,0,0,0,0,0,0,0,0,0,0,0,4,0,0,0
000022.bin,conv3,4,11x400x352,0,200,DatasetTemplate.prepare_data(raw_points),False,raw,15000,1548800,18460,0.011918904958677685,0.9880810950413224,0,0,0,0,0,0,0,0,0,0,0,0,0,0,0,0,0,0,0,0,0,0,7,20,29,47,72,111,118,141,145,153,151,125,120,111,105,82,45,36,28,36,37,38,38,37,43,38,33,33,39,38,30,27,24,32,38,30,41,46,115,127,119,121,97,90,69,47,40,46,49,49,61,77,85,83,74,59,67,60,55,54,60,53,44,42,37,40,57,70,84,84,80,74,69,65,68,61,62,81,96,110,107,84,86,89,85,71,66,79,77,75,89,66,41,53,63,91,97,87,56,33,32,34,57,77,110,114,97,83,52,73,56,58,45,55,70,67,47,72,116,84,45,52,58,115,141,92,64,114,177,124,70,97,97,75,58,62,67,80,80,105,97,74,82,102,103,81,64,72,82,107,120,89,90,100,119,133,120,95,86,102,99,130,115,76,75,88,89,60,61,53,93,106,74,89,74,77,90,132,88,78,63,51,47,37,49,37,25,28,18,10,10,16,16,17,14,14,14,18,19,28,32,40,43,58,61,76,58,56,60,38,42,37,16,14,18,24,12,10,9,9,10,10,20,18,10,15,19,21,45,38,31,33,22,21,44,65,87,80,53,31,33,35,34,44,24,18,30,40,61,67,67,45,24,41,65,38,30,97,100,40,118,132,36,22,20,16,14,30,30,16,6,6,4,19,39,18,0,3,4,10,4,0,0,4,4,4,4,4,4,4,10,20,22,45,66,68,60,70,97,104,88,73,54,18,26,22,30,42,34,28,44,44,46,38,26,14,14,12,16,32,31,12,18,12,8,12,12,18,8,4
000023.bin,conv3,4,11x400x352,0,200,DatasetTemplate.prepare_data(raw_points),False,raw,15000,1548800,26501,0.01711066632231405,0.9828893336776859,0,0,0,0,0,0,0,0,0,0,0,0,0,0,0,0,0,0,0,0,0,0,0,0,0,0,0,0,0,0,0,0,0,0,0,0,0,0,0,0,0,2,14,71,118,153,174,187,200,189,199,176,153,146,143,142,150,137,114,115,104,81,95,86,84,86,98,95,92,97,72,55,67,77,83,77,68,70,63,54,62,65,52,50,42,44,68,83,68,63,69,75,80,87,112,112,109,131,127,110,94,76,75,77,90,90,77,62,55,57,66,90,92,92,76,81,68,90,85,100,156,180,138,142,166,221,273,306,280,281,316,391,417,423,422,475,534,517,512,543,497,518,526,431,357,343,299,288,291,301,233,206,173,160,168,202,205,179,159,127,140,128,134,116,129,110,92,86,83,92,97,84,75,73,63,85,101,112,99,80,80,84,112,76,67,67,64,41,76,79,82,73,62,60,78,81,64,54,45,48,49,42,49,39,33,29,22,20,42,28,25,33,47,35,48,54,64,61,74,75,84,82,61,73,80,69,69,60,68,55,47,48,41,32,39,26,20,9,16,17,23,24,24,30,35,28,40,28,28,30,39,33,24,8,24,32,37,40,25,23,16,25,33,28,34,49,45,38,84,70,50,45,33,13,15,13,17,13,2,6,2,4,8,5,2,9,12,4,2,2,10,8,8,9,2,0,8,6,2,0,4,6,2,0,0,0,0,0,0,4,4,0,0,0,0,2,14,64,62,4,0,0,0,0,0,0,4,8,4,8,8,0,0,2,2,0,0,0,0,0,0,0,4,4,0,2,0,0,0,0,0,0
000024.bin,conv3,4,11x400x352,0,200,DatasetTemplate.prepare_data(raw_points),False,raw,15000,1548800,19317,0.012472236570247933,0.987527763429752,0,0,0,0,0,0,0,0,0,0,0,0,0,0,0,0,0,0,0,0,0,0,0,0,0,0,0,0,0,0,0,0,4,12,8,8,4,4,6,6,17,29,39,51,58,40,48,92,136,157,173,190,205,197,184,166,166,145,116,81,54,53,52,38,42,47,40,43,46,47,46,40,38,36,32,35,35,33,43,38,36,76,98,112,178,213,268,278,372,441,466,449,463,415,338,284,257,264,192,147,154,132,99,93,89,75,93,95,82,84,87,91,78,78,87,107,98,97,95,86,78,78,106,120,121,102,88,55,60,54,61,63,75,101,113,122,73,66,66,69,73,68,72,81,95,90,87,96,52,45,40,61,61,68,63,72,76,93,85,114,83,88,97,75,59,50,48,39,29,40,51,60,59,67,75,80,82,69,48,34,29,37,42,57,79,77,86,97,99,79,63,61,66,62,67,76,69,55,40,41,44,45,40,38,45,63,51,51,63,44,60,62,61,60,67,57,44,36,24,31,32,38,38,28,23,18,19,14,23,27,19,18,23,50,36,27,28,14,14,16,12,12,38,54,52,28,34,31,44,46,30,30,22,36,34,26,34,34,31,22,29,25,18,14,13,8,4,8,4,21,19,10,18,15,14,16,8,4,0,8,12,10,8,10,20,31,31,22,8,23,39,44,50,50,50,46,21,27,24,17,19,13,9,6,4,6,6,2,5,11,15,10,4,4,6,6,0,0,0,0,0,4,6,2,14,14,8,8,10,4,0,0,4,4,8,12,12,8,2,2,0,0,4,0,0,0,4,0,4,6,2,4
000025.bin,conv3,4,11x400x352,0,200,DatasetTemplate.prepare_data(raw_points),False,raw,15000,1548800,12468,0.008050103305785124,0.9919498966942148,0,0,0,0,0,0,0,0,0,0,0,0,0,0,4,4,0,0,0,0,0,8,18,31,34,48,60,72,98,111,114,96,73,57,86,136,159,208,214,222,200,199,180,165,162,178,189,147,133,146,171,184,174,148,150,139,130,130,98,89,97,114,124,140,153,146,138,129,139,110,101,92,84,58,40,29,23,33,27,37,46,53,62,98,118,115,113,100,80,90,80,79,76,82,83,78,53,50,38,35,31,37,33,32,25,31,27,22,27,36,45,40,43,35,20,15,32,39,72,71,56,28,30,23,20,24,22,17,25,28,31,34,43,35,17,17,17,18,17,18,17,14,34,41,38,45,44,38,42,41,46,52,45,39,28,17,15,9,25,40,38,39,38,27,25,23,12,13,21,22,13,12,3,8,8,15,33,30,16,20,19,12,17,25,25,34,31,26,18,10,15,13,11,15,36,56,60,51,42,36,25,27,20,17,32,62,24,10,6,13,7,6,11,8,0,0,0,0,0,0,0,4,0,18,36,34,10,6,8,8,6,6,8,14,10,8,4,4,4,0,0,0,0,0,0,0,0,0,0,0,0,4,16,56,72,26,14,34,42,38,27,16,13,13,10,21,20,18,16,8,6,18,11,18,17,0,0,0,0,0,0,1,7,4,0,0,0,8,15,8,0,2,6,5,0,0,4,4,2,13,9,4,2,6,8,7,4,10,17,11,15,14,14,14,0,0,0,0,0,0,0,0,0,0,0,13,11,11,4,0,0,0,0,0,4,10,4,0,0,4,8,4,4,0,2,2,0,2,0,0,0,2
000026.bin,conv3,4,11x400x352,0,200,DatasetTemplate.prepare_data(raw_points),False,raw,15000,1548800,12506,0.008074638429752066,0.9919253615702479,0,0,0,0,0,0,0,0,0,0,0,0,0,0,0,0,0,0,0,0,0,0,0,0,0,0,8,28,35,33,48,52,43,43,40,38,39,39,51,57,69,58,49,38,33,56,69,87,84,56,57,54,46,52,59,61,67,82,76,115,119,129,126,105,97,70,76,68,91,115,145,129,91,81,82,73,73,63,71,91,86,98,84,71,66,60,76,98,95,91,80,77,58,59,58,46,42,32,64,71,61,57,45,53,47,45,47,47,49,52,62,82,84,88,69,73,72,66,65,56,76,74,67,57,53,73,68,64,80,86,78,71,69,62,59,53,37,35,36,28,21,26,60,70,61,62,92,108,96,95,76,41,20,15,33,50,32,30,34,52,45,54,62,52,36,34,59,75,55,33,33,55,81,87,74,76,68,57,46,68,78,72,54,64,55,20,37,42,43,34,16,22,43,37,43,50,37,21,14,4,0,0,4,4,0,8,0,0,0,0,0,0,0,0,0,0,0,0,12,26,28,26,14,2,0,0,0,12,20,6,0,0,0,0,0,0,0,0,0,0,0,0,0,0,0,0,0,2,4,12,18,11,0,6,6,14,6,4,4,4,12,50,50,26,44,40,35,18,16,15,18,16,6,2,12,22,19,15,17,24,43,82,69,23,8,6,4,4,4,13,17,15,21,19,11,4,17,28,25,36,43,47,45,24,31,11,10,8,8,0,2,5,10,12,6,9,10,7,6,19,18,23,11,6,8,9,13,8,17,30,34,34,42,31,30,22,14,10,4,11,4,6,15,11,4,4,4,6,4,0,8,8
000027.bin,conv3,4,11x400x352,0,200,DatasetTemplate.prepare_data(raw_points),False,raw,15000,1548800,25621,0.016542484504132232,0.9834575154958678,0,0,0,0,0,0,0,0,0,0,0,0,0,0,0,0,0,0,0,0,0,0,0,0,0,0,0,0,0,0,0,0,0,0,0,0,0,0,0,0,0,0,0,0,0,0,0,0,0,0,0,0,20,26,30,28,24,21,39,64,64,68,74,91,91,95,94,101,90,92,129,136,127,121,125,116,118,108,113,109,122,129,115,92,189,247,189,119,123,125,158,182,192,200,183,186,180,196,208,231,241,228,229,271,234,200,210,187,156,163,149,132,109,69,23,19,32,57,87,99,147,184,160,144,174,203,243,278,320,397,526,557,506,542,495,503,510,479,412,318,336,292,294,355,293,231,198,159,181,202,122,112,129,125,123,150,166,166,179,147,81,77,74,83,99,85,107,106,121,120,171,177,160,141,135,121,130,129,67,42,32,31,19,4,16,25,20,22,12,11,8,21,30,26,21,17,13,26,58,72,78,86,40,2,9,15,12,11,10,18,10,4,4,6,6,8,2,0,4,4,4,4,8,10,12,12,6,4,8,92,130,74,42,10,6,6,4,4,2,2,2,2,2,2,48,57,50,53,51,42,25,9,10,10,14,19,13,17,17,6,10,8,6,14,28,25,15,13,0,4,4,4,12,16,31,40,33,42,70,66,54,44,30,30,26,42,48,18,13,29,32,31,30,20,7,15,18,4,6,8,8,0,4,4,4,6,0,0,2,8,43,75,74,75,84,86,107,92,85,57,43,33,39,21,22,16,9,11,8,18,12,10,14,12,0,0,0,0,0,0,4,0,0,0,0,4,4,0,0,10,10,0
000028.bin,conv3,4,11x400x352,0,200,DatasetTemplate.prepare_data(raw_points),False,raw,15000,1548800,11466,0.007403150826446281,0.9925968491735537,0,0,0,0,0,0,0,0,0,0,0,0,0,0,0,0,0,0,0,0,0,4,2,0,6,13,15,17,17,18,15,16,21,38,61,144,144,114,79,66,65,84,97,81,63,49,42,33,27,29,36,47,42,32,28,34,65,75,126,162,171,171,177,172,180,200,184,173,192,209,234,268,294,325,292,260,253,240,227,221,161,126,144,144,141,106,84,82,75,156,154,160,187,100,41,43,64,49,37,32,34,45,57,62,53,63,56,57,77,118,152,176,168,141,122,93,78,82,73,64,52,47,48,38,43,46,46,65,55,53,57,56,50,27,20,24,22,10,12,4,4,12,16,20,10,4,4,10,14,8,10,8,6,2,4,4,0,0,4,4,0,3,3,3,5,3,3,0,4,10,10,12,8,14,10,4,8,14,10,0,0,6,0,8,11,13,12,1,0,0,0,0,0,0,0,4,4,0,0,0,12,12,0,0,0,0,0,0,0,0,0,0,0,0,0,0,0,0,0,0,0,0,0,0,0,0,0,0,0,0,4,8,0,0,0,0,0,0,0,0,0,0,0,0,0,0,2,2,0,0,0,0,0,0,0,2,3,2,0,0,0,0,0,0,0,0,0,0,0,0,0,0,0,0,0,0,0,0,0,0,0,0,0,0,0,0,0,0,0,0,0,0,0,0,0,0,0,4,4,2,0,0,0,0,0,0,0,0,0,0,0,0,0,0,0,0,0,0,0,0,0,0,0,0,0,0,0,0,0,0,0,0,0,0,0,0,0,0,0,0,0,0,0,0,0,0,0,0,0,0,0,0
000029.bin,conv3,4,11x400x352,0,200,DatasetTemplate.prepare_data(raw_points),False,raw,15000,1548800,9432,0.006089876033057851,0.9939101239669421,0,0,0,0,0,0,0,0,0,0,0,0,0,0,0,0,0,0,0,23,145,191,135,45,43,46,41,43,45,41,41,34,28,28,30,36,28,23,24,24,25,37,45,49,69,82,81,65,47,48,53,66,62,43,30,34,29,26,34,45,55,81,89,87,86,89,97,105,90,105,115,97,104,99,90,87,108,104,85,90,132,209,200,100,60,66,66,54,50,57,56,40,52,56,51,37,50,66,69,46,47,71,63,41,42,56,87,77,56,41,39,31,81,109,72,32,44,56,61,88,81,27,34,34,22,41,31,21,21,17,24,40,72,51,10,6,6,6,6,2,6,4,6,14,12,39,63,44,14,13,24,19,21,22,7,6,0,0,7,21,21,23,24,18,18,31,48,58,35,17,16,18,13,9,14,17,21,19,19,7,6,4,2,0,4,4,4,4,12,22,28,41,37,18,17,10,10,8,8,7,17,30,40,31,24,8,0,11,21,18,21,37,29,54,39,15,18,16,36,36,28,25,28,23,17,20,25,21,16,15,13,4,0,0,10,13,5,0,0,0,0,0,0,6,6,0,0,0,0,2,2,0,0,4,8,4,0,0,1,5,4,0,2,2,0,0,0,4,9,4,2,6,14,10,10,6,14,10,2,4,0,0,0,0,0,0,0,0,0,0,0,0,2,7,10,4,0,0,8,8,0,0,0,0,0,0,0,2,2,0,0,0,4,4,0,0,0,0,16,16,4,6,4,0,12,26,23,21,25,22,18,22,4,9,6,0,0,0,0,0,4,6,0,0,4,0,0,0,0,0,0,4
000030.bin,conv3,4,11x400x352,0,200,DatasetTemplate.prepare_data(raw_points),False,raw,15000,1548800,8977,0.00579610020661157,0.9942038997933884,0,0,0,0,0,0,0,0,4,21,43,70,72,67,84,73,49,52,47,43,42,49,46,45,64,68,66,63,70,71,68,72,72,77,69,64,81,92,99,98,93,79,74,66,47,55,61,58,61,56,54,60,63,61,51,38,39,44,64,69,60,75,67,72,61,49,68,59,49,61,47,45,53,41,27,51,54,35,34,59,61,25,22,45,49,68,55,8,24,38,22,6,6,8,22,30,20,16,8,8,20,26,25,27,34,28,28,36,48,62,77,75,75,70,71,86,69,38,18,24,22,20,20,20,24,33,27,38,53,68,55,17,8,16,30,32,24,20,20,20,26,26,22,22,20,37,52,60,24,30,38,38,40,29,15,18,17,24,37,41,64,85,74,49,30,33,29,22,22,13,19,20,14,8,15,26,37,37,24,23,45,61,44,31,34,30,27,20,17,10,10,9,7,17,17,21,20,18,12,9,16,25,16,21,17,7,10,19,30,38,24,6,4,6,2,2,0,0,0,0,0,0,0,4,4,4,10,9,6,4,2,4,4,6,4,8,8,6,5,8,19,19,8,17,20,8,23,32,22,22,20,12,10,3,7,9,9,6,6,9,13,8,2,13,12,7,8,9,11,12,8,8,0,0,0,0,0,0,10,13,8,4,6,0,4,4,2,2,0,0,2,5,8,4,5,7,0,0,5,5,0,0,4,10,13,19,14,0,0,0,0,0,0,0,0,0,0,0,0,0,0,0,0,0,2,2,0,0,0,0,0,4,4,12,11,0,0,0,14,14,0,0,0,0,0,0,0,0,0,0,0,4
000031.bin,conv3,4,11x400x352,0,200,DatasetTemplate.prepare_data(raw_points),False,raw,15000,1548800,11075,0.007150697314049587,0.9928493026859504,0,0,0,0,0,0,0,0,0,0,0,0,0,0,0,0,0,0,0,0,0,0,0,0,0,0,0,0,0,0,0,0,0,9,9,8,4,14,16,13,18,30,50,88,213,302,369,366,229,47,20,18,16,8,33,45,44,51,54,65,65,76,75,61,45,45,54,58,64,69,61,58,38,29,23,19,16,17,13,14,14,9,8,22,15,8,3,2,4,6,9,11,5,4,4,3,29,244,271,274,240,191,163,114,82,57,74,85,109,110,80,69,89,78,53,59,63,73,88,92,86,77,91,83,92,95,155,281,251,110,129,127,104,93,112,118,70,40,42,48,37,34,40,40,53,60,52,44,32,34,32,22,28,25,27,30,34,49,54,47,41,33,31,27,14,20,22,19,21,22,21,27,27,19,25,28,27,46,62,52,43,32,29,23,22,19,21,26,24,9,14,11,8,16,17,12,29,28,24,20,28,24,22,38,45,26,18,24,26,13,13,11,15,13,8,2,0,0,0,4,4,4,6,4,8,10,6,8,8,10,12,9,16,32,26,22,23,18,10,6,4,4,6,7,1,4,4,9,8,12,39,39,12,14,8,14,8,4,4,0,6,8,8,6,2,4,10,12,6,16,14,6,8,9,12,12,4,10,10,4,4,0,0,0,4,12,20,14,4,8,8,4,6,4,4,5,2,0,0,0,0,0,0,0,0,0,0,0,0,0,0,0,0,0,0,4,0,0,0,0,0,0,0,0,0,0,0,0,0,0,0,0,0,0,0,0,0,4,0,0,4,8,4,4,2,7,8,10,12,8,9,10
000032.bin,conv3,4,11x400x352,0,200,DatasetTemplate.prepare_data(raw_points),False,raw,15000,1548800,11862,0.007658832644628099,0.9923411673553719,0,0,0,0,0,0,0,0,0,0,0,0,0,0,0,0,0,0,0,0,0,0,0,0,0,4,6,6,5,3,0,0,2,8,16,42,60,60,83,88,88,76,66,63,89,88,78,57,65,110,184,167,49,52,46,62,185,193,100,87,70,67,107,141,129,108,107,90,91,89,92,89,91,86,72,83,115,125,124,138,126,105,77,74,62,70,68,75,77,69,58,63,77,83,104,118,115,94,119,152,121,97,80,84,81,84,74,57,46,135,177,110,49,50,51,60,80,79,88,88,110,88,75,55,20,12,22,30,24,14,28,54,85,53,55,50,34,34,24,25,35,61,77,54,48,11,12,12,14,18,4,0,0,5,15,47,48,23,16,10,4,8,16,8,4,24,36,34,29,10,39,43,0,0,0,0,0,0,0,0,0,0,0,0,0,0,0,0,0,0,0,72,101,24,18,23,23,24,17,16,14,5,6,13,18,6,0,0,0,0,0,0,0,9,45,70,79,71,66,78,50,11,0,0,0,0,0,0,1,1,0,0,4,10,28,44,52,58,52,26,0,0,0,0,0,14,52,74,98,90,110,100,59,44,38,27,37,36,16,4,19,17,6,4,4,0,0,0,0,0,0,0,2,9,105,133,33,0,0,0,0,0,0,0,0,0,0,0,0,0,0,0,0,0,0,0,0,0,4,6,2,10,10,25,27,0,0,0,0,0,0,0,0,0,0,0,0,4,4,0,0,0,8,13,9,0,2,2,0,0,0,0,0,4,4,0,0,0,9,9,4,4,0,0,0,0,0,0,0,0,0,0
000033.bin,conv3,4,11x400x352,0,200,DatasetTemplate.prepare_data(raw_points),False,raw,15000,1548800,31637,0.020426782024793387,0.9795732179752066,0,0,0,0,0,0,0,0,0,0,2,8,10,4,0,0,0,0,0,0,0,0,0,0,0,0,0,0,0,0,0,0,0,0,0,0,0,0,0,0,0,0,0,14,18,16,23,19,34,26,24,33,29,34,37,43,47,39,36,46,46,46,47,68,76,70,202,212,87,74,64,54,78,111,138,132,144,163,160,119,130,177,191,159,128,134,158,147,109,91,85,114,89,48,49,55,71,103,94,70,83,68,88,141,166,194,256,344,410,453,446,430,393,386,333,256,255,258,288,310,230,253,253,228,205,232,264,274,248,248,216,159,186,200,249,262,279,308,324,366,346,271,292,298,289,236,211,208,207,182,195,240,267,222,242,276,266,269,246,243,263,235,197,187,135,112,130,154,127,110,100,98,120,117,102,117,139,125,126,87,74,62,80,87,83,88,67,60,82,85,61,58,53,45,39,44,36,39,66,67,68,94,91,82,113,117,131,153,142,122,100,93,64,43,60,47,46,35,32,35,49,80,93,103,101,124,106,103,83,95,89,78,58,37,24,41,57,69,72,58,57,57,54,50,42,36,18,10,4,10,24,34,32,66,72,91,105,109,107,81,71,46,30,46,30,44,74,62,63,71,62,70,69,48,34,42,50,30,44,64,52,31,47,56,58,62,98,70,41,28,26,18,21,18,16,18,24,22,7,6,6,1,6,8,21,24,39,49,30,24,21,28,51,55,23,35,42,42,24,24,26,13,16,14,14,26,31,24,30,16,12,18,8,0,0,1,20,26,22,11,12,37,42,34,23,30,30,35,27,10,2,18
000034.bin,conv3,4,11x400x352,0,200,DatasetTemplate.prepare_data(raw_points),False,raw,15000,1548800,18929,0.012221720041322314,0.9877782799586777,0,0,0,0,0,0,0,0,0,0,0,0,0,0,0,0,0,0,0,0,0,0,0,0,0,0,0,0,0,16,22,21,12,2,0,0,0,0,0,0,0,0,0,0,0,8,18,20,12,14,8,0,4,60,148,154,139,61,29,23,27,32,32,30,18,10,24,47,71,128,129,128,156,176,166,117,79,57,68,59,55,48,15,15,17,19,19,21,37,52,68,90,151,142,64,75,68,68,69,84,80,88,72,118,254,448,486,401,285,232,192,161,124,109,107,108,109,121,154,155,150,132,133,118,119,128,146,171,174,133,91,85,78,82,114,133,114,90,102,112,115,115,119,119,113,121,131,109,156,171,141,154,118,146,175,155,131,125,142,150,115,113,104,90,130,131,96,66,52,73,83,79,83,82,162,192,95,46,42,59,85,70,93,83,120,110,27,24,17,30,34,28,22,32,28,20,24,18,29,28,36,76,78,146,152,86,62,46,38,24,37,34,35,43,68,62,54,41,18,24,25,16,29,28,22,21,17,11,42,80,89,63,33,20,12,25,17,6,11,11,19,35,63,126,87,16,43,41,8,4,6,14,16,17,16,13,17,13,13,9,10,10,18,8,13,12,6,10,8,12,29,26,10,12,23,18,10,10,4,8,2,3,5,5,4,38,60,45,54,68,48,20,23,17,21,23,14,13,12,9,13,19,18,15,22,43,41,23,16,16,6,10,28,22,16,18,10,25,15,10,19,13,6,6,0,0,4,8,14,6,13,20,16,4,6,8,4,4,4,0,8,16,14,6,6,4,8,7,2,10,10,10
000035.bin,conv3,4,11x400x352,0,200,DatasetTemplate.prepare_data(raw_points),False,raw,15000,1548800,21103,0.013625387396694215,0.9863746126033058,0,0,0,0,0,0,0,0,0,0,0,0,0,0,0,0,0,0,0,9,11,11,0,0,0,0,0,0,0,0,0,0,0,0,0,0,0,0,2,18,49,95,130,163,173,177,182,182,154,138,142,148,147,113,82,97,103,90,77,72,66,61,56,55,52,56,74,75,60,57,62,71,95,100,91,88,90,100,118,125,143,124,104,85,83,71,81,88,78,94,140,203,171,161,164,114,89,111,131,115,76,56,74,84,85,138,139,86,52,40,54,69,116,145,130,81,129,205,268,324,300,268,301,252,180,175,133,140,135,191,201,173,130,94,95,100,99,68,66,71,87,107,138,141,128,119,114,95,82,70,63,72,66,64,56,60,82,72,45,44,105,123,91,92,95,113,131,130,123,93,83,69,60,78,67,65,81,81,42,44,51,63,73,90,138,168,132,85,97,76,57,101,143,106,86,82,111,105,62,63,46,31,44,42,39,29,28,39,40,41,26,40,35,27,20,15,21,32,30,36,45,44,77,64,34,38,41,35,30,35,34,34,57,102,92,64,74,82,70,45,44,42,36,27,36,40,47,54,49,64,43,41,45,57,49,46,46,36,15,5,10,14,12,12,14,25,36,31,25,28,20,26,27,39,46,37,20,21,27,20,22,28,25,17,16,12,8,22,29,16,6,8,11,0,0,8,18,25,16,18,15,26,23,10,10,22,19,2,4,0,2,14,14,15,11,4,11,9,0,4,4,0,0,0,10,14,6,0,0,4,4,4,4,8,4,1,21,8,8,16,21,16,8,2,0,0,0,0,0,0,0,0
000036.bin,conv3,4,11x400x352,0,200,DatasetTemplate.prepare_data(raw_points),False,raw,15000,1548800,29704,0.019178719008264462,0.9808212809917355,0,0,0,0,0,0,0,0,0,0,0,0,0,0,0,0,0,0,0,0,8,10,12,10,8,0,0,0,0,0,0,0,0,0,0,0,0,0,0,0,0,0,0,10,23,38,52,82,78,47,33,26,27,24,10,10,12,14,32,29,30,16,4,0,4,8,10,18,32,51,58,72,88,88,145,181,141,155,156,165,170,161,164,163,161,164,159,174,207,167,137,127,97,110,172,232,205,130,87,81,107,123,199,230,227,173,107,109,93,138,204,202,175,192,234,240,191,166,202,262,216,211,262,302,316,267,273,303,313,306,239,261,234,220,206,200,198,210,238,219,226,216,178,157,102,142,157,135,153,153,162,144,125,170,199,195,191,171,107,79,88,115,92,96,98,94,120,125,145,172,217,281,276,267,225,193,218,237,252,218,204,166,130,128,107,118,133,128,104,101,104,128,147,158,167,150,128,141,124,101,35,24,20,36,67,97,95,85,68,54,37,44,44,44,69,100,112,90,68,49,56,75,79,63,43,43,71,76,69,78,84,70,54,65,65,47,47,63,56,40,32,38,44,66,73,56,39,31,22,19,26,32,36,29,49,46,38,67,59,56,65,55,74,88,80,69,53,51,40,32,38,50,55,70,88,104,108,89,69,64,28,27,27,14,20,23,25,37,39,32,30,35,25,31,30,35,46,38,30,40,51,41,50,42,38,32,24,22,34,46,46,52,51,36,37,19,22,17,30,29,17,28,30,18,14,10,10,14,24,24,18,20,20,0,2,6,8,12,24,29,22,39,42,18,32,41,49,49,30,18,8,4
000037.bin,conv3,4,11x400x352,0,200,DatasetTemplate.prepare_data(raw_points),False,raw,15000,1548800,14306,0.009236828512396694,0.9907631714876033,0,0,0,0,0,0,0,0,0,0,0,5,11,10,9,16,14,12,12,12,12,4,4,8,10,35,83,96,112,120,116,110,102,89,83,75,72,69,67,63,53,57,59,66,63,64,60,55,65,66,64,63,62,69,74,74,73,64,68,65,72,74,65,59,57,59,68,67,65,68,72,82,184,192,181,233,244,223,248,260,256,206,162,126,129,111,111,127,141,156,136,128,114,107,108,95,61,51,59,60,65,47,54,52,43,62,73,63,49,49,46,44,40,50,54,46,50,33,31,41,42,46,41,55,56,42,42,49,40,36,36,41,56,45,35,40,36,35,31,22,14,27,41,57,59,40,39,48,64,54,28,21,22,29,23,29,32,22,25,20,13,10,16,21,18,27,40,46,33,11,9,25,30,29,19,26,17,18,14,37,50,67,119,188,218,225,241,229,213,195,235,251,180,150,178,134,30,22,9,4,12,12,10,9,13,14,7,11,15,16,14,12,11,13,7,4,11,5,5,0,0,0,0,7,10,10,9,8,0,0,0,4,8,5,3,2,0,6,5,2,1,1,0,6,9,9,4,8,0,0,0,0,0,0,0,0,0,0,0,10,13,4,8,12,8,5,10,16,25,39,35,5,3,2,0,0,0,0,0,0,0,0,0,8,8,4,4,0,0,0,0,0,0,0,0,4,6,10,4,12,10,8,4,0,0,4,4,2,2,0,0,0,0,0,4,4,4,4,4,0,2,2,0,0,4,10,8,0,0,0,0,4,4,0,0,0,0,0,0,0,0,0,0,0,0,0,0,0,0,0,4,0
000038.bin,conv3,4,11x400x352,0,200,DatasetTemplate.prepare_data(raw_points),False,raw,15000,1548800,20488,0.013228305785123967,0.986771694214876,0,0,0,0,0,0,0,0,0,0,0,0,0,0,0,0,0,0,0,0,0,0,0,0,0,0,4,8,22,23,22,21,25,32,27,17,8,4,0,0,6,6,0,0,0,0,0,7,13,14,17,11,11,8,2,4,4,2,2,0,0,0,8,23,28,23,27,25,30,19,7,8,8,15,21,17,18,20,14,47,320,343,236,233,53,71,110,101,97,128,158,166,183,180,187,147,141,142,145,144,187,191,179,178,173,150,118,128,133,221,234,166,149,150,110,102,137,140,154,166,160,146,179,190,171,161,164,148,116,118,105,122,103,104,118,133,113,100,119,158,159,110,95,103,111,120,98,68,73,117,145,142,116,113,96,94,98,92,127,140,100,103,80,84,81,70,88,83,84,67,58,61,69,93,101,71,54,47,53,61,60,42,36,38,94,122,77,44,45,72,74,54,77,129,213,162,70,79,87,137,154,117,98,97,128,153,179,149,94,48,44,33,31,30,42,34,26,48,43,51,47,37,50,70,71,50,53,75,65,51,28,32,38,29,36,47,51,46,42,42,36,23,43,42,35,17,37,35,39,44,60,43,22,38,22,6,13,20,28,25,16,24,24,11,12,10,10,21,28,36,36,16,26,24,18,18,16,10,20,15,6,12,13,20,12,20,22,14,6,6,19,36,34,27,29,57,70,35,4,9,9,2,2,0,4,6,14,42,111,123,57,16,4,8,6,10,17,74,89,63,52,35,10,4,16,27,19,13,20,23,10,19,21,24,19,11,8,10,13,6,0,6,14,4,6,17,23,14,0,4,29,31
000039.bin,conv3,4,11x400x352,0,200,DatasetTemplate.prepare_data(raw_points),False,raw,15000,1548800,9898,0.006390754132231405,0.9936092458677686,0,0,0,0,0,0,0,0,0,0,0,0,0,0,0,0,0,0,0,0,0,0,0,0,10,35,95,101,37,48,53,53,47,54,48,66,166,214,189,96,81,66,76,88,95,102,99,88,78,67,62,58,52,50,47,28,27,25,29,31,24,24,24,28,36,39,47,54,53,44,46,31,33,33,45,61,54,52,46,35,25,31,31,23,31,43,49,50,41,38,36,39,91,111,91,84,69,65,66,87,92,79,82,76,75,71,101,104,71,77,69,66,60,54,71,93,74,72,64,56,46,65,71,47,44,47,46,40,41,39,34,32,30,63,72,41,36,37,29,52,50,60,54,50,56,44,45,39,46,45,35,34,49,57,45,39,38,50,54,52,60,66,57,48,41,51,45,25,32,27,30,47,51,28,32,24,18,30,35,35,23,19,17,14,12,8,17,14,0,0,4,4,18,22,11,3,3,2,0,0,0,12,11,17,20,20,10,7,12,16,6,6,6,4,0,0,3,3,0,0,0,0,0,0,4,9,7,13,9,0,0,4,29,28,12,6,33,44,42,45,61,54,37,12,8,9,7,5,13,13,9,8,4,11,11,8,24,21,14,14,11,15,8,7,5,0,4,5,2,4,0,0,12,14,27,26,9,2,0,0,4,4,0,0,0,0,0,0,4,4,6,6,0,0,4,4,4,0,0,0,4,4,0,0,0,0,0,0,6,6,0,0,4,7,4,0,0,0,0,0,0,0,0,0,0,0,0,0,0,4,4,0,0,0,0,0,0,0,0,0,0,0,0,0,6,6,4,8,19,14,13,8
000040.bin,conv3,4,11x400x352,0,200,DatasetTemplate.prepare_data(raw_points),False,raw,15000,1548800,18425,0.011896306818181818,0.9881036931818182,0,0,0,0,0,0,0,0,0,0,0,0,0,0,0,0,0,0,0,0,0,0,0,0,0,0,14,25,28,25,17,12,8,5,12,14,16,24,29,58,83,105,124,135,146,152,146,146,145,133,145,190,180,201,234,238,261,275,276,262,263,267,234,195,182,158,150,155,155,161,170,156,131,140,149,106,126,106,103,115,103,78,113,135,145,145,142,124,104,125,122,130,144,142,124,104,94,100,91,67,46,52,50,73,93,93,82,78,66,67,71,90,98,111,104,91,79,71,73,73,78,93,107,122,112,102,91,117,121,81,79,71,68,69,50,44,47,69,81,89,93,94,64,42,28,32,18,34,38,47,54,77,91,101,99,89,57,45,56,65,74,69,55,52,66,61,36,42,64,85,85,87,68,54,53,63,72,71,73,47,51,55,52,52,61,54,55,40,41,68,68,72,68,42,31,37,37,44,55,53,62,56,45,52,53,32,27,41,40,45,43,28,24,29,40,41,26,17,4,7,12,12,18,18,12,8,3,0,27,67,69,66,38,15,8,4,4,3,7,20,20,16,22,20,25,23,8,15,29,10,6,8,8,12,10,14,16,8,30,22,2,6,10,6,5,5,3,1,2,2,2,2,2,3,2,0,1,1,2,2,2,8,12,7,8,4,2,0,0,0,0,4,4,12,28,20,12,6,8,8,12,24,24,16,14,12,16,18,18,8,8,19,26,24,16,6,4,4,4,0,0,6,6,0,0,0,8,9,8,4,8,8,10,18,34,24,15,18,16,12,4,10,14,18,10,4,2,4,8,8,6,4
000041.bin,conv3,4,11x400x352,0,200,DatasetTemplate.prepare_data(raw_points),False,raw,15000,1548800,27550,0.01778796487603306,0.9822120351239669,0,0,0,0,0,0,0,0,0,0,0,0,0,0,0,0,0,0,0,0,0,0,0,0,0,0,0,0,0,14,17,15,2,0,0,0,0,0,0,0,0,16,18,16,12,0,0,0,0,0,0,0,0,1,28,62,74,65,61,84,111,120,137,171,204,198,191,192,180,185,194,205,204,170,163,147,160,166,157,149,153,134,142,117,116,102,96,80,66,89,135,131,112,125,132,122,111,136,148,134,144,152,239,290,243,217,203,200,175,168,212,199,184,195,212,215,264,265,296,347,327,269,288,279,275,259,211,190,179,172,142,109,125,150,165,186,199,160,125,185,218,213,143,114,118,102,95,111,122,146,149,150,172,176,237,223,144,127,128,126,133,105,118,177,268,295,257,162,143,96,109,97,102,109,81,108,123,92,139,133,134,126,193,189,139,144,144,103,118,131,108,98,105,87,65,56,85,123,179,163,97,51,31,41,71,96,103,91,56,44,48,42,32,42,57,55,51,45,38,35,37,68,80,60,65,94,84,83,61,48,34,22,36,37,34,46,44,48,63,62,67,55,44,23,39,43,42,23,32,27,28,46,51,32,20,16,24,20,14,14,41,46,29,13,18,14,28,33,12,4,4,10,25,24,12,2,9,43,35,18,35,35,29,28,15,7,18,14,3,14,16,16,30,36,43,27,4,0,4,18,12,10,4,12,20,20,14,6,14,12,11,20,39,41,54,54,29,22,24,16,4,6,10,12,4,0,2,6,8,4,4,0,0,4,14,51,40,10,0,2,4,14,20,22,20,12,20,28,14,4,14,23
000042.bin,conv3,4,11x400x352,0,200,DatasetTemplate.prepare_data(raw_points),False,raw,15000,1548800,21072,0.013605371900826446,0.9863946280991736,0,0,0,0,0,0,0,0,0,0,0,0,0,0,0,0,0,0,0,7,8,8,4,0,0,0,0,0,0,16,47,94,113,124,126,129,100,80,74,75,66,57,66,56,31,24,21,20,22,20,11,8,4,1,17,17,19,16,16,9,6,15,39,70,81,85,58,59,54,42,28,25,16,24,24,31,30,33,23,30,29,26,23,20,25,24,25,29,30,29,20,26,25,29,39,43,51,39,39,46,40,35,47,49,57,58,59,61,61,55,57,98,108,93,89,102,122,117,102,102,88,126,139,164,181,169,189,247,258,321,349,318,343,609,910,1136,790,285,252,198,135,153,132,124,131,121,145,145,152,186,149,110,97,84,102,98,77,72,86,92,100,100,115,119,125,168,136,79,68,65,85,89,70,49,54,61,64,59,69,67,79,65,64,89,106,118,87,59,48,49,44,63,51,48,56,55,46,45,40,56,60,61,71,83,91,86,66,105,106,99,78,55,48,44,44,48,48,45,50,46,42,58,52,56,52,29,33,32,39,46,48,59,58,61,40,47,52,65,67,61,49,34,39,33,34,36,31,29,33,31,26,33,31,31,34,21,16,14,8,8,8,12,10,8,3,4,8,6,8,17,22,9,10,5,26,33,20,20,16,13,22,32,55,77,54,59,42,26,18,11,7,9,10,9,8,4,12,10,2,0,8,8,4,8,6,8,6,0,6,6,4,4,5,17,23,14,6,15,17,29,22,24,16,16,14,12,8,14,29,27,22,16,10,14,28,26,18,4,2,6,2,10,6,0,8,8,2,4,2,0,0,0
000043.bin,conv3,4,11x400x352,0,200,DatasetTemplate.prepare_data(raw_points),False,raw,15000,1548800,10898,0.007036415289256199,0.9929635847107438,0,0,0,0,0,0,0,0,0,0,0,0,0,0,0,0,0,0,0,0,0,0,0,13,38,53,42,35,33,44,40,44,42,57,78,125,139,129,148,150,133,112,81,57,74,68,65,73,79,127,136,86,47,49,43,49,41,54,70,66,60,68,64,71,70,60,58,57,74,71,53,57,79,89,50,52,45,46,50,54,49,57,59,61,66,76,77,65,44,45,48,59,86,90,73,72,110,128,125,107,55,59,88,102,100,97,64,32,25,24,25,24,37,36,36,50,57,49,46,44,46,130,125,30,27,24,38,26,15,22,26,24,20,39,27,15,13,6,7,7,7,13,18,18,14,22,43,39,43,32,15,13,46,44,37,51,80,77,59,39,34,46,73,69,48,39,18,18,36,37,34,37,42,24,13,18,16,13,20,27,27,27,44,49,37,29,28,25,14,36,81,91,67,34,15,11,11,26,56,61,38,15,14,10,5,4,6,18,29,40,50,40,20,10,14,10,4,17,20,9,7,8,3,6,4,6,10,6,4,8,6,8,14,26,34,25,9,5,16,31,33,14,0,0,3,11,9,2,2,2,0,0,0,0,0,0,6,6,4,0,0,0,2,2,1,0,0,4,4,0,0,0,0,4,4,8,6,8,4,4,4,4,0,0,6,4,8,8,2,2,0,0,8,4,0,4,6,0,0,10,22,44,22,6,4,6,6,4,4,0,0,4,5,4,37,159,175,93,25,14,23,23,18,0,0,10,17,4,0,10,8,0,0,0,10,8,0,0,0,0,4,4,0,0,0,0,0,0,0,0,0,0
000044.bin,conv3,4,11x400x352,0,200,DatasetTemplate.prepare_data(raw_points),False,raw,15000,1548800,29755,0.019211647727272727,0.9807883522727273,0,0,0,0,0,0,0,0,0,0,0,0,0,0,0,0,0,0,4,14,22,20,31,41,47,34,38,45,51,52,55,52,43,54,57,62,56,48,37,39,30,28,37,35,41,55,52,49,51,80,87,99,92,94,100,83,94,94,75,75,73,95,108,121,127,152,156,170,208,237,243,238,254,241,255,270,291,267,263,256,232,266,253,305,311,301,315,304,325,378,363,384,413,435,458,402,386,409,332,323,323,302,296,234,229,241,267,291,250,239,239,227,222,164,153,164,153,120,151,141,112,168,185,135,108,116,139,145,136,110,93,67,70,127,137,79,73,106,147,142,106,99,135,158,201,213,175,161,150,123,125,118,95,77,85,113,148,125,110,153,144,110,94,93,122,139,131,110,125,124,104,80,69,56,67,76,74,65,49,51,72,86,52,66,107,123,102,123,123,133,102,86,114,88,70,53,46,47,47,46,58,64,58,71,63,35,67,34,25,50,55,52,41,30,16,15,36,42,32,32,30,30,14,16,12,24,44,36,20,22,12,10,27,29,20,12,28,28,18,26,28,30,41,64,58,36,40,40,46,53,50,55,51,36,18,16,8,23,32,48,36,40,49,53,31,18,8,2,14,16,6,12,15,13,18,14,11,12,20,38,34,23,22,26,23,19,20,30,55,41,38,49,29,12,33,42,20,14,16,10,14,14,14,10,10,12,16,17,22,19,14,14,48,34,7,0,12,16,10,6,6,2,2,0,0,8,12,10,6,4,0,0,7,9,4,10,6,0,0,0,4,4,0,8,10,8,12,8,4,0,0,0
000045.bin,conv3,4,11x400x352,0,200,DatasetTemplate.prepare_data(raw_points),False,raw,15000,1548800,15821,0.010215005165289255,0.9897849948347107,0,0,0,0,0,0,0,0,0,0,0,0,0,0,0,0,0,0,0,0,0,0,0,0,0,0,0,0,0,0,0,0,0,0,0,0,0,0,0,0,0,0,24,26,25,12,12,12,12,8,0,0,0,0,0,0,0,0,0,0,0,0,0,0,0,0,0,0,22,44,116,137,148,145,120,104,144,251,390,515,492,281,142,91,90,58,62,76,105,161,186,155,151,183,174,115,104,116,104,76,74,93,86,96,87,77,56,69,105,139,111,65,67,65,61,70,85,103,107,75,76,65,76,66,64,60,75,103,110,104,119,106,78,92,84,70,76,87,82,86,83,87,88,99,91,87,82,93,94,81,76,78,75,63,74,60,63,81,71,61,78,75,82,79,136,128,72,64,61,58,57,40,43,43,42,34,36,39,46,44,39,38,40,59,62,67,58,42,33,37,38,47,43,47,44,36,36,37,30,56,59,48,39,22,24,37,52,63,64,54,44,23,24,24,17,27,32,20,22,15,67,74,23,27,38,43,54,73,59,42,44,34,44,46,31,29,20,22,16,35,41,28,22,12,14,16,30,36,53,50,47,38,38,40,24,13,12,13,15,13,14,15,13,14,22,17,13,16,14,13,13,13,29,22,14,21,14,25,29,14,14,9,17,16,12,4,6,5,2,0,4,2,4,7,10,8,17,18,15,26,37,22,8,8,13,10,4,6,25,23,22,18,21,22,17,13,18,22,30,26,20,4,4,21,43,28,2,4,12,15,17,10,20,10,14,16,20,25,27,15,20,14,30,46,30,8,13,15,10,12,4,8
000046.bin,conv3,4,11x400x352,0,200,DatasetTemplate.prepare_data(raw_points),False,raw,15000,1548800,13394,0.008647985537190083,0.99135201446281,0,0,0,0,0,0,0,0,0,0,0,0,0,0,0,0,0,0,0,0,0,0,0,0,0,0,0,26,47,54,78,89,98,96,93,81,66,67,64,53,47,45,36,36,43,65,62,60,44,35,32,34,36,33,30,11,30,30,45,103,108,91,80,103,121,132,169,324,301,111,79,114,166,212,201,146,84,77,80,63,45,52,110,160,380,391,120,68,38,53,45,36,38,62,95,97,112,84,64,40,34,44,48,43,38,37,22,28,35,28,23,26,24,24,20,36,37,36,68,113,109,84,135,165,141,99,90,84,95,89,88,71,67,79,88,80,116,119,75,60,46,47,40,50,67,64,65,69,58,67,51,29,32,38,58,63,71,77,72,69,53,60,50,38,44,48,42,63,46,66,57,46,23,20,26,12,19,32,26,32,49,42,41,45,32,16,20,18,39,41,23,40,30,4,20,28,39,33,36,35,28,21,22,21,25,24,27,18,24,34,29,30,35,32,11,18,28,19,18,12,6,10,16,10,4,4,10,14,14,18,16,12,10,10,10,4,8,10,8,8,7,3,2,3,7,9,7,2,1,6,11,13,12,12,8,9,10,6,6,12,14,16,18,12,4,8,10,10,4,5,5,12,14,16,37,42,18,16,18,14,8,4,4,8,8,4,0,0,4,4,0,0,0,0,0,0,0,0,0,0,4,4,4,24,18,18,28,20,6,6,8,6,6,0,0,0,0,0,0,8,2,0,0,8,10,2,8,12,41,43,6,6,6,6,6,6,4,0,0,0,6,0,0,0,0,11,4,0,0,0,0,0
000047.bin,conv3,4,11x400x352,0,200,DatasetTemplate.prepare_data(raw_points),False,raw,15000,1548800,17093,0.011036286157024794,0.9889637138429752,0,0,0,0,0,0,0,0,0,0,0,0,0,0,0,0,0,0,0,0,0,0,0,0,0,0,0,0,0,0,8,26,44,65,108,140,197,220,222,176,160,165,171,167,152,136,152,109,80,74,59,69,88,96,91,68,89,109,90,67,58,61,55,69,62,67,63,55,52,48,38,46,51,52,41,30,72,114,153,193,184,189,190,188,149,121,93,116,96,68,53,38,21,24,36,49,54,50,36,33,36,39,25,30,68,100,74,39,34,36,39,35,88,136,88,48,39,59,79,107,131,102,70,64,92,102,82,63,62,67,81,141,107,38,30,38,33,27,15,10,0,10,63,72,28,14,16,15,17,18,18,14,13,13,16,32,37,53,53,43,39,26,33,39,42,34,36,38,91,100,96,75,52,71,76,55,66,69,37,58,65,60,94,143,159,173,161,164,184,231,229,279,275,278,206,238,302,365,336,240,18,17,17,21,24,20,10,15,19,25,28,27,26,30,25,19,16,20,24,16,33,59,44,30,28,25,19,17,8,16,18,25,34,26,16,20,26,31,19,20,18,20,14,10,12,21,14,22,21,17,14,18,16,13,11,12,16,28,22,6,2,0,4,10,17,13,18,24,18,14,14,16,17,21,14,6,10,8,10,16,15,18,15,13,24,15,8,19,20,14,16,12,17,9,16,14,14,18,18,4,6,4,8,8,0,6,6,0,4,12,12,14,21,20,13,10,6,2,0,0,4,4,6,10,10,4,2,2,2,8,16,19,11,8,4,4,8,6,2,4,4,0,0,0,0,0,0,0,4,4,4,4
000048.bin,conv3,4,11x400x352,0,200,DatasetTemplate.prepare_data(raw_points),False,raw,15000,1548800,13785,0.008900439049586777,0.9910995609504132,0,0,0,0,0,0,0,0,0,0,0,0,0,0,0,0,8,8,7,0,0,0,1,19,52,77,96,95,137,136,134,141,115,123,117,87,55,45,38,50,62,61,54,70,94,93,125,138,127,95,89,88,122,133,133,117,119,94,76,80,77,80,71,89,100,120,123,125,113,114,128,117,100,104,88,91,90,79,84,82,91,116,125,114,106,111,107,108,104,124,107,101,114,111,98,75,53,40,40,51,61,62,60,83,88,91,99,82,56,47,58,65,82,104,93,77,58,99,123,107,67,72,91,108,76,58,32,34,78,94,70,100,95,59,44,36,31,38,42,67,108,106,102,95,92,69,57,44,67,53,48,38,17,26,23,37,50,60,87,90,55,52,67,61,58,47,23,22,14,12,25,37,23,14,5,16,25,26,31,22,30,40,23,33,55,60,46,24,25,22,19,15,26,23,24,24,18,14,11,9,8,6,0,0,4,12,16,10,4,0,2,4,4,6,8,10,2,4,4,0,0,4,4,0,0,0,0,0,0,4,0,0,0,0,0,6,18,17,14,17,13,0,0,0,0,0,0,0,4,4,0,14,18,10,27,40,26,18,37,31,12,5,19,23,27,20,10,16,16,6,0,8,18,16,9,0,4,8,4,6,15,16,0,4,4,0,8,10,14,10,6,10,8,4,2,6,6,0,0,2,2,0,4,8,4,0,0,0,4,17,18,11,4,0,0,0,2,2,0,0,0,0,0,0,0,0,0,0,0,13,13,9,17,15,4,0,0,0,0,8,17,10,4,4,4,6,0,22,26,22,13,6
000049.bin,conv3,4,11x400x352,0,200,DatasetTemplate.prepare_data(raw_points),False,raw,15000,1548800,12928,0.008347107438016529,0.9916528925619835,0,0,0,0,0,0,0,0,0,0,0,0,0,0,0,0,0,2,10,17,14,6,8,11,7,2,0,0,0,0,0,0,0,0,0,0,0,2,42,50,50,55,65,74,72,50,28,14,9,6,4,10,12,15,10,19,17,14,14,22,19,17,29,79,96,85,108,175,213,180,137,144,146,130,124,117,87,76,84,145,179,218,210,171,151,247,502,547,315,191,127,123,129,130,97,94,95,71,44,49,69,89,86,110,145,149,114,91,95,78,70,68,52,56,56,61,69,97,95,68,64,67,62,74,69,61,77,86,80,85,79,76,76,55,48,62,109,85,73,50,22,0,6,6,14,13,23,42,36,16,12,8,6,10,16,130,204,147,101,51,34,26,63,75,63,47,23,14,5,10,26,33,30,25,43,35,36,42,41,31,26,22,27,22,22,28,36,34,26,42,35,33,24,26,16,15,19,16,26,20,11,20,12,14,21,31,24,14,20,14,15,15,16,13,12,19,15,10,10,19,24,26,31,41,36,24,16,10,8,12,6,10,14,14,14,14,10,10,10,16,14,13,11,10,11,11,4,0,4,0,0,0,4,4,0,4,8,8,17,14,0,0,4,9,8,0,6,15,11,11,7,13,16,10,9,4,4,6,6,9,6,0,0,0,0,0,0,0,0,0,0,8,8,0,0,0,8,8,0,4,4,0,0,0,0,0,4,4,0,0,0,0,0,0,0,0,4,4,0,8,8,0,0,0,0,0,0,0,0,0,0,0,0,0,0,4,10,10,6,4,4,0,0,0,0,4,4,0,0,0,0,0
000050.bin,conv3,4,11x400x352,0,200,DatasetTemplate.prepare_data(raw_points),False,raw,15000,1548800,9310,0.006011105371900826,0.9939888946280991,0,0,0,0,0,0,0,0,0,0,0,0,0,1,3,2,2,0,0,0,0,0,0,0,9,48,134,182,100,46,26,26,28,33,28,30,18,22,24,49,68,83,90,106,114,122,127,141,171,183,140,102,68,87,125,136,116,70,47,49,58,79,82,76,61,52,58,53,43,45,45,35,36,41,47,45,46,39,34,26,26,23,21,39,41,23,16,20,32,38,37,36,39,43,51,54,50,41,36,54,67,59,51,53,40,33,29,30,35,49,60,62,49,40,39,35,50,60,52,47,37,35,29,34,34,36,35,35,32,31,30,30,26,20,21,26,28,29,28,24,25,25,26,22,16,30,36,26,16,31,40,47,49,49,46,44,30,36,39,48,53,39,33,47,47,37,29,34,38,32,32,35,23,20,15,15,15,17,15,14,20,30,32,24,22,13,21,12,10,8,12,18,22,26,35,29,25,19,8,6,4,6,6,12,20,16,12,16,8,4,6,4,21,21,5,7,9,9,4,9,10,12,9,7,11,12,5,6,9,3,7,7,14,12,10,4,8,14,20,25,14,4,2,11,15,15,8,8,9,16,12,10,13,10,8,10,12,17,18,17,10,8,14,17,11,8,9,6,9,10,9,8,6,3,7,5,12,9,7,8,9,6,0,0,0,0,0,0,4,14,11,6,10,12,8,11,23,32,23,17,10,6,7,5,5,10,8,7,5,6,9,10,9,9,8,21,25,18,20,12,0,0,0,0,10,10,4,0,5,5,6,19,18,8,10,12,10,10,10,8,8,9,10,8,10,8,7,6,4,4,4,2
000051.bin,conv3,4,11x400x352,0,200,DatasetTemplate.prepare_data(raw_points),False,raw,15000,1548800,27347,0.017656895661157024,0.982343104338843,0,0,0,0,0,0,0,0,0,0,0,0,0,0,0,0,0,0,2,0,0,0,0,0,0,0,0,0,0,0,0,0,0,0,0,0,0,0,0,0,0,0,0,0,0,0,0,0,2,6,6,4,0,0,0,4,8,10,6,4,4,4,0,0,10,27,42,81,95,106,126,134,127,133,169,193,189,175,161,152,157,142,157,151,175,169,136,153,167,139,120,111,152,156,134,125,126,137,157,149,138,141,110,86,83,94,87,75,68,51,59,197,237,102,100,123,142,104,106,120,250,362,298,196,181,207,170,134,176,205,207,203,191,173,184,222,243,196,237,252,281,342,332,303,342,345,267,225,182,169,173,197,173,199,202,191,199,208,226,239,251,273,247,258,285,286,254,246,294,426,661,588,194,174,161,122,126,139,161,154,140,129,144,148,141,126,122,122,118,128,181,199,205,184,193,194,144,104,75,79,82,59,49,41,24,37,38,34,43,31,34,44,45,36,48,57,42,57,73,60,35,40,32,29,32,34,30,22,20,23,27,26,34,19,36,46,16,11,20,18,7,7,9,17,36,33,38,40,34,38,42,23,28,58,44,47,18,6,9,10,8,0,0,0,0,0,0,2,2,0,0,0,0,0,52,97,29,17,15,16,6,10,8,6,6,22,25,16,23,15,6,10,15,23,17,18,26,12,18,34,37,17,10,7,9,6,10,8,2,0,0,0,0,0,0,8,4,0,0,10,10,6,15,21,12,4,4,0,11,17,11,10,2,4,4,0,0,0,0,0,10,19,9,0,0,10,12,12,18,16,15,11
000052.bin,conv3,4,11x400x352,0,200,DatasetTemplate.prepare_data(raw_points),False,raw,15000,1548800,20927,0.01351175103305785,0.9864882489669422,0,0,0,0,0,0,0,0,0,0,0,0,0,0,0,0,0,0,0,0,0,0,0,0,0,0,0,0,0,0,0,0,0,0,0,0,0,0,0,0,0,0,0,0,0,0,0,0,8,11,13,18,32,46,51,73,70,73,57,65,59,55,32,16,17,50,89,100,79,93,86,85,96,95,77,98,115,106,109,99,107,116,137,190,249,280,299,301,274,255,250,273,307,305,284,275,266,270,280,258,262,265,255,252,280,257,263,272,272,261,209,173,178,216,179,149,146,162,175,162,175,196,147,136,151,149,123,122,126,96,102,148,166,112,119,100,107,97,61,40,37,54,62,52,61,78,94,77,81,85,77,66,67,59,75,85,93,75,69,71,82,66,65,94,137,160,118,82,74,67,60,87,110,121,116,88,65,75,81,87,67,60,63,53,76,84,96,84,39,20,30,38,53,57,68,57,23,23,17,10,10,0,8,12,18,31,35,37,33,20,20,20,25,20,24,37,31,15,20,30,24,29,32,19,27,56,69,52,43,46,44,42,45,48,34,30,26,14,16,12,13,12,22,12,12,17,42,43,28,38,24,38,51,49,43,29,32,25,31,28,28,25,27,26,23,32,23,23,8,0,0,0,4,21,25,27,25,23,24,23,21,23,16,0,6,6,4,0,0,0,15,25,29,24,28,30,23,20,7,17,20,14,15,15,22,25,15,22,20,13,17,15,17,18,15,15,13,11,11,9,0,0,0,0,0,0,0,0,0,0,0,0,0,0,0,0,0,0,0,0,0,0,0,0,0,0,0,0,0,0,0,0
000053.bin,conv3,4,11x400x352,0,200,DatasetTemplate.prepare_data(raw_points),False,raw,15000,1548800,12539,0.008095945247933884,0.9919040547520661,0,0,0,0,0,0,0,0,0,0,1,31,38,16,17,17,17,17,18,16,16,10,8,10,11,9,7,6,40,163,191,197,182,172,137,133,123,90,61,52,50,57,44,40,55,84,114,120,96,73,70,60,60,59,71,63,54,52,42,45,58,61,60,93,88,85,103,115,119,124,127,146,153,124,109,117,114,86,63,92,115,97,73,74,71,95,97,80,92,86,90,82,59,49,61,61,69,63,65,74,73,76,59,71,73,64,87,83,74,78,73,79,70,53,48,44,42,71,60,51,55,76,35,16,14,16,16,22,30,21,20,20,12,17,44,71,81,94,105,98,83,77,67,57,54,64,67,53,61,55,35,27,21,19,23,27,24,29,45,51,44,42,41,56,48,54,55,36,26,47,72,71,50,29,17,12,16,19,25,30,23,23,32,45,46,32,25,28,37,37,28,29,16,6,12,21,25,27,21,14,13,17,14,19,16,17,16,19,38,31,30,26,23,20,16,16,18,27,28,1,6,15,10,16,16,16,17,14,15,18,15,9,14,22,35,49,70,52,41,32,19,12,8,3,4,4,4,4,2,2,2,0,2,24,25,11,12,14,2,0,8,14,17,21,22,21,13,13,10,6,4,4,4,6,2,0,0,4,4,0,0,10,6,6,6,0,0,0,8,14,8,0,0,0,0,0,0,0,0,4,12,10,0,8,6,8,8,8,4,4,4,6,4,4,4,8,4,0,0,4,4,0,0,0,0,0,0,0,0,0,0,0,0,0,0,0,0,0,0,0,0,0,0,0,0,0,0,0,0,0,0,0
000054.bin,conv3,4,11x400x352,0,200,DatasetTemplate.prepare_data(raw_points),False,raw,15000,1548800,11103,0.007168775826446281,0.9928312241735537,0,0,0,0,0,0,0,0,0,0,0,0,0,0,0,6,6,6,4,4,4,0,4,4,8,19,19,8,6,6,4,14,13,33,57,147,138,94,58,62,52,72,70,41,38,36,28,30,30,39,41,51,34,26,20,33,61,99,161,196,188,181,209,191,216,241,220,208,232,224,265,274,291,330,316,296,273,262,252,238,176,139,141,144,130,94,89,69,65,153,157,172,186,98,65,39,63,51,31,38,42,34,34,53,52,62,50,59,79,116,145,172,170,124,101,70,72,86,74,59,42,40,46,24,18,19,17,28,28,26,16,14,12,7,2,10,4,2,0,0,0,4,6,14,18,8,0,0,6,6,6,8,6,5,5,0,0,0,5,10,4,0,0,0,4,4,0,0,0,0,0,0,0,0,0,0,0,0,0,4,4,0,0,0,0,0,0,0,0,0,0,0,0,0,0,4,4,0,0,0,12,11,1,0,0,0,0,0,0,0,0,0,0,0,0,0,0,0,0,0,0,0,0,0,0,0,0,0,0,0,4,0,0,0,0,0,0,0,0,0,0,0,0,0,0,0,4,4,0,0,0,0,0,0,0,7,9,0,0,0,0,0,0,0,0,0,0,0,0,0,0,0,0,0,0,0,0,0,0,0,4,4,0,0,0,0,0,0,0,0,0,0,0,0,0,0,0,0,4,6,0,0,0,0,0,0,0,0,0,0,0,0,0,0,0,0,0,0,0,0,0,0,0,0,0,0,0,0,0,0,0,0,0,0,0,0,0,0,0,0,0,0,0,0,0,0,0,0,0,0,0,0
000055.bin,conv3,4,11x400x352,0,200,DatasetTemplate.prepare_data(raw_points),False,raw,15000,1548800,28128,0.018161157024793387,0.9818388429752066,0,0,0,0,0,0,0,0,0,0,0,0,0,0,0,0,0,0,0,0,0,4,11,18,31,28,41,57,74,86,81,81,86,76,59,64,74,74,64,59,41,53,57,41,29,27,30,25,9,4,0,0,6,8,10,10,27,43,57,55,56,67,50,65,81,69,62,59,53,72,90,95,93,100,88,90,87,73,64,79,77,84,70,57,49,52,52,43,40,59,77,80,80,79,94,86,78,81,83,89,98,90,88,110,114,100,77,88,111,98,90,93,86,208,324,318,223,230,193,137,135,144,156,161,126,93,76,85,92,73,98,93,68,44,62,63,99,130,106,84,96,110,150,214,262,400,481,482,473,523,467,402,385,378,383,342,352,336,312,308,282,291,265,285,299,270,222,212,193,148,181,183,191,194,249,238,229,207,197,231,251,213,191,221,163,137,114,131,120,113,106,75,86,100,108,100,80,67,68,77,81,84,64,73,80,92,92,58,64,56,50,54,59,51,40,45,53,49,53,32,10,21,33,40,43,44,33,23,28,29,19,23,27,31,38,36,41,65,67,48,45,46,34,38,44,57,52,40,28,46,48,57,50,50,59,46,38,48,22,43,32,35,44,40,27,23,18,15,14,15,11,22,22,30,34,39,46,65,92,86,52,30,46,41,44,47,34,45,39,44,42,27,27,18,14,10,10,8,17,29,12,7,13,27,35,20,24,25,20,12,13,14,14,12,11,12,12,9,16,14,16,29,24,18,12,12,15,6,10,6,6,11,6,2,12,26,24,24,12,6,8,6,2,4,8,4,4,7,6,10,1,4
000056.bin,conv3,4,11x400x352,0,200,DatasetTemplate.prepare_data(raw_points),False,raw,15000,1548800,30394,0.01962422520661157,0.9803757747933884,0,0,0,0,0,0,0,0,0,0,0,0,0,0,0,0,0,0,0,0,0,0,0,0,0,0,0,0,0,0,0,0,0,4,6,4,6,6,12,12,22,28,30,35,53,67,77,80,103,133,130,122,118,119,87,91,90,105,126,160,194,214,241,274,291,301,314,278,217,214,225,233,255,230,235,242,234,235,211,291,302,303,263,222,227,259,234,207,223,268,234,199,180,136,109,94,95,121,136,116,116,144,180,187,183,235,258,262,261,221,213,175,194,233,262,237,235,205,182,156,140,186,181,198,189,190,192,182,221,257,224,180,184,201,218,226,193,201,217,218,206,205,204,220,234,227,199,196,184,151,153,150,193,239,212,200,196,184,180,160,171,176,156,116,113,118,104,87,79,87,94,89,79,90,119,156,183,184,181,165,136,105,111,95,109,85,57,96,109,108,81,57,54,67,65,54,66,66,80,100,61,43,69,54,43,46,59,54,47,16,25,32,21,37,63,47,24,26,38,33,18,14,12,20,23,26,19,21,27,26,38,41,70,56,24,15,8,28,44,57,53,54,55,47,33,42,48,64,52,31,22,12,21,22,17,10,6,15,20,18,20,18,6,0,4,22,36,30,30,10,21,13,20,36,10,16,31,29,8,16,24,16,12,17,27,29,22,34,23,33,40,22,14,8,16,26,31,28,15,3,2,2,4,6,5,4,4,0,2,7,22,41,29,24,28,30,16,21,17,6,4,0,4,4,8,10,12,8,6,4,12,16,18,27,12,4,7,8,0,0,0,0,0,0,22,32,8,14,22,8,6,4
000057.bin,conv3,4,11x400x352,0,200,DatasetTemplate.prepare_data(raw_points),False,raw,15000,1548800,12567,0.008114023760330578,0.9918859762396695,0,0,0,0,0,0,0,0,0,0,0,0,0,0,0,0,0,0,10,12,35,56,62,47,44,40,49,72,111,113,99,81,79,72,74,59,55,52,46,32,21,14,18,26,34,35,31,50,68,98,90,84,106,109,113,130,149,160,159,158,157,155,161,154,148,135,110,131,116,120,135,156,131,110,102,94,94,97,95,85,72,86,85,80,91,93,89,89,93,101,103,81,56,49,62,73,55,73,78,102,82,76,68,73,79,67,80,72,56,35,41,40,37,27,12,9,14,15,13,13,12,16,21,29,38,37,39,35,35,31,38,51,76,91,96,90,86,73,56,50,36,34,32,36,58,62,66,51,29,32,28,38,33,33,38,39,55,57,37,45,61,56,48,55,33,18,12,16,16,8,6,8,18,41,39,27,58,74,71,37,20,22,27,12,11,13,18,23,24,40,29,10,14,10,14,17,11,12,13,14,31,30,25,26,20,29,23,11,25,34,18,10,4,2,14,6,10,8,16,20,21,14,12,20,52,65,45,32,24,18,10,14,50,39,30,22,16,6,8,13,18,17,18,32,35,29,23,11,6,16,29,19,10,12,16,6,4,10,13,14,16,16,10,14,4,4,8,4,6,6,4,2,0,2,4,6,6,8,2,10,10,0,10,10,8,8,4,4,0,8,11,4,0,6,10,16,16,9,14,14,10,7,4,0,2,5,8,6,0,0,0,2,3,2,0,0,0,0,0,0,0,0,0,0,0,6,6,4,2,0,0,0,0,0,4,6,4,0,0,0,14,27,28,15,12,15,8,0,0,0,4,4
000058.bin,conv3,4,11x400x352,0,200,DatasetTemplate.prepare_data(raw_points),False,raw,15000,1548800,10955,0.007073217975206611,0.9929267820247933,0,0,0,0,0,0,0,0,0,0,0,0,0,0,0,0,0,0,2,2,0,12,10,18,19,23,23,13,20,26,20,14,13,32,59,139,137,103,64,59,49,59,68,47,42,41,39,36,31,31,40,51,48,44,34,31,67,92,143,188,186,198,214,208,212,239,214,210,226,231,251,279,282,323,315,256,237,241,244,205,164,126,146,145,127,105,90,80,67,151,162,191,210,90,51,27,59,41,38,30,32,37,40,51,41,57,47,45,70,117,146,176,163,136,98,69,61,72,59,57,47,25,29,16,16,18,20,15,24,29,28,34,8,6,6,6,4,0,0,0,0,2,0,12,18,12,14,8,6,4,6,4,0,0,0,0,2,4,9,9,0,0,0,0,4,4,0,0,0,0,0,0,0,0,0,0,0,0,0,0,0,0,0,0,1,1,0,0,0,0,0,0,0,0,0,4,4,0,0,0,10,10,1,0,0,0,0,0,0,0,0,0,0,0,0,0,0,0,0,0,0,0,0,0,0,0,0,0,0,0,7,4,0,0,0,0,0,0,0,0,0,0,0,0,0,0,4,4,0,0,0,0,0,0,0,3,7,0,0,0,0,0,0,0,0,0,0,0,0,0,0,0,0,0,0,0,0,0,0,0,0,0,0,0,0,0,0,0,0,0,0,0,0,0,0,0,0,4,4,4,0,0,0,0,0,0,0,0,0,0,0,0,0,0,0,0,0,0,0,0,0,0,0,0,0,0,0,0,0,0,0,0,0,0,0,0,0,0,0,0,0,0,0,0,0,0,0,0,0,0,0,0
000059.bin,conv3,4,11x400x352,0,200,DatasetTemplate.prepare_data(raw_points),False,raw,15000,1548800,31708,0.02047262396694215,0.9795273760330578,0,0,0,0,0,0,0,0,0,0,0,0,0,0,0,0,0,0,0,0,0,0,0,0,0,0,0,0,0,0,0,0,0,0,0,0,0,0,12,12,2,0,0,6,15,16,13,0,0,0,0,0,0,0,0,0,0,0,0,0,0,0,0,0,0,0,2,30,56,66,82,85,71,65,64,70,74,88,89,95,92,89,134,153,207,238,250,273,335,335,373,338,273,226,204,175,141,148,158,151,149,153,170,193,206,220,211,215,194,179,194,199,205,211,213,189,222,247,239,222,179,132,139,154,150,140,155,159,143,172,171,155,134,131,154,202,221,228,247,247,216,217,227,217,203,198,182,178,179,159,183,172,143,120,95,84,109,148,171,172,211,203,190,185,169,159,131,160,196,174,150,147,115,100,91,108,129,172,181,165,145,153,105,127,147,132,185,260,301,355,398,449,397,364,365,357,300,250,211,193,63,76,112,101,153,182,182,265,302,281,220,196,127,114,112,98,96,97,101,109,96,64,66,66,52,62,48,46,42,30,28,31,48,55,60,70,63,57,53,45,61,69,71,72,69,67,64,65,59,44,56,39,24,26,12,13,20,36,46,44,14,35,52,43,34,30,25,17,21,37,25,26,40,54,70,59,53,61,62,54,45,59,34,9,36,37,16,11,13,24,32,37,29,16,20,30,32,17,12,13,19,24,28,31,46,29,10,15,22,22,22,36,37,35,23,9,8,8,18,31,23,18,14,8,6,10,12,13,2,8,12,4,8,10,11,8,4,0,4,4,4,12,14,10,12,20,34,25,24,30,36,22
000060.bin,conv3,4,11x400x352,0,200,DatasetTemplate.prepare_data(raw_points),False,raw,15000,1548800,22990,0.01484375,0.98515625,0,0,0,0,0,0,0,0,0,0,0,0,0,0,0,0,0,0,0,0,0,0,0,0,0,0,0,0,0,0,0,8,11,8,0,0,0,0,0,0,0,4,6,4,4,17,16,18,30,30,32,38,36,44,44,51,47,53,49,33,13,18,16,27,33,46,50,123,245,269,188,110,67,59,63,64,78,97,115,133,123,114,75,67,68,70,79,82,112,136,112,104,78,63,64,95,104,99,95,83,62,114,158,174,220,170,187,241,273,265,266,289,347,369,341,317,321,314,339,434,360,210,184,200,178,185,205,212,188,181,156,146,141,127,110,125,141,164,169,160,132,100,93,102,114,133,121,110,110,139,143,123,98,83,99,75,102,128,92,97,145,129,127,151,155,170,165,156,153,141,125,131,138,109,98,112,115,93,90,99,93,101,87,99,98,100,104,97,75,84,73,84,78,73,80,61,38,40,47,45,55,72,86,69,58,67,56,39,51,70,52,21,12,28,46,77,76,70,72,75,50,30,22,16,10,12,12,21,25,27,10,4,4,4,6,9,14,27,31,21,15,27,27,20,31,31,31,54,37,48,64,62,40,32,28,30,36,41,28,17,10,22,30,26,24,43,44,24,18,8,12,23,22,14,14,17,26,18,22,42,58,45,38,32,16,19,13,15,7,15,16,10,20,32,42,33,23,6,20,21,14,6,10,23,16,10,14,20,16,18,26,14,19,10,4,6,4,19,20,16,12,12,4,0,6,12,11,29,33,13,0,4,10,6,12,10,6,8,0,0,0,4,6,8,8,2,2,0,2,4,2,17
000061.bin,conv3,4,11x400x352,0,200,DatasetTemplate.prepare_data(raw_points),False,raw,15000,1548800,12741,0.008226368801652893,0.9917736311983472,0,0,0,0,0,0,0,0,0,0,0,0,0,0,0,0,0,0,0,0,0,0,0,0,0,0,0,0,0,0,0,0,0,0,2,2,0,0,0,0,0,0,40,81,90,76,64,66,67,71,70,58,50,53,77,103,99,87,77,63,63,83,130,157,206,199,188,186,158,109,99,79,89,106,119,110,115,195,254,200,191,199,198,204,202,189,165,162,168,171,157,115,109,105,131,114,83,99,97,74,84,84,89,116,111,98,76,62,57,71,69,54,48,56,48,71,72,60,46,44,39,43,77,70,48,35,33,42,50,38,48,50,47,44,36,40,43,52,66,62,36,34,31,35,45,40,33,27,28,70,61,36,31,28,38,41,27,27,19,18,48,68,36,12,14,20,41,46,36,25,29,18,12,16,44,58,32,36,29,62,69,44,46,49,35,39,56,57,39,36,37,29,19,24,37,36,41,32,21,14,13,8,8,0,9,10,14,15,13,7,14,14,0,2,2,0,14,16,18,10,9,16,24,23,40,75,94,67,91,84,55,26,27,29,33,16,11,10,9,4,12,12,4,5,6,0,15,17,5,12,10,4,0,4,8,12,12,10,13,4,0,4,0,0,0,4,6,0,0,0,0,0,0,0,0,0,0,0,0,0,0,0,0,0,0,0,0,0,0,0,0,0,0,0,0,0,0,2,2,0,0,16,12,0,0,0,0,0,0,0,0,0,0,0,0,0,0,0,0,0,0,0,0,0,0,0,0,0,0,0,0,0,0,0,0,0,0,0,0,0,0,0,0,0,0,0,0,0,0,0,0,0
000062.bin,conv3,4,11x400x352,0,200,DatasetTemplate.prepare_data(raw_points),False,raw,15000,1548800,13336,0.008610537190082644,0.9913894628099174,0,0,0,0,0,0,0,0,0,0,0,0,0,0,0,0,0,0,0,0,0,0,0,0,0,0,0,0,0,17,48,61,64,68,65,59,52,54,39,28,16,12,22,20,12,10,10,12,17,24,19,21,20,16,8,20,47,110,132,132,113,85,85,81,82,69,85,94,105,87,83,99,101,96,77,69,56,64,67,108,140,140,110,98,78,77,87,94,114,114,123,123,114,114,96,111,107,93,97,113,121,125,124,124,141,148,132,123,113,88,67,75,90,97,107,111,96,88,82,87,81,69,79,79,72,68,61,63,54,50,47,56,53,38,44,57,53,36,46,57,48,51,60,57,55,50,29,28,26,42,50,37,34,27,32,54,57,45,44,51,57,50,37,30,44,52,47,31,30,23,39,49,37,70,116,120,96,75,78,73,52,23,32,45,55,36,21,16,16,10,14,16,43,91,99,50,37,54,55,41,22,16,12,8,0,0,0,12,32,38,29,20,38,44,29,24,24,26,31,25,27,27,33,28,19,13,15,19,22,17,20,21,16,17,20,21,18,29,47,52,43,30,3,4,8,8,21,19,9,12,8,15,13,22,17,20,29,27,27,24,27,23,12,10,4,0,0,0,0,0,0,0,0,0,0,0,0,0,0,2,2,0,0,0,6,10,6,4,0,0,2,4,4,2,2,2,2,3,3,3,2,2,2,2,2,1,1,0,2,0,1,1,0,0,0,0,0,0,0,20,45,59,66,66,50,41,35,40,37,18,18,16,17,9,9,10,9,16,4,4,10,15,8,10,14,11,6,8,13,6,0,4
000063.bin,conv3,4,11x400x352,0,200,DatasetTemplate.prepare_data(raw_points),False,raw,15000,1548800,12417,0.00801717458677686,0.9919828254132231,0,0,0,0,0,0,0,0,0,0,0,0,0,0,0,0,0,10,29,39,30,27,31,30,29,22,26,44,61,99,109,99,109,125,137,122,100,94,86,61,75,73,89,89,94,101,98,65,24,21,28,41,57,59,66,61,60,53,35,26,34,34,61,73,85,93,88,64,36,35,20,29,72,108,140,141,150,154,129,119,127,119,123,138,143,127,107,100,93,94,78,69,67,73,80,89,76,63,54,51,59,63,59,59,58,55,57,51,50,60,55,60,58,49,41,34,48,60,69,73,60,39,48,56,63,40,52,94,87,88,81,68,43,22,20,23,31,35,36,35,54,56,33,29,29,24,34,46,59,63,59,59,49,51,51,50,36,28,20,23,21,19,17,34,61,65,68,72,54,42,42,43,36,25,15,20,31,47,48,59,56,43,28,24,22,29,36,30,34,16,17,25,18,16,26,19,13,17,15,14,8,16,20,15,20,24,22,14,16,11,12,14,32,37,26,37,60,39,27,23,27,24,14,6,14,20,17,24,30,20,10,30,40,43,47,36,39,39,40,37,36,30,25,34,27,28,12,12,14,12,8,8,6,8,9,6,8,4,0,0,0,0,0,0,0,0,0,0,0,0,0,6,9,17,19,11,8,25,24,4,0,0,4,8,8,8,2,0,0,0,0,0,4,4,0,0,0,0,0,0,0,0,0,4,4,0,0,0,10,20,10,0,0,0,0,0,0,0,0,0,0,0,10,12,6,4,2,2,0,2,12,18,33,23,4,24,19,14,13,24,19,14,7,0,6,16,10,0,4,4,4,6
000064.bin,conv3,4,11x400x352,0,200,DatasetTemplate.prepare_data(raw_points),False,raw,15000,1548800,25295,0.016331998966942148,0.9836680010330578,0,0,0,0,0,0,0,0,0,0,0,0,0,0,0,0,0,9,10,10,7,0,0,0,0,0,0,0,0,0,0,0,0,0,6,8,11,8,0,0,0,0,0,0,10,14,21,19,0,0,0,0,3,11,27,33,27,16,8,23,28,27,28,42,117,155,125,126,122,112,83,85,117,127,150,171,192,167,160,150,145,146,142,143,124,136,155,164,183,182,173,155,169,172,207,212,218,191,161,182,232,202,181,162,165,164,172,180,137,126,125,151,167,160,179,201,184,174,161,152,159,159,219,226,157,145,143,140,121,114,118,144,150,174,250,188,105,93,82,85,83,84,86,86,117,119,120,132,100,85,131,170,169,138,110,106,141,132,145,180,200,209,205,200,209,187,172,145,144,132,131,154,160,170,164,182,166,164,156,186,247,270,249,191,168,186,184,198,195,152,152,156,194,176,120,145,142,111,132,109,52,24,28,23,19,16,18,6,15,25,22,10,10,10,16,22,18,26,22,30,39,43,44,30,24,34,42,40,40,58,30,32,42,23,23,10,4,12,20,10,12,10,7,7,5,5,10,10,43,40,18,21,26,12,3,8,16,28,41,38,24,24,22,32,34,36,34,26,17,8,9,20,21,16,22,21,23,28,25,30,25,20,25,37,29,37,41,39,29,12,18,16,22,31,36,24,16,12,16,19,40,44,33,43,38,28,24,50,54,30,29,53,68,72,56,26,38,46,37,29,21,16,14,14,14,19,29,26,23,39,28,46,46,23,4,6,0,4,4,8,4,0,6,16,28,20,10,14,4,0,0,4
000065.bin,conv3,4,11x400x352,0,200,DatasetTemplate.prepare_data(raw_points),False,raw,15000,1548800,7835,0.005058755165289256,0.9949412448347107,0,0,0,0,0,0,0,0,0,0,0,0,0,0,0,0,0,0,0,0,0,0,0,0,8,12,37,62,199,208,145,77,43,44,48,57,84,91,67,55,72,70,56,53,55,64,56,51,61,99,91,65,46,30,49,56,87,101,63,48,48,56,51,53,41,53,48,46,28,29,29,25,49,62,62,62,48,53,51,30,16,18,23,20,38,46,35,22,25,63,73,51,81,93,90,100,107,66,58,60,46,59,92,46,19,13,34,39,52,91,79,56,47,46,41,37,40,37,46,41,30,20,10,20,25,20,25,26,26,19,10,4,10,31,35,23,22,17,8,16,26,28,14,0,6,6,12,22,18,14,32,24,6,0,7,13,6,6,15,14,28,32,32,44,36,14,54,58,44,50,40,33,31,32,81,87,77,74,59,40,32,27,49,77,72,66,61,43,28,24,11,17,24,27,30,24,10,12,14,10,0,4,4,0,3,5,8,4,0,0,0,0,0,0,0,0,0,0,0,0,0,0,0,0,0,0,0,0,0,0,0,0,0,0,0,0,0,0,0,0,0,0,0,0,0,0,0,0,0,0,0,0,0,0,0,0,0,0,0,0,0,0,0,0,0,0,0,0,0,0,4,10,13,11,7,2,2,2,4,2,0,0,0,0,0,0,0,0,0,0,0,0,0,0,0,0,0,0,0,0,0,0,0,0,0,0,0,0,0,0,0,0,0,0,0,0,0,0,0,0,0,0,0,0,0,0,0,0,0,0,0,0,0,0,0,0,0,0,0,0,0,0,0,0,0,0,0,0,0,0,0,0
000066.bin,conv3,4,11x400x352,0,200,DatasetTemplate.prepare_data(raw_points),False,raw,15000,1548800,13427,0.0086692923553719,0.991330707644628,0,0,0,0,0,0,0,0,0,0,0,0,0,0,0,12,23,34,39,41,42,38,31,19,13,6,2,12,36,46,44,39,32,40,64,112,126,120,96,91,96,90,91,74,63,70,71,77,61,41,40,43,81,88,85,63,100,125,82,60,58,48,38,33,38,36,29,24,13,4,6,6,5,2,4,14,15,22,37,34,32,25,32,20,24,15,20,27,66,100,144,161,164,180,218,234,276,260,248,218,216,205,171,141,95,58,69,78,66,74,98,147,174,156,154,191,198,199,168,139,107,78,73,77,85,81,69,58,51,43,54,60,58,67,71,96,105,85,77,80,51,51,40,51,88,104,71,68,57,58,52,40,64,77,70,62,71,78,45,53,50,34,44,57,51,48,48,31,30,48,55,47,31,15,10,6,10,9,8,10,19,21,13,30,31,30,43,39,22,9,10,10,14,16,16,20,32,44,62,48,34,16,22,18,20,20,22,16,10,4,0,5,4,4,29,32,21,12,18,14,13,13,9,12,14,14,6,7,10,10,4,4,5,13,8,15,11,6,8,8,8,4,12,12,8,24,38,42,50,38,22,22,18,4,6,6,2,3,5,7,4,8,10,6,5,1,1,5,7,3,3,7,3,3,3,8,6,6,5,2,2,0,0,0,0,0,0,0,4,6,13,14,10,10,6,4,0,0,4,4,0,8,8,2,4,8,6,4,2,4,8,8,6,4,25,22,6,4,0,0,0,0,0,0,0,0,0,0,0,0,0,0,0,0,0,0,0,0,0,0,0,0,0,0,0,0,0,0,0,0,0,0
000067.bin,conv3,4,11x400x352,0,200,DatasetTemplate.prepare_data(raw_points),False,raw,15000,1548800,24596,0.015880681818181818,0.9841193181818182,0,0,0,0,0,0,0,0,0,0,0,0,0,0,0,0,0,0,0,0,0,0,0,0,0,0,0,0,0,0,0,0,0,0,0,0,0,0,0,0,0,0,0,0,0,4,14,23,26,29,36,45,46,51,81,91,97,105,105,94,95,113,121,143,156,155,140,129,128,121,109,107,103,122,132,169,213,225,224,187,154,138,134,105,110,106,90,107,116,131,110,102,113,113,102,129,125,114,97,99,127,133,130,135,140,126,127,136,121,131,126,134,164,182,185,173,157,155,153,173,175,153,137,165,206,200,190,205,177,133,127,138,161,174,134,154,180,165,131,116,140,136,160,150,117,132,139,144,138,152,148,145,144,143,143,181,211,206,187,192,216,221,192,178,184,172,179,234,236,216,179,176,141,108,113,92,114,102,104,131,142,129,139,114,97,98,125,115,125,125,132,134,110,138,189,206,198,203,151,185,103,61,69,65,48,68,91,96,65,63,47,43,51,57,83,63,40,40,42,26,23,29,29,14,18,15,12,14,18,26,48,48,27,15,46,53,50,43,22,15,33,33,6,12,10,8,29,35,30,20,19,11,13,12,14,12,20,12,8,14,15,11,11,5,4,20,22,18,22,18,14,10,6,2,4,7,12,18,22,8,4,4,6,8,9,6,7,10,30,28,8,2,5,19,20,9,7,6,12,6,0,4,28,28,26,34,39,32,19,35,36,21,4,8,10,8,6,2,6,12,4,4,4,0,4,4,0,6,6,0,4,2,4,10,6,4,8,10,23,20,4,4,8,10,4,4,10,14,21,14,8,8
000068.bin,conv3,4,11x400x352,0,200,DatasetTemplate.prepare_data(raw_points),False,raw,15000,1548800,12545,0.008099819214876033,0.991900180785124,0,0,0,0,0,0,0,0,0,0,0,0,0,0,0,0,0,0,0,0,4,6,0,0,0,0,0,0,0,0,0,6,14,12,12,12,17,21,38,40,33,25,21,10,4,106,128,147,130,154,153,100,64,49,62,71,68,114,121,100,99,145,163,132,100,108,179,212,143,126,140,149,189,169,109,80,81,69,64,79,77,60,57,53,39,33,45,42,45,54,62,63,55,80,89,92,93,91,75,73,66,30,24,43,67,76,64,40,31,33,43,59,51,49,51,45,39,37,25,30,41,42,60,62,61,55,37,65,93,85,66,35,33,42,50,47,24,39,71,76,61,77,88,95,81,64,100,85,51,46,72,89,80,87,111,87,55,50,48,33,29,43,79,84,52,28,40,56,60,43,15,22,80,65,37,38,36,29,25,23,32,36,34,38,54,49,64,56,62,79,77,52,34,29,34,39,29,61,90,75,46,12,16,12,18,12,19,12,6,4,0,0,4,4,19,30,13,16,28,36,30,11,16,18,18,23,24,31,35,29,14,11,12,19,6,0,0,0,0,0,0,7,12,12,6,0,0,2,2,0,0,4,4,4,8,11,29,103,92,11,10,6,6,4,4,4,0,0,0,4,18,39,87,70,24,18,7,4,0,8,10,4,0,0,0,4,10,5,6,10,11,9,10,6,0,4,4,0,0,0,0,0,10,14,10,0,0,0,0,0,0,2,11,18,4,0,0,0,0,4,8,6,4,7,8,4,0,0,0,0,11,16,4,4,4,6,9,0,13,10,0,4,4,6,8,4,0,0,4,0,0,0
000069.bin,conv3,4,11x400x352,0,200,DatasetTemplate.prepare_data(raw_points),False,raw,15000,1548800,25812,0.016665805785123968,0.983334194214876,0,0,0,0,0,0,0,0,0,0,0,0,0,0,0,0,0,0,0,0,0,0,0,0,0,0,0,0,0,4,13,15,13,0,0,0,0,0,0,8,8,8,0,0,0,0,0,0,0,0,0,0,0,0,0,0,0,0,0,0,10,12,4,10,16,12,7,11,6,11,12,10,80,132,119,85,92,101,103,136,197,246,233,194,175,197,193,168,159,196,223,209,226,244,249,282,313,349,437,450,315,224,196,227,267,274,259,255,238,240,274,300,299,317,273,264,299,303,269,270,248,261,262,216,189,164,112,128,201,214,184,175,145,99,82,110,122,129,152,176,189,252,262,209,172,161,111,87,98,93,100,100,104,122,142,161,161,133,105,108,77,63,73,78,75,100,128,122,100,103,95,103,84,101,77,59,69,53,71,92,91,80,84,89,101,79,80,102,131,100,85,96,127,160,133,128,104,87,70,47,48,50,23,30,37,51,43,30,28,31,28,58,68,61,27,35,65,69,41,51,62,51,43,36,39,63,57,45,40,29,34,34,29,59,87,107,104,80,91,99,76,97,113,101,48,48,36,35,42,52,58,57,62,34,31,49,53,32,22,15,12,24,57,55,46,39,25,12,19,13,8,10,21,48,73,72,27,26,36,28,13,10,16,17,14,7,15,21,23,33,29,25,23,29,21,20,26,18,11,9,11,6,6,9,5,16,15,12,5,28,41,29,18,6,4,12,4,2,2,0,0,0,0,4,2,6,0,9,25,30,20,11,6,6,2,2,2,0,0,0,0,0,0,2,0,0,4,4,2,6,4,2
000070.bin,conv3,4,11x400x352,0,200,DatasetTemplate.prepare_data(raw_points),False,raw,15000,1548800,11452,0.007394111570247934,0.9926058884297521,0,0,0,0,0,0,0,0,0,0,0,0,0,0,0,0,0,0,0,0,2,4,4,2,6,13,13,14,13,8,11,18,20,37,60,161,155,117,72,66,71,81,79,76,71,72,53,43,41,37,39,49,41,41,33,45,60,66,131,164,168,177,186,169,180,203,187,177,199,225,251,289,288,319,290,260,248,250,243,214,181,154,159,161,128,94,84,82,75,153,166,167,176,91,53,32,42,36,40,30,33,38,52,51,41,44,51,53,81,115,141,154,166,144,115,100,93,80,69,80,62,39,40,47,45,39,26,21,38,57,74,49,44,38,22,19,18,9,6,12,8,10,10,4,4,4,4,9,13,4,8,4,8,6,7,7,3,2,4,4,4,7,2,0,2,2,2,2,4,18,18,4,0,0,8,6,4,4,4,2,0,0,2,5,11,16,5,3,0,0,0,0,0,0,0,0,0,0,0,0,11,12,0,0,0,0,0,0,0,0,0,0,0,0,0,0,0,0,0,0,0,0,0,0,0,0,0,0,0,6,9,4,0,0,0,0,0,0,0,0,0,0,0,0,0,0,4,4,0,0,0,0,0,0,0,2,6,4,0,0,0,0,0,0,0,0,0,0,0,0,0,0,0,0,0,0,0,0,0,0,0,0,0,0,0,0,0,0,0,0,0,0,0,0,0,0,0,5,5,0,0,0,0,0,0,0,0,0,0,0,0,0,0,0,0,0,0,0,0,0,0,0,0,0,0,0,0,0,0,0,0,0,0,0,0,0,0,0,0,0,0,0,0,0,0,0,0,0,0,0,0,0
000071.bin,conv3,4,11x400x352,0,200,DatasetTemplate.prepare_data(raw_points),False,raw,15000,1548800,24784,0.016002066115702478,0.9839979338842976,0,0,0,0,0,0,0,0,0,0,0,0,0,0,0,0,0,0,0,0,0,0,0,0,0,0,0,12,12,8,0,0,0,0,0,0,0,0,0,0,0,0,0,0,0,0,0,0,0,0,0,0,0,0,0,0,0,0,0,0,0,0,0,12,17,10,4,10,33,65,98,130,101,81,80,159,166,160,145,134,132,119,83,69,64,110,158,210,269,306,360,419,430,397,390,364,289,283,264,261,309,498,639,684,581,466,359,318,307,292,275,233,213,199,183,214,200,194,182,188,195,179,180,182,180,182,194,220,201,199,229,217,153,157,173,189,135,99,111,114,120,130,112,110,114,139,157,144,104,103,83,76,87,76,80,76,70,78,75,100,120,133,117,82,94,76,77,82,77,85,101,96,76,88,81,77,81,98,105,85,70,57,51,53,44,51,46,37,33,32,56,47,52,57,58,39,38,57,45,41,31,20,27,37,46,53,47,46,50,37,22,36,36,44,49,55,46,25,33,38,40,40,40,34,44,56,105,80,26,19,28,30,32,23,20,38,45,41,24,34,22,22,20,20,26,29,33,27,23,32,31,33,30,28,38,40,41,42,36,28,33,35,34,19,15,15,17,19,15,21,14,7,10,10,9,4,7,16,16,14,24,18,12,20,27,29,15,12,23,21,16,27,28,16,11,15,18,24,13,8,41,29,8,20,31,16,24,36,32,24,18,16,20,13,12,16,13,10,10,16,7,8,2,13,10,6,15,12,4,8,6,2,6,12,10,0,4,6,4,4,6,10,10,4,4,12,12,8,5,6,4,8
000072.bin,conv3,4,11x400x352,0,200,DatasetTemplate.prepare_data(raw_points),False,raw,15000,1548800,26202,0.016917613636363637,0.9830823863636363,0,0,0,0,0,0,0,0,0,0,0,0,0,0,0,0,0,0,0,0,0,0,0,0,0,0,0,0,0,0,0,0,0,0,0,0,0,0,0,0,0,0,0,0,0,0,0,0,3,4,8,9,20,42,56,69,80,79,99,134,139,87,114,125,153,185,235,249,183,151,207,227,267,279,278,265,280,220,135,121,114,132,95,124,212,334,314,209,152,169,197,188,185,197,201,266,295,249,211,198,171,188,227,227,279,254,179,188,213,253,264,342,439,506,612,570,502,465,390,279,219,198,169,210,187,190,146,131,143,121,94,87,79,96,84,103,121,119,117,103,116,89,90,95,70,87,97,94,107,130,116,64,63,104,120,79,79,75,71,67,98,94,70,76,123,138,87,79,90,58,34,72,88,62,47,48,49,48,57,53,54,74,71,94,90,89,72,53,41,47,46,43,47,48,58,67,60,57,64,53,35,39,41,28,46,65,72,73,63,54,49,51,39,29,42,34,48,48,63,59,31,35,51,41,30,31,28,35,51,38,28,22,36,42,26,16,13,20,23,26,52,51,31,31,32,30,23,46,48,37,44,60,53,38,51,54,14,29,33,18,14,21,20,13,12,11,9,14,19,15,21,16,12,25,19,17,10,22,22,18,19,26,24,22,28,30,29,38,72,37,43,26,10,18,14,12,10,12,10,8,8,4,8,13,11,4,8,4,8,10,8,12,20,20,18,21,10,10,15,11,12,15,14,14,16,12,20,16,8,18,18,38,70,58,22,8,4,4,4,14,16,6,8,4,4,8,4,0,6,12,6,4
000073.bin,conv3,4,11x400x352,0,200,DatasetTemplate.prepare_data(raw_points),False,raw,15000,1548800,12714,0.008208935950413223,0.9917910640495867,0,0,0,0,0,0,0,0,0,0,0,0,0,0,0,0,0,10,28,30,29,28,25,22,44,62,72,45,34,30,27,37,41,49,47,104,146,155,145,59,82,96,95,76,115,114,75,65,56,53,65,40,30,40,49,50,47,37,50,35,74,76,63,53,47,51,112,102,89,72,59,58,70,81,64,66,67,69,59,60,61,76,64,58,60,58,67,56,68,96,87,73,74,154,169,131,113,106,75,85,106,88,80,122,111,91,75,69,67,65,92,116,134,105,111,101,96,60,74,90,72,84,94,83,70,62,48,47,39,28,46,42,45,41,50,55,61,67,53,50,37,27,31,37,56,75,91,79,58,66,72,54,25,39,41,41,37,45,53,64,65,70,38,37,51,52,45,42,45,60,44,38,25,32,46,26,31,35,37,51,66,54,52,39,44,56,42,34,23,34,35,32,29,43,51,38,42,35,24,25,27,25,31,38,38,37,27,8,8,24,10,34,30,8,5,0,0,0,0,0,0,0,4,19,26,35,20,10,4,0,0,0,0,0,0,0,1,0,0,0,0,0,0,2,2,0,3,1,0,0,0,0,0,0,0,6,14,12,4,32,59,66,39,10,4,4,10,10,0,9,14,8,14,33,35,20,12,4,0,4,4,0,4,0,0,2,2,0,2,2,0,0,0,0,0,0,6,21,29,40,31,10,14,10,7,29,29,28,24,4,0,0,0,0,0,6,0,4,0,0,8,8,4,0,2,6,4,4,2,5,6,4,6,4,4,2,8,7,0,0,2,2,4,11,8,0,0,8,23,16,0,0
000074.bin,conv3,4,11x400x352,0,200,DatasetTemplate.prepare_data(raw_points),False,raw,15000,1548800,11664,0.00753099173553719,0.9924690082644628,0,0,0,0,0,0,0,0,0,0,0,0,0,0,0,0,0,0,2,6,27,35,54,47,54,63,62,50,30,12,28,38,55,53,34,21,27,20,32,28,23,25,33,44,75,80,60,38,51,44,46,48,43,61,66,56,38,24,21,33,47,67,67,39,23,19,31,36,45,36,32,34,89,116,124,91,108,116,129,95,101,145,170,140,94,113,138,144,136,91,46,51,43,13,14,22,69,70,19,25,39,49,140,305,355,243,173,146,148,169,172,137,82,72,68,75,98,129,117,77,76,86,69,63,59,60,79,129,148,127,85,71,64,51,62,53,30,44,75,69,72,51,36,31,41,34,33,34,54,61,86,99,96,95,84,64,51,38,29,23,40,37,24,32,38,26,30,27,31,34,47,42,26,16,4,4,6,10,19,18,17,20,23,23,24,30,42,49,34,35,33,26,28,33,39,42,32,58,89,82,77,44,34,29,26,19,18,11,9,8,0,0,0,0,0,0,0,0,0,0,0,0,0,0,0,4,6,4,0,0,0,0,0,0,0,0,0,0,0,0,0,0,0,0,0,0,0,0,0,0,0,0,0,4,4,4,4,0,0,0,0,0,0,0,4,4,0,0,0,0,0,0,0,0,0,0,0,0,0,0,0,0,0,0,0,0,0,0,0,0,0,0,0,0,0,0,0,0,0,0,0,0,0,0,0,0,0,0,0,0,0,0,0,0,0,0,0,0,0,0,0,0,0,0,0,0,0,0,0,0,0,0,0,0,0,0,0,0,0,0,0,0,0,0,0,0,0,0,0,0,0,0
000075.bin,conv3,4,11x400x352,0,200,DatasetTemplate.prepare_data(raw_points),False,raw,15000,1548800,12995,0.00839036673553719,0.9916096332644628,0,0,0,0,0,0,0,0,0,0,0,0,0,0,0,0,0,2,2,0,0,0,0,0,0,0,4,18,32,58,80,116,133,147,171,172,172,174,162,154,180,172,164,176,163,151,126,147,147,136,121,162,157,121,106,136,164,191,183,101,86,70,67,67,54,50,52,60,57,54,60,54,53,61,66,68,59,68,57,64,73,88,108,114,92,86,75,52,24,33,39,41,30,32,33,26,28,69,114,150,158,139,123,94,72,60,47,33,32,25,27,17,16,38,54,72,77,73,66,61,53,42,33,32,37,49,57,50,50,33,34,26,30,19,41,73,102,110,84,80,47,45,41,34,35,39,25,17,41,54,34,24,23,28,29,27,25,24,29,25,28,18,26,36,34,27,20,25,26,18,10,8,4,4,4,4,6,4,10,18,16,20,22,14,17,43,45,34,38,39,17,33,31,16,20,23,12,8,4,4,4,4,10,10,4,10,14,8,4,14,14,11,14,9,6,6,10,5,3,4,4,6,4,4,4,6,4,8,8,6,6,6,5,6,6,2,2,0,0,7,8,7,6,6,7,5,10,17,34,68,104,84,53,51,46,34,31,41,52,47,47,38,39,39,39,52,48,45,31,25,18,18,21,23,25,16,14,14,14,4,6,2,0,0,0,0,0,4,4,0,0,4,8,10,24,28,16,17,21,33,54,50,41,16,16,15,16,12,6,10,4,8,7,10,9,6,0,0,2,6,12,12,11,8,8,10,4,4,0,4,4,4,4,6,6,4,4,0,0,0,0,0,0,0,0,0,0,0,0,0,0,0
000076.bin,conv3,4,11x400x352,0,200,DatasetTemplate.prepare_data(raw_points),False,raw,15000,1548800,9373,0.006051782024793388,0.9939482179752066,0,0,0,0,0,0,0,0,0,0,0,0,0,0,0,0,0,0,0,0,0,0,0,0,6,10,22,67,95,133,160,136,79,88,78,88,87,84,68,72,68,75,64,45,39,48,67,102,105,96,76,52,44,49,73,97,115,127,112,71,102,99,92,69,52,57,60,43,57,51,45,60,94,103,92,102,87,80,85,105,103,53,43,43,39,20,11,14,19,31,51,45,30,28,48,76,108,115,90,93,95,63,63,72,62,52,50,45,68,92,75,62,44,50,56,51,42,35,35,27,19,22,37,47,47,43,57,55,51,76,82,47,45,51,37,22,23,36,50,83,85,74,45,37,40,66,66,50,43,42,32,40,51,64,56,43,22,4,15,26,20,10,10,56,69,51,23,6,17,19,26,14,10,4,4,4,10,14,14,16,14,18,18,31,27,8,6,5,0,8,9,16,11,18,9,4,0,0,12,17,4,4,4,0,0,4,4,0,5,9,0,4,0,0,0,0,0,0,0,0,0,0,0,0,0,4,4,0,0,0,4,4,0,0,7,8,4,5,5,0,0,0,0,0,0,0,0,0,0,0,0,0,0,0,0,4,2,0,0,0,4,18,16,8,0,0,0,0,0,0,0,0,0,0,0,0,0,0,0,0,0,0,4,19,23,23,17,8,0,0,0,0,0,0,0,0,0,0,0,4,6,0,0,0,6,6,0,0,0,0,0,0,0,0,2,2,0,7,10,7,6,6,0,0,0,0,0,0,0,4,4,0,0,0,0,0,0,0,0,0,0,13,18,6,4,8,8,12,6,0,4,4
000077.bin,conv3,4,11x400x352,0,200,DatasetTemplate.prepare_data(raw_points),False,raw,15000,1548800,13433,0.00867316632231405,0.9913268336776859,0,0,0,0,0,0,0,0,0,0,0,0,0,0,0,0,0,0,0,0,0,0,0,9,19,67,72,54,45,24,25,21,20,30,33,39,48,68,77,64,54,57,47,36,33,32,51,64,71,89,119,117,120,126,125,129,136,152,187,195,195,191,211,189,174,182,156,128,142,187,258,291,282,221,191,111,106,159,207,187,132,110,43,32,34,51,56,68,65,63,51,51,73,69,50,41,35,40,41,36,32,35,39,34,28,41,39,32,31,27,27,31,40,39,39,32,28,24,28,36,40,38,44,24,13,6,0,8,16,16,21,12,16,8,42,88,124,156,187,163,120,116,110,97,88,97,74,75,101,72,64,61,52,51,39,32,24,29,58,83,65,58,47,38,27,27,35,33,26,18,32,34,59,72,63,50,33,22,19,18,25,31,30,25,23,16,17,8,12,24,62,68,51,38,33,25,13,13,12,21,19,10,14,11,12,10,13,16,32,44,39,18,20,16,11,17,15,15,17,25,16,0,6,8,4,0,0,0,0,4,8,8,9,6,6,12,15,13,13,9,7,5,4,4,2,2,0,0,0,0,0,0,0,0,0,0,4,0,0,7,14,10,4,6,10,10,4,4,0,4,2,18,36,36,26,20,12,8,4,4,10,6,10,10,4,10,14,0,0,0,4,20,17,12,17,11,4,0,4,4,0,0,18,26,14,0,2,7,17,14,14,8,0,4,8,12,10,4,4,18,24,8,5,5,0,0,0,2,2,0,5,5,10,10,2,6,12,8,5,2,4,24,33,25,24,34,29,2,4,6,2,6
000078.bin,conv3,4,11x400x352,0,200,DatasetTemplate.prepare_data(raw_points),False,raw,15000,1548800,11159,0.00720493285123967,0.9927950671487603,0,0,0,0,0,0,0,0,0,0,0,0,0,0,0,0,0,0,0,0,0,0,0,0,4,5,36,57,69,98,157,159,147,124,107,115,104,90,99,100,97,86,90,80,69,52,94,139,135,107,105,239,259,234,218,174,117,64,38,36,40,29,33,38,50,44,35,30,30,34,40,47,53,73,59,62,77,82,88,86,77,69,57,37,38,45,17,13,9,10,26,46,46,31,22,23,30,33,36,44,36,43,51,30,25,25,39,24,33,42,33,26,20,31,47,33,18,22,26,26,24,22,21,28,29,23,12,12,8,8,14,32,46,33,41,30,24,22,20,33,52,90,125,115,99,91,90,86,88,71,86,59,50,58,68,50,33,31,38,50,52,34,26,23,42,72,90,100,96,67,46,50,49,35,45,48,47,51,40,27,9,10,23,26,33,44,51,49,34,36,56,66,50,35,28,45,41,35,26,24,20,22,24,20,24,12,12,16,16,20,38,35,17,13,11,14,11,7,12,4,12,32,20,8,8,8,8,10,12,36,28,6,6,6,4,0,10,17,15,8,6,6,12,12,11,12,18,17,19,37,40,26,16,10,0,0,3,6,12,15,8,2,0,0,0,17,18,4,4,7,0,2,5,4,4,4,12,10,12,12,9,13,18,18,16,10,10,4,4,4,0,0,0,7,8,7,4,6,10,14,4,4,0,0,0,4,4,0,0,0,4,4,0,0,2,0,0,0,0,0,0,0,0,0,0,2,2,4,4,0,0,0,0,0,0,0,0,0,0,4,4,0,0,0,0,0,0,0,0,0,0,0
000079.bin,conv3,4,11x400x352,0,200,DatasetTemplate.prepare_data(raw_points),False,raw,15000,1548800,24948,0.016107954545454547,0.9838920454545454,0,0,0,0,0,0,0,0,0,0,0,0,0,0,0,0,0,0,0,0,0,0,0,0,0,0,0,0,0,0,0,0,0,0,0,0,0,0,4,14,22,20,20,17,12,17,25,29,37,37,58,59,61,70,85,90,79,86,81,81,76,86,91,117,134,137,119,130,130,122,106,112,103,128,132,155,190,192,185,191,160,159,145,117,110,100,96,102,129,140,124,126,117,110,101,121,129,123,91,103,140,141,149,154,138,128,137,134,111,123,134,150,167,165,160,158,152,161,164,169,177,155,154,176,187,162,163,185,167,138,138,154,170,187,151,177,175,176,148,124,141,137,147,153,128,151,157,159,138,150,153,155,159,156,139,156,218,234,200,199,210,223,180,183,183,163,180,230,235,214,186,179,157,104,101,107,132,119,127,130,133,131,114,94,83,102,109,107,106,110,110,101,96,134,177,198,215,196,153,188,101,60,65,63,50,69,91,105,70,64,53,55,60,59,85,73,50,51,44,37,31,33,35,22,39,43,33,25,21,22,36,45,40,29,46,47,45,43,39,30,53,71,34,27,11,10,27,31,28,18,17,11,13,10,16,16,21,12,10,14,17,9,9,7,4,20,22,20,18,12,12,10,8,2,4,11,15,23,18,8,4,4,4,4,6,7,3,10,24,28,4,0,0,10,10,8,6,6,6,4,0,4,28,36,28,37,36,20,12,27,31,19,16,22,18,12,8,8,6,14,4,4,4,0,4,4,0,6,6,0,10,2,4,12,6,4,8,8,23,18,4,4,8,8,4,4,10,16,23,14,8,8
000080.bin,conv3,4,11x400x352,0,200,DatasetTemplate.prepare_data(raw_points),False,raw,15000,1548800,30737,0.019845686983471073,0.9801543130165289,0,0,0,0,0,0,0,0,0,0,0,0,0,0,0,0,0,0,0,0,0,0,0,0,0,0,0,0,0,0,0,0,0,0,0,0,0,0,0,0,0,0,0,0,0,4,4,0,0,0,0,0,0,0,0,0,4,14,17,14,0,0,0,0,0,0,19,19,0,0,4,19,31,74,124,137,124,134,122,143,172,175,159,125,121,115,127,159,185,151,133,127,105,101,107,165,174,179,292,401,395,362,341,341,537,569,401,292,266,284,320,276,280,278,304,350,285,276,303,341,371,369,365,333,307,303,288,262,195,213,220,245,233,173,188,177,153,173,164,163,154,175,198,199,248,245,247,218,175,171,160,169,166,138,109,100,125,150,153,149,146,171,206,204,178,170,212,248,213,199,196,205,205,174,148,136,117,120,138,139,163,177,166,153,135,166,176,146,127,115,129,154,165,155,139,117,134,121,111,110,62,51,64,51,92,95,64,60,46,71,86,78,76,63,48,32,25,49,44,55,87,80,63,47,42,20,13,17,16,26,25,23,13,25,35,27,30,40,52,40,23,38,46,46,37,50,52,46,59,58,43,36,31,24,28,24,29,29,32,35,27,22,5,20,31,30,24,28,56,59,45,26,22,65,70,96,79,64,42,30,24,24,52,63,54,57,39,43,41,64,68,82,58,34,29,22,10,14,14,14,29,38,26,19,12,10,14,12,12,8,2,2,2,0,0,10,18,12,14,18,14,12,4,14,16,8,6,20,18,4,8,8,7,6,2,0,23,24,12,16,8,4,14,18,14,8,2,2,10,14,6,2
000081.bin,conv3,4,11x400x352,0,200,DatasetTemplate.prepare_data(raw_points),False,raw,15000,1548800,23269,0.015023889462809917,0.98497611053719,0,0,0,0,0,0,0,0,0,0,0,0,0,0,0,0,0,0,0,0,0,0,0,0,0,0,0,0,0,0,13,14,9,0,0,0,0,0,0,0,0,0,15,45,53,40,29,30,31,34,45,53,56,67,65,58,41,34,35,18,12,14,34,39,32,14,8,8,29,54,66,111,135,152,165,161,177,210,233,268,311,376,320,193,234,224,183,150,137,153,129,110,104,115,115,128,121,125,109,119,102,106,123,102,103,111,100,85,95,117,142,128,86,109,129,134,134,140,164,163,132,105,102,123,128,142,173,147,102,102,120,116,101,82,92,96,102,108,102,137,121,84,89,73,62,69,76,63,60,77,100,208,319,365,409,458,457,412,392,377,338,305,269,223,227,207,211,231,202,135,121,121,137,154,138,98,98,117,150,153,148,145,122,115,109,107,94,99,93,76,62,75,73,96,88,118,106,93,95,107,61,26,25,20,34,37,36,35,23,22,23,31,36,76,73,18,16,28,22,19,17,10,6,4,4,4,4,28,43,36,34,34,63,66,66,67,60,49,36,22,17,17,34,28,17,11,12,24,41,41,8,16,24,33,41,25,16,25,18,2,0,0,0,1,5,4,0,2,4,6,4,0,0,4,4,2,2,2,8,14,13,17,17,4,4,4,8,10,20,20,12,1,12,10,2,8,8,0,5,14,4,4,8,6,10,18,8,2,6,4,4,6,6,0,10,8,4,7,9,16,16,4,8,6,4,8,6,0,4,4,4,2,4,10,6,6,8,4,4,4,2,2,16,14,0,4,4,0,6,73,79,27
000082.bin,conv3,4,11x400x352,0,200,DatasetTemplate.prepare_data(raw_points),False,raw,15000,1548800,25672,0.016575413223140496,0.9834245867768595,0,0,0,0,0,0,0,0,0,0,0,0,0,0,0,0,0,0,0,0,0,0,0,0,0,0,0,0,0,0,0,0,0,0,0,0,0,0,0,0,0,0,0,0,0,0,0,0,0,0,0,0,9,15,57,85,122,147,161,167,199,256,264,273,273,305,317,295,291,266,236,194,178,189,175,118,103,112,124,130,153,152,157,144,108,101,104,123,115,145,162,161,169,192,175,171,190,241,281,316,327,330,296,221,192,182,180,151,129,91,97,115,130,144,125,94,138,196,152,149,133,129,143,163,190,270,290,225,193,125,96,99,114,108,165,202,167,144,112,65,70,83,75,67,114,152,128,121,105,142,129,82,72,104,127,143,141,140,116,116,141,189,178,140,122,137,120,111,125,129,123,112,101,103,122,117,117,97,123,101,74,62,48,52,60,62,66,52,53,69,69,79,105,123,132,174,154,114,130,129,64,49,42,53,45,35,36,26,28,34,30,28,24,32,24,30,38,32,36,49,51,55,47,40,31,16,24,23,20,24,34,36,27,38,54,49,44,75,74,55,56,40,35,49,51,38,38,40,38,23,26,39,37,43,51,38,50,46,42,40,50,46,36,30,51,35,38,42,41,27,39,39,30,18,4,10,12,18,32,39,27,39,31,20,34,25,26,21,31,19,6,25,23,26,16,20,28,12,8,8,8,14,20,15,13,4,8,20,12,0,0,12,25,34,16,18,28,20,20,8,8,6,4,4,4,6,14,4,12,20,18,20,18,18,8,8,18,14,14,20,12,8,22,28,16,8,8,10,20,8,4,6
000083.bin,conv3,4,11x400x352,0,200,DatasetTemplate.prepare_data(raw_points),False,raw,15000,1548800,29214,0.018862345041322313,0.9811376549586777,0,0,0,0,0,0,0,0,0,0,0,0,0,0,0,0,0,0,0,0,0,0,0,0,0,0,0,0,0,0,0,0,0,0,0,0,0,0,0,0,0,0,0,4,14,30,44,49,56,63,59,68,99,92,107,123,118,129,129,152,170,199,211,220,202,167,159,132,120,119,118,134,142,167,154,146,118,112,117,124,124,130,108,103,105,120,140,153,148,130,150,151,142,159,173,213,220,270,286,333,357,296,245,279,237,228,309,369,381,404,361,319,277,243,229,238,239,275,270,292,314,265,299,286,281,263,302,279,224,220,207,229,254,298,309,329,312,292,316,302,257,233,217,234,245,217,201,190,180,170,158,178,188,180,154,112,93,75,78,94,79,86,119,107,85,96,103,102,113,89,97,91,73,46,51,66,81,91,83,95,92,94,81,74,73,98,103,92,103,59,34,51,66,63,38,36,66,68,67,80,62,69,67,24,14,24,20,26,15,13,8,33,42,37,37,26,15,29,58,52,42,42,28,15,9,13,24,20,19,18,18,31,29,24,20,37,26,14,8,4,6,14,16,18,18,38,42,18,10,14,24,22,22,16,10,20,19,2,9,26,16,10,8,8,8,14,26,29,35,43,54,59,57,67,62,41,39,42,36,41,38,56,80,54,26,16,10,16,20,18,4,4,0,2,12,28,45,50,32,18,15,4,8,8,10,23,12,2,12,13,8,6,4,12,20,25,20,19,12,6,4,15,22,16,19,18,10,10,16,18,33,32,25,24,12,19,18,6,8,4,4,12,8,8,20,22,10,10,12,16,11,14
000084.bin,conv3,4,11x400x352,0,200,DatasetTemplate.prepare_data(raw_points),False,raw,15000,1548800,12910,0.008335485537190082,0.9916645144628099,0,0,0,0,0,0,0,0,0,0,0,0,0,4,8,8,0,0,2,42,76,87,108,95,92,75,44,46,59,64,80,82,72,61,56,55,59,56,50,43,34,46,65,67,54,47,39,42,41,71,73,74,68,74,98,98,144,159,165,133,109,102,91,87,74,80,92,78,76,91,93,97,91,93,94,109,120,138,131,94,47,47,48,38,42,44,41,48,44,34,54,52,37,31,53,70,55,66,121,153,142,139,110,82,105,111,87,99,96,74,78,75,60,52,57,67,75,83,91,83,60,57,54,60,60,60,64,50,53,47,46,67,81,75,88,99,76,60,56,42,37,38,35,33,30,36,46,61,66,50,39,40,40,26,29,27,31,35,29,33,53,56,35,30,34,22,24,29,24,27,28,20,25,24,22,22,40,49,42,26,26,26,23,22,22,25,27,22,25,15,18,15,17,19,21,22,26,26,42,51,23,34,21,22,23,21,19,21,20,19,18,21,19,20,17,19,18,23,12,11,13,14,13,14,14,16,22,29,32,32,14,14,18,20,13,24,23,17,22,18,16,8,13,19,19,11,10,14,8,12,14,15,16,16,8,8,8,4,0,0,0,0,0,0,0,0,0,4,6,0,0,0,0,0,0,0,0,0,0,0,0,0,0,0,4,28,55,92,87,56,29,22,12,27,12,4,6,8,11,8,2,11,14,11,8,8,20,16,2,9,9,6,8,3,4,6,6,4,12,10,6,6,11,6,10,10,0,13,16,9,15,15,12,8,5,6,7,6,12,12,16,12,8,14,12,11,11,8,5,1,0,0
000085.bin,conv3,4,11x400x352,0,200,DatasetTemplate.prepare_data(raw_points),False,raw,15000,1548800,12586,0.00812629132231405,0.991873708677686,0,0,0,0,0,0,0,0,0,0,0,0,0,0,4,6,6,0,0,0,0,18,36,28,16,14,22,27,27,39,44,56,55,34,12,21,33,30,27,8,4,11,49,99,160,183,146,78,42,43,46,41,41,54,96,113,109,103,83,62,68,91,112,132,132,111,71,37,27,35,37,45,86,110,106,79,62,67,63,45,36,26,28,49,54,61,78,81,67,83,93,85,82,94,66,60,89,121,116,126,177,201,228,161,124,112,73,57,66,58,68,93,116,124,163,156,128,102,83,61,58,53,69,82,79,80,91,70,51,41,34,59,64,76,91,88,74,36,9,7,12,41,40,34,56,66,59,62,51,46,30,24,24,25,29,39,46,46,36,41,36,32,30,30,33,39,31,18,25,17,9,8,8,8,9,13,20,23,42,46,25,13,37,104,159,130,66,45,27,20,26,37,44,64,64,39,23,31,51,40,24,26,9,16,10,16,42,42,29,10,17,24,22,46,51,42,43,35,30,48,39,50,39,27,37,33,15,8,18,16,7,13,10,0,18,34,29,23,24,23,21,24,25,23,6,4,8,6,8,10,10,6,18,16,9,4,12,18,10,10,2,0,0,0,0,8,11,2,2,4,13,17,6,9,11,2,11,11,0,2,1,10,16,6,0,0,0,0,0,0,0,0,0,0,0,4,16,17,0,0,0,0,0,0,0,0,0,0,0,0,0,0,4,4,11,22,18,4,4,0,0,0,0,0,0,4,0,0,0,0,0,0,0,0,0,0,0,0,0,0,0,0,0,4,4,0,2,2,0,0,0,0
000086.bin,conv3,4,11x400x352,0,200,DatasetTemplate.prepare_data(raw_points),False,raw,15000,1548800,15837,0.010225335743801653,0.9897746642561983,0,0,0,0,0,0,0,0,0,0,0,0,0,0,0,0,0,0,0,0,0,0,0,0,0,4,24,26,34,46,57,47,74,77,69,78,87,103,94,104,110,93,59,28,21,31,44,46,41,32,101,130,124,63,39,39,34,50,50,43,36,23,57,88,118,106,107,103,99,78,55,28,13,65,134,188,201,161,77,54,40,36,37,45,31,37,56,56,78,155,264,290,299,217,108,78,81,107,95,88,69,76,82,100,110,112,100,94,96,107,135,147,198,188,138,119,114,117,101,76,178,266,187,67,59,71,60,69,80,95,101,89,66,49,55,80,100,96,118,111,89,77,85,81,62,69,83,100,82,69,66,68,73,72,46,23,33,63,59,46,29,27,63,74,52,63,60,71,69,62,55,51,45,28,25,14,18,27,23,27,22,30,46,50,60,69,50,46,41,24,20,26,41,43,51,55,47,48,52,64,39,27,26,14,14,31,47,55,33,26,48,43,43,36,23,10,12,11,0,0,0,0,0,4,4,0,4,4,4,0,0,0,0,0,0,0,0,0,0,0,0,0,44,48,89,94,65,42,42,26,2,4,6,17,36,39,65,73,67,74,61,40,21,13,11,4,6,7,7,0,0,2,11,18,15,9,8,4,4,4,11,10,25,40,153,180,60,4,0,0,0,0,0,0,0,4,8,5,2,0,0,0,0,0,0,0,0,0,0,0,0,8,8,0,0,0,0,0,0,0,0,0,4,4,4,8,4,2,6,4,0,0,0,6,16,22,16,16,4,2,2,4,6,6,4,4,8,4,4,11,13,18
000087.bin,conv3,4,11x400x352,0,200,DatasetTemplate.prepare_data(raw_points),False,raw,15000,1548800,20716,0.013375516528925619,0.9866244834710743,0,0,0,0,0,0,0,0,0,0,0,0,0,0,0,0,0,0,0,0,0,0,0,0,0,0,0,0,0,0,0,0,0,6,15,15,4,10,10,8,9,12,11,4,0,0,0,0,0,0,0,0,0,0,0,0,0,0,0,0,0,0,0,0,0,0,0,0,0,5,30,46,69,98,133,153,145,210,285,353,365,345,313,277,229,217,221,245,244,203,189,181,130,104,85,61,58,105,173,211,258,243,178,85,79,99,80,111,141,142,134,124,116,148,121,66,50,64,77,145,177,185,291,424,409,413,408,361,256,226,230,228,154,100,125,129,117,91,58,96,123,165,228,155,51,63,85,86,70,74,76,86,73,69,67,91,105,87,67,69,61,50,51,50,39,50,52,42,44,64,88,80,92,113,106,68,40,21,26,45,41,38,36,49,64,82,101,88,84,84,63,70,76,87,138,110,60,62,58,53,52,46,71,61,28,42,50,46,46,30,51,68,46,31,34,65,78,57,57,51,80,79,54,56,60,67,68,50,35,36,38,35,21,29,35,32,38,36,40,41,33,47,40,32,36,25,35,54,66,72,61,34,38,42,31,30,20,38,41,39,36,26,25,8,18,48,56,27,14,20,12,7,4,4,3,2,11,9,0,0,0,0,0,0,0,0,2,6,8,10,6,2,4,2,16,26,40,35,26,12,16,31,41,34,15,4,4,0,0,2,17,24,21,16,8,0,0,0,0,4,14,18,12,14,11,4,0,0,0,1,1,0,6,10,13,8,4,0,0,0,0,0,0,0,8,16,14,4,0,0,0,0
000088.bin,conv3,4,11x400x352,0,200,DatasetTemplate.prepare_data(raw_points),False,raw,15000,1548800,21953,0.01417419938016529,0.9858258006198347,0,0,0,0,0,0,0,0,0,0,0,0,0,0,0,0,0,0,0,0,0,0,0,0,0,0,0,0,0,0,0,0,0,0,0,0,0,0,0,0,23,35,37,11,4,0,0,0,0,0,0,0,5,12,26,32,55,110,154,180,186,171,168,172,141,148,139,124,130,132,138,143,152,142,147,137,121,115,115,113,91,125,137,125,115,132,131,118,126,137,129,110,153,185,201,187,161,189,279,536,519,199,56,53,77,78,75,64,60,70,84,80,74,98,142,108,63,48,36,40,36,32,32,40,60,68,68,87,137,191,167,131,174,175,142,157,158,157,171,173,160,162,195,219,158,143,166,176,138,124,92,83,87,86,94,148,154,134,77,62,68,73,85,86,33,27,34,38,38,23,51,69,41,36,84,73,33,43,36,31,37,44,34,22,20,24,28,28,46,58,99,97,77,40,43,79,96,91,51,42,39,37,20,10,8,6,19,42,64,72,65,64,80,102,75,76,73,73,82,92,129,131,107,74,64,40,81,96,146,146,105,101,202,211,116,56,57,69,49,42,45,31,60,57,51,63,53,37,46,43,28,22,28,29,26,36,46,30,37,50,54,49,57,63,49,62,71,71,24,18,27,12,9,11,26,20,14,11,8,11,14,18,20,17,25,20,12,20,23,9,5,11,32,54,58,55,56,37,15,19,35,35,16,14,19,20,47,40,20,10,8,16,24,19,14,34,27,4,4,11,9,12,8,0,5,5,14,19,18,17,10,20,18,5,16,39,27,4,4,2,0,1,5,6,5,21,27,22,31,26,14,19
000089.bin,conv3,4,11x400x352,0,200,DatasetTemplate.prepare_data(raw_points),False,raw,15000,1548800,9764,0.006304235537190082,0.9936957644628099,0,0,0,0,0,0,0,0,0,0,0,0,0,0,0,0,0,8,15,24,32,33,20,38,40,40,43,57,84,80,37,28,32,37,44,74,81,54,48,39,37,44,47,40,48,59,76,77,96,102,127,155,148,118,61,57,57,59,71,85,86,97,99,72,67,62,48,54,53,46,50,54,52,39,55,119,143,100,28,28,26,21,21,21,35,36,29,8,18,19,43,42,50,42,34,46,46,43,40,34,30,35,39,38,40,47,50,39,38,40,34,46,46,42,39,59,75,75,52,29,32,38,40,38,45,60,80,81,67,61,39,42,40,40,37,49,34,22,21,13,14,17,22,25,28,27,23,31,42,55,68,45,35,26,21,23,21,20,21,30,34,30,42,48,42,41,27,50,43,34,39,34,36,51,64,61,64,57,39,46,38,22,19,25,12,18,21,15,10,18,20,20,26,25,15,34,47,35,26,14,22,26,30,29,24,25,10,10,12,34,35,21,14,19,20,16,25,24,24,23,30,44,44,34,24,18,12,14,8,4,4,0,8,8,4,4,6,6,2,4,4,4,4,8,26,24,16,12,4,0,4,6,8,5,8,12,12,12,6,2,4,0,0,19,17,4,0,0,0,4,4,4,0,0,4,5,4,2,2,4,4,0,0,0,4,9,6,2,2,0,4,6,6,6,9,13,12,7,6,4,6,9,4,0,4,6,4,8,10,18,8,0,5,19,19,9,6,9,4,9,8,8,9,5,9,8,5,10,10,9,8,9,12,8,0,0,6,6,8,10,11,4,4,8,8,11,8,19,15,14,9,7
000090.bin,conv3,4,11x400x352,0,200,DatasetTemplate.prepare_data(raw_points),False,raw,15000,1548800,21337,0.013776472107438016,0.986223527892562,0,0,0,0,0,0,0,0,0,0,0,0,0,0,0,0,0,0,0,0,0,0,0,0,0,0,0,0,0,0,0,0,0,0,0,0,0,0,2,10,14,15,17,41,43,53,69,72,74,79,84,94,90,101,124,141,161,175,190,186,164,162,166,133,139,145,129,120,118,101,96,110,115,100,82,86,102,106,99,112,98,104,116,110,114,106,114,165,178,171,157,178,190,214,205,198,193,203,192,187,200,201,205,219,208,187,164,185,199,207,168,154,178,202,200,189,194,194,198,246,222,218,224,201,190,217,237,225,216,257,258,257,241,249,245,216,193,202,176,135,136,130,126,115,133,105,77,85,99,103,101,67,88,95,90,82,65,65,87,87,77,70,71,85,101,110,108,100,106,114,93,102,104,83,64,73,67,64,84,68,65,71,60,59,84,68,65,69,67,47,45,60,71,98,124,108,88,71,55,61,48,21,34,36,20,33,35,44,55,34,19,22,13,10,8,13,17,22,13,12,4,2,2,0,2,2,0,0,0,0,0,0,0,0,0,6,4,0,0,0,0,0,0,0,0,0,0,0,0,0,0,0,0,0,0,0,0,0,0,0,0,0,0,0,0,0,0,0,0,0,0,0,0,0,0,0,0,0,0,0,0,0,0,0,0,0,0,0,0,0,0,0,0,0,0,0,0,0,0,0,0,0,0,0,0,0,0,0,0,0,0,0,0,0,0,0,0,0,0,0,0,0,0,0,0,0,0,0,0,0,0,0,0,0,0,0,0,0,0,0,0,0,0,0,0,0,0,0,0,0,0,0
000091.bin,conv3,4,11x400x352,0,200,DatasetTemplate.prepare_data(raw_points),False,raw,15000,1548800,27699,0.017884168388429753,0.9821158316115702,0,0,0,0,0,0,0,0,0,0,0,0,0,0,0,0,0,0,0,0,0,0,0,0,2,2,0,0,0,0,0,0,0,0,0,0,0,0,0,0,0,0,0,0,0,0,0,0,4,4,4,4,0,0,0,0,0,0,0,0,6,4,9,12,16,31,59,75,67,86,130,145,139,174,207,243,251,204,199,166,162,159,177,203,160,138,144,135,137,169,177,169,134,144,159,156,161,146,124,100,103,104,110,107,98,86,87,82,69,75,72,66,65,72,76,69,41,47,232,269,203,323,356,339,243,161,152,168,200,219,188,147,187,216,192,210,229,217,230,216,233,321,337,271,226,181,158,150,141,174,271,328,269,216,218,227,201,219,215,184,185,192,181,201,306,336,321,322,291,373,713,699,311,183,168,171,156,175,160,167,172,163,186,164,143,125,117,109,111,90,120,130,94,104,140,186,150,116,135,133,96,62,40,50,56,52,39,51,52,49,40,27,28,24,30,35,44,38,45,46,43,46,35,43,59,69,41,22,29,33,38,40,39,31,18,30,22,30,33,22,16,42,35,14,10,16,16,6,5,18,30,40,38,42,26,27,51,54,42,34,43,43,41,27,10,10,8,2,8,8,0,0,0,0,4,6,2,0,2,2,18,99,83,19,9,4,6,4,2,2,4,8,12,18,24,26,22,12,15,15,18,20,19,22,21,8,36,27,24,12,4,4,4,6,12,11,5,2,2,0,0,0,4,4,2,0,0,4,12,14,16,20,4,0,0,4,12,16,8,8,7,4,0,0,0,0,0,4,12,10,4,4
000092.bin,conv3,4,11x400x352,0,200,DatasetTemplate.prepare_data(raw_points),False,raw,15000,1548800,18851,0.01217135847107438,0.9878286415289256,0,0,0,0,0,0,0,0,0,0,0,0,0,0,0,0,0,0,0,1,6,11,0,0,0,0,0,0,0,0,0,0,0,0,0,0,0,0,0,0,4,8,37,105,110,106,60,21,10,13,16,27,57,145,212,202,177,180,142,130,128,124,103,75,61,75,90,105,101,107,120,133,127,116,146,149,129,109,110,89,75,57,57,49,47,26,29,60,88,109,121,106,120,183,209,217,228,208,154,136,113,135,153,144,146,129,145,133,188,243,237,253,225,157,105,84,80,60,49,53,83,100,113,108,117,81,101,85,61,79,92,99,150,163,124,89,67,62,55,70,82,76,69,62,84,104,94,74,59,68,65,78,97,106,87,53,63,80,85,117,83,85,74,60,50,56,50,68,75,60,78,80,59,91,121,131,157,144,134,126,110,126,123,108,98,79,92,98,77,63,59,43,44,38,36,39,34,27,28,30,36,55,81,78,55,57,50,51,44,36,21,19,22,19,23,34,27,26,30,34,31,24,44,61,47,15,28,30,43,45,48,39,27,23,20,13,9,7,6,8,8,16,18,11,12,12,12,12,21,54,79,103,112,94,79,72,72,49,36,27,22,22,18,30,33,22,14,14,10,0,8,8,4,12,8,2,16,22,5,6,9,8,4,2,6,4,4,0,6,6,0,0,0,0,0,0,0,0,0,4,0,0,0,0,2,3,4,8,12,12,6,0,4,4,0,0,4,0,0,4,4,0,0,0,0,0,0,0,0,0,0,0,0,0,0,0,0,0,10,10,45,69,66,61,52,48,39,24,4,14,14,10
000093.bin,conv3,4,11x400x352,0,200,DatasetTemplate.prepare_data(raw_points),False,raw,15000,1548800,20892,0.013489152892561983,0.986510847107438,0,0,0,0,0,0,0,0,0,0,0,0,0,0,0,0,0,0,0,4,16,20,6,8,4,0,0,0,0,0,0,0,0,0,6,8,18,18,18,28,31,21,12,17,40,41,28,12,4,8,28,43,55,53,82,131,164,147,104,78,85,100,115,129,121,113,108,120,104,75,66,64,48,31,30,49,79,99,98,83,79,74,69,78,77,101,121,129,141,126,134,124,106,116,139,185,170,118,107,123,128,127,122,139,126,99,125,151,153,138,155,190,196,186,182,197,192,158,147,123,112,110,146,162,155,153,147,153,143,148,129,135,98,67,81,83,92,93,71,72,78,66,67,83,121,212,241,212,212,201,170,190,141,127,142,152,110,80,82,135,152,109,88,88,74,65,80,99,129,125,107,103,97,73,74,75,79,75,50,79,138,150,161,188,217,166,114,104,180,286,243,181,149,194,173,144,141,141,138,134,63,28,20,12,20,22,21,17,24,57,79,60,46,33,22,17,27,42,62,61,45,50,56,50,36,38,33,32,29,23,16,21,36,26,17,15,19,16,0,10,13,12,21,21,6,10,13,14,21,13,14,20,28,26,18,9,12,6,10,6,0,4,10,8,2,2,7,39,37,10,3,7,12,14,11,0,1,0,0,2,2,0,12,16,4,0,0,0,0,0,0,0,2,6,4,4,0,0,14,18,6,0,8,14,8,2,0,0,0,0,0,0,5,8,4,0,0,0,0,0,0,0,0,0,0,0,0,0,0,0,0,0,0,0,0,4,20,61,81,46,14,6,13,6,6,20,24,4,8,14,5,4
000094.bin,conv3,4,11x400x352,0,200,DatasetTemplate.prepare_data(raw_points),False,raw,15000,1548800,9190,0.005933626033057852,0.9940663739669422,0,0,0,0,0,0,0,0,0,0,4,10,8,6,13,16,16,33,74,104,50,38,31,33,27,30,20,8,8,8,10,10,14,12,10,12,13,13,78,136,133,55,40,35,56,133,210,149,20,20,21,23,22,25,27,24,24,27,27,24,23,25,26,18,16,19,29,34,32,32,35,31,34,32,37,42,41,36,34,35,26,39,47,36,48,56,64,83,92,88,73,70,79,90,89,81,65,54,68,53,57,60,48,34,35,33,47,56,57,42,36,28,30,34,40,49,56,53,50,36,31,16,14,20,32,52,50,52,54,32,19,29,25,16,7,13,43,64,44,18,19,30,34,31,29,24,31,29,18,31,34,32,36,53,64,70,72,49,23,12,21,23,15,18,21,23,19,14,21,27,33,32,19,12,8,13,9,12,25,25,21,19,12,14,10,10,13,10,5,8,5,1,2,2,10,14,11,33,46,26,17,22,24,32,31,30,20,24,13,12,10,6,9,12,8,11,30,34,37,31,24,26,24,40,80,79,57,39,29,30,37,47,35,25,27,23,28,31,29,29,28,28,28,32,30,17,21,20,26,32,27,24,12,14,15,12,27,35,32,34,28,18,37,45,42,37,26,25,21,14,13,8,12,4,6,2,1,0,4,4,4,0,0,0,17,25,12,5,2,0,0,0,0,0,0,4,0,15,26,24,27,30,23,19,14,9,9,6,4,10,10,8,10,8,8,4,4,4,11,15,0,0,2,2,8,9,8,4,4,4,0,0,0,0,0,0,0,4,4,0,6,6,0,4,8,10,0,0,0,0,0,0
000095.bin,conv3,4,11x400x352,0,200,DatasetTemplate.prepare_data(raw_points),False,raw,15000,1548800,18586,0.01200025826446281,0.9879997417355372,0,0,0,0,0,0,0,0,0,0,0,0,0,0,0,0,0,0,0,0,0,0,0,4,4,4,4,4,0,0,5,7,23,21,14,13,12,4,11,11,20,18,22,17,2,0,0,0,0,46,68,56,44,45,45,51,63,47,12,46,103,122,150,174,158,128,101,56,40,44,40,61,61,43,29,16,11,10,9,9,13,11,16,21,20,36,39,153,415,425,134,129,118,83,77,65,77,72,75,75,76,126,207,248,209,158,136,130,133,84,81,89,78,73,79,117,141,155,124,107,132,137,145,135,161,152,173,224,261,278,311,445,417,311,163,153,128,91,94,103,103,103,83,95,92,87,92,98,99,104,108,134,163,152,143,127,106,92,89,97,70,67,73,74,79,76,74,69,53,49,54,100,117,89,95,108,101,80,56,55,61,66,54,59,64,66,55,58,70,83,86,64,72,85,110,85,80,68,89,108,83,39,42,42,36,35,38,34,32,38,44,34,30,26,23,24,16,26,34,29,24,16,18,21,16,9,8,14,16,12,18,27,25,26,26,8,12,20,29,27,23,16,8,10,12,20,13,9,11,7,6,24,33,32,34,16,9,24,32,20,27,19,13,23,24,30,41,39,23,14,13,17,26,27,23,20,11,12,14,23,18,11,10,13,10,12,11,15,15,22,16,17,12,13,7,4,12,25,18,12,12,13,20,19,11,5,5,12,6,15,14,12,10,16,30,21,4,18,27,8,5,5,6,7,6,9,10,8,8,4,10,6,0,8,10,8,10,10,11,6,8,11,6,2,6,13,9,18,18,6,0,0
000096.bin,conv3,4,11x400x352,0,200,DatasetTemplate.prepare_data(raw_points),False,raw,15000,1548800,12316,0.007951962809917355,0.9920480371900826,0,0,0,0,0,0,0,0,0,0,0,0,0,0,0,0,0,0,0,0,0,7,16,8,0,0,0,0,0,0,0,0,9,25,45,48,50,62,80,66,92,125,116,106,122,122,109,84,82,82,98,92,94,88,78,73,66,64,57,73,58,51,60,86,68,55,70,66,43,40,42,29,29,37,58,51,50,50,46,27,23,24,25,42,49,46,38,46,44,51,58,47,39,45,60,75,68,71,56,39,50,42,33,64,103,105,105,83,83,77,75,76,74,60,75,77,95,92,71,61,44,77,109,88,71,68,82,93,78,73,77,63,68,66,80,81,66,37,27,28,35,36,50,42,54,51,53,56,55,83,119,121,65,74,60,67,83,74,85,78,60,60,67,53,61,52,73,66,55,51,55,57,52,52,76,86,76,65,50,55,61,57,48,51,41,32,36,35,45,43,42,42,52,68,69,58,41,33,39,50,40,24,30,41,40,28,18,14,8,14,12,21,18,5,9,8,7,6,10,25,20,19,46,53,34,24,26,29,40,37,16,25,29,29,37,24,22,18,19,16,17,6,0,5,6,2,11,15,3,2,6,7,10,10,11,12,4,8,8,4,14,22,30,24,22,17,22,36,33,27,13,7,11,4,13,10,2,7,10,11,6,7,19,15,2,6,6,10,15,6,8,4,0,4,4,10,10,0,0,12,4,0,4,8,4,0,0,0,0,4,4,2,0,0,0,0,0,0,0,0,0,0,0,0,4,4,11,8,0,4,8,4,4,4,0,0,0,8,15,14,11,7,0,0,0,0,0,2,5,4,6,12
000097.bin,conv3,4,11x400x352,0,200,DatasetTemplate.prepare_data(raw_points),False,raw,15000,1548800,26144,0.016880165289256198,0.9831198347107438,0,0,0,0,0,0,0,0,0,0,0,0,0,0,0,0,0,0,0,0,0,0,0,0,0,0,0,0,0,0,0,0,0,0,0,0,0,0,0,0,18,19,16,0,0,0,0,0,0,0,0,0,0,0,0,0,0,0,0,0,0,0,0,0,0,0,4,4,0,0,2,10,17,32,97,152,234,274,300,305,315,326,270,256,238,266,265,277,268,242,220,192,200,191,190,188,152,149,153,174,194,176,135,121,135,141,165,192,190,158,132,137,167,203,253,285,304,271,221,207,200,238,210,228,243,281,335,345,330,281,244,224,230,252,280,309,308,271,262,238,188,177,173,179,179,157,170,171,178,185,179,176,153,156,148,148,141,127,110,135,137,128,119,136,134,100,86,98,113,103,83,73,77,69,78,117,132,119,103,103,135,128,103,82,86,93,79,61,53,69,107,79,76,57,74,54,38,73,72,85,77,59,60,52,49,50,49,45,48,29,27,19,21,20,29,31,36,41,42,30,28,35,25,25,45,44,25,44,79,92,58,39,25,29,34,48,52,47,52,34,42,44,27,26,24,14,10,19,30,44,32,36,57,54,41,29,25,28,34,14,13,16,22,22,23,29,28,43,46,30,28,35,39,42,51,40,33,24,25,45,45,39,36,28,28,33,22,28,26,21,26,18,12,20,8,6,10,8,5,5,12,10,6,4,8,16,8,4,12,20,25,19,30,55,54,51,41,26,20,12,18,8,0,4,4,25,20,8,10,27,21,15,18,4,6,6,10,13,16,10,10,10,8,8,4,4,0,0,0,0,4,4
000098.bin,conv3,4,11x400x352,0,200,DatasetTemplate.prepare_data(raw_points),False,raw,15000,1548800,13772,0.008892045454545455,0.9911079545454545,0,0,0,0,0,0,0,0,0,0,0,0,0,0,0,0,0,0,43,66,49,12,8,9,11,11,6,6,6,6,6,12,25,48,82,119,165,196,193,185,177,146,142,146,125,104,77,54,45,26,36,41,39,35,44,42,34,39,38,42,43,51,59,59,67,87,92,72,61,42,30,32,36,38,33,35,37,32,35,40,45,49,50,48,46,41,37,35,36,77,103,68,65,49,66,100,85,58,55,47,57,95,128,130,126,125,119,122,116,108,103,69,54,43,64,86,96,101,86,78,65,65,45,48,65,61,79,74,71,72,59,63,65,57,45,57,44,40,48,58,45,43,31,51,56,38,35,45,65,64,64,60,37,43,20,19,18,31,71,76,54,48,35,42,63,139,134,74,47,29,30,39,35,42,54,39,21,39,53,53,32,20,19,28,32,27,27,21,28,24,14,14,22,26,23,17,14,16,21,26,33,32,28,40,75,69,36,31,42,68,85,54,29,29,33,25,10,20,18,12,6,8,8,14,34,28,20,22,12,17,17,12,22,22,16,16,10,8,12,14,9,16,17,17,9,17,14,6,0,4,12,9,6,6,5,4,3,5,4,6,6,18,6,20,28,37,48,47,57,55,52,49,35,33,20,10,13,9,30,32,33,41,66,68,52,36,24,23,23,33,29,13,22,18,20,9,11,12,13,46,60,35,6,7,11,14,15,14,24,51,44,13,15,14,17,19,19,18,20,12,22,28,25,24,12,12,18,22,20,16,23,25,25,12,9,10,8,17,16,18,20,22,12,4,10,8,9,14,18,16,19,20
000099.bin,conv3,4,11x400x352,0,200,DatasetTemplate.prepare_data(raw_points),False,raw,15000,1548800,20500,0.013236053719008264,0.9867639462809917,0,0,0,0,0,0,0,0,0,0,0,0,0,0,0,0,2,9,14,8,4,0,0,0,0,6,18,12,20,26,17,15,14,6,14,14,8,8,4,0,0,0,0,0,6,6,8,10,18,22,28,36,36,56,92,126,147,144,123,127,162,184,192,207,191,198,186,199,201,167,140,141,127,145,135,114,113,128,143,133,144,157,166,138,119,101,119,126,172,198,244,325,314,265,250,183,186,243,241,167,118,98,123,147,102,93,108,103,120,149,140,102,90,103,112,96,122,149,160,148,165,170,167,157,138,134,139,141,96,81,78,87,97,119,153,131,130,160,146,94,74,81,96,112,137,129,126,138,137,114,112,127,137,130,103,89,91,111,97,68,48,56,55,51,63,45,89,133,155,134,112,200,199,168,180,175,127,129,146,112,71,42,24,20,38,36,52,38,32,32,14,8,8,4,6,8,20,29,30,25,15,20,12,15,22,24,36,52,57,50,28,24,14,12,4,8,6,4,6,6,8,4,18,34,37,35,54,55,19,4,8,18,26,24,10,14,8,11,9,2,4,5,7,6,8,21,26,16,4,6,8,18,19,12,21,27,17,5,8,12,10,21,18,8,5,12,17,9,6,16,12,2,4,0,0,20,18,10,2,6,5,7,6,6,6,4,0,6,8,5,21,21,8,4,11,15,10,7,4,2,4,18,8,6,10,16,14,8,4,10,16,8,12,14,14,8,1,9,16,14,12,17,29,37,33,12,18,55,60,33,16,19,10,12,14,8,4,8,0,2,12,21,16,4,0,0,0,4,25,27,8,2
000100.bin,conv3,4,11x400x352,0,200,DatasetTemplate.prepare_data(raw_points),False,raw,15000,1548800,13762,0.008885588842975207,0.9911144111570248,0,0,0,0,0,0,0,0,0,0,0,0,0,0,6,12,10,0,0,0,0,0,0,4,13,19,24,22,25,21,41,53,37,22,16,18,25,28,35,34,42,60,45,42,98,175,168,108,72,62,66,78,99,103,129,122,114,121,99,70,54,52,50,36,37,45,52,63,69,81,90,98,97,89,74,32,16,18,16,26,90,89,88,81,78,90,89,79,65,46,57,50,45,45,39,35,35,28,35,63,56,59,58,44,52,79,66,87,124,143,184,184,176,196,219,216,190,145,134,158,164,154,125,76,56,58,64,56,49,55,79,90,59,59,70,60,50,47,42,30,42,93,122,105,70,58,32,34,41,59,50,39,22,91,136,119,83,31,37,44,33,25,26,35,60,79,71,47,44,46,58,49,43,39,22,25,27,33,20,10,38,63,115,164,173,133,68,66,61,28,19,16,50,44,20,27,33,21,6,22,22,41,37,12,14,34,45,50,56,38,10,5,4,8,26,38,32,20,8,16,13,12,55,61,22,30,50,48,48,50,27,12,37,65,62,20,7,6,8,9,10,8,11,12,23,15,24,23,23,32,34,27,8,8,8,4,4,6,22,16,8,10,12,8,8,11,11,6,6,10,2,0,0,2,12,11,4,0,13,27,10,4,13,11,2,0,0,4,4,8,12,6,2,5,4,0,0,0,0,0,0,0,0,0,0,0,0,6,12,10,2,0,4,4,0,0,0,0,0,0,0,0,11,14,8,15,14,0,0,0,0,0,0,0,0,0,0,0,0,0,0,0,0,0,0,0,0,0,0,0,0,0
000101.bin,conv3,4,11x400x352,0,200,DatasetTemplate.prepare_data(raw_points),False,raw,15000,1548800,29107,0.01879325929752066,0.9812067407024794,0,0,0,0,0,0,0,0,0,0,0,0,0,0,0,0,0,0,0,0,0,0,0,0,0,0,0,0,0,0,0,0,0,0,0,0,0,0,0,0,0,0,0,0,0,0,0,0,0,0,0,0,0,2,10,18,30,42,77,102,113,114,101,100,107,116,115,103,83,96,116,123,132,190,213,243,277,299,253,241,257,323,357,240,161,165,185,221,285,254,256,288,292,240,192,248,268,243,221,215,207,208,228,267,247,217,213,232,197,204,258,308,290,256,233,200,239,221,166,202,258,247,218,197,168,147,153,169,187,147,133,137,139,164,187,181,127,94,102,105,133,134,112,83,115,122,109,127,145,132,121,127,146,183,146,111,107,110,122,130,127,130,137,142,118,106,117,126,155,148,124,105,135,159,141,142,171,175,139,126,126,144,157,164,159,144,125,130,218,204,177,193,188,194,177,182,150,156,149,163,103,78,70,58,51,68,72,66,54,58,61,86,115,114,85,98,82,81,62,72,52,39,32,31,26,24,16,28,25,35,36,36,24,18,14,16,28,18,16,22,24,42,44,27,32,31,41,51,24,28,34,26,16,23,39,46,39,65,44,24,37,31,16,26,24,33,35,20,10,8,18,21,27,26,14,16,19,19,12,10,3,3,4,13,16,17,26,28,14,3,22,24,2,12,26,20,12,40,34,20,16,25,26,56,66,59,34,12,24,32,33,20,22,27,24,20,24,8,24,36,18,22,16,4,0,0,10,10,0,4,8,22,14,12,8,18,20,14,10,10,4,4,8,8,0,2,3,3,4,4,0,10
000102.bin,conv3,4,11x400x352,0,200,DatasetTemplate.prepare_data(raw_points),False,raw,15000,1548800,15339,0.009903796487603306,0.9900962035123967,0,0,0,0,0,0,0,0,0,0,0,0,0,0,0,0,0,0,0,0,0,0,4,10,11,18,42,65,70,88,84,85,94,80,60,71,85,104,112,113,106,116,118,119,125,131,142,139,138,122,108,134,153,167,168,161,154,143,133,116,123,130,140,107,95,90,88,52,61,65,80,75,82,64,54,73,86,97,94,92,82,79,101,97,98,86,92,110,122,138,163,160,134,88,115,104,84,77,58,71,84,107,101,99,117,118,124,124,115,111,105,80,88,103,104,79,59,55,69,78,71,88,103,104,124,133,133,108,95,71,55,65,85,70,61,56,62,56,35,65,85,58,60,54,62,86,76,63,63,58,80,72,60,58,59,67,63,44,52,56,54,41,43,51,46,44,18,28,26,53,58,70,115,140,118,112,108,100,92,75,66,65,55,44,41,41,48,40,18,11,13,16,19,17,28,57,60,49,52,68,71,39,39,25,13,14,15,10,6,9,11,9,10,3,4,8,5,2,9,12,19,16,15,14,11,4,2,8,8,4,0,3,13,6,4,6,10,11,4,4,0,0,0,0,4,4,4,0,0,18,22,8,6,6,12,11,12,13,9,2,0,0,0,0,0,0,0,0,0,0,0,0,0,0,0,0,0,0,0,0,0,0,0,0,0,0,0,0,0,0,0,0,0,0,0,0,0,0,0,0,0,0,0,0,0,0,0,0,0,0,0,0,0,0,0,0,0,0,0,0,0,0,0,0,0,0,0,0,0,0,0,0,0,0,0,0,0,0,0,0,0,0,0,0,0,0,0,0,0,0,0,0
000103.bin,conv3,4,11x400x352,0,200,DatasetTemplate.prepare_data(raw_points),False,raw,15000,1548800,11471,0.007406379132231405,0.9925936208677686,0,0,0,0,0,0,0,0,0,0,0,0,0,0,0,0,0,0,0,0,2,4,2,0,8,13,13,10,11,8,17,31,34,54,76,156,152,108,76,75,83,87,88,50,42,42,43,48,37,36,40,50,43,38,29,26,55,70,125,163,175,174,187,176,162,192,183,172,178,185,234,256,263,294,289,240,236,251,231,219,160,135,142,133,124,95,80,73,62,147,161,179,178,96,57,42,49,34,51,46,39,35,47,62,58,69,68,65,82,128,155,180,167,140,127,104,94,106,84,83,83,66,68,65,63,57,45,54,49,44,41,54,48,22,12,10,12,15,8,4,4,6,8,12,8,2,2,10,12,4,6,6,10,8,6,3,2,0,4,4,0,3,3,3,6,4,0,0,0,16,22,10,6,12,14,6,8,17,18,4,0,4,8,7,10,8,7,4,2,0,0,0,0,0,0,0,0,0,0,0,9,8,0,0,0,0,0,0,0,0,0,0,0,0,0,0,0,0,0,0,0,0,0,0,0,0,0,0,0,0,0,0,0,0,0,0,0,0,0,0,0,0,0,0,0,0,2,2,0,0,0,0,0,0,0,2,6,4,0,0,0,0,0,0,0,0,0,0,0,0,0,0,0,0,0,0,0,0,0,0,0,2,2,0,0,0,0,0,0,0,0,0,0,0,0,0,0,6,6,4,0,0,0,0,0,0,0,0,0,0,0,0,0,0,0,0,0,0,0,0,0,0,0,0,0,0,0,0,0,0,0,0,0,0,0,0,0,0,0,0,0,0,0,0,0,0,0,0,0,0,0,0
000104.bin,conv3,4,11x400x352,0,200,DatasetTemplate.prepare_data(raw_points),False,raw,15000,1548800,18214,0.011760072314049587,0.9882399276859504,0,0,0,0,0,0,0,0,0,0,0,0,0,0,0,0,0,0,0,0,0,6,6,4,0,0,0,0,0,0,0,6,14,19,23,25,24,23,15,16,20,21,12,10,76,144,174,107,65,50,34,15,18,19,20,21,17,14,20,14,14,11,21,22,18,20,23,22,27,18,24,23,31,43,54,46,36,28,47,50,44,42,40,50,63,57,72,85,67,93,106,104,110,106,110,114,110,98,102,118,114,89,87,103,141,183,184,170,187,177,176,161,185,189,178,193,183,156,146,159,157,151,141,165,167,177,194,188,168,137,120,113,135,161,202,245,280,233,169,146,124,107,103,103,95,70,66,61,54,59,56,59,67,90,87,66,46,42,40,54,69,59,51,58,70,64,60,44,26,27,38,34,40,54,52,42,68,91,89,76,64,45,49,62,85,69,39,27,30,28,30,31,37,40,43,34,26,28,40,43,44,49,53,47,41,37,34,30,35,41,55,52,55,50,54,56,40,34,53,68,72,59,44,48,40,77,89,86,46,55,54,54,71,60,35,40,36,28,38,47,44,48,37,36,26,25,21,27,40,29,26,27,50,49,40,40,31,22,23,21,18,22,25,20,21,24,21,24,29,38,39,31,22,18,30,29,24,18,26,44,47,49,43,32,27,18,17,30,38,19,13,21,21,20,15,41,44,18,18,23,13,10,0,8,12,26,31,29,24,29,39,54,47,38,23,17,8,14,17,15,24,28,27,41,42,35,29,25,24,26,28,35,29,21,33,30,25,21,12,18,24,27,24,22,12,6,0,0,0,0,0,4
000105.bin,conv3,4,11x400x352,0,200,DatasetTemplate.prepare_data(raw_points),False,raw,15000,1548800,29644,0.019139979338842976,0.9808600206611571,0,0,0,0,0,0,0,0,0,0,0,0,0,0,0,0,0,0,0,0,0,0,0,0,6,12,12,8,7,0,0,0,0,0,0,0,0,0,0,0,0,0,0,0,0,0,0,0,15,34,35,25,10,0,0,0,0,0,0,0,0,4,22,23,28,52,65,93,105,119,141,167,175,160,157,166,145,126,127,105,62,47,35,58,94,102,95,75,69,74,79,81,108,122,155,196,282,286,292,317,361,356,363,326,342,324,342,394,394,343,341,299,256,248,234,225,316,362,326,225,224,214,191,211,224,252,262,255,261,258,202,192,133,117,127,137,162,205,268,259,239,207,186,187,197,204,179,180,159,173,180,175,172,153,170,156,152,122,130,150,169,137,181,209,167,163,155,133,146,98,82,117,129,154,146,132,145,150,156,151,152,150,167,179,158,127,103,143,168,212,216,147,112,81,164,156,108,73,61,81,52,44,87,117,102,73,75,47,87,92,64,55,59,66,54,55,85,68,54,53,48,48,35,40,30,23,33,33,24,42,54,47,33,45,64,69,67,95,94,63,36,50,47,48,39,31,51,66,63,45,45,38,41,38,38,32,47,54,62,81,62,48,20,31,41,31,31,27,27,23,22,20,12,16,22,8,16,14,25,44,37,22,19,10,8,4,33,31,49,42,24,23,17,37,44,52,49,45,38,23,21,27,10,16,23,29,71,67,16,4,12,14,14,16,20,24,30,30,20,16,14,8,0,2,2,11,15,0,0,8,0,4,6,2,0,0,0,0,8,4,8,4,0,4,4,2,0,4,12,67,27,20
000106.bin,conv3,4,11x400x352,0,200,DatasetTemplate.prepare_data(raw_points),False,raw,15000,1548800,23941,0.015457773760330579,0.9845422262396695,0,0,0,0,0,0,0,0,0,0,0,0,0,0,0,0,0,0,0,0,0,0,0,0,0,0,0,0,0,0,0,0,0,0,0,0,11,11,9,4,8,48,98,128,138,154,161,156,143,116,100,88,82,95,85,96,102,86,86,88,74,67,80,73,68,65,56,54,57,70,57,47,67,103,165,214,178,147,94,78,58,54,47,70,110,122,134,129,150,138,121,104,99,79,73,72,103,145,132,119,99,106,132,130,139,146,109,141,182,230,240,253,250,187,274,259,195,164,146,143,161,190,183,157,123,107,107,173,221,281,250,231,220,200,149,114,122,115,106,101,100,99,136,136,102,112,107,211,173,137,100,131,156,153,271,319,347,435,344,139,132,184,202,169,127,120,113,81,134,156,112,89,177,222,164,106,62,58,82,82,74,63,60,78,96,109,94,115,90,85,114,84,88,63,58,95,105,92,62,52,47,30,38,54,93,60,41,40,34,29,24,58,97,113,75,61,45,30,24,28,17,49,76,59,47,36,12,16,25,29,22,19,13,30,37,35,29,43,44,42,53,29,21,20,15,16,6,6,4,8,15,16,16,22,14,24,37,31,22,13,8,7,21,23,22,28,26,16,14,2,8,10,10,6,2,8,15,14,8,18,11,3,4,6,10,18,18,6,3,6,8,23,41,43,38,32,28,20,10,8,6,10,10,6,3,4,10,10,2,6,12,20,8,10,15,14,18,14,16,14,12,12,6,10,8,4,10,8,4,6,12,13,16,8,4,2,0,9,11,4,10,13,22,16,12,28,13,4,4,2,0,0
000107.bin,conv3,4,11x400x352,0,200,DatasetTemplate.prepare_data(raw_points),False,raw,15000,1548800,11895,0.007680139462809917,0.9923198605371901,0,0,0,0,0,0,0,0,0,0,0,0,2,2,8,4,0,0,0,0,0,0,0,0,0,0,0,0,0,0,37,107,130,140,142,136,113,108,103,94,83,77,93,233,244,158,37,38,64,63,59,63,67,64,66,60,50,43,44,46,42,33,41,45,56,62,51,51,51,52,56,49,54,58,71,68,74,85,91,85,88,89,77,75,65,75,82,78,79,80,75,69,59,35,36,39,25,24,31,43,39,29,35,44,45,41,47,56,63,60,58,68,74,74,66,69,61,66,61,46,40,54,74,71,60,44,47,59,68,55,37,16,10,7,7,12,24,26,18,6,22,32,26,20,25,27,9,0,4,6,8,63,102,88,77,101,81,46,38,34,31,40,52,67,57,59,70,101,116,119,111,120,101,85,83,71,76,92,81,69,46,29,8,22,47,95,67,66,77,26,12,16,4,12,16,34,26,16,14,16,22,13,11,14,32,37,21,8,4,12,9,11,10,8,12,10,10,12,8,4,18,25,24,26,24,12,16,16,22,28,24,22,14,19,24,25,33,58,67,17,8,12,17,12,15,8,10,22,16,12,19,23,21,17,9,11,14,24,24,14,6,6,10,14,8,8,6,12,8,14,15,28,33,22,12,10,4,4,4,10,13,9,15,20,17,13,4,0,6,43,42,8,2,2,10,13,19,17,13,26,20,8,2,0,0,0,0,0,0,0,0,5,27,24,4,0,4,4,0,4,4,0,0,0,0,7,14,8,0,0,0,4,8,7,13,10,0,0,4,7,2,0,4,4,0,0,0,0,0,0,4,4
000108.bin,conv3,4,11x400x352,0,200,DatasetTemplate.prepare_data(raw_points),False,raw,15000,1548800,20334,0.013128873966942149,0.9868711260330578,0,0,0,0,0,0,0,0,0,0,0,0,0,8,58,66,35,23,21,11,10,8,4,4,6,6,12,32,33,18,18,18,19,13,13,12,13,19,14,8,16,21,24,39,201,217,123,64,43,48,48,42,41,47,47,49,56,62,62,70,94,100,101,95,83,84,83,76,115,121,103,97,122,107,89,102,73,62,93,83,40,54,73,84,61,40,47,101,122,104,129,146,181,221,218,220,230,234,238,281,257,213,190,169,147,142,157,127,108,105,103,103,95,128,124,97,86,81,86,85,86,91,111,98,78,73,71,74,78,86,105,99,85,89,78,89,95,98,123,148,163,175,155,160,147,146,134,126,111,110,123,112,120,148,188,207,195,158,147,143,131,104,85,68,72,102,110,145,169,168,171,155,148,133,112,101,96,73,77,95,101,90,79,68,63,63,54,47,67,69,65,50,32,51,71,85,66,76,94,126,112,2,6,9,24,40,57,65,38,8,2,2,0,6,12,12,9,10,17,21,38,44,34,35,41,37,38,36,39,54,68,111,96,77,49,16,39,69,65,64,67,62,49,36,25,31,45,36,23,18,20,14,12,14,25,22,16,10,10,0,0,0,2,6,8,12,26,33,10,0,2,6,6,4,16,13,27,27,11,12,20,14,12,8,6,2,6,6,0,4,4,4,6,0,4,4,2,6,4,2,4,11,19,17,0,0,0,0,11,8,10,4,4,4,11,9,8,8,0,4,22,39,20,4,0,2,8,11,9,0,0,0,0,4,6,0,0,0,0,0,0,0,0,0,0,0,4,4,5,5,0,0
000109.bin,conv3,4,11x400x352,0,200,DatasetTemplate.prepare_data(raw_points),False,raw,15000,1548800,11029,0.0071209969008264465,0.9928790030991735,0,0,0,0,0,0,0,0,0,0,0,0,0,0,0,0,0,0,0,0,2,4,2,0,5,13,13,9,15,18,18,14,14,29,43,148,147,104,84,87,76,85,100,67,58,57,43,39,26,29,38,50,34,38,29,32,56,72,134,165,166,165,193,182,179,207,205,186,196,213,246,274,292,315,299,262,242,243,227,216,184,161,181,164,157,143,101,105,106,166,199,200,186,100,47,43,64,50,38,39,53,53,41,57,45,50,44,42,79,105,127,136,135,96,69,69,53,62,40,32,30,20,24,10,8,14,12,25,29,15,28,28,26,14,16,14,8,4,4,0,2,10,16,20,14,2,2,6,10,8,10,8,6,4,6,4,0,0,4,4,4,6,3,4,10,6,2,0,0,8,10,14,11,10,8,8,4,14,8,0,0,6,8,8,11,13,11,0,0,0,0,0,0,0,0,0,0,0,0,0,10,9,1,0,0,0,0,0,0,0,0,0,0,0,0,0,0,0,0,0,0,0,0,0,0,0,0,0,0,0,0,0,0,0,0,0,0,0,0,0,0,0,0,0,0,0,4,4,0,0,0,0,0,0,0,3,3,0,0,0,0,0,0,0,0,0,0,0,0,0,0,0,0,0,0,0,0,0,0,0,0,2,2,0,0,0,0,0,0,0,0,0,0,0,0,0,0,4,6,2,0,0,0,0,0,0,0,0,0,0,0,0,0,0,0,0,0,0,0,0,0,0,0,0,0,0,0,0,0,0,0,0,0,0,0,0,0,0,0,0,0,0,0,0,0,0,0,0,0,0,0,0
000110.bin,conv3,4,11x400x352,0,200,DatasetTemplate.prepare_data(raw_points),False,raw,15000,1548800,16615,0.010727660123966943,0.989272339876033,0,0,0,0,0,0,0,0,0,0,0,0,0,0,0,0,0,0,0,0,0,0,0,0,0,0,12,8,0,0,0,0,0,0,0,36,60,74,67,47,28,24,35,30,26,32,35,14,11,5,2,5,13,14,16,17,27,37,49,89,119,132,120,135,141,146,127,132,120,118,105,114,137,155,167,167,171,176,170,178,169,191,202,189,166,152,157,168,168,160,155,138,133,136,120,135,137,145,111,91,83,85,123,138,133,147,159,159,168,193,173,147,135,131,112,125,119,96,86,86,113,120,113,118,120,147,155,136,92,67,104,118,124,109,107,110,93,102,125,132,95,178,285,184,39,30,31,20,16,40,32,23,22,25,16,17,32,33,22,28,36,40,39,42,74,78,47,38,26,29,39,49,66,86,76,56,52,68,80,94,102,83,71,74,51,58,47,50,58,61,70,43,40,40,42,73,70,38,104,128,66,30,20,17,25,33,43,65,64,50,37,39,23,13,6,10,6,1,15,16,1,3,3,2,0,11,14,21,23,58,63,47,24,26,8,6,14,17,35,56,42,34,30,26,12,0,4,2,2,0,0,3,7,2,2,0,0,0,0,4,6,3,0,0,0,1,1,0,4,5,1,11,24,30,22,14,4,6,6,8,9,2,0,2,2,4,4,0,0,0,0,0,0,0,0,0,0,0,7,8,4,0,0,2,4,11,12,14,8,2,0,0,4,4,0,0,0,4,4,8,6,0,0,0,0,0,0,0,0,0,0,4,4,0,0,0,0,0,0,0,0,0,0,0,0,0,0,0,0,0,0,0
000111.bin,conv3,4,11x400x352,0,200,DatasetTemplate.prepare_data(raw_points),False,raw,15000,1548800,25345,0.016364282024793387,0.9836357179752067,0,0,0,0,0,0,0,0,0,0,0,0,0,0,0,0,0,8,9,6,5,3,5,6,0,0,0,0,0,0,0,0,0,0,0,0,0,0,0,0,0,0,0,0,0,0,0,2,0,0,4,14,16,14,2,3,2,2,1,1,3,5,3,0,0,0,11,19,28,48,42,45,39,34,42,44,34,48,69,90,68,40,68,76,94,90,95,86,112,143,162,161,137,170,154,151,150,133,173,208,226,246,202,238,244,227,231,245,224,272,331,344,306,292,295,280,300,228,172,155,145,175,241,229,197,206,230,247,259,259,229,179,185,200,174,117,131,141,171,203,196,180,161,138,140,174,168,221,229,166,154,143,163,208,225,236,295,276,208,172,141,128,137,141,112,106,120,168,156,117,153,174,178,187,185,153,131,123,127,120,110,141,148,133,140,194,179,133,120,131,130,137,125,137,194,224,112,56,58,70,86,52,39,27,25,25,35,67,64,33,46,35,28,34,38,44,36,34,40,40,51,39,22,18,26,26,35,37,24,10,15,24,29,22,10,12,11,19,35,31,22,33,39,33,20,45,112,78,10,20,36,44,43,26,8,13,16,46,92,127,90,12,3,4,10,9,11,68,88,67,37,35,23,10,24,29,25,19,22,29,23,22,29,27,27,21,12,19,23,19,14,20,20,6,13,32,39,20,20,18,26,30,18,12,11,12,12,14,10,8,4,6,0,0,8,15,14,10,10,11,14,18,26,64,51,5,6,6,4,5,5,4,6,8,5,0,4,7,4,0,0,4,6,8,14,12,10,10,10,15,15,6
000112.bin,conv3,4,11x400x352,0,200,DatasetTemplate.prepare_data(raw_points),False,raw,15000,1548800,19301,0.012461905991735538,0.9875380940082644,0,0,0,0,0,0,0,0,0,0,0,0,0,0,2,10,11,11,4,0,0,0,1,9,9,0,4,8,16,21,20,7,6,1,1,4,16,27,21,20,26,18,15,10,13,26,43,78,125,121,103,86,87,82,56,42,32,53,102,135,128,125,112,123,133,128,127,120,100,94,94,92,87,105,98,119,160,229,257,189,120,92,99,139,105,77,65,102,171,229,258,293,296,246,182,145,123,122,82,63,69,75,110,121,77,71,53,42,41,81,79,83,89,91,94,77,79,78,78,72,115,137,309,316,150,96,60,59,68,86,87,109,113,85,67,85,108,119,138,163,183,183,201,194,174,138,111,133,142,125,108,100,90,68,77,94,75,81,58,83,86,73,73,68,34,40,63,78,120,147,196,151,118,104,82,108,107,65,60,52,46,42,55,44,50,50,48,36,49,53,40,41,42,54,60,58,26,24,34,39,29,2,6,8,8,6,0,4,6,15,19,8,10,20,28,29,13,10,12,24,28,26,24,21,14,31,31,10,10,4,0,6,14,14,12,15,28,39,35,22,43,49,18,6,22,31,53,38,20,32,51,48,42,33,16,22,37,47,47,59,52,52,32,50,29,13,26,53,34,17,4,0,0,6,9,4,0,0,0,0,0,0,0,0,0,0,0,0,0,0,0,0,0,0,0,0,4,0,30,60,51,56,29,18,25,13,4,0,0,8,22,44,67,69,49,40,25,32,26,16,18,4,12,4,4,0,0,0,2,16,24,21,16,12,0,0,0,0,10,50,218,170,0,0,0,0,0,0,0,0,0,21
000113.bin,conv3,4,11x400x352,0,200,DatasetTemplate.prepare_data(raw_points),False,raw,15000,1548800,17185,0.011095686983471074,0.9889043130165289,0,0,0,0,0,0,0,0,0,0,0,0,0,0,0,0,0,0,0,0,0,6,6,0,0,0,4,6,14,22,22,24,36,54,59,64,68,69,89,81,60,50,45,72,81,99,134,172,151,79,43,36,42,108,120,64,33,31,36,36,43,47,52,50,44,44,53,61,67,68,48,38,59,56,57,43,55,61,50,49,32,29,42,45,65,75,67,52,65,89,84,34,37,30,39,41,24,24,26,21,25,31,64,120,171,143,82,65,80,80,95,138,115,77,118,136,153,266,250,201,184,220,269,267,199,121,141,133,137,140,174,222,175,112,110,111,102,104,167,236,161,82,80,92,103,122,138,95,145,210,243,263,285,260,245,223,173,167,145,115,92,93,92,119,105,58,70,120,175,122,66,61,50,31,53,70,88,81,59,93,146,121,61,42,32,22,8,11,12,23,22,36,39,46,37,18,26,32,46,48,34,40,54,51,40,38,27,24,20,22,25,35,21,21,18,12,9,7,13,8,19,38,28,17,16,11,0,0,10,13,10,14,8,19,24,20,21,16,10,10,8,6,8,10,12,6,12,20,25,36,35,32,18,12,8,12,12,4,4,4,0,4,28,28,12,4,0,2,0,0,0,0,4,8,5,2,0,0,0,0,0,9,13,11,8,6,2,0,0,0,8,4,7,8,2,7,8,8,5,0,0,24,36,25,19,10,4,0,4,4,11,2,0,0,0,0,0,0,0,0,0,0,4,4,0,0,0,0,0,4,4,0,4,4,0,0,0,0,0,0,4,0,0,0,0,0,2,9,8,0,0,0
000114.bin,conv3,4,11x400x352,0,200,DatasetTemplate.prepare_data(raw_points),False,raw,15000,1548800,23128,0.014932851239669422,0.9850671487603305,0,0,0,0,0,0,0,0,0,0,0,0,0,0,0,0,0,0,0,0,0,0,0,0,0,0,0,0,0,0,0,0,0,0,0,0,0,0,0,0,0,0,0,0,0,0,0,0,0,0,0,0,0,25,42,43,29,12,0,0,0,23,29,18,5,2,0,14,20,25,19,4,10,40,43,42,44,55,76,105,117,108,104,112,105,108,102,125,126,135,168,205,201,200,202,214,256,274,267,270,313,302,254,247,253,265,238,227,197,231,223,274,244,196,244,271,335,384,373,358,291,289,293,310,266,257,228,200,227,268,208,184,182,169,180,148,132,127,128,141,149,161,196,204,197,180,186,187,197,196,199,168,140,124,95,109,118,131,154,127,94,94,109,149,183,168,127,147,145,104,108,111,117,109,103,114,132,81,57,49,62,65,92,88,89,78,83,75,56,40,48,65,77,80,90,73,73,69,77,109,40,33,45,52,44,36,16,33,37,39,22,22,20,28,32,24,27,30,24,28,28,27,12,12,12,32,32,22,35,21,20,32,24,12,13,10,16,12,5,8,7,10,19,17,4,15,12,7,12,28,36,28,25,10,11,8,18,24,6,4,6,12,22,9,12,4,26,54,47,25,6,6,6,2,5,0,3,4,16,24,10,8,10,9,5,4,4,8,11,12,22,17,4,8,6,4,0,0,0,0,6,3,3,6,41,38,11,4,12,12,8,12,7,4,5,13,12,9,8,16,12,2,8,26,26,6,4,6,0,0,0,7,7,4,4,0,0,0,0,0,4,10,90,83,8,0,0,4,12,17,16,4
000115.bin,conv3,4,11x400x352,0,200,DatasetTemplate.prepare_data(raw_points),False,raw,15000,1548800,26734,0.017261105371900825,0.9827388946280992,0,0,0,0,0,0,0,0,0,0,0,0,0,0,0,0,0,0,0,0,0,0,0,0,0,0,0,0,0,0,0,9,19,19,8,0,0,0,0,0,0,21,40,33,27,24,12,8,6,10,20,19,7,10,10,18,34,47,62,71,80,95,117,136,163,183,189,195,190,220,195,186,198,204,189,171,170,169,183,164,188,184,131,137,143,152,143,119,97,114,129,128,95,70,68,67,66,103,110,117,196,190,79,79,83,99,113,115,125,131,102,72,72,105,118,145,151,128,154,173,143,89,102,100,109,102,118,244,308,233,233,212,205,203,162,165,158,183,235,261,217,177,201,269,301,342,373,305,233,205,190,146,117,132,133,107,124,141,140,152,179,136,123,186,223,172,111,135,155,136,118,114,116,106,134,152,183,175,167,161,183,198,170,149,139,109,123,112,114,109,79,81,100,146,153,134,139,166,137,122,65,43,49,38,42,21,31,34,33,87,93,41,37,54,64,54,58,63,48,38,50,52,55,81,116,84,49,38,36,33,39,35,49,48,22,26,40,42,46,26,21,26,33,34,27,52,64,54,50,63,48,30,40,49,38,61,56,35,43,47,38,36,43,64,61,50,25,56,54,27,33,22,20,31,28,27,31,18,16,22,18,14,18,12,20,30,36,37,42,30,22,14,25,23,18,12,10,2,12,6,12,16,4,38,40,23,24,17,9,0,0,0,23,29,12,20,17,17,24,25,22,24,18,4,2,4,8,2,0,0,0,0,4,8,12,19,16,34,44,36,43,43,38,36,18,10,4,12,22,20,6,4
000116.bin,conv3,4,11x400x352,0,200,DatasetTemplate.prepare_data(raw_points),False,raw,15000,1548800,12169,0.00785705061983471,0.9921429493801653,0,0,0,0,0,0,0,0,0,0,0,16,16,8,6,8,6,0,0,0,0,0,0,0,0,0,0,0,0,0,0,0,12,28,59,76,82,97,100,101,158,195,202,119,108,111,107,105,99,84,76,59,58,58,62,79,87,93,85,67,73,72,67,66,69,64,65,64,51,54,66,71,65,62,69,97,111,45,55,70,61,74,70,57,44,46,52,61,57,66,61,50,44,51,48,41,40,39,32,33,46,63,55,44,39,45,38,33,68,77,82,78,77,71,66,58,74,73,57,46,67,65,39,53,52,48,48,48,44,44,51,58,61,73,86,92,81,88,73,72,89,86,85,89,91,82,73,69,53,68,55,29,44,60,67,62,66,50,35,36,39,41,41,20,7,9,14,39,35,7,7,9,9,3,9,12,13,13,12,19,18,14,8,36,52,24,22,28,26,22,27,27,36,33,25,31,24,33,44,23,15,10,20,35,29,24,28,53,69,59,47,39,45,39,27,24,48,100,87,12,8,4,4,1,0,4,4,1,0,0,4,9,18,25,12,12,14,22,22,14,10,14,11,8,8,6,15,25,15,0,0,0,2,2,0,4,12,11,4,4,8,16,14,4,0,4,6,4,0,0,4,16,35,29,18,28,70,80,80,79,105,134,124,63,6,4,0,10,15,12,6,3,3,6,11,10,10,0,0,0,6,34,32,22,13,12,10,10,14,10,7,11,0,12,16,25,27,13,21,19,0,8,4,0,0,0,0,7,8,0,0,0,0,0,0,0,0,0,0,0,0,0,0,0,0,0,0,14,11,0,0,4
000117.bin,conv3,4,11x400x352,0,200,DatasetTemplate.prepare_data(raw_points),False,raw,15000,1548800,27478,0.017741477272727273,0.9822585227272728,0,0,0,0,0,0,0,0,0,0,0,0,0,0,0,0,0,0,0,0,0,0,0,0,0,0,0,0,0,4,9,6,0,7,11,26,43,39,26,31,29,28,22,17,26,24,15,18,27,49,64,77,78,86,109,118,111,111,84,77,82,110,109,92,80,57,67,70,85,85,110,125,97,71,59,57,40,42,39,86,148,188,190,161,129,95,122,113,105,99,100,92,102,145,181,153,148,179,189,226,247,231,202,208,212,218,207,223,208,214,198,214,243,241,195,148,150,142,149,169,152,108,98,135,178,187,172,166,193,208,249,253,228,170,163,155,169,180,196,190,174,183,155,125,106,95,87,94,117,144,147,152,156,165,167,167,188,254,296,340,305,252,250,226,198,220,261,285,319,305,257,188,198,178,169,167,159,166,152,173,155,148,143,188,222,220,228,195,160,146,148,116,97,108,114,116,145,119,69,57,48,57,51,53,48,51,52,52,32,39,34,32,48,43,33,39,60,72,65,66,71,87,78,82,88,73,49,46,41,26,22,26,26,30,30,38,27,40,48,51,46,42,38,48,40,39,19,8,9,10,20,24,19,20,31,42,39,34,41,48,29,8,28,45,74,52,26,14,8,4,11,21,20,12,6,16,18,16,12,0,22,43,22,14,8,12,16,28,17,10,10,6,13,13,23,24,21,14,0,16,13,2,9,7,0,11,23,14,6,0,0,0,0,0,0,0,0,0,0,0,0,0,4,10,8,0,0,0,0,4,20,19,0,0,0,0,0,2,0,0,0,0,0,0,0,0,0,0,0,0,0,0
000118.bin,conv3,4,11x400x352,0,200,DatasetTemplate.prepare_data(raw_points),False,raw,15000,1548800,8031,0.005185304752066116,0.9948146952479339,0,0,0,0,0,0,0,0,0,0,0,0,0,0,0,0,0,0,0,0,0,0,0,8,8,8,37,71,127,129,113,79,68,50,82,103,99,99,89,87,78,53,38,58,86,88,82,69,78,89,74,61,82,83,75,29,19,19,21,29,35,66,75,59,49,56,57,44,55,72,84,66,63,78,77,53,38,32,28,44,36,34,27,30,49,57,57,59,59,63,57,23,28,28,23,19,35,41,34,55,99,69,29,49,71,84,93,107,86,45,46,54,42,32,33,40,67,56,27,27,43,68,68,50,33,23,24,30,32,33,27,22,14,14,18,20,12,18,22,33,24,8,0,6,8,36,44,23,17,18,26,28,12,0,12,6,0,0,0,14,24,16,32,30,10,4,0,12,6,2,4,8,9,19,31,25,20,21,11,15,41,58,49,43,35,53,56,39,49,57,68,80,41,45,46,64,64,49,37,26,27,29,25,12,4,5,11,13,6,15,19,19,9,0,0,0,0,6,0,0,0,0,0,0,0,0,0,0,0,0,0,0,0,0,0,0,0,0,0,0,0,0,0,0,0,0,4,4,0,0,0,0,0,0,0,0,0,0,0,0,0,0,0,0,0,0,0,0,0,0,0,0,0,0,0,0,0,0,0,0,4,4,0,5,15,8,4,15,10,4,0,0,0,0,0,0,0,0,0,0,0,0,0,0,0,0,0,0,0,0,0,0,0,0,0,0,0,0,0,0,0,0,0,0,0,0,0,0,0,0,0,0,0,0,0,0,0,0,0,0,0,0,0,0,0,0,0,0,0,0,0,0
000119.bin,conv3,4,11x400x352,0,200,DatasetTemplate.prepare_data(raw_points),False,raw,15000,1548800,17122,0.011055010330578513,0.9889449896694215,0,0,0,0,0,0,0,0,0,0,0,0,0,0,0,0,0,0,0,0,0,0,0,0,0,0,0,0,0,4,10,34,53,80,109,119,110,99,92,116,147,163,224,258,290,327,334,315,317,307,309,308,275,275,246,269,250,215,219,221,230,231,243,220,209,187,171,146,110,91,101,88,69,65,52,46,62,89,96,94,101,99,86,72,82,69,65,88,94,77,78,74,77,68,70,63,43,33,37,62,88,80,66,54,66,64,59,56,53,53,75,76,115,116,104,105,107,109,106,114,110,103,80,70,71,78,68,67,69,88,80,79,79,55,68,97,107,116,99,80,85,69,63,63,73,76,50,45,54,49,48,38,26,33,29,16,22,27,43,44,54,47,51,48,74,66,56,46,38,44,58,64,71,44,30,42,29,21,25,24,32,46,56,57,53,58,38,39,33,14,2,2,17,28,26,20,23,17,22,16,23,23,12,8,8,23,22,28,41,34,11,8,12,29,28,10,5,2,0,12,11,3,5,5,4,6,8,12,10,4,10,19,32,28,9,20,17,17,13,7,18,14,4,14,18,15,6,8,18,4,29,24,12,6,5,7,3,1,16,22,16,20,16,0,4,4,0,0,4,8,4,0,0,0,0,0,0,0,0,0,0,0,0,3,4,0,0,0,6,6,0,0,0,0,0,0,0,0,0,0,0,0,0,0,0,0,0,0,0,0,0,0,0,0,0,0,0,0,0,0,0,0,0,0,0,0,0,0,0,0,4,6,10,16,14,4,0,16,22,6,20,20,20,16,21,14,7,12,17,12,0,0
000120.bin,conv3,4,11x400x352,0,200,DatasetTemplate.prepare_data(raw_points),False,raw,15000,1548800,16855,0.010882618801652892,0.9891173811983471,0,0,0,0,0,0,0,0,0,0,0,0,0,0,0,0,0,0,0,0,0,0,0,0,0,9,12,10,0,0,0,0,0,0,0,0,0,0,0,0,10,38,53,52,57,65,55,40,26,16,12,13,11,9,8,9,11,29,56,86,105,116,116,141,135,146,136,162,173,198,243,264,278,273,288,341,280,208,207,229,255,284,239,328,393,307,263,264,272,231,199,179,178,150,141,141,118,118,134,145,157,130,173,164,118,85,92,125,160,183,165,128,113,101,99,65,80,89,114,116,113,99,86,92,79,73,82,87,89,107,123,113,97,62,57,65,46,40,28,24,22,22,26,12,16,27,24,42,53,38,39,34,37,25,26,37,41,30,29,40,38,45,64,69,58,46,27,54,75,71,57,69,66,55,33,20,26,36,34,28,18,14,16,14,16,12,14,21,11,6,7,12,8,8,16,21,24,25,35,36,34,29,31,26,31,23,23,24,35,27,36,23,2,2,0,0,0,0,10,11,13,12,12,12,10,8,8,10,13,14,10,10,8,6,6,6,8,8,10,8,18,20,19,20,14,17,24,20,22,30,29,19,12,12,12,8,8,18,18,15,13,13,18,11,8,4,8,11,11,21,10,0,11,18,23,18,14,33,35,45,40,25,14,19,24,14,21,16,12,20,12,6,0,0,0,0,6,8,16,14,12,10,10,12,18,6,0,0,4,6,4,0,4,12,6,0,0,6,10,8,4,0,4,4,0,0,0,7,7,2,6,6,2,2,0,0,0,4,17,17,13,17,22,22,21,13,7,5,2,0,0,8
000121.bin,conv3,4,11x400x352,0,200,DatasetTemplate.prepare_data(raw_points),False,raw,15000,1548800,20654,0.013335485537190083,0.9866645144628099,0,0,0,0,0,0,0,0,0,0,0,0,0,0,0,0,0,0,0,0,0,0,0,0,0,0,0,0,0,0,0,0,0,0,0,0,0,0,0,0,0,0,0,0,0,0,0,0,0,0,0,0,1,6,27,31,29,34,34,38,83,124,147,161,178,180,169,158,168,167,181,214,217,213,201,189,191,172,145,123,124,130,107,95,68,60,61,87,106,110,87,75,67,80,71,83,100,105,101,103,109,117,133,133,121,111,97,77,82,98,104,115,144,165,161,133,103,111,116,144,144,104,104,120,122,98,96,90,82,83,91,110,130,157,136,142,142,135,119,114,134,122,98,84,81,86,79,80,108,139,113,111,140,151,127,136,172,198,163,144,151,170,142,122,96,89,92,96,126,105,125,127,123,97,71,60,60,38,51,86,98,120,112,85,107,134,135,126,132,115,104,107,100,89,102,87,90,85,73,79,68,44,40,44,46,41,62,78,61,47,44,35,21,26,42,61,49,47,59,71,48,30,28,29,25,32,34,42,37,39,33,34,26,28,51,63,53,45,34,9,35,35,16,22,14,8,21,35,26,10,11,9,15,12,18,20,18,14,16,14,13,7,11,26,47,47,34,28,22,22,47,46,24,10,4,15,16,23,29,17,14,4,6,6,10,11,7,14,32,35,16,11,6,18,28,26,49,51,28,10,0,8,26,26,17,27,37,20,14,36,48,26,12,18,12,8,10,10,24,54,45,28,30,16,8,6,9,22,20,6,10,10,27,33,14,16,26,24,40,28,4,4,12,16,18,18,21,26,27,25,8,12
000122.bin,conv3,4,11x400x352,0,200,DatasetTemplate.prepare_data(raw_points),False,raw,15000,1548800,23172,0.014961260330578513,0.9850387396694215,0,0,0,0,0,0,0,0,0,0,0,0,0,0,0,0,0,0,0,0,0,0,0,0,0,0,0,0,0,0,0,0,0,0,0,0,0,0,0,0,0,26,41,55,184,169,97,57,26,28,34,29,28,27,23,35,32,27,26,20,28,31,36,52,64,81,78,111,140,156,164,194,207,222,245,234,237,223,194,226,242,200,169,165,154,143,145,158,174,187,173,222,268,253,248,238,255,223,165,182,179,188,323,584,536,138,97,84,83,90,87,80,71,82,85,108,101,107,107,100,89,99,98,106,108,119,127,112,119,84,88,71,79,82,96,128,154,160,172,185,204,205,191,146,136,127,110,98,141,159,136,140,135,111,139,162,161,131,73,77,107,100,81,87,68,84,111,157,182,187,180,186,175,158,123,145,173,103,63,57,60,65,46,39,54,52,52,59,82,70,66,86,110,113,80,84,78,93,113,164,139,42,49,53,63,75,61,72,62,49,39,30,34,68,71,72,50,42,39,39,55,61,53,33,27,21,22,26,49,67,56,47,39,40,47,34,37,37,26,32,38,52,63,49,26,22,29,28,18,22,23,9,6,12,11,10,10,24,37,22,26,16,2,8,8,4,0,4,12,10,0,10,15,10,12,12,22,25,21,13,3,10,10,6,6,0,10,10,10,12,8,0,6,4,14,26,14,4,4,4,4,0,4,4,0,0,0,0,0,0,2,2,2,4,4,8,4,4,4,0,0,4,0,0,8,0,0,0,0,0,4,4,0,0,0,0,0,2,2,0,0,0,4,4,0,2,0,0,0,0,0,0
000123.bin,conv3,4,11x400x352,0,200,DatasetTemplate.prepare_data(raw_points),False,raw,15000,1548800,26156,0.016887913223140497,0.9831120867768595,0,0,0,0,0,0,0,0,0,0,0,0,0,0,0,0,0,0,0,0,0,0,0,0,0,4,11,12,10,0,0,0,5,5,0,0,0,0,0,2,14,18,16,24,30,38,69,118,158,192,214,254,271,282,284,268,247,267,254,270,286,293,259,259,249,265,273,293,293,269,275,272,247,203,192,194,238,234,285,305,299,283,252,220,233,221,254,245,223,207,215,164,157,177,139,143,121,100,129,125,96,94,86,105,106,113,116,107,106,117,106,132,145,140,120,95,109,115,108,116,110,137,134,151,139,114,134,143,115,93,132,122,101,83,96,120,130,100,114,113,146,157,159,142,127,123,153,164,114,137,132,135,159,164,159,201,177,171,174,166,177,199,168,164,141,164,148,123,72,67,69,59,63,41,30,34,42,56,91,91,81,87,52,28,25,20,27,45,38,49,39,34,43,59,62,55,50,64,61,54,53,31,32,36,34,37,37,49,52,51,56,60,67,67,60,76,59,42,39,39,32,34,39,35,34,43,49,53,53,43,33,25,33,36,32,34,46,35,49,53,36,21,19,19,14,12,6,4,4,1,1,2,2,6,5,4,2,2,8,4,8,5,22,19,11,13,10,20,13,15,14,11,9,6,4,8,10,6,6,9,16,27,23,16,17,16,18,12,20,18,43,54,45,28,23,22,28,25,10,2,8,16,12,6,16,10,8,10,11,6,12,12,0,6,14,8,4,8,16,8,4,4,2,4,4,0,6,10,4,17,19,7,14,16,19,10,0,6,4,10,8,8,12,14,12,12,16,12,2,4,4,6
000124.bin,conv3,4,11x400x352,0,200,DatasetTemplate.prepare_data(raw_points),False,raw,15000,1548800,20487,0.013227660123966941,0.9867723398760331,0,0,0,0,0,0,0,0,0,0,0,0,0,0,4,14,15,12,0,0,0,0,0,0,2,14,18,21,17,20,16,15,16,26,31,35,35,33,37,38,37,28,25,32,35,35,27,27,20,28,63,183,235,268,280,247,198,105,69,69,74,76,76,64,46,33,85,85,61,44,38,34,39,118,140,108,51,42,27,19,13,15,14,15,12,8,8,6,19,30,36,25,8,4,22,34,155,397,438,411,366,249,146,150,153,162,157,150,159,214,256,266,244,181,190,189,177,155,170,191,171,140,141,130,123,112,160,209,179,104,67,56,58,57,57,56,50,78,88,74,60,51,49,32,30,34,44,50,43,37,70,98,99,69,56,68,67,44,39,64,69,56,55,50,47,49,54,41,40,32,39,36,26,28,43,50,58,52,47,66,92,103,128,119,92,94,101,113,95,96,103,111,87,80,105,114,113,103,99,111,76,68,67,70,60,45,46,49,74,103,101,75,63,58,56,60,81,67,55,54,64,72,54,45,60,65,65,49,48,33,30,36,16,26,37,68,66,49,26,38,37,35,25,27,37,35,40,91,84,63,36,37,27,32,33,27,40,54,41,36,38,35,29,30,24,28,19,23,21,25,30,11,11,21,16,28,22,11,19,13,14,15,0,10,10,4,15,10,19,38,49,56,29,30,40,41,53,72,80,45,25,33,12,20,13,12,11,4,2,5,15,8,8,9,12,10,8,18,24,28,60,52,16,8,13,11,10,7,7,4,7,4,10,8,4,27,25,14,14,11,22,70,48,14,4,12,8,0,4,12,4,8
000125.bin,conv3,4,11x400x352,0,200,DatasetTemplate.prepare_data(raw_points),False,raw,15000,1548800,31948,0.0206275826446281,0.979372417355372,0,0,0,0,0,0,0,0,0,0,0,0,0,0,0,0,0,0,0,0,0,0,0,0,0,0,0,0,0,16,23,18,17,22,20,15,20,19,10,0,8,10,5,4,0,0,10,39,51,49,44,34,23,4,0,0,0,0,15,31,34,26,10,12,20,33,43,54,67,72,60,68,86,92,95,94,161,213,276,274,252,234,205,197,172,204,210,193,170,132,122,165,215,237,183,133,117,151,230,238,209,193,139,122,113,178,220,171,155,137,160,198,197,225,217,191,199,199,216,237,271,274,280,274,280,329,349,298,267,217,194,196,283,270,252,260,240,229,205,188,188,157,137,138,125,95,176,175,140,135,150,124,136,150,151,165,159,121,167,199,167,158,178,225,205,152,170,183,174,172,237,293,312,325,338,263,224,281,252,223,251,226,167,176,193,174,193,191,132,145,240,248,226,192,156,138,157,164,136,124,54,68,85,84,79,61,52,49,73,83,88,86,74,88,84,84,80,66,67,53,51,64,58,66,81,95,107,86,78,60,29,45,60,60,61,41,21,29,32,24,34,30,33,50,45,39,38,41,42,34,44,43,51,54,56,50,70,66,49,23,54,58,39,26,40,48,63,71,61,37,38,42,35,31,29,27,23,12,32,62,57,59,50,24,28,26,14,14,20,16,26,18,36,34,10,20,22,12,14,20,10,16,14,16,37,51,37,34,26,14,16,18,12,29,33,35,22,24,12,7,11,18,12,10,16,23,28,19,18,24,14,16,14,22,22,19,31,15,8,14,12,12,16,33,30,24,10,14,20,24,28,24
000126.bin,conv3,4,11x400x352,0,200,DatasetTemplate.prepare_data(raw_points),False,raw,15000,1548800,12758,0.008237345041322314,0.9917626549586777,0,0,0,0,0,0,0,0,0,0,0,0,0,0,0,0,0,0,9,32,48,61,67,61,49,39,30,8,6,0,0,0,0,0,0,0,0,1,8,18,24,29,25,29,30,22,18,12,27,38,47,50,38,43,21,65,122,146,151,157,160,179,186,167,144,143,171,214,233,199,167,152,161,150,128,146,128,110,127,130,128,146,119,107,101,103,104,82,76,67,68,68,58,45,42,42,38,19,22,37,49,46,40,34,23,20,26,30,35,40,30,30,31,31,33,32,34,44,38,53,87,88,107,119,104,116,87,48,43,38,35,37,38,45,55,62,56,47,48,54,44,44,43,48,53,50,50,57,59,43,43,42,35,46,47,45,42,34,41,44,53,55,46,64,57,51,37,40,56,50,28,18,16,23,26,22,21,23,24,25,26,32,28,27,23,20,17,14,21,24,18,22,22,25,35,44,50,45,36,37,37,42,36,31,45,51,56,72,79,58,53,52,47,44,46,37,56,84,88,85,79,66,77,54,41,49,33,20,18,17,6,6,10,12,8,10,6,4,6,4,0,0,6,6,26,38,22,4,0,0,0,0,0,4,6,6,8,12,15,12,14,4,2,4,2,4,2,8,14,12,13,16,8,4,6,8,5,4,8,12,6,8,4,0,4,4,8,4,8,12,12,8,10,14,10,10,8,4,4,8,8,4,10,16,12,18,32,18,6,4,4,0,7,4,4,4,0,4,5,0,4,4,4,0,4,0,4,0,2,6,11,14,13,2,0,0,0,0,0,0,0,0,4,4,2,4,4,0,0,0,0,4
000127.bin,conv3,4,11x400x352,0,200,DatasetTemplate.prepare_data(raw_points),False,raw,15000,1548800,23339,0.015069085743801653,0.9849309142561984,0,0,0,0,0,0,0,0,0,0,0,0,0,0,0,0,0,0,0,0,0,0,0,0,0,0,0,0,0,0,0,0,0,0,0,0,0,0,0,3,15,24,19,0,0,0,0,0,0,0,0,0,0,0,0,0,0,14,25,24,19,14,13,8,8,11,21,17,11,32,83,129,145,147,149,143,126,119,124,128,97,107,136,160,157,157,154,155,169,200,221,211,239,250,233,222,239,223,219,238,284,284,300,363,326,242,273,259,269,263,261,343,326,250,203,194,184,182,224,212,185,171,177,221,560,549,163,123,146,198,252,275,253,210,170,150,138,133,133,131,137,138,124,131,118,127,149,162,151,146,150,150,132,103,110,88,92,119,131,165,142,112,115,97,114,101,118,114,75,49,46,74,69,72,67,62,111,101,68,54,38,48,64,72,63,31,46,76,54,28,24,35,34,31,40,47,61,63,73,53,28,40,80,92,88,69,70,78,51,29,26,40,32,20,27,18,28,24,17,31,50,24,14,20,25,42,50,66,66,49,36,25,24,18,16,20,8,6,8,22,20,8,12,16,19,8,3,3,12,18,22,15,12,8,0,0,8,20,24,16,12,19,19,23,19,5,16,36,28,21,17,8,0,4,4,3,5,1,0,0,2,13,13,6,0,0,12,17,8,4,6,4,0,0,0,2,16,22,18,16,22,24,26,34,39,37,35,22,26,37,32,18,19,22,21,22,19,26,27,40,55,43,21,11,20,18,13,10,0,0,21,20,12,17,28,16,7,8,10,4,2,4,4,0,0,0,0,0,0,8,10,6
000128.bin,conv3,4,11x400x352,0,200,DatasetTemplate.prepare_data(raw_points),False,raw,15000,1548800,25284,0.016324896694214875,0.9836751033057851,0,0,0,0,0,0,0,0,0,0,0,0,0,0,0,0,0,0,0,0,0,0,0,0,0,0,0,0,0,0,18,22,4,4,4,4,16,44,58,98,124,133,141,142,148,153,137,147,158,183,169,156,176,174,171,182,155,124,129,159,165,167,147,157,128,125,148,159,145,97,116,133,140,163,167,167,165,168,189,196,166,138,136,130,116,107,100,130,131,141,130,160,147,124,128,118,217,341,263,193,168,122,132,134,172,183,185,172,146,125,132,150,138,148,168,405,410,101,79,79,85,80,109,113,73,77,98,110,116,129,125,63,48,70,112,157,202,237,231,248,233,238,191,138,140,159,158,155,163,153,171,142,105,107,106,109,97,103,92,107,131,113,106,99,103,117,90,87,156,187,102,50,41,48,51,86,89,84,88,59,48,52,54,59,44,55,54,72,126,102,55,44,38,31,21,12,9,31,50,35,41,40,39,41,36,52,65,60,61,41,71,160,139,74,63,73,69,56,51,49,41,44,41,38,94,95,47,24,18,22,19,35,49,53,45,35,49,35,22,21,27,30,17,30,46,47,46,47,23,30,28,38,47,27,34,36,34,33,47,40,29,30,33,16,19,24,14,10,11,21,16,14,11,0,8,14,19,13,20,14,11,15,24,21,35,32,8,4,12,34,37,27,25,25,20,16,17,10,14,24,10,13,15,12,16,4,0,0,0,8,24,22,16,27,24,24,15,10,6,0,12,15,13,10,8,17,29,24,16,16,21,17,15,15,10,16,29,19,21,15,8,7,10,2,0,0,6,4,4,8,8,12
000129.bin,conv3,4,11x400x352,0,200,DatasetTemplate.prepare_data(raw_points),False,raw,15000,1548800,16221,0.010473269628099174,0.9895267303719009,0,0,0,0,0,0,0,0,0,0,0,0,0,0,0,0,0,0,0,0,0,0,0,0,0,0,0,0,0,0,0,0,0,0,0,0,0,0,0,0,2,30,50,53,48,76,91,93,66,56,47,33,11,0,0,0,0,0,0,0,0,0,0,0,0,0,12,14,17,32,57,88,102,100,86,67,89,241,406,453,378,278,210,185,147,113,109,115,93,84,84,87,118,161,188,180,148,135,129,139,92,91,81,73,69,73,88,75,66,59,56,71,90,86,67,72,99,97,77,75,91,97,125,142,116,84,76,81,65,57,63,60,70,91,124,138,140,128,114,107,95,82,103,90,91,114,125,105,112,100,60,42,69,115,129,73,62,73,87,84,87,103,83,63,65,77,76,57,54,64,79,98,94,65,51,28,34,47,40,39,55,48,44,52,64,47,45,54,48,31,43,52,47,67,71,58,50,57,43,45,38,36,39,43,47,45,32,37,47,85,88,26,27,20,24,25,22,30,31,25,43,55,43,43,42,31,23,45,50,28,27,26,29,25,20,30,38,42,24,10,11,7,11,23,37,26,24,25,19,34,49,40,37,33,27,25,28,31,34,32,28,24,17,25,46,63,47,10,10,15,7,7,20,18,21,18,6,7,4,0,0,0,0,4,4,12,9,4,4,4,4,8,23,31,31,18,10,18,14,4,4,8,12,10,12,16,22,23,16,8,10,4,2,10,10,2,4,4,8,14,8,0,8,8,8,8,8,10,8,6,13,14,4,4,8,6,4,0,0,2,0,11,8,4,3,13,18,12,12,8,19,35
000130.bin,conv3,4,11x400x352,0,200,DatasetTemplate.prepare_data(raw_points),False,raw,15000,1548800,11083,0.007155862603305785,0.9928441373966942,0,0,0,0,0,0,0,0,0,0,0,0,0,0,0,0,0,4,8,10,8,10,10,10,16,24,13,10,7,14,14,17,12,34,63,139,135,97,64,53,53,62,68,56,54,35,37,36,30,34,38,49,43,39,23,27,61,80,157,180,186,195,196,198,210,232,214,220,234,231,273,296,304,357,325,290,271,257,259,226,185,145,157,134,135,99,102,76,60,158,173,177,187,99,48,36,44,37,41,34,22,36,38,60,53,62,52,51,68,116,141,162,158,123,78,64,71,77,54,57,50,34,30,18,11,10,11,26,22,18,22,20,14,4,4,6,2,4,8,4,0,2,2,8,8,0,0,6,14,10,10,10,4,4,4,0,0,0,4,4,4,0,0,0,2,2,0,0,0,4,4,0,0,4,4,0,0,0,0,0,0,0,0,0,0,0,0,0,0,0,0,0,0,0,0,4,4,0,0,0,13,13,1,0,0,0,0,0,0,0,0,0,0,0,0,0,0,0,0,0,0,0,0,0,0,0,0,0,0,0,4,4,0,0,0,0,0,0,0,0,0,0,0,0,0,0,4,4,0,0,0,0,0,0,0,3,3,2,0,0,0,0,0,0,0,0,0,0,0,0,0,0,0,0,0,0,0,0,0,0,0,0,0,0,0,0,0,0,0,0,0,0,0,0,0,0,0,4,6,4,0,0,0,0,0,0,0,0,0,0,0,0,0,0,0,0,0,0,0,0,0,0,0,0,0,0,0,0,0,0,0,0,0,0,0,0,0,0,0,0,0,0,0,0,0,0,0,0,0,0,0,0
000131.bin,conv3,4,11x400x352,0,200,DatasetTemplate.prepare_data(raw_points),False,raw,15000,1548800,25902,0.016723915289256198,0.9832760847107438,0,0,0,0,0,0,0,0,0,0,0,0,0,0,0,0,0,0,0,0,0,0,0,0,0,2,7,13,11,0,0,0,0,0,4,4,0,8,8,6,2,0,0,0,0,4,18,17,20,9,1,0,0,12,29,49,45,66,68,58,76,105,114,104,89,98,133,164,161,172,186,172,180,196,189,174,192,184,186,207,192,204,214,214,204,243,263,278,277,279,271,282,307,308,332,331,337,365,331,316,351,299,249,250,193,161,136,114,98,84,112,150,135,101,87,88,85,115,187,143,79,81,75,75,83,105,136,111,95,112,148,218,178,129,107,108,91,93,110,132,121,184,262,246,141,128,184,182,152,133,129,97,89,97,95,109,89,88,99,72,66,59,64,50,34,43,66,73,78,71,70,59,70,66,52,67,97,113,116,99,80,54,43,78,85,74,70,108,117,112,130,171,193,191,269,291,311,275,281,258,158,80,84,55,21,16,35,33,36,42,33,20,15,17,44,62,48,44,34,22,35,37,29,26,20,20,16,11,9,21,41,47,35,25,10,5,6,11,22,25,28,24,38,39,26,18,16,12,16,14,16,14,10,12,14,22,12,12,16,30,34,42,38,31,38,33,25,22,39,51,49,42,47,32,26,16,12,18,8,10,4,29,35,16,6,14,10,10,26,30,16,12,8,8,12,26,20,42,53,49,26,18,32,28,18,22,24,16,13,24,30,43,45,70,75,44,44,48,51,42,42,29,24,29,32,41,37,23,21,18,22,22,27,26,18,15,26,14,8,6,10,6,2,18,24,25,26,14,0,0,6,4
000132.bin,conv3,4,11x400x352,0,200,DatasetTemplate.prepare_data(raw_points),False,raw,15000,1548800,14782,0.009544163223140495,0.9904558367768596,0,0,0,0,0,0,0,0,0,0,0,0,0,0,0,0,0,0,0,0,0,0,0,0,0,0,0,0,0,0,0,0,9,49,93,160,209,272,305,320,313,290,267,239,195,181,157,140,128,122,88,81,79,91,97,87,85,80,68,73,85,107,105,122,111,104,106,99,109,103,90,100,110,112,104,83,76,57,78,80,72,70,68,65,55,51,52,45,43,40,41,38,47,58,60,65,57,47,53,51,48,48,49,41,33,47,50,54,54,52,58,61,79,89,85,64,74,72,66,62,76,85,70,49,60,55,58,72,78,67,58,64,86,83,56,36,35,27,38,92,94,56,79,89,105,99,90,61,32,34,34,38,60,63,50,58,57,49,41,41,37,35,45,43,55,55,45,48,53,41,46,48,34,40,53,52,30,22,29,21,24,32,44,48,45,44,25,20,31,28,41,50,49,46,49,44,34,33,24,17,24,37,41,36,33,49,51,38,18,10,4,14,24,20,6,20,40,56,38,44,37,30,32,35,37,33,13,26,31,30,37,27,32,25,27,16,32,25,22,18,24,24,19,13,24,27,17,23,14,10,22,18,4,6,20,31,29,16,28,17,15,11,7,10,11,11,2,8,6,0,4,8,4,4,12,25,21,13,17,10,12,10,12,6,4,6,13,8,4,9,6,15,21,18,13,20,8,8,8,5,15,14,20,18,19,10,0,0,0,0,6,10,12,11,12,12,6,0,6,10,6,8,12,8,0,0,6,6,2,2,4,4,0,0,0,0,0,4,12,8,4,0,0,2,2,4,8,2,4,2,4,10
000133.bin,conv3,4,11x400x352,0,200,DatasetTemplate.prepare_data(raw_points),False,raw,15000,1548800,25881,0.016710356404958677,0.9832896435950413,0,0,0,0,0,0,0,0,0,0,0,0,0,0,0,0,0,0,0,0,0,0,0,0,0,0,0,0,0,0,0,0,0,10,14,16,16,8,12,10,12,17,12,4,8,9,9,4,0,0,0,0,15,19,13,8,0,0,0,2,2,4,4,6,6,4,5,5,4,10,59,138,213,235,187,158,133,107,71,33,32,55,98,134,141,110,161,193,242,257,209,207,192,156,118,116,241,284,265,285,207,200,217,219,216,237,267,273,317,320,334,367,358,432,455,415,346,314,297,220,246,220,194,208,211,193,188,203,215,211,201,205,224,204,192,228,216,204,224,189,134,110,96,101,108,102,90,99,95,130,185,168,93,85,79,78,75,54,62,99,106,85,119,151,150,140,138,135,134,125,131,114,131,104,84,79,77,81,80,70,75,75,127,145,184,208,222,189,162,175,173,182,177,154,107,112,103,106,82,97,71,52,60,68,68,40,48,53,50,116,102,69,71,61,50,40,47,40,21,21,26,57,62,53,37,52,58,33,23,21,24,15,34,44,32,28,28,31,35,41,31,33,22,27,36,35,27,16,20,34,24,30,27,24,24,28,43,72,47,20,14,15,22,22,23,5,1,2,5,16,14,9,14,14,28,33,48,44,18,19,14,4,0,4,10,12,10,10,8,8,0,8,6,6,4,4,0,6,4,12,10,4,4,4,16,13,12,24,27,22,17,12,8,12,18,29,17,18,12,4,8,8,20,26,13,12,6,2,0,0,8,10,4,0,4,0,0,0,0,0,6,6,14,8,4,0,0,2,0,0,0,22
000134.bin,conv3,4,11x400x352,0,200,DatasetTemplate.prepare_data(raw_points),False,raw,15000,1548800,25827,0.01667549070247934,0.9833245092975207,0,0,0,0,0,0,0,0,0,0,0,0,0,0,0,0,0,0,0,0,0,0,0,0,0,4,6,6,4,4,0,0,0,0,0,0,0,0,0,0,0,0,0,0,0,0,0,0,0,0,0,0,0,6,24,68,76,35,26,28,38,47,56,59,46,40,46,50,39,74,116,109,112,119,131,165,155,121,102,77,65,51,58,80,70,76,118,123,125,128,120,94,97,98,114,112,116,133,550,645,672,526,424,276,192,173,177,132,133,195,214,231,213,194,193,194,218,228,209,210,238,217,171,168,144,150,170,157,174,122,74,102,112,144,193,153,150,184,299,326,329,274,217,176,161,162,169,182,194,187,193,201,195,171,167,169,149,144,166,159,132,154,148,157,144,98,121,119,172,226,210,200,227,206,183,135,105,107,110,98,121,94,84,80,80,80,56,46,71,78,70,54,34,43,50,40,38,28,78,102,54,34,29,30,25,30,22,18,14,39,85,164,148,97,80,58,52,60,56,52,60,44,44,40,46,45,47,48,51,49,38,47,52,58,65,60,37,23,34,40,30,49,52,57,53,38,39,55,60,61,58,47,50,59,50,53,43,40,41,53,50,23,14,22,12,20,17,28,11,15,19,22,17,15,23,29,27,28,15,6,16,11,1,7,6,8,10,16,20,8,8,7,6,0,26,28,16,18,11,5,6,6,0,8,12,4,0,4,12,15,8,4,10,15,10,18,26,22,12,2,9,10,16,12,10,16,19,17,9,12,18,19,8,8,12,8,8,10,16,17,22,8,6,6,15,15,6,0,8,8,10,13
000135.bin,conv3,4,11x400x352,0,200,DatasetTemplate.prepare_data(raw_points),False,raw,15000,1548800,21694,0.014006973140495867,0.9859930268595042,0,0,0,0,0,0,0,0,0,0,0,0,0,0,0,11,12,12,0,0,0,0,0,0,0,0,0,0,0,0,0,0,0,5,50,65,35,38,43,63,86,81,42,23,23,75,97,104,46,59,66,68,60,73,79,80,67,56,54,56,43,34,36,30,30,54,63,52,57,56,57,55,54,56,63,63,64,56,75,143,147,166,150,132,127,108,104,90,140,176,166,138,140,104,115,116,109,114,152,159,163,117,81,81,120,130,114,108,117,125,131,146,159,116,91,76,88,93,92,92,69,81,125,168,191,151,165,166,155,214,236,210,156,116,112,96,91,165,218,188,144,126,170,205,215,189,149,125,127,137,131,113,86,77,63,74,84,79,66,50,48,76,73,63,54,47,615,643,133,147,114,123,151,151,160,154,126,96,85,77,82,88,83,93,137,174,160,135,108,99,105,123,100,53,71,79,61,71,113,229,34,20,23,26,33,94,96,29,25,18,17,10,12,17,26,31,28,24,16,12,10,4,10,17,28,43,52,40,40,41,36,48,50,26,31,36,25,25,17,18,18,6,14,18,12,14,20,35,34,16,20,51,39,25,41,43,33,37,40,39,26,36,37,33,5,11,11,42,78,107,136,143,94,36,30,8,12,12,6,4,11,11,6,0,0,2,2,0,0,0,6,6,2,4,4,0,4,24,22,2,4,8,8,8,8,4,4,8,4,10,42,19,4,0,0,0,0,0,0,0,2,20,44,49,53,38,12,13,4,4,4,4,4,0,8,10,20,14,10,8,8,2,8,14,10,8,4,8,10,8,0,0
000136.bin,conv3,4,11x400x352,0,200,DatasetTemplate.prepare_data(raw_points),False,raw,15000,1548800,14570,0.00940728305785124,0.9905927169421488,0,0,0,0,0,0,0,0,0,0,0,0,0,0,0,0,0,0,0,0,0,0,0,2,30,91,108,123,128,155,152,152,163,142,149,155,115,92,83,67,63,68,70,67,70,63,83,101,114,105,109,130,144,131,121,132,144,129,120,137,117,44,38,44,71,94,102,119,114,129,127,125,136,139,138,122,109,97,85,83,65,47,14,10,20,24,23,25,17,17,10,15,42,66,75,71,64,61,50,45,37,39,29,15,32,49,38,25,21,24,39,65,62,57,67,67,59,43,52,46,36,42,60,74,85,67,59,66,64,63,48,42,37,52,50,45,44,30,34,41,41,33,42,51,58,72,89,136,168,150,112,111,109,112,123,121,130,119,100,103,84,64,90,82,109,93,62,67,69,71,55,35,32,36,46,59,47,37,42,44,48,56,72,102,124,132,127,131,141,114,77,61,47,44,45,43,44,35,20,25,37,37,23,16,12,4,9,24,34,27,16,20,26,15,9,10,23,33,47,42,33,34,37,38,17,4,6,9,18,15,15,24,10,6,2,14,19,12,10,12,6,8,8,0,4,4,8,15,10,4,2,2,2,3,2,2,2,1,5,8,10,6,2,0,0,0,0,6,12,6,2,4,10,10,4,0,0,0,6,14,12,8,6,4,4,4,4,4,4,4,6,4,4,4,4,4,2,6,8,8,0,0,6,6,0,0,0,0,0,4,4,4,0,0,4,4,0,4,4,0,0,0,0,4,4,0,0,0,0,0,0,0,0,0,4,0,0,0,4,6,4,2,0,0,0,0,0,0,0,0,8,4
000137.bin,conv3,4,11x400x352,0,200,DatasetTemplate.prepare_data(raw_points),False,raw,15000,1548800,23627,0.015255036157024794,0.9847449638429752,0,0,0,0,0,0,0,0,0,0,0,0,0,0,0,0,0,0,0,0,0,0,0,6,18,24,29,32,25,24,23,27,31,37,36,35,35,30,34,46,47,56,73,75,70,64,42,43,40,36,30,23,28,40,38,37,36,40,35,44,41,45,43,41,47,50,42,36,36,39,38,60,72,81,79,95,111,115,180,230,251,224,233,250,316,326,321,335,304,297,255,236,220,204,168,148,158,172,176,153,148,281,460,373,185,125,121,122,101,90,92,103,135,123,86,75,81,82,101,106,109,97,83,75,63,52,53,71,131,158,130,131,136,145,149,141,153,173,208,189,174,207,210,203,232,205,220,159,124,111,99,105,131,119,89,121,134,108,133,152,150,157,134,118,97,84,70,76,73,68,60,64,61,74,76,40,42,84,119,66,47,36,42,35,34,67,64,40,45,78,62,36,50,52,94,100,74,87,86,64,49,42,42,19,14,22,27,16,20,18,18,28,53,100,99,75,50,32,30,52,75,84,64,78,65,64,56,44,44,46,28,18,12,18,53,36,45,41,35,26,32,39,33,24,30,34,10,12,29,34,11,20,30,17,27,47,57,34,30,18,16,26,12,21,24,20,6,11,21,28,30,18,32,18,9,4,8,14,28,37,54,44,17,24,14,19,13,22,27,20,17,14,19,24,17,17,19,15,23,32,15,11,10,9,8,33,35,30,43,56,55,24,24,9,19,19,17,38,35,55,46,41,38,28,30,29,29,26,31,16,20,33,18,16,73,87,45,27,34,28,45,39,31,26,28,17,18,10,6,8,11,12
000138.bin,conv3,4,11x400x352,0,200,DatasetTemplate.prepare_data(raw_points),False,raw,15000,1548800,27258,0.01759943181818182,0.9824005681818182,0,0,0,0,0,0,0,0,0,0,0,0,0,0,0,0,0,0,0,0,0,0,0,0,0,0,0,0,0,0,0,0,0,0,0,0,0,0,0,0,0,0,0,0,0,0,0,0,0,0,0,0,0,0,0,0,0,0,0,22,38,21,21,30,56,70,90,124,127,71,80,110,154,188,231,242,228,225,216,205,230,235,233,242,216,218,225,208,229,218,232,189,147,173,185,208,205,195,168,164,158,148,184,196,243,305,204,192,193,306,366,404,480,572,622,592,548,499,445,369,297,208,174,202,202,225,184,155,138,182,171,174,210,204,203,203,203,209,178,142,145,120,99,105,117,120,103,113,148,161,173,139,129,105,91,88,73,83,99,109,103,102,109,97,110,119,131,119,75,60,71,55,51,78,84,63,73,69,89,104,93,96,95,108,120,116,90,70,67,41,57,46,30,32,45,68,84,90,94,86,93,104,109,104,123,107,70,70,80,65,43,53,49,38,73,76,36,30,24,23,23,28,40,51,69,88,99,82,34,41,30,45,38,35,45,45,34,49,62,64,60,39,29,33,41,36,26,4,14,14,21,24,21,29,22,20,43,44,43,44,30,23,8,6,4,7,12,14,6,11,17,19,4,3,6,5,3,10,10,9,9,6,17,13,14,18,15,6,28,27,12,0,4,9,13,26,30,37,27,23,26,22,16,4,11,8,0,4,8,2,6,6,0,0,4,10,6,2,6,8,12,6,8,8,12,12,10,14,22,18,12,8,12,8,13,7,6,14,16,20,26,18,22,20,16,14,17,21,8,6,10,4
000139.bin,conv3,4,11x400x352,0,200,DatasetTemplate.prepare_data(raw_points),False,raw,15000,1548800,29736,0.019199380165289257,0.9808006198347108,0,0,0,0,0,0,0,0,0,0,0,0,0,0,0,0,0,0,0,0,0,0,0,0,0,0,0,0,0,0,0,8,10,4,0,0,0,0,0,0,0,0,0,0,0,0,0,0,0,0,0,0,0,0,0,0,0,0,0,0,0,0,0,0,0,0,0,0,0,0,0,9,23,45,84,107,123,140,189,279,252,155,175,194,230,259,265,283,281,220,188,191,193,181,182,167,165,180,160,123,125,116,86,87,124,152,190,212,286,316,341,321,351,322,272,272,305,334,343,339,375,401,390,339,292,309,285,237,211,211,228,242,249,280,256,248,219,234,187,189,204,224,212,180,162,151,175,190,171,163,145,149,164,155,115,103,100,101,115,93,79,94,90,109,120,117,103,88,82,49,74,105,129,125,154,178,188,223,218,229,271,256,238,224,158,146,114,150,186,185,162,204,192,181,186,200,148,107,94,85,76,53,60,73,65,80,79,53,65,69,59,31,23,23,33,37,60,75,62,52,46,39,32,38,46,28,38,28,17,12,45,108,107,106,118,111,75,79,56,39,34,25,30,28,28,20,18,14,13,6,8,16,18,20,26,42,45,47,49,48,22,24,26,14,23,16,22,35,40,36,37,30,28,68,60,48,49,57,43,52,46,41,27,21,21,17,18,14,14,9,6,6,8,13,15,15,15,21,13,7,2,13,10,12,6,12,12,14,24,32,32,20,34,32,24,22,24,33,38,35,23,25,33,37,35,42,42,18,23,32,48,55,48,39,38,33,14,10,12,12,12,90,99,12,12,20,14,10,14,14,12,15
000140.bin,conv3,4,11x400x352,0,200,DatasetTemplate.prepare_data(raw_points),False,raw,15000,1548800,12097,0.007810563016528925,0.9921894369834711,0,0,0,0,0,0,0,0,0,0,0,0,0,14,18,16,14,12,10,2,2,0,0,0,0,0,0,0,0,0,0,0,4,16,33,64,101,113,104,79,184,232,204,44,60,78,76,76,61,82,93,52,33,37,44,48,58,60,64,64,54,55,59,61,66,62,72,73,67,72,63,66,100,108,140,210,197,123,111,94,87,91,90,62,57,53,44,48,45,49,45,47,53,54,52,57,78,92,82,82,76,113,124,80,73,81,92,117,114,85,63,57,72,91,85,70,69,70,84,99,113,94,57,30,43,46,45,73,62,33,44,34,24,16,14,10,10,21,43,43,37,43,39,40,39,25,16,16,18,31,37,48,43,44,57,58,61,42,45,57,64,72,74,62,58,33,36,51,45,25,9,22,70,85,73,56,61,43,40,39,73,92,75,17,10,10,16,20,28,22,12,12,12,4,10,16,24,28,10,2,2,0,0,2,2,6,24,22,16,23,24,21,10,13,8,4,6,3,4,8,12,18,14,6,6,8,7,2,2,0,0,4,6,5,7,16,13,9,14,21,28,44,55,54,91,116,127,74,19,13,2,18,23,11,8,13,10,2,0,0,4,0,4,4,4,14,20,12,3,2,0,0,12,16,10,8,4,4,16,31,22,13,9,3,4,4,0,4,6,4,2,8,8,0,0,0,0,0,0,0,0,0,0,0,0,0,0,0,0,0,7,6,8,14,4,4,8,14,8,10,12,14,25,27,19,16,45,50,24,19,20,19,27,24,17,18,19,12,8,6,0,0,0,0,0,0,0,0,0,0,2,10
000141.bin,conv3,4,11x400x352,0,200,DatasetTemplate.prepare_data(raw_points),False,raw,15000,1548800,29272,0.01889979338842975,0.9811002066115703,0,0,0,0,0,0,0,0,0,0,0,0,0,0,0,0,0,0,0,0,0,0,0,0,0,0,0,0,0,0,0,0,0,0,12,21,26,33,49,48,60,72,83,87,102,95,120,112,106,142,159,142,121,120,127,133,179,208,214,239,252,274,268,264,267,311,311,312,312,303,334,362,375,391,416,425,413,368,356,387,379,347,309,230,213,258,292,278,249,251,278,261,251,225,239,238,234,240,220,207,185,156,166,134,177,173,142,127,104,111,111,143,163,131,147,220,219,199,210,229,183,142,163,151,132,117,126,123,112,119,105,105,102,124,117,143,182,184,176,143,135,149,150,162,166,140,139,137,157,157,151,153,153,168,149,140,124,110,104,78,88,121,107,86,66,80,91,52,40,44,41,55,42,21,13,15,22,26,25,31,31,30,66,96,98,88,74,55,49,48,49,58,65,39,36,27,37,39,36,47,47,35,24,18,18,31,53,49,55,59,71,83,100,104,83,56,50,49,57,77,57,33,57,37,45,47,48,44,41,48,50,44,41,20,10,17,19,31,45,37,22,20,33,21,21,50,57,35,43,31,31,26,23,16,12,25,40,43,23,30,28,29,27,16,13,12,12,23,33,25,14,12,12,21,25,24,16,10,11,22,19,17,18,15,18,28,25,15,8,10,26,12,4,9,5,10,6,8,8,12,12,6,9,14,16,4,10,18,26,35,27,27,14,38,33,17,20,18,8,4,4,2,4,14,8,0,8,12,6,0,0,0,0,4,4,6,10,4,0,0,0,4,6,2,2,0,0,0,0,4,0,0
000142.bin,conv3,4,11x400x352,0,200,DatasetTemplate.prepare_data(raw_points),False,raw,15000,1548800,10353,0.006684529958677686,0.9933154700413224,0,0,0,0,0,0,0,0,0,0,0,0,0,0,0,0,0,0,0,0,8,9,10,8,7,10,26,49,77,84,60,46,38,18,16,35,43,40,35,32,28,39,33,46,77,243,275,228,136,89,89,77,59,73,89,102,100,83,82,81,87,98,92,94,68,62,72,69,41,40,52,66,91,82,85,96,80,78,82,60,59,75,141,145,87,70,59,63,67,65,61,93,89,90,78,78,74,51,59,80,89,67,47,24,20,41,53,113,110,66,70,66,68,56,47,50,51,55,41,30,34,24,42,52,54,52,57,72,67,32,24,29,38,37,15,6,27,37,40,44,63,40,18,37,48,30,14,10,10,16,19,16,8,8,10,49,57,22,16,20,21,26,16,19,28,18,18,30,41,30,16,18,16,13,14,12,14,18,32,47,43,49,48,28,17,16,15,13,16,8,6,6,4,6,8,16,16,11,11,14,11,18,18,14,10,33,36,16,21,15,14,4,2,8,21,19,20,31,34,26,6,8,12,11,0,5,5,0,0,21,30,25,9,14,27,38,31,38,26,16,10,13,12,8,6,10,10,8,10,0,12,15,0,0,12,12,0,2,10,28,25,11,20,36,24,9,5,2,1,2,10,16,12,2,2,6,8,10,8,7,5,0,0,6,4,0,0,4,9,14,11,0,4,4,4,0,0,4,4,0,0,6,10,13,10,4,0,0,0,0,4,4,4,4,0,0,0,0,7,4,0,0,0,0,0,0,0,0,0,0,0,0,0,0,0,0,0,0,0,0,0,0,0,0,0,0,0,0,4,28,44,32
000143.bin,conv3,4,11x400x352,0,200,DatasetTemplate.prepare_data(raw_points),False,raw,15000,1548800,27868,0.017993285123966942,0.9820067148760331,0,0,0,0,0,0,0,0,0,0,0,0,0,0,0,0,0,0,0,0,0,0,0,0,0,0,0,0,0,5,10,10,6,8,8,0,0,0,4,4,4,0,0,0,0,0,0,0,4,4,4,4,6,6,4,4,0,0,4,12,12,8,8,11,22,18,33,36,63,84,125,174,230,278,301,312,315,354,352,340,362,365,266,205,176,195,186,163,153,180,203,216,228,209,188,172,133,133,128,143,122,120,96,109,110,97,101,128,159,184,151,150,153,153,153,144,138,121,131,160,162,113,145,164,118,96,98,128,164,147,105,73,78,120,133,149,204,162,159,130,104,122,119,84,85,80,83,97,91,54,89,210,315,446,428,467,569,638,670,626,522,441,344,343,308,290,274,256,286,259,158,138,130,109,73,39,36,32,41,55,42,46,65,77,64,55,67,62,94,120,100,77,76,69,69,70,70,76,106,142,94,69,55,41,49,57,55,74,76,74,93,78,72,46,62,72,53,29,51,62,65,65,77,87,81,52,37,33,31,31,20,14,14,6,9,9,10,16,18,12,10,15,21,44,93,88,49,24,22,11,17,27,17,24,16,9,6,28,26,24,22,33,57,74,84,61,46,29,53,49,27,21,28,15,18,12,4,16,30,25,18,13,13,14,10,12,6,12,25,22,0,27,58,43,34,20,23,40,26,20,12,6,2,0,5,13,21,22,21,8,0,19,32,26,14,8,8,6,0,0,2,11,12,8,4,0,8,10,8,8,8,10,12,12,14,17,20,14,6,2,6,4,12,13,13,32,23,8,4,16,22,69
000144.bin,conv3,4,11x400x352,0,200,DatasetTemplate.prepare_data(raw_points),False,raw,15000,1548800,13097,0.008456224173553718,0.9915437758264463,0,0,0,0,0,0,0,0,0,0,0,4,4,0,0,0,0,0,0,0,0,0,0,0,0,0,0,0,0,66,72,82,67,42,38,24,42,57,51,54,56,59,58,71,201,238,120,39,44,53,53,55,62,50,47,47,66,58,49,53,45,42,46,46,37,41,29,22,48,61,35,38,60,83,86,71,55,34,53,60,47,42,43,43,57,58,41,42,28,22,31,31,41,40,45,42,41,44,48,40,48,53,45,31,34,51,53,65,94,111,121,163,161,100,118,108,89,71,107,124,119,102,91,79,81,75,77,103,114,113,161,181,171,66,47,50,56,51,57,103,122,113,100,101,86,63,73,81,89,88,77,55,74,78,92,114,108,86,78,69,60,52,39,35,36,52,55,49,56,59,68,89,102,90,73,53,43,41,35,33,26,18,15,49,66,65,43,41,53,66,69,55,35,54,53,38,26,13,19,15,35,46,39,24,15,19,13,9,9,8,28,16,11,14,10,12,25,24,16,20,8,10,6,2,0,7,29,51,40,18,35,30,4,6,6,12,11,7,3,4,3,2,3,4,2,0,0,0,2,2,0,0,0,0,0,0,0,4,4,0,0,18,90,99,91,77,68,43,46,40,24,8,26,30,19,12,11,6,4,26,30,6,14,8,9,12,18,12,10,6,6,6,9,2,2,0,0,0,0,0,2,2,4,4,0,0,0,0,0,12,14,8,0,0,0,0,0,0,0,0,4,4,0,0,0,0,0,4,8,8,2,6,12,12,12,12,12,12,4,4,6,10,6,4,4,13,15,14,12,2,5,18
000145.bin,conv3,4,11x400x352,0,200,DatasetTemplate.prepare_data(raw_points),False,raw,15000,1548800,23739,0.01532735020661157,0.9846726497933884,0,0,0,0,0,0,0,0,0,0,0,0,0,0,0,0,0,0,0,0,0,0,0,0,0,0,0,0,7,21,20,7,0,0,0,0,0,0,3,12,14,14,10,10,3,0,13,17,25,29,33,14,27,30,26,22,16,7,20,34,38,27,24,20,18,32,50,72,102,121,166,210,259,287,291,302,290,245,163,127,107,105,128,156,189,210,237,277,320,250,108,35,40,54,53,45,56,56,62,61,52,59,84,97,102,133,147,126,104,93,101,101,92,109,123,156,168,141,177,205,213,207,155,125,149,220,244,195,144,178,211,178,150,123,93,88,84,118,117,133,211,260,237,218,233,200,171,172,171,182,182,159,171,197,145,116,116,104,81,85,121,147,159,190,197,172,150,129,130,149,135,136,147,157,154,136,137,158,155,134,132,150,288,351,395,439,351,175,91,59,69,77,55,54,58,50,54,60,59,46,65,61,29,33,33,33,22,20,28,25,31,31,24,22,24,38,30,12,10,8,31,35,18,25,28,23,34,46,48,39,31,19,39,44,47,41,36,27,25,35,43,48,31,56,59,50,36,32,45,28,20,20,29,107,163,103,22,21,29,18,14,24,14,6,15,16,2,2,3,3,5,10,10,8,20,14,16,18,16,22,30,32,14,7,2,12,13,6,0,6,18,33,41,24,0,0,14,33,38,12,6,0,14,16,0,2,4,14,14,4,0,0,0,0,0,0,0,0,0,12,12,4,4,4,15,12,8,8,6,8,10,2,0,0,4,4,0,0,4,8,4,6,4,0,0,0,0,4,0,0,0,0
000146.bin,conv3,4,11x400x352,0,200,DatasetTemplate.prepare_data(raw_points),False,raw,15000,1548800,11032,0.00712293388429752,0.9928770661157025,0,0,0,0,0,0,0,0,0,0,0,0,0,0,0,0,0,3,0,0,0,0,0,0,0,0,0,0,0,30,103,121,52,56,82,69,55,36,24,21,15,14,14,17,18,21,24,30,36,42,49,53,62,50,28,16,20,12,10,10,8,11,18,19,16,24,28,31,23,16,26,80,81,64,26,24,26,39,58,42,8,12,14,22,20,31,54,61,57,62,60,58,53,86,465,604,466,215,137,92,76,88,105,132,131,102,60,61,68,86,96,96,91,101,90,75,79,88,112,115,98,77,52,46,42,43,48,74,91,66,32,34,26,16,19,23,25,34,37,41,39,58,43,33,35,27,65,68,56,67,67,103,141,114,63,35,30,22,22,32,33,34,92,129,85,32,48,39,27,30,41,35,45,52,53,38,32,40,47,49,45,33,34,35,35,31,25,27,21,39,41,34,22,26,23,15,16,16,15,9,7,17,25,33,39,38,23,27,31,26,26,24,13,8,4,0,0,0,0,0,2,18,21,14,22,23,6,2,0,0,0,0,0,0,0,0,4,9,11,7,8,10,17,12,4,0,0,0,0,6,29,13,6,0,0,0,0,0,0,2,2,0,0,0,0,0,2,2,2,0,0,8,14,13,4,12,12,8,4,10,12,11,9,10,12,10,11,4,0,0,0,0,0,4,11,18,9,6,6,2,15,20,12,11,10,27,36,28,6,0,2,5,4,4,4,10,13,0,4,7,4,0,9,10,6,6,4,0,0,4,16,17,4,8,4,4,7,5,0,0,4,4,0,0,4,4,0,0,10,12,0,4
000147.bin,conv3,4,11x400x352,0,200,DatasetTemplate.prepare_data(raw_points),False,raw,15000,1548800,9671,0.006244189049586777,0.9937558109504132,0,0,0,0,0,0,0,0,0,0,0,0,0,0,0,0,0,0,0,0,4,4,0,0,0,0,36,53,55,108,103,41,24,20,24,163,181,115,35,28,24,35,36,37,39,45,51,40,23,35,33,34,34,23,16,34,64,75,67,47,38,56,71,87,118,127,110,116,91,76,68,45,44,48,58,57,47,63,96,88,52,55,78,97,122,125,73,48,74,104,112,106,95,83,102,123,94,53,36,65,93,72,24,10,38,73,98,129,116,46,34,37,38,58,55,73,82,59,40,35,50,73,64,56,38,23,17,23,28,41,42,60,48,49,66,66,52,44,34,16,9,10,20,27,34,26,18,25,43,45,46,35,24,20,20,18,26,31,16,7,41,47,37,52,48,38,31,19,23,17,22,19,13,10,8,6,0,4,8,6,19,49,56,43,29,16,8,10,8,8,10,20,14,8,12,4,4,4,28,42,33,26,19,42,43,24,12,11,19,13,2,0,8,12,16,22,27,17,2,4,4,8,12,11,3,0,0,0,0,6,8,8,4,0,0,0,0,4,6,3,6,6,7,8,13,6,4,4,5,7,4,0,0,0,0,0,0,0,0,0,0,0,0,0,0,0,0,8,20,34,31,21,33,27,10,19,19,22,18,17,18,31,29,18,10,4,0,0,14,23,24,8,4,2,2,0,0,0,0,0,0,0,0,0,0,0,0,0,0,0,0,0,0,0,0,0,0,0,0,0,0,0,0,0,0,0,0,0,0,0,0,0,9,9,0,0,0,0,0,0,0,0,10,18,32,31,22,29,31,32,32,23
000148.bin,conv3,4,11x400x352,0,200,DatasetTemplate.prepare_data(raw_points),False,raw,15000,1548800,29483,0.019036027892561983,0.980963972107438,0,0,0,0,0,0,0,0,0,0,0,0,0,0,0,0,0,0,0,0,0,0,0,0,0,0,0,0,0,0,0,0,0,0,6,8,11,6,0,0,0,0,0,0,6,14,21,18,2,0,0,0,0,15,27,35,28,15,0,0,0,4,8,15,26,46,49,67,67,72,52,62,76,83,120,136,161,153,137,142,143,134,125,144,123,133,138,155,173,184,163,156,179,202,223,214,221,194,187,213,235,202,176,184,187,203,218,193,151,139,147,173,206,194,225,245,207,197,195,185,196,242,317,302,231,199,183,138,127,113,111,163,186,226,303,243,145,137,119,103,99,94,96,108,134,137,158,152,101,79,130,171,157,135,154,174,176,170,165,211,234,262,242,215,221,194,184,159,162,157,145,149,158,174,177,188,188,204,207,246,272,279,284,232,222,241,248,259,237,185,199,189,232,220,184,215,219,184,187,166,100,79,83,62,51,40,41,48,53,53,53,70,83,82,83,93,84,56,39,52,58,74,80,58,55,53,69,63,75,96,77,45,91,95,63,55,34,36,40,22,23,23,24,24,27,16,12,11,42,38,21,16,40,36,17,16,28,40,36,40,39,54,46,38,44,38,33,38,20,17,20,18,23,23,22,17,18,24,29,25,25,16,23,31,28,35,21,27,21,6,12,18,20,27,39,36,30,16,14,21,34,44,31,32,22,26,22,50,52,30,34,63,68,83,74,40,37,58,54,37,22,25,22,18,22,22,37,35,33,45,30,52,51,33,8,6,4,10,10,12,4,0,10,18,22,22,12,14,4,0,0,4
000149.bin,conv3,4,11x400x352,0,200,DatasetTemplate.prepare_data(raw_points),False,raw,15000,1548800,14838,0.009580320247933885,0.9904196797520661,0,0,0,0,0,0,0,0,0,0,0,0,0,0,0,0,0,0,0,0,0,0,0,0,0,0,34,101,109,18,6,6,6,6,6,6,6,6,6,6,6,6,46,61,43,48,54,60,63,81,100,113,110,108,102,117,107,97,94,102,103,78,58,42,37,32,36,36,32,34,38,34,89,107,106,111,110,110,106,105,119,134,145,169,176,175,286,461,479,341,162,111,93,58,58,57,67,73,66,70,79,59,45,44,64,75,69,56,72,56,56,54,42,28,26,24,38,74,60,52,60,50,28,36,82,82,41,52,52,39,33,42,53,105,135,123,137,154,132,127,122,107,86,64,61,46,28,63,78,81,64,53,41,43,42,34,39,42,32,49,42,36,58,76,75,42,29,40,38,42,66,63,52,61,53,45,48,59,55,49,81,123,100,71,49,31,14,20,28,26,52,40,37,18,10,2,2,4,4,8,17,19,17,8,24,63,39,9,18,36,20,14,21,19,5,7,18,22,16,17,12,12,19,24,18,20,8,10,8,1,0,0,0,0,0,0,11,28,99,106,24,6,1,4,4,0,4,15,24,26,22,18,16,0,0,12,24,49,59,29,7,6,2,2,4,10,14,13,24,20,18,13,18,29,33,14,88,122,43,34,22,9,12,13,18,11,15,27,17,2,15,15,13,18,22,21,20,20,21,18,24,29,13,8,4,0,2,4,4,0,2,12,10,0,2,2,0,10,12,6,6,12,15,18,17,20,13,8,6,6,6,0,0,0,16,17,14,10,32,46,48,37,16,16,21,39,49,28,24,24,34,27
000150.bin,conv3,4,11x400x352,0,200,DatasetTemplate.prepare_data(raw_points),False,raw,15000,1548800,30633,0.019778538223140497,0.9802214617768595,0,0,0,0,0,0,0,0,0,0,0,0,0,0,0,0,0,0,0,0,0,0,14,14,6,6,4,0,0,0,0,0,0,0,0,0,0,0,0,0,0,0,0,0,0,12,21,25,28,30,30,17,19,27,40,31,20,19,8,4,0,0,0,0,0,0,4,31,44,46,20,24,26,54,101,164,215,253,290,314,341,374,392,407,381,328,330,277,218,165,145,156,135,145,152,196,192,160,131,146,167,195,212,230,229,198,201,188,194,189,171,143,166,237,249,255,236,203,178,189,217,210,199,254,279,295,267,215,212,197,188,176,136,135,154,158,140,139,124,94,97,116,111,93,90,216,373,522,657,585,284,207,207,184,163,190,264,301,281,204,159,139,89,79,105,75,97,198,214,251,395,350,174,96,83,71,129,232,245,170,110,75,79,81,86,81,86,81,74,109,129,145,136,123,152,276,365,310,184,127,108,87,89,62,52,55,54,58,68,67,59,59,53,50,71,58,41,61,69,45,57,63,71,67,47,37,50,44,39,31,25,35,31,31,25,35,35,23,23,23,18,32,40,62,32,27,34,20,20,18,24,30,44,47,29,29,28,34,39,24,16,14,36,34,31,38,49,44,42,34,39,31,25,13,13,16,19,14,20,29,46,40,38,21,19,14,19,19,20,20,15,17,22,21,14,19,21,21,16,16,17,21,20,22,22,10,9,18,13,20,17,14,18,21,20,16,18,19,22,18,10,20,24,24,20,17,33,17,52,72,58,35,35,24,26,22,14,18,22,19,22,23,10,12,14,16,4,4,20,24,13,14
000151.bin,conv3,4,11x400x352,0,200,DatasetTemplate.prepare_data(raw_points),False,raw,15000,1548800,25693,0.016588972107438017,0.983411027892562,0,0,0,0,0,0,0,0,0,0,0,0,0,0,0,0,0,0,0,0,0,0,0,0,0,0,0,0,0,0,0,15,19,18,6,0,0,0,0,0,0,0,0,0,0,0,0,0,0,14,36,38,17,2,4,42,59,42,9,2,22,30,40,35,32,31,38,39,26,28,45,56,59,79,94,99,112,79,63,65,78,72,56,54,64,64,74,82,131,117,84,71,85,102,107,117,148,271,656,655,547,423,274,192,165,166,162,172,165,189,197,194,209,242,239,195,146,163,142,149,157,156,153,150,150,158,127,126,125,117,105,105,128,121,94,99,93,110,118,140,168,155,102,99,105,161,180,171,145,144,124,122,150,159,153,142,143,148,177,168,186,223,300,250,219,423,435,297,254,237,230,219,238,260,216,180,171,118,120,157,164,112,106,117,106,104,110,102,117,126,118,104,93,87,92,81,76,81,110,124,78,76,73,93,112,94,83,76,78,116,111,80,51,57,76,64,40,37,47,43,45,27,35,35,29,33,32,26,30,50,42,40,45,52,52,43,43,42,41,35,27,34,61,65,60,60,26,26,27,18,39,44,30,24,27,15,19,18,15,26,38,37,9,12,12,12,17,21,13,23,35,28,20,17,9,12,17,12,10,22,23,30,45,35,38,36,40,33,26,30,23,8,20,23,16,14,24,23,12,10,20,19,10,12,28,38,28,17,20,24,8,14,13,15,10,18,13,15,15,8,14,10,17,12,10,8,15,17,6,6,10,16,11,19,18,6,10,16,19,13,28,28,12,8,12,8,5,4,11,16,10,20
000152.bin,conv3,4,11x400x352,0,200,DatasetTemplate.prepare_data(raw_points),False,raw,15000,1548800,11184,0.007221074380165289,0.9927789256198347,0,0,0,0,0,0,0,0,0,0,0,0,0,0,0,0,0,0,0,0,0,0,0,0,84,128,81,34,38,37,36,25,32,33,21,19,18,18,20,46,53,32,23,24,27,32,36,42,37,37,50,91,111,86,89,94,84,67,64,68,80,86,71,59,48,67,67,61,70,73,75,49,64,68,67,68,71,72,68,76,75,63,93,213,265,163,65,45,50,44,58,62,90,113,149,157,134,79,65,72,71,86,85,77,70,73,63,98,106,71,65,61,47,35,44,63,78,90,79,106,92,112,102,59,49,63,67,109,113,68,43,36,27,19,17,10,30,46,49,48,32,25,20,15,33,42,35,42,52,48,40,28,26,20,18,14,15,16,16,14,15,21,41,54,49,39,25,87,102,80,57,33,28,27,21,19,13,18,19,21,32,35,39,50,46,33,33,37,34,31,25,8,12,14,8,8,11,14,19,27,34,34,37,23,28,32,26,32,39,48,43,25,20,11,6,14,14,8,13,8,9,8,9,9,11,10,30,28,8,5,6,6,12,16,24,20,16,20,16,22,20,22,27,14,11,7,13,12,5,2,0,6,2,3,2,2,8,8,6,5,2,8,4,2,2,1,4,6,8,4,0,2,2,8,8,9,6,4,8,12,20,10,2,2,2,4,4,0,0,6,10,31,12,18,20,15,14,10,5,16,13,6,16,18,9,4,0,4,4,4,0,4,0,0,12,5,2,4,5,2,0,0,4,4,0,0,0,4,4,4,22,29,14,0,4,4,0,0,0,0,0,4,4,0,0,4,0,4,4,2,6,0
000153.bin,conv3,4,11x400x352,0,200,DatasetTemplate.prepare_data(raw_points),False,raw,15000,1548800,11422,0.00737474173553719,0.9926252582644628,0,0,0,0,0,0,0,0,0,0,0,0,0,0,4,9,18,21,29,35,70,135,163,151,114,116,122,130,128,117,116,147,146,149,141,125,94,76,63,71,79,62,39,46,42,44,56,62,63,63,61,50,58,66,84,82,72,48,33,38,60,65,47,46,31,30,38,39,40,36,26,36,34,35,43,58,54,41,38,31,27,38,45,59,51,53,71,78,68,58,54,52,106,114,79,55,65,88,91,54,35,69,93,95,115,78,22,33,53,56,47,96,92,48,82,91,80,80,123,133,77,79,96,111,119,111,105,95,80,86,109,71,56,66,69,49,43,59,47,41,46,66,53,24,30,27,35,36,23,34,27,10,3,26,43,22,4,4,12,22,26,14,8,8,16,32,45,43,20,12,30,35,22,12,18,14,8,8,4,12,32,28,6,11,16,24,25,21,52,56,18,18,26,28,46,67,59,33,20,27,26,8,15,16,6,10,8,16,17,30,42,27,28,22,28,18,20,14,22,24,16,22,10,7,14,21,19,18,6,8,6,8,2,6,4,4,2,4,9,21,15,6,18,12,4,8,10,27,31,29,26,4,0,0,4,8,4,0,12,0,0,0,0,4,4,4,6,3,9,18,10,0,6,14,16,4,1,4,3,1,0,0,0,0,2,2,0,0,0,0,4,4,0,4,5,0,0,0,0,0,0,0,0,0,0,0,0,0,0,0,0,0,0,0,0,0,0,0,0,0,0,0,0,0,0,0,0,0,0,0,0,0,0,0,0,0,0,4,4,0,4,4,6,8,13,12,0,4,4,0,0,0
000154.bin,conv3,4,11x400x352,0,200,DatasetTemplate.prepare_data(raw_points),False,raw,15000,1548800,25567,0.01650761880165289,0.9834923811983471,0,0,0,0,0,0,0,0,0,0,0,0,0,0,0,0,0,0,0,0,0,0,0,0,0,0,0,0,0,0,0,0,0,0,0,0,4,4,4,4,15,32,27,8,0,4,8,16,19,20,13,12,0,4,14,15,10,0,0,0,0,0,12,27,28,27,35,54,75,119,148,193,237,242,221,214,208,228,233,242,227,219,187,148,133,127,138,109,131,164,165,170,175,154,140,149,164,180,229,221,128,139,162,145,125,143,214,222,146,147,170,181,227,288,277,231,177,177,174,138,163,201,221,192,217,236,185,152,162,174,169,195,219,235,281,324,347,334,314,291,314,313,293,236,202,208,221,213,237,252,205,146,105,108,159,154,142,125,140,135,148,176,227,198,118,86,70,62,79,116,99,82,104,119,94,80,75,100,76,90,101,101,112,88,78,84,81,91,99,83,67,54,67,81,84,92,92,74,67,70,60,51,45,25,22,24,26,30,32,34,32,58,66,14,7,13,11,4,8,20,18,7,12,20,18,13,15,21,19,18,14,17,32,66,51,41,33,40,58,69,63,81,97,82,59,67,72,42,34,51,54,31,22,21,17,10,12,12,4,20,34,23,12,24,36,30,20,14,19,19,8,13,50,53,18,13,15,8,16,24,20,16,24,29,23,27,21,10,14,24,8,6,21,31,32,21,2,2,6,8,32,30,24,8,0,0,0,6,20,28,34,48,47,33,37,37,19,10,4,8,24,16,9,16,18,13,4,13,18,19,6,4,6,2,4,2,0,0,0,10,10,0,0,0,0,0,0,11,9,0,6,11
000155.bin,conv3,4,11x400x352,0,200,DatasetTemplate.prepare_data(raw_points),False,raw,15000,1548800,23930,0.015450671487603306,0.9845493285123967,0,0,0,0,0,0,0,0,0,0,0,0,0,0,0,0,0,0,0,0,0,0,0,0,0,15,24,22,0,0,0,4,12,15,12,6,10,4,15,18,16,16,17,7,8,4,4,6,11,14,23,16,8,11,8,8,0,0,0,4,14,12,8,2,2,0,0,0,0,0,0,0,2,12,53,71,80,67,41,55,69,71,76,80,79,63,63,105,138,139,131,120,119,109,119,151,171,145,136,146,151,165,190,175,153,180,224,250,234,243,284,272,270,271,265,272,259,263,248,216,218,242,221,214,199,143,172,176,164,163,167,150,132,128,158,186,191,193,203,216,196,183,197,198,164,103,82,83,64,70,103,130,146,152,100,83,84,69,50,35,36,42,51,68,55,58,76,78,70,74,62,61,90,76,35,39,40,57,80,98,97,65,31,28,37,49,74,89,71,92,111,166,178,130,95,95,93,67,53,89,57,73,91,90,123,151,158,210,246,262,206,184,174,170,139,143,137,125,101,74,58,73,69,75,79,84,98,111,159,195,168,140,124,84,72,71,81,101,93,66,78,72,55,28,28,12,45,48,46,20,19,16,20,10,16,30,25,17,18,26,24,16,4,2,0,0,19,33,54,53,51,31,41,67,72,72,59,41,34,23,14,19,38,43,36,27,33,32,23,19,22,8,5,5,13,23,12,8,10,8,0,0,4,4,4,15,16,10,23,18,10,4,8,12,4,6,6,0,0,6,23,40,51,53,57,66,71,57,44,25,4,4,10,13,8,6,0,2,0,8,11,11,8,12,21,30,25,8,4,0,4,10
000156.bin,conv3,4,11x400x352,0,200,DatasetTemplate.prepare_data(raw_points),False,raw,15000,1548800,9348,0.006035640495867769,0.9939643595041322,0,0,0,0,0,0,0,0,0,0,0,0,0,0,0,4,4,2,0,0,8,12,8,6,14,20,20,8,8,8,6,10,13,31,63,144,138,97,63,63,58,61,71,61,41,38,32,28,34,75,94,110,79,82,63,58,79,129,191,246,225,219,220,218,230,237,220,211,216,201,216,233,236,251,235,233,204,208,202,170,137,110,106,84,82,67,52,62,55,151,162,184,183,72,38,42,49,36,27,14,9,15,20,17,17,37,42,25,23,39,54,56,48,28,22,8,14,36,34,27,25,21,17,2,2,2,0,4,12,8,10,8,8,4,2,6,0,0,0,0,0,4,4,16,22,8,0,0,0,0,0,0,0,0,0,0,0,0,7,7,0,0,0,0,2,2,0,0,0,2,2,4,0,0,0,0,0,0,0,4,4,0,0,0,0,0,0,0,0,0,0,0,0,0,0,4,4,0,0,0,12,12,0,0,0,0,0,0,0,0,0,0,0,0,0,0,0,0,0,0,0,0,0,0,0,0,0,0,0,4,7,4,0,0,0,0,0,0,0,0,0,0,0,0,0,0,4,4,0,0,0,0,0,0,0,2,2,2,0,0,0,0,0,0,0,0,0,0,0,0,0,0,0,0,0,0,0,0,0,0,0,2,0,0,0,0,0,0,0,0,0,0,0,0,0,0,0,5,8,4,0,0,0,0,0,0,0,0,0,0,0,0,0,0,0,0,0,0,0,0,0,0,0,0,0,0,0,0,0,0,0,0,0,0,0,0,0,0,0,0,0,0,0,0,0,0,0,0,0,0,0,0
000157.bin,conv3,4,11x400x352,0,200,DatasetTemplate.prepare_data(raw_points),False,raw,15000,1548800,17030,0.01099560950413223,0.9890043904958677,0,0,0,0,0,0,0,0,0,0,0,0,0,0,0,0,0,0,0,0,0,0,0,0,0,0,0,0,0,6,10,17,15,10,6,8,11,8,7,8,19,34,65,72,85,89,98,102,94,77,53,52,58,48,65,100,125,139,125,110,121,127,117,98,124,154,154,143,156,136,104,115,105,105,145,156,158,181,185,159,158,160,169,184,184,183,191,203,193,192,160,142,131,109,107,95,77,77,89,99,104,80,52,47,50,48,46,62,80,69,84,75,69,89,89,81,72,61,48,45,66,78,106,95,86,78,73,68,60,41,11,13,30,31,21,59,65,63,92,124,151,161,164,139,122,96,102,113,110,133,135,128,147,126,100,70,46,55,51,35,49,63,59,32,19,40,56,63,45,29,41,37,35,39,24,14,27,56,57,24,44,56,67,43,53,34,34,30,29,36,54,65,39,61,71,72,63,61,64,73,60,61,60,59,74,59,71,75,85,89,82,75,104,87,61,65,47,22,32,16,4,5,10,12,14,17,23,19,9,10,2,0,0,0,14,21,27,38,43,18,30,16,22,26,21,21,13,23,23,24,32,34,41,30,23,18,20,14,18,18,18,12,0,7,9,10,8,4,10,16,12,16,15,28,18,0,6,6,6,4,0,2,2,0,4,4,4,6,2,4,4,0,0,6,7,12,12,0,8,9,10,19,20,18,6,28,27,19,19,33,32,26,25,25,28,30,35,23,26,31,21,16,21,16,10,12,11,4,15,16,4,0,0,0,0,0,0,0,0,0,4,12,8,8,6,6,0,0,0,4,6,7
000158.bin,conv3,4,11x400x352,0,200,DatasetTemplate.prepare_data(raw_points),False,raw,15000,1548800,29404,0.018985020661157023,0.981014979338843,0,0,0,0,0,0,0,0,0,0,0,0,0,0,0,0,0,0,0,0,0,0,0,0,0,0,0,0,0,0,0,0,0,8,20,30,39,29,16,14,14,4,4,0,6,14,21,18,0,0,0,0,2,15,25,35,28,14,0,0,0,4,8,10,18,32,46,64,54,54,34,41,69,80,109,116,139,137,132,125,125,133,121,131,114,138,157,165,184,189,161,146,176,204,215,186,197,179,168,189,212,188,168,184,185,197,211,195,155,137,138,170,203,196,235,252,212,184,185,178,198,246,316,301,234,194,188,134,125,108,119,161,192,229,307,239,145,135,119,103,89,98,91,112,145,157,168,158,101,94,132,176,157,140,164,188,185,175,164,203,233,268,245,230,217,194,175,159,154,147,142,152,157,167,173,168,175,183,186,218,258,251,264,219,205,228,242,242,226,194,184,175,228,211,186,224,218,190,180,166,113,67,66,52,48,28,41,50,49,49,58,69,83,75,79,87,79,56,39,49,54,87,89,64,60,61,73,70,73,97,77,58,91,84,60,53,34,44,44,24,25,27,29,28,27,22,18,17,48,48,23,24,39,38,22,24,37,45,44,51,50,66,61,54,50,48,59,45,21,27,27,28,38,32,25,34,28,33,44,37,32,26,25,24,37,40,23,25,23,10,14,19,22,31,39,34,30,16,12,21,38,44,29,34,22,28,26,46,56,34,34,65,67,77,78,40,44,56,54,31,24,25,22,17,23,24,34,31,31,42,37,54,51,33,8,6,4,10,12,8,4,0,10,18,24,22,10,14,4,0,0,4
000159.bin,conv3,4,11x400x352,0,200,DatasetTemplate.prepare_data(raw_points),False,raw,15000,1548800,19524,0.012605888429752066,0.9873941115702479,0,0,0,0,0,0,0,0,0,0,0,0,0,0,0,0,0,0,0,0,12,18,6,6,4,0,0,0,0,0,0,10,14,12,14,10,26,26,26,27,46,61,68,50,39,40,34,33,38,58,85,102,126,126,143,155,165,150,131,126,112,101,107,118,161,176,159,134,109,86,71,69,59,63,71,89,86,80,78,84,106,113,113,111,112,103,100,89,89,80,67,75,84,80,80,115,132,116,111,101,108,134,144,114,89,82,58,46,79,97,88,81,77,76,80,83,93,98,81,70,85,77,65,71,118,129,135,146,125,132,156,140,87,85,85,118,124,116,124,128,93,77,65,66,62,88,136,121,146,160,196,246,285,315,347,389,399,377,307,216,222,239,214,206,188,133,111,103,95,84,78,76,84,106,105,71,104,100,88,100,75,57,77,77,70,77,87,106,98,69,76,67,75,61,54,43,69,84,81,101,74,51,45,35,19,14,26,22,17,7,9,17,16,17,14,10,5,6,16,22,21,20,33,25,20,10,2,0,0,0,0,4,16,16,7,28,46,26,10,1,2,4,9,21,20,8,6,2,6,2,0,0,4,7,3,4,4,0,4,0,0,0,0,12,12,0,1,15,18,8,6,10,4,12,9,0,0,0,0,0,0,0,0,9,9,2,0,0,0,0,0,0,0,0,0,0,0,0,0,0,0,0,0,0,3,15,49,53,24,8,10,6,6,8,17,20,15,0,11,13,0,4,8,2,9,6,0,4,14,8,9,15,10,6,5,4,8,13,15,12,8,6,2,9,8,6,8,4,0,0,0,0
000160.bin,conv3,4,11x400x352,0,200,DatasetTemplate.prepare_data(raw_points),False,raw,15000,1548800,29371,0.018963713842975207,0.9810362861570248,0,0,0,0,0,0,0,0,0,0,0,0,0,0,0,0,0,0,0,0,0,0,0,0,0,0,0,0,0,4,6,8,8,0,0,0,12,17,17,0,0,0,0,0,0,0,0,0,0,0,0,0,0,0,0,0,0,6,8,4,4,4,2,3,20,29,20,16,9,8,13,25,54,88,124,221,313,364,384,392,317,319,326,282,178,168,174,182,177,128,123,124,115,126,121,101,115,124,137,118,120,240,275,247,278,262,247,312,349,343,281,212,185,210,204,241,271,268,226,179,133,142,105,113,119,123,155,136,147,170,121,134,126,149,189,168,157,216,238,212,223,212,202,198,161,197,216,220,197,185,183,174,155,124,128,139,140,169,197,198,196,204,220,198,157,123,115,117,164,158,149,161,167,178,171,183,174,197,219,224,213,215,228,242,250,259,245,256,245,162,135,101,115,134,127,150,153,135,145,156,48,60,59,50,50,39,66,91,80,61,55,51,43,48,35,33,33,42,33,56,51,39,30,43,52,48,53,39,42,52,63,56,39,40,48,75,82,59,58,39,24,24,22,51,63,64,66,44,25,31,29,23,28,45,58,79,73,40,42,61,35,38,32,22,24,24,20,22,41,38,35,34,10,44,58,42,56,67,51,52,30,28,24,26,22,37,42,53,76,82,61,48,32,16,25,29,15,30,33,26,29,31,22,20,16,19,16,18,14,20,12,2,10,10,10,14,6,6,6,4,8,4,8,19,6,4,12,16,12,8,8,12,22,12,12,14,14,6,0,0,4,14,12,0,2,2,2,4,4,0,12,20
000161.bin,conv3,4,11x400x352,0,200,DatasetTemplate.prepare_data(raw_points),False,raw,15000,1548800,20532,0.013256714876033058,0.9867432851239669,0,0,0,0,0,0,0,0,0,0,0,0,0,0,0,0,0,0,6,12,12,6,0,0,0,0,4,10,12,13,6,0,0,0,0,4,4,4,5,6,16,25,22,17,4,0,10,22,45,62,79,76,86,105,106,119,125,117,104,110,109,94,81,76,80,74,63,91,101,98,87,91,118,109,89,101,136,169,138,121,262,343,232,128,88,128,167,123,90,116,141,134,133,189,153,96,105,129,136,150,204,249,255,302,308,264,254,208,197,203,179,173,145,172,186,203,214,251,231,184,151,152,160,192,177,193,169,174,243,274,261,225,289,268,69,75,74,65,76,109,106,91,78,65,88,94,122,126,121,101,75,81,84,65,70,42,37,54,55,53,77,96,110,93,81,64,58,53,42,38,55,70,77,93,141,138,82,89,90,61,60,55,52,83,135,134,63,60,27,53,60,57,48,64,84,81,39,50,50,43,45,56,38,26,36,35,47,38,24,30,36,15,13,10,6,4,7,6,3,8,3,2,1,13,32,36,21,14,26,22,10,10,36,37,20,26,19,16,15,23,33,36,16,8,6,4,5,6,19,22,7,5,5,3,14,13,2,3,5,10,6,2,4,0,0,0,2,13,11,2,4,14,18,8,0,0,0,3,3,2,7,11,6,0,0,0,2,12,4,0,0,0,0,0,0,7,8,10,16,13,20,20,10,10,6,1,2,2,0,0,12,15,8,0,0,0,0,0,10,19,23,20,16,21,19,30,43,44,43,38,16,8,10,8,0,4,4,4,0,0,0,0,4,16,12,0,10,10,4,0,0,0
000162.bin,conv3,4,11x400x352,0,200,DatasetTemplate.prepare_data(raw_points),False,raw,15000,1548800,24518,0.015830320247933884,0.9841696797520662,0,0,0,0,0,0,0,0,0,0,0,0,0,0,0,0,0,0,0,0,0,0,0,0,0,0,0,0,0,0,0,0,0,0,0,4,4,0,0,8,20,18,12,30,34,39,31,25,11,6,15,18,16,16,26,38,44,50,32,37,22,13,21,21,21,25,24,16,104,160,213,208,208,125,27,11,47,46,41,35,36,32,17,32,68,78,69,45,55,69,62,62,55,62,78,85,83,103,112,107,141,196,226,237,238,216,191,185,121,151,180,250,398,549,705,676,564,393,329,343,304,268,244,223,222,251,232,210,198,204,199,276,337,283,245,230,183,173,188,174,138,118,119,234,298,205,146,113,100,93,104,143,147,134,121,124,152,142,152,151,151,128,87,89,103,136,143,120,109,112,98,114,87,92,84,63,77,78,69,69,86,109,117,103,79,69,61,60,56,48,38,42,37,28,23,21,37,48,41,65,55,57,49,48,57,63,66,56,54,64,52,47,36,31,41,37,38,40,30,35,50,47,47,43,46,56,60,52,51,30,34,42,44,35,49,43,51,53,48,59,42,24,42,43,52,50,45,16,10,14,26,34,42,57,50,38,40,34,19,18,21,11,4,9,28,42,36,22,10,24,31,8,8,11,24,24,19,27,35,29,24,36,34,26,25,37,31,22,31,29,17,29,20,29,22,17,42,30,17,12,6,4,19,24,0,0,4,14,12,8,8,11,8,11,17,17,16,31,26,18,6,28,28,5,18,14,10,8,14,21,26,19,16,20,14,14,13,20,20,4,6,20,15,0,0,14,18,12,10,6,10,14
000163.bin,conv3,4,11x400x352,0,200,DatasetTemplate.prepare_data(raw_points),False,raw,15000,1548800,17907,0.011561854338842974,0.9884381456611571,0,0,0,0,0,0,0,0,0,0,0,0,0,0,0,0,0,0,0,0,0,0,0,0,8,8,10,14,14,27,30,17,11,18,30,26,29,30,35,49,47,43,33,17,4,4,22,27,26,39,42,59,71,78,61,69,83,91,104,124,136,150,188,230,265,306,304,282,226,213,230,216,212,258,319,323,256,227,294,340,352,308,323,356,339,292,233,176,120,121,144,128,126,106,99,130,137,118,83,60,55,75,72,69,65,76,77,100,98,101,92,97,89,87,91,97,85,78,83,76,89,84,80,89,82,80,58,75,72,53,53,66,80,86,100,89,62,53,56,71,61,53,60,72,102,98,76,78,70,67,57,74,61,35,30,34,34,48,48,44,42,39,39,23,18,32,67,104,74,79,89,65,58,57,51,32,31,40,67,68,58,59,59,41,34,31,41,49,82,79,55,42,58,50,40,34,39,44,74,95,73,57,35,33,25,14,28,42,56,42,12,10,12,18,5,0,0,4,4,8,10,6,6,9,14,13,11,12,28,66,44,26,18,4,0,0,0,0,0,4,4,0,4,2,0,0,0,0,4,4,0,0,0,0,0,0,0,0,12,20,18,8,4,0,2,6,9,10,19,24,25,30,14,8,9,6,4,4,9,20,17,12,10,14,8,21,20,10,4,0,0,0,0,0,0,6,6,0,0,4,0,0,0,0,0,0,0,0,0,0,4,10,4,0,8,4,0,4,4,0,0,4,4,8,4,4,4,4,0,5,10,12,6,0,0,0,4,4,0,0,0,0,0,0,0,0,0,0,10,12,6,0
000164.bin,conv3,4,11x400x352,0,200,DatasetTemplate.prepare_data(raw_points),False,raw,15000,1548800,23834,0.015388688016528925,0.9846113119834711,0,0,0,0,0,0,0,0,0,0,0,0,0,0,0,0,0,0,0,0,0,0,0,0,0,0,0,0,0,0,0,0,0,0,0,11,10,4,0,6,8,8,8,0,0,0,0,2,4,8,8,8,0,12,24,54,51,52,35,35,31,19,16,10,17,24,55,117,165,192,172,159,158,118,73,49,63,82,100,78,69,55,39,38,47,70,89,89,79,83,90,94,103,93,73,64,60,86,91,102,116,189,257,285,285,240,198,204,230,222,223,222,247,403,520,557,524,441,400,388,360,374,365,328,298,255,210,208,171,142,142,162,176,161,200,202,179,191,143,115,114,112,104,215,262,158,126,96,117,93,86,86,55,70,67,99,91,103,98,85,96,85,81,80,68,59,109,118,116,91,81,95,91,92,75,54,54,54,76,99,96,99,86,92,66,78,87,107,95,77,59,55,58,57,61,63,64,38,60,43,38,40,77,64,64,77,90,104,98,71,48,67,51,28,57,51,44,36,29,32,48,51,49,50,61,77,67,58,51,43,51,44,49,37,47,49,31,50,45,44,42,48,57,49,41,43,43,37,24,18,36,52,40,10,13,12,6,6,15,10,24,31,21,24,25,41,60,36,46,37,34,41,27,17,16,18,10,24,22,24,33,30,39,37,20,16,12,19,17,20,14,17,16,10,21,18,26,39,30,30,23,18,19,27,18,16,8,21,19,20,34,33,26,20,26,21,8,0,0,2,0,4,4,0,0,10,10,0,8,0,0,4,4,0,8,14,17,12,6,19,13,13,4,0,6,14,12,12,16,0,2,6
000165.bin,conv3,4,11x400x352,0,200,DatasetTemplate.prepare_data(raw_points),False,raw,15000,1548800,17488,0.011291322314049586,0.9887086776859504,0,0,0,0,0,0,0,0,0,0,0,0,0,0,0,0,0,0,0,2,4,10,8,16,21,22,6,2,0,0,0,8,16,23,29,29,31,35,44,63,66,47,63,61,55,58,57,54,57,60,54,33,15,12,10,6,18,6,0,4,13,15,12,14,18,21,30,26,25,56,58,58,48,50,60,57,56,51,68,91,82,61,65,139,142,106,131,250,420,401,250,133,112,99,92,108,133,174,126,120,142,176,153,154,152,131,139,132,120,107,62,94,150,134,108,131,118,110,165,157,92,95,81,81,70,51,58,63,109,134,111,107,94,80,65,78,106,161,197,248,246,204,216,236,192,162,181,186,163,171,163,97,76,101,105,104,115,100,92,101,111,114,122,136,121,107,107,123,116,76,90,76,115,97,64,61,50,42,72,75,69,45,29,37,44,51,79,101,82,79,102,89,63,78,94,88,79,103,122,110,55,25,30,50,50,29,32,28,20,10,28,34,16,11,9,30,24,18,22,10,15,25,22,23,12,14,4,0,0,0,2,3,4,8,6,6,4,4,4,2,2,6,6,6,8,10,8,15,27,35,40,29,14,8,4,4,10,13,16,16,20,35,30,13,15,10,8,10,6,4,9,15,11,3,9,12,8,10,2,0,4,6,2,2,2,0,4,4,8,8,0,0,0,0,0,4,6,2,6,4,0,0,0,0,4,4,0,0,0,0,0,0,0,0,0,0,0,0,0,0,0,0,0,0,0,0,0,0,0,0,0,0,0,0,0,0,0,0,0,0,0,0,0,0,0,0,0,0,0,0,0,0
000166.bin,conv3,4,11x400x352,0,200,DatasetTemplate.prepare_data(raw_points),False,raw,15000,1548800,24698,0.015946539256198346,0.9840534607438016,0,0,0,0,0,0,0,0,0,0,0,0,0,0,0,0,0,0,0,0,0,0,0,0,0,0,0,0,0,0,0,0,0,0,0,0,0,0,0,0,0,0,0,0,0,0,0,0,0,0,0,0,0,0,0,0,12,23,31,34,28,29,45,136,262,283,196,150,143,126,127,148,125,82,96,102,94,104,139,141,121,119,103,107,90,56,83,91,104,93,77,80,98,106,139,136,132,109,95,91,93,117,130,140,181,226,320,374,303,226,193,207,236,275,363,419,385,389,389,389,314,284,254,229,233,219,194,172,172,183,190,182,177,151,141,141,118,118,127,121,119,108,123,150,174,173,168,168,163,169,162,157,131,165,168,153,139,141,144,176,171,163,143,143,121,111,158,168,125,106,78,87,98,100,112,105,112,105,75,69,58,67,59,56,80,75,80,87,62,76,76,56,57,54,71,87,78,59,64,74,80,67,49,59,59,46,31,27,20,28,31,30,42,46,41,39,37,34,41,46,49,42,53,54,55,50,61,57,59,49,56,89,70,67,64,70,66,39,36,23,31,34,37,34,26,33,40,32,26,17,36,33,26,22,26,24,21,26,58,84,75,65,68,39,30,22,35,24,21,23,26,42,36,22,18,38,32,24,21,11,6,10,8,20,23,22,23,24,36,22,24,29,22,32,35,25,15,12,10,16,18,8,18,11,14,20,21,24,12,8,10,8,11,16,20,20,10,10,12,10,5,8,10,0,0,0,0,0,0,4,4,0,0,10,10,6,6,12,10,6,12,8,4,6,8,6,6,2,2,10,10,0
000167.bin,conv3,4,11x400x352,0,200,DatasetTemplate.prepare_data(raw_points),False,raw,15000,1548800,25880,0.01670971074380165,0.9832902892561983,0,0,0,0,0,0,0,0,0,0,0,0,0,0,0,0,0,0,0,0,0,3,16,19,16,8,0,0,0,0,0,0,0,20,27,21,25,30,30,34,38,41,39,27,19,20,15,10,0,0,0,0,4,4,0,18,22,21,15,7,10,10,6,6,8,17,28,53,73,64,35,33,32,30,31,36,42,54,56,54,45,52,55,68,78,74,95,101,111,116,138,108,82,90,108,136,188,166,157,159,177,229,238,210,200,197,197,233,258,300,285,265,239,218,219,239,217,197,192,166,242,416,535,555,559,587,492,457,435,378,292,262,225,189,171,183,172,147,158,130,117,98,136,122,107,120,150,195,217,183,155,158,160,135,86,104,117,104,106,123,102,115,117,131,178,148,105,87,80,80,75,76,100,116,109,86,87,129,275,206,82,224,366,419,267,138,100,66,75,92,81,63,51,53,49,53,49,60,67,57,54,51,62,71,85,99,129,110,62,63,79,70,57,42,47,48,46,33,19,24,27,31,24,20,24,37,31,24,29,41,34,34,46,44,34,38,36,30,32,39,43,37,54,62,51,49,43,45,59,65,59,43,50,49,27,16,25,16,14,24,14,12,8,21,31,28,22,10,7,11,8,20,22,29,28,12,15,27,32,32,43,26,30,31,21,21,21,20,10,9,4,9,6,12,6,6,6,8,12,17,12,12,19,13,14,13,11,16,19,11,16,14,17,4,9,9,4,9,13,4,0,7,8,10,6,4,6,8,8,4,4,7,11,8,10,6,18,20,32,16,4,16,13,5,4,4,14,12,0,2,4,4
000168.bin,conv3,4,11x400x352,0,200,DatasetTemplate.prepare_data(raw_points),False,raw,15000,1548800,28812,0.01860278925619835,0.9813972107438016,0,0,0,0,0,0,0,0,0,0,0,0,0,0,0,0,0,0,0,0,0,0,0,0,0,0,0,0,0,13,13,9,1,10,10,5,11,13,11,0,0,0,0,0,0,0,0,0,0,0,0,0,0,0,0,0,0,0,0,0,4,10,16,47,79,102,130,157,180,195,196,213,177,166,161,153,189,186,149,169,188,190,184,180,259,248,218,254,298,260,215,199,164,139,143,131,156,107,104,103,111,106,85,75,81,109,107,82,78,88,88,90,80,63,58,54,62,66,86,123,159,151,166,186,175,141,177,228,243,317,342,328,282,228,225,208,225,244,266,259,231,192,215,225,238,222,216,183,212,224,194,165,140,121,119,95,80,73,105,134,139,118,103,117,119,118,98,103,122,176,206,223,161,122,142,163,141,134,149,137,146,129,105,100,95,111,93,96,99,98,119,170,204,232,250,229,255,266,241,168,20,22,30,22,23,24,30,20,19,18,12,12,23,44,69,57,62,28,22,19,8,16,24,38,73,89,50,33,26,13,4,7,8,5,16,20,16,28,31,32,42,81,125,137,145,122,88,90,77,50,68,71,48,63,93,61,31,44,50,69,88,148,194,194,197,179,135,70,54,55,49,56,61,64,56,49,66,73,45,30,24,30,24,26,15,12,14,8,8,22,35,28,32,42,71,73,70,60,59,48,47,49,51,75,73,47,36,32,38,26,18,32,48,30,4,4,12,30,22,32,50,45,47,50,53,50,28,22,42,38,38,28,22,12,12,24,8,10,8,20,26,13,4,2,2,4,12,6,12,16,16,16
000169.bin,conv3,4,11x400x352,0,200,DatasetTemplate.prepare_data(raw_points),False,raw,15000,1548800,18765,0.012115831611570248,0.9878841683884297,0,0,0,0,0,0,0,0,0,0,0,0,0,0,0,0,0,0,0,0,0,0,0,0,0,0,0,16,16,27,29,34,31,26,18,14,24,25,40,37,34,37,37,32,38,59,40,34,32,71,84,84,59,32,19,31,84,118,121,118,124,89,100,150,217,255,295,292,251,216,198,137,135,104,35,19,31,48,47,54,67,76,112,161,187,200,226,257,251,241,204,144,111,129,200,229,235,233,213,208,202,209,189,132,139,181,178,157,143,93,81,89,83,74,60,51,33,52,46,43,52,74,95,97,99,148,154,123,94,98,96,84,90,59,38,28,39,49,56,49,52,42,41,80,90,87,90,78,49,21,25,30,23,22,32,37,67,76,44,38,22,18,20,25,20,12,18,33,36,35,44,60,72,64,41,65,86,105,126,109,82,80,81,89,118,127,130,123,89,75,72,113,170,165,130,87,63,81,83,64,59,50,49,46,46,42,26,24,22,20,24,24,29,33,30,32,20,19,11,8,17,24,12,6,5,13,20,33,37,36,44,42,28,37,38,48,37,21,11,17,22,34,35,22,20,22,28,34,35,37,41,31,21,27,26,26,38,30,18,38,48,44,57,53,31,21,27,32,34,40,46,36,22,16,14,14,14,12,10,14,19,27,25,16,19,0,5,8,0,12,12,0,0,0,0,0,1,1,0,0,0,0,4,4,10,13,9,10,33,33,18,12,13,12,4,4,4,20,19,0,10,10,4,12,10,4,8,4,12,12,4,4,4,0,6,9,0,0,4,4,8,10,4,4,8,13,16,4,0,0,2,2
000170.bin,conv3,4,11x400x352,0,200,DatasetTemplate.prepare_data(raw_points),False,raw,15000,1548800,15908,0.010271177685950414,0.9897288223140496,0,0,0,0,0,0,0,0,0,0,0,0,0,0,0,0,0,0,0,0,0,0,0,0,0,0,0,0,10,10,19,20,18,19,35,53,98,139,155,158,160,152,142,145,101,82,71,60,74,79,87,81,80,83,90,93,109,123,133,153,166,171,160,156,152,147,128,132,133,140,127,126,131,102,111,107,99,103,93,99,96,101,87,85,84,83,74,71,56,50,39,43,48,54,55,58,62,55,57,58,54,60,68,66,49,56,54,63,57,62,69,85,95,87,81,87,97,110,120,137,149,151,124,89,74,67,78,83,82,98,92,102,113,117,89,67,83,107,114,92,87,73,81,100,100,76,88,77,65,54,49,65,53,46,48,55,58,63,79,78,82,86,84,92,86,78,57,23,36,45,41,56,68,78,71,63,55,44,25,27,36,37,24,10,23,39,64,50,66,69,84,67,42,38,25,16,25,38,32,23,19,11,9,4,4,8,21,26,29,20,23,29,25,27,43,37,21,19,30,38,28,24,12,12,5,6,8,8,16,23,17,12,16,10,12,27,36,44,55,52,35,34,25,19,26,19,10,14,27,28,19,25,8,8,32,36,16,1,15,14,12,22,20,15,24,24,31,27,14,18,24,24,21,23,26,16,12,18,16,17,22,11,12,20,19,14,14,8,0,0,0,0,0,0,0,6,10,12,12,12,19,22,6,0,10,7,5,8,10,14,4,2,8,6,0,14,21,17,14,8,6,8,15,13,11,16,12,4,14,12,0,0,4,4,6,12,12,0,0,4,14,16,2,4,6,2,0,0,0,4,0,0
000171.bin,conv3,4,11x400x352,0,200,DatasetTemplate.prepare_data(raw_points),False,raw,15000,1548800,27506,0.017759555785123966,0.982240444214876,0,0,0,0,0,0,0,0,0,0,0,0,0,0,0,0,0,0,0,0,0,0,0,0,0,0,0,0,0,0,0,0,0,0,0,0,0,0,0,0,0,0,0,6,27,44,55,45,23,6,4,0,0,0,0,0,0,0,4,4,0,4,22,31,31,47,66,75,73,78,91,101,112,189,213,186,179,174,168,166,222,249,201,200,175,198,226,187,140,141,196,229,242,199,185,185,167,167,178,194,237,258,252,204,176,136,108,134,215,278,322,276,224,189,163,175,187,189,167,163,218,211,150,128,147,177,185,162,166,196,220,236,181,138,156,194,181,163,147,153,173,212,228,251,264,183,166,159,133,133,151,163,192,132,117,164,191,149,128,109,124,129,106,118,116,113,84,93,102,100,78,73,98,79,101,108,94,120,119,143,111,90,104,111,115,142,126,158,138,133,138,178,182,186,179,181,174,176,187,209,141,74,62,75,62,84,93,66,46,59,71,64,50,28,42,39,31,53,54,54,52,63,64,74,75,55,50,51,48,39,59,60,50,59,90,79,76,74,41,20,33,36,43,35,27,28,40,39,33,41,46,38,42,36,44,41,10,37,44,24,51,73,57,66,62,47,53,64,46,51,65,69,50,28,10,6,6,12,6,18,14,4,4,2,5,8,9,8,8,8,14,18,16,12,6,12,14,5,5,21,34,40,47,44,57,51,63,30,8,42,45,37,23,9,16,18,4,8,16,10,14,16,22,15,22,35,33,24,6,10,14,12,8,12,12,16,14,9,25,30,28,26,22,12,10,10,10,8,14,14,14,29
000172.bin,conv3,4,11x400x352,0,200,DatasetTemplate.prepare_data(raw_points),False,raw,15000,1548800,16561,0.010692794421487604,0.9893072055785124,0,0,0,0,0,0,0,0,0,0,0,0,0,0,0,0,0,0,0,0,4,4,2,0,0,0,0,9,25,31,43,47,52,55,54,46,44,47,45,42,40,38,40,40,69,74,54,57,61,73,77,84,92,92,73,55,36,26,87,146,208,212,193,151,147,131,128,223,277,183,179,170,178,160,139,174,156,154,152,173,153,126,112,87,61,77,78,66,49,50,62,65,86,96,81,89,75,106,113,83,70,55,213,499,360,185,110,100,52,55,69,76,65,93,102,121,80,98,98,95,124,113,73,55,65,82,97,91,73,115,136,93,85,107,109,122,115,114,125,112,113,112,79,50,54,44,59,104,89,76,51,35,19,27,43,67,69,69,65,56,51,35,64,76,54,44,47,55,60,81,72,61,28,35,38,33,60,80,73,60,64,48,43,52,51,35,32,30,34,44,56,51,40,43,36,26,38,51,58,60,37,37,38,36,33,29,26,22,18,28,30,29,31,20,13,8,6,12,10,9,9,12,22,24,36,36,36,47,53,22,17,32,39,25,18,12,20,30,20,18,36,24,18,10,4,2,2,21,33,12,4,16,18,14,10,11,5,17,31,34,19,22,22,2,0,9,4,3,6,9,7,6,8,9,1,2,4,2,0,0,2,6,13,6,0,4,17,14,0,10,11,4,6,6,0,0,0,7,4,2,2,0,0,0,0,0,0,0,0,0,0,0,0,0,8,14,15,4,0,0,0,0,0,0,0,0,0,0,0,0,0,0,0,0,0,0,0,0,0,0,0,0,0,0,0,0,0,0,0,0,0,0
000173.bin,conv3,4,11x400x352,0,200,DatasetTemplate.prepare_data(raw_points),False,raw,15000,1548800,13379,0.008638300619834711,0.9913616993801653,0,0,0,0,0,0,0,0,0,0,0,0,0,0,0,0,0,4,4,0,6,12,23,34,58,63,94,111,134,131,135,137,133,123,123,131,136,131,118,113,116,111,115,118,139,159,168,182,171,151,149,156,149,152,170,180,180,172,175,192,200,225,222,211,184,166,143,132,105,104,90,126,139,115,99,71,65,81,59,34,40,52,67,73,84,108,108,100,96,96,68,52,38,44,53,72,66,50,35,43,38,60,74,95,101,91,71,59,56,52,59,53,57,53,33,20,37,46,56,57,43,32,32,33,32,36,24,26,32,27,30,25,23,25,23,34,48,47,40,34,26,30,34,28,29,29,33,31,39,37,26,19,17,21,22,22,29,41,46,41,27,31,32,26,17,22,33,51,60,52,37,39,33,23,15,10,10,10,12,9,9,8,10,16,23,21,18,17,12,14,14,4,7,10,21,13,19,22,21,25,51,62,33,24,23,11,7,5,12,11,6,14,21,14,12,14,15,20,19,24,26,28,22,11,10,8,11,7,3,2,2,2,1,1,2,2,0,0,0,0,0,0,0,0,4,8,6,8,14,12,8,10,6,6,4,6,6,8,15,15,6,14,24,27,30,22,6,4,2,10,24,39,38,13,6,8,5,6,5,4,2,4,4,2,4,4,0,4,0,0,5,6,2,0,4,4,0,0,0,0,4,0,4,6,0,0,0,8,8,6,10,7,4,4,6,4,0,0,0,0,0,0,0,0,0,0,4,8,9,7,4,0,0,4,8,0,0,4,0,0,0,4,4,0,0,0,0,0,0,0,0,0
000174.bin,conv3,4,11x400x352,0,200,DatasetTemplate.prepare_data(raw_points),False,raw,15000,1548800,13937,0.008998579545454546,0.9910014204545454,0,0,0,0,0,0,0,0,0,0,0,0,0,0,0,0,0,0,0,0,0,0,0,13,13,8,0,0,9,33,50,70,68,82,81,50,47,38,33,28,53,49,73,82,93,89,87,93,84,90,97,103,127,147,137,134,125,134,138,127,101,104,99,104,106,132,167,191,197,184,140,150,148,150,122,110,107,104,100,112,110,83,93,92,84,78,51,36,42,46,53,63,92,110,119,121,109,91,89,85,75,85,80,90,75,55,45,36,53,49,46,45,47,37,35,41,52,59,81,78,60,34,32,42,49,56,64,56,59,53,36,45,51,76,79,66,56,57,73,88,80,74,55,60,51,57,60,49,50,54,38,40,49,58,64,59,39,38,27,20,22,18,24,28,24,37,56,77,90,95,95,106,114,127,105,108,92,84,62,54,40,36,45,38,35,28,33,22,48,56,34,39,37,26,16,19,26,26,30,31,40,49,49,33,33,39,37,30,14,31,28,19,2,7,2,3,5,13,16,18,21,20,22,13,8,8,7,9,4,16,12,6,11,8,16,25,16,14,12,2,0,4,8,4,11,11,13,16,18,18,16,15,8,8,4,2,2,4,4,0,4,4,0,0,0,1,1,0,4,10,4,21,30,21,12,13,9,4,2,8,15,19,18,8,22,39,39,27,30,31,31,27,22,29,18,10,4,4,4,0,0,0,0,2,2,0,0,0,4,4,0,14,14,2,0,0,4,0,0,0,0,0,0,2,3,0,0,2,2,0,4,12,21,23,16,12,4,0,0,0,0,0,0,0,0,0,0,0,0,0,0,0
000175.bin,conv3,4,11x400x352,0,200,DatasetTemplate.prepare_data(raw_points),False,raw,15000,1548800,13331,0.00860730888429752,0.9913926911157025,0,0,0,0,0,0,0,0,0,0,0,0,4,4,0,0,0,36,47,49,17,13,9,12,22,26,24,33,48,103,118,145,140,113,84,77,53,38,32,23,28,35,43,47,45,27,38,31,40,52,58,73,78,89,81,54,52,47,43,38,42,124,175,229,252,177,108,110,93,66,78,77,68,59,50,47,42,45,61,71,66,65,59,46,63,71,71,62,72,91,82,88,80,72,48,55,79,105,114,84,70,64,72,84,109,150,187,140,83,65,49,60,72,63,58,63,59,49,35,48,81,84,92,81,84,79,84,70,70,65,55,60,52,59,74,109,140,103,63,73,77,73,50,37,29,25,20,22,18,24,25,37,84,196,230,188,99,58,57,44,55,50,44,55,54,63,60,55,48,34,33,27,21,15,13,11,18,21,20,26,35,27,26,20,16,20,35,56,68,47,22,18,9,7,4,7,6,10,18,18,20,25,28,14,29,41,44,26,14,12,22,30,25,13,5,4,0,4,2,2,16,19,6,15,12,11,15,16,12,13,21,18,15,17,5,6,26,30,26,30,20,14,6,7,10,13,14,10,6,14,10,12,12,2,8,6,7,2,2,6,10,12,8,4,4,7,14,16,12,20,24,22,24,20,20,10,12,22,20,23,20,13,10,4,0,0,0,6,10,12,4,15,7,4,0,4,0,0,4,7,2,0,0,0,2,34,48,32,35,40,26,8,8,8,8,6,2,6,20,21,15,15,17,27,17,12,8,8,14,23,16,0,0,0,0,5,2,0,0,0,10,14,6,6,8,8,4,8,9,10,4,6
000176.bin,conv3,4,11x400x352,0,200,DatasetTemplate.prepare_data(raw_points),False,raw,15000,1548800,11807,0.007623321280991736,0.9923766787190083,0,0,0,0,0,0,0,0,0,0,0,0,0,0,0,0,0,0,0,0,8,11,11,25,28,61,69,59,37,30,26,27,106,135,145,105,100,98,133,157,166,154,141,104,101,107,84,68,27,38,39,29,36,29,28,47,56,53,80,91,94,80,72,92,104,115,116,118,117,97,88,83,89,104,111,107,90,65,42,54,51,88,95,53,61,69,58,38,30,34,40,56,69,67,59,60,61,72,64,81,89,94,90,83,76,91,99,101,101,93,49,46,41,48,57,57,59,68,65,34,45,61,64,53,64,67,68,55,55,54,44,48,33,19,20,28,50,87,107,99,96,91,79,78,71,48,21,20,21,47,75,69,54,50,51,28,33,35,44,49,45,48,30,35,36,44,36,28,36,32,31,30,24,20,12,6,4,8,6,6,2,8,38,46,28,29,30,26,14,12,14,14,12,12,18,10,12,33,32,32,22,22,28,26,22,17,17,11,6,8,14,24,20,8,8,6,7,10,9,8,16,8,19,33,45,46,32,26,34,27,10,4,10,10,0,6,15,14,19,24,42,46,35,14,4,2,2,2,2,6,10,20,17,20,24,20,11,17,22,14,17,17,16,10,4,2,4,4,0,0,2,4,2,0,0,7,9,8,6,14,11,6,0,4,8,4,8,4,7,6,0,0,0,0,0,0,0,3,5,2,0,6,6,0,2,11,13,8,13,15,12,10,4,10,6,2,4,4,0,0,0,0,0,0,0,0,0,0,0,0,0,4,4,4,0,0,0,0,0,0,0,0,0,0,0,0,0,0,0,0,0,0
000177.bin,conv3,4,11x400x352,0,200,DatasetTemplate.prepare_data(raw_points),False,raw,15000,1548800,17085,0.011031120867768595,0.9889688791322314,0,0,0,0,0,0,0,0,0,0,0,0,0,0,0,0,0,0,0,0,0,0,0,8,17,22,25,30,30,33,36,39,49,38,25,10,5,5,8,9,9,12,8,10,12,10,16,19,87,168,151,108,51,64,72,79,65,63,67,62,61,54,56,67,70,73,70,83,91,78,75,75,99,96,82,86,94,92,63,61,73,113,127,137,144,121,108,157,151,190,144,114,115,115,71,62,69,83,75,54,59,51,81,145,178,129,97,100,108,138,171,201,194,232,249,260,267,221,241,262,259,245,219,195,227,197,168,130,105,68,58,55,81,100,74,41,34,38,45,59,67,79,100,88,87,89,102,104,83,67,39,29,52,47,41,50,67,68,71,48,45,43,19,7,14,22,19,23,25,12,15,39,70,83,62,65,54,70,78,69,17,12,14,18,16,42,85,73,58,39,48,76,75,73,54,57,108,151,116,65,68,64,72,59,71,84,72,73,55,70,72,49,53,41,36,51,51,47,62,65,51,37,29,17,10,16,20,29,17,8,10,18,21,11,3,0,1,0,0,4,4,10,18,27,22,6,2,2,2,2,6,9,14,22,14,4,6,6,0,0,0,0,8,18,12,21,25,24,6,0,0,0,10,18,13,16,11,7,12,39,37,6,14,8,5,9,13,13,0,1,5,12,16,8,4,0,4,19,31,33,14,18,8,4,7,15,9,10,17,30,24,4,16,19,10,0,8,0,0,4,11,20,23,11,0,7,17,9,0,0,11,9,0,6,4,4,8,8,16,16,12,2,4,4,0,4,4,0,0,9,12,4
000178.bin,conv3,4,11x400x352,0,200,DatasetTemplate.prepare_data(raw_points),False,raw,15000,1548800,15946,0.010295712809917356,0.9897042871900826,0,0,0,0,0,0,0,0,0,0,0,0,0,0,0,0,0,0,0,0,0,0,0,0,0,0,6,82,102,95,37,34,31,28,24,21,31,32,26,20,17,18,22,23,15,12,14,14,14,12,12,10,10,10,10,10,10,14,22,21,18,4,4,6,4,4,14,27,54,76,90,101,96,105,105,104,120,115,102,106,107,132,174,298,331,366,329,199,117,82,59,60,46,64,69,53,52,48,47,40,39,28,34,56,67,67,63,54,41,53,87,89,64,89,92,71,158,195,161,105,84,88,98,90,81,109,138,96,73,75,70,59,35,47,66,122,155,162,227,233,169,83,114,122,98,106,88,77,75,67,70,117,135,69,39,65,238,244,99,62,72,52,35,41,44,32,27,37,99,122,69,55,76,96,97,59,60,65,76,64,50,49,42,44,39,47,44,52,65,79,87,88,69,52,54,58,58,60,56,57,52,47,79,81,45,10,10,8,4,0,0,4,26,29,51,95,94,81,66,46,26,37,68,68,55,71,72,63,58,51,45,39,44,36,24,13,18,16,24,19,18,15,5,6,25,28,14,13,6,18,29,18,10,21,28,26,19,12,2,4,6,52,80,29,25,16,6,4,6,11,23,27,16,14,22,16,0,8,2,4,8,4,5,5,0,0,2,0,4,4,13,12,8,11,11,12,18,8,0,0,4,12,23,22,4,4,4,0,0,4,14,19,22,18,4,4,4,0,2,18,18,6,8,4,0,0,11,21,22,12,6,8,0,10,14,12,4,4,4,0,4,4,8,4,0,2,2,2,9,8,0,0
000179.bin,conv3,4,11x400x352,0,200,DatasetTemplate.prepare_data(raw_points),False,raw,15000,1548800,21542,0.013908832644628099,0.986091167355372,0,0,0,0,0,0,0,0,0,0,0,0,0,0,0,0,0,0,0,0,0,0,0,0,0,0,0,0,0,0,0,0,0,0,0,0,0,0,0,0,0,0,0,0,0,0,0,0,0,0,0,0,0,0,0,0,0,0,0,0,0,3,37,54,63,120,148,191,222,202,177,146,121,117,116,156,213,256,271,264,246,235,224,218,236,193,177,168,181,173,154,154,105,132,143,147,220,339,452,461,402,300,192,126,112,110,94,92,100,93,74,114,123,117,136,147,132,114,108,105,99,76,100,113,108,99,116,144,136,99,110,123,115,127,138,179,192,123,121,115,128,122,116,93,100,109,117,140,150,113,100,104,124,110,103,87,105,117,106,101,108,123,130,162,138,86,69,77,59,60,86,79,74,105,96,72,66,87,92,92,92,81,104,91,59,52,49,49,62,59,68,70,69,59,60,47,37,39,51,48,51,55,61,72,69,63,63,57,56,39,31,48,47,23,27,33,39,31,47,42,34,32,32,29,27,34,32,26,32,36,38,59,73,63,80,93,74,63,48,56,60,36,30,32,28,23,29,41,42,36,36,46,37,36,42,46,22,19,19,11,16,16,8,5,16,16,24,40,29,22,24,22,18,18,13,14,26,31,32,22,10,11,8,19,20,19,14,12,8,9,10,8,16,13,0,9,17,8,8,14,10,7,8,13,4,9,14,12,6,8,11,8,6,11,14,8,6,11,8,4,6,12,10,14,12,8,8,6,12,12,8,8,8,4,0,10,13,35,42,19,20,8,12,7,8,0,0,6,6,0,4,4
000180.bin,conv3,4,11x400x352,0,200,DatasetTemplate.prepare_data(raw_points),False,raw,15000,1548800,24014,0.015504907024793388,0.9844950929752067,0,0,0,0,0,0,0,0,0,0,0,0,0,0,0,0,0,0,0,0,0,0,0,0,0,0,0,0,0,8,8,0,0,0,0,0,0,0,0,0,9,19,20,11,6,4,0,0,0,0,91,190,201,205,204,161,86,37,24,19,24,17,14,17,19,23,57,89,74,47,49,41,33,32,55,131,182,214,203,195,169,167,199,200,188,191,166,163,131,115,91,113,120,131,136,131,139,174,188,205,230,197,159,133,127,121,111,115,100,83,82,84,75,77,105,108,102,96,85,82,98,93,88,91,113,120,141,166,199,232,236,247,236,245,220,193,214,209,187,189,195,181,182,165,136,160,213,282,272,274,280,390,393,310,300,272,197,190,172,152,129,139,123,95,85,86,110,126,105,78,70,68,77,85,111,132,91,66,65,72,51,53,60,65,74,69,89,83,121,145,149,143,123,87,166,250,168,114,81,64,47,36,27,33,47,53,60,49,65,65,29,24,31,27,24,18,13,12,16,14,10,6,17,17,22,24,11,15,18,21,31,41,35,25,35,45,42,29,31,18,47,41,16,6,2,7,7,6,5,14,14,3,11,40,41,24,35,12,10,25,26,12,6,10,6,9,30,34,7,5,7,15,14,4,12,9,0,4,4,4,12,7,11,9,15,17,17,16,8,6,30,190,221,100,49,26,25,11,20,28,10,7,8,16,31,28,18,10,6,25,37,47,40,37,16,6,28,36,20,27,26,19,10,12,27,21,12,14,14,14,12,21,24,19,2,8,4,8,10,8,13,29,43,29,8,0,0,4,4,6,23,23
000181.bin,conv3,4,11x400x352,0,200,DatasetTemplate.prepare_data(raw_points),False,raw,15000,1548800,19845,0.012813145661157025,0.987186854338843,0,0,0,0,0,0,0,0,0,0,0,0,0,0,0,0,0,0,0,0,0,0,0,0,0,2,6,12,10,2,8,10,3,1,0,0,0,1,9,19,20,0,2,24,43,81,92,63,64,100,98,86,80,54,33,27,36,49,60,81,145,316,388,371,274,227,241,241,184,126,119,101,106,109,96,94,88,86,118,135,108,86,76,95,104,106,95,100,136,198,267,245,190,150,113,89,116,132,114,104,121,115,118,122,120,103,106,114,107,92,99,87,108,112,106,76,93,104,124,123,136,115,91,85,79,79,111,130,89,90,100,108,81,88,97,82,69,63,83,119,141,133,78,47,25,29,28,66,75,48,48,67,72,75,65,67,83,119,99,77,55,39,57,67,84,113,99,113,124,94,89,89,99,93,87,58,51,65,65,83,95,90,99,90,80,88,100,103,120,149,181,205,186,155,147,143,126,89,44,38,18,11,11,20,25,18,14,23,22,18,62,84,52,30,20,23,28,18,14,10,6,6,8,6,0,0,0,2,2,0,0,8,40,44,34,41,47,33,42,43,52,33,20,28,36,65,81,148,137,54,31,40,31,26,33,26,21,52,39,19,13,10,14,22,42,39,14,0,0,2,10,12,12,11,16,26,27,14,17,20,19,25,27,19,17,14,32,41,15,18,18,23,27,48,53,28,4,11,24,36,44,27,26,17,12,4,6,14,6,0,0,4,4,0,0,0,0,8,19,19,4,4,9,6,4,4,8,8,0,4,4,8,8,24,25,10,4,0,0,5,7,2,0,0,0,0,0,0,4,4,0,0
000182.bin,conv3,4,11x400x352,0,200,DatasetTemplate.prepare_data(raw_points),False,raw,15000,1548800,12025,0.00776407541322314,0.9922359245867769,0,0,0,0,0,0,0,0,0,0,0,0,0,0,0,0,4,11,24,32,35,34,34,36,34,34,42,57,60,74,73,81,95,117,112,106,87,102,116,126,141,130,110,85,61,83,91,97,80,51,40,65,70,60,60,78,85,186,337,360,212,117,108,120,119,114,120,126,131,121,155,162,156,148,163,159,135,103,92,70,59,57,45,28,22,23,37,50,102,98,16,48,101,106,105,66,39,32,30,17,40,44,52,77,92,102,76,53,36,27,21,26,52,66,53,48,52,54,41,33,26,20,40,44,28,20,18,15,14,37,61,80,59,20,14,14,13,14,10,8,8,4,4,2,12,26,57,57,35,20,18,15,15,10,10,7,14,12,10,0,24,40,20,4,4,44,44,9,5,9,8,5,5,8,11,12,7,6,6,6,4,10,10,2,17,51,87,104,119,115,111,108,111,94,64,76,66,54,33,21,27,33,31,29,28,15,11,13,5,6,18,18,1,2,6,0,4,8,24,25,20,24,31,36,34,29,35,23,17,50,50,33,28,27,22,8,8,24,38,47,44,35,22,8,4,4,7,4,0,0,0,0,0,0,0,0,0,0,0,0,0,0,0,0,0,0,0,0,0,0,0,0,0,0,0,0,0,0,0,0,0,0,0,0,0,0,0,0,0,0,0,0,0,0,0,0,0,0,0,0,0,0,0,0,0,0,0,0,0,0,0,0,0,0,0,0,0,0,0,0,0,0,0,0,8,10,8,5,0,0,0,0,0,0,0,0,0,0,0,0,0,0,0,0,0,0,0,0,0,0,0,0
000183.bin,conv3,4,11x400x352,0,200,DatasetTemplate.prepare_data(raw_points),False,raw,15000,1548800,9647,0.006228693181818182,0.9937713068181818,0,0,0,0,0,0,0,0,0,0,0,0,0,0,0,0,0,0,0,0,0,0,0,0,0,0,0,0,0,0,0,0,4,8,4,12,38,40,44,60,65,63,152,213,228,137,118,229,247,151,80,119,109,76,69,70,72,65,63,51,37,33,20,25,38,36,26,23,19,13,13,11,32,36,26,28,27,26,21,9,13,25,54,55,33,36,24,34,41,34,54,78,94,87,97,122,143,139,150,141,96,58,48,34,34,8,34,36,26,25,35,42,32,20,48,66,50,65,59,42,50,70,70,48,35,33,27,31,18,22,55,63,63,69,84,53,45,40,36,30,32,36,26,32,30,56,60,36,43,37,31,31,31,29,27,21,22,21,20,27,22,17,53,61,48,38,30,29,29,29,28,28,22,12,9,14,18,23,19,23,30,24,43,57,48,40,32,20,23,18,23,21,22,23,21,16,18,11,19,19,26,30,29,24,25,30,17,31,35,27,29,25,25,27,18,10,10,16,18,18,22,24,11,15,18,14,16,40,45,42,28,34,19,25,37,12,2,4,2,2,6,15,24,8,4,2,5,6,2,6,9,7,17,21,20,8,2,2,2,4,0,0,0,0,0,0,0,3,1,0,0,2,5,3,0,0,10,12,12,12,0,1,9,16,10,0,7,11,6,2,0,2,4,2,5,5,3,6,4,0,10,10,14,14,6,12,18,24,12,31,58,49,4,0,0,0,0,4,4,0,0,0,0,0,14,16,8,4,0,0,6,12,8,0,0,0,0,0,0,13,13,2,0,0,0,0,0,4,4,0,0,0
000184.bin,conv3,4,11x400x352,0,200,DatasetTemplate.prepare_data(raw_points),False,raw,15000,1548800,19794,0.01278021694214876,0.9872197830578512,0,0,0,0,0,0,0,0,0,0,0,0,0,0,0,0,0,0,0,0,0,7,7,4,0,0,0,0,0,0,0,0,0,0,0,9,14,13,2,16,59,98,110,114,60,28,29,19,19,26,39,53,48,35,13,14,18,31,57,67,54,51,44,48,47,51,47,51,62,71,91,116,127,148,160,200,227,228,242,215,181,161,131,141,147,146,132,129,158,189,179,154,168,181,183,181,148,168,177,176,206,209,197,191,198,232,242,246,305,336,381,301,176,119,80,70,96,111,117,121,130,132,124,165,134,84,119,120,116,126,102,69,70,79,85,70,55,60,69,77,61,53,64,84,71,57,79,61,42,38,30,34,33,28,37,39,31,27,33,31,30,36,32,30,32,51,63,61,50,35,54,99,106,62,47,46,54,49,28,53,46,24,24,26,43,64,102,139,159,104,119,97,50,67,66,91,112,114,78,53,20,28,39,47,58,55,37,23,26,36,34,27,24,28,38,48,46,40,25,22,34,34,32,28,39,35,18,18,26,25,15,9,22,31,24,43,60,96,119,115,91,80,73,62,31,23,27,18,14,14,21,20,30,34,23,27,24,28,27,22,17,11,18,26,20,19,21,35,33,29,28,20,13,13,21,23,15,13,15,20,28,22,18,21,23,19,20,33,26,16,13,7,13,30,27,17,14,15,10,12,7,8,8,10,12,15,16,17,14,7,8,20,37,62,71,75,78,66,32,21,8,21,18,10,17,12,14,24,14,2,6,8,8,14,4,2,2,0,0,14,15,0,2,0,2,2,0,4,8,4,0,0
000185.bin,conv3,4,11x400x352,0,200,DatasetTemplate.prepare_data(raw_points),False,raw,15000,1548800,12769,0.008244447314049587,0.9917555526859504,0,0,0,0,0,0,0,0,0,0,0,0,0,0,0,0,0,0,0,0,0,0,0,0,0,0,0,18,20,29,66,105,117,122,119,134,167,171,119,79,86,107,119,119,143,172,244,221,163,89,89,63,50,78,93,173,179,151,134,108,84,74,67,78,96,108,89,84,88,88,88,82,85,85,79,77,66,39,37,52,49,36,40,34,42,63,138,122,76,94,99,90,70,51,47,48,60,72,94,140,131,110,93,71,55,67,60,52,45,28,19,19,21,20,21,28,40,71,63,59,58,52,36,28,25,45,61,43,23,47,52,29,26,37,35,39,52,56,40,48,35,45,55,54,48,56,47,41,43,38,44,51,28,25,31,31,28,23,22,24,7,6,13,10,15,25,38,61,71,79,71,52,43,39,33,25,21,29,17,16,23,25,38,47,36,47,40,38,12,18,32,46,46,33,27,22,22,16,24,24,20,37,34,33,37,60,63,47,24,16,24,19,6,0,0,4,8,9,11,8,8,16,17,12,18,28,21,14,6,4,6,14,14,2,6,10,4,0,0,8,6,6,2,0,0,0,0,0,6,6,4,16,24,15,10,17,31,32,22,19,18,16,12,2,2,0,0,0,0,0,0,0,0,0,0,0,4,6,4,4,8,0,4,12,10,0,0,0,0,0,0,0,0,0,0,0,0,0,0,0,0,0,0,0,0,0,0,0,0,0,0,0,0,4,26,44,42,33,27,24,17,20,16,29,40,39,48,34,40,40,34,42,42,39,36,22,18,20,24,30,23,26,21,18,15,8,13,10,0,0,0,0
000186.bin,conv3,4,11x400x352,0,200,DatasetTemplate.prepare_data(raw_points),False,raw,15000,1548800,15122,0.009763688016528925,0.9902363119834711,0,0,0,0,0,0,0,0,0,0,0,0,0,4,0,0,0,0,0,0,0,0,0,0,0,0,0,0,0,0,0,0,0,0,0,6,16,16,12,8,11,17,37,63,61,114,229,272,287,228,129,87,78,82,90,68,46,43,33,39,32,30,25,14,18,34,43,74,66,52,49,35,17,17,17,13,42,52,59,78,66,37,29,40,43,38,19,13,21,20,24,20,24,24,26,28,22,26,20,16,36,46,74,103,111,125,130,116,113,100,110,118,156,231,272,249,218,188,185,154,138,163,154,155,162,131,115,98,80,78,72,67,84,104,110,145,134,151,198,221,229,388,395,293,235,215,181,150,104,72,72,65,53,60,55,42,27,20,28,43,46,49,74,86,75,61,68,47,32,20,14,14,8,0,0,0,0,0,6,8,12,22,50,84,38,20,16,4,46,53,37,35,26,27,24,22,17,14,0,4,2,12,33,26,6,0,14,14,16,36,38,22,0,0,0,0,0,0,0,0,0,0,6,10,18,12,6,14,24,14,16,20,12,16,14,11,8,19,16,10,12,10,9,10,11,4,2,8,12,6,16,8,4,17,27,4,0,0,4,4,11,23,34,20,2,13,15,4,4,4,6,17,15,10,4,4,0,0,0,0,6,6,0,0,0,0,0,0,0,0,0,0,0,0,0,2,82,135,43,4,0,0,0,0,0,0,0,0,0,0,0,12,50,4,4,29,25,20,53,56,10,14,4,0,0,0,0,0,0,0,0,0,0,0,0,0,0,0,0,0,0,8,38,76,97,52,66,92,107,114,184,230
000187.bin,conv3,4,11x400x352,0,200,DatasetTemplate.prepare_data(raw_points),False,raw,15000,1548800,22106,0.014272985537190083,0.98572701446281,0,0,0,0,0,0,0,0,0,0,0,0,0,0,0,0,0,0,0,0,0,0,0,0,0,0,0,0,0,0,0,0,0,0,0,0,0,0,0,0,0,0,0,0,0,0,0,0,0,0,12,12,2,0,0,0,0,0,0,0,0,0,0,0,0,35,95,284,399,429,412,356,346,326,303,346,354,379,357,353,326,319,299,307,329,314,277,238,199,172,132,96,79,93,94,85,49,35,39,38,51,49,60,71,70,61,49,43,35,33,27,28,25,27,32,34,42,45,43,40,45,37,43,45,58,43,55,66,75,102,149,117,93,118,142,133,135,158,167,157,159,139,174,180,158,142,136,132,135,125,106,80,95,103,82,93,130,87,69,74,69,68,95,94,87,89,75,75,74,72,79,97,94,77,99,91,58,64,43,25,40,36,55,54,65,89,77,55,70,60,75,77,79,86,99,89,94,121,64,116,150,177,178,172,146,160,117,99,77,69,79,45,47,48,61,73,82,76,79,75,70,103,98,68,44,47,47,39,58,57,46,54,66,91,115,107,112,100,90,99,85,80,79,71,77,67,55,29,25,27,41,43,50,42,47,35,24,28,32,22,16,12,2,6,8,7,26,30,39,55,49,28,22,28,28,30,22,26,25,21,17,30,29,24,12,11,14,20,25,2,6,7,6,8,17,19,21,50,55,43,12,5,14,19,5,3,2,0,6,11,10,8,4,4,6,7,2,6,0,0,0,0,2,0,6,0,0,0,0,2,2,0,0,0,4,4,8,8,0,0,0,0,0,4,8,0,0,0,0,4,4,2
000188.bin,conv3,4,11x400x352,0,200,DatasetTemplate.prepare_data(raw_points),False,raw,15000,1548800,10744,0.00693698347107438,0.9930630165289256,0,0,0,0,0,0,0,0,0,0,0,0,0,0,0,0,0,0,0,0,0,0,0,0,0,0,0,0,27,61,63,60,62,47,30,27,12,14,33,53,51,55,60,61,58,67,70,61,62,60,56,68,84,83,85,77,83,76,69,62,64,64,64,38,28,26,29,33,27,24,36,55,59,54,47,27,33,41,58,48,43,42,64,69,53,47,43,46,48,45,48,58,57,60,54,48,47,85,101,98,87,45,24,34,74,97,102,107,109,120,147,131,120,128,170,180,178,140,93,95,84,83,56,49,42,49,55,48,56,61,62,72,83,86,69,65,58,66,74,83,88,76,62,58,74,65,44,38,37,31,30,29,20,31,41,51,43,38,64,72,40,39,63,63,53,66,64,45,32,45,47,54,74,62,46,42,35,17,22,26,20,16,17,18,20,20,16,17,12,9,9,13,19,18,15,19,15,33,44,41,16,8,10,18,24,31,19,12,10,14,22,20,19,16,10,12,17,14,11,14,10,22,28,30,28,22,18,16,15,17,18,12,6,6,4,6,3,18,21,22,10,4,0,0,2,2,0,4,0,0,0,4,4,2,6,8,2,4,0,4,8,6,10,9,11,0,4,10,6,6,14,12,6,6,2,7,1,2,0,0,4,4,2,2,0,0,0,0,0,0,4,4,0,0,0,0,0,0,0,0,4,4,0,0,0,0,0,0,0,0,0,30,44,32,28,23,6,0,0,0,2,2,2,2,0,0,0,4,4,0,4,12,8,0,2,0,4,4,0,2,2,4,8,4,0,0,0,4,8,4,0,4
000189.bin,conv3,4,11x400x352,0,200,DatasetTemplate.prepare_data(raw_points),False,raw,15000,1548800,11378,0.007346332644628099,0.9926536673553719,0,0,0,0,0,0,0,0,0,0,0,0,0,4,6,6,2,5,7,6,21,33,55,49,52,56,68,58,39,14,27,31,18,18,22,28,26,23,35,28,12,19,40,57,80,80,62,36,39,41,47,45,43,66,83,77,60,41,25,24,52,69,77,59,40,21,21,38,43,35,27,29,75,110,147,126,152,178,161,133,113,152,174,151,108,105,133,150,141,100,63,55,42,25,27,28,70,72,29,29,43,53,141,296,345,253,185,170,155,170,166,131,90,81,74,71,81,128,123,88,78,79,55,47,45,50,73,123,139,106,84,79,69,54,61,45,37,58,67,54,66,67,70,57,68,48,44,33,58,63,60,48,50,34,47,41,42,28,28,23,17,5,0,16,26,27,32,28,21,23,22,28,18,4,6,6,10,11,13,22,31,25,21,10,18,24,30,40,31,24,15,9,25,31,20,14,21,30,47,50,55,45,31,29,27,19,7,4,6,4,0,0,0,0,0,0,0,0,0,0,0,0,0,2,2,0,0,0,0,0,0,0,0,0,0,0,0,0,0,0,0,0,0,0,0,0,0,0,0,0,0,0,0,0,0,0,0,0,0,0,0,0,0,0,0,0,0,0,0,0,0,0,0,0,0,0,0,0,0,0,0,0,0,0,0,0,0,0,0,0,0,0,0,0,0,0,0,0,0,0,0,0,0,0,0,0,0,0,0,0,0,0,0,0,0,0,0,0,0,0,0,0,0,0,0,0,0,0,0,0,0,0,0,0,0,0,0,0,0,0,0,0,0,0,0,0,0,0,0,0,0,0
000190.bin,conv3,4,11x400x352,0,200,DatasetTemplate.prepare_data(raw_points),False,raw,15000,1548800,9621,0.006211905991735537,0.9937880940082645,0,0,0,0,0,0,0,0,0,0,0,0,0,0,0,0,0,0,0,0,0,0,13,60,58,49,12,13,33,51,50,17,34,56,72,64,93,163,168,120,82,56,40,38,115,132,66,60,56,76,141,146,107,65,36,48,62,74,76,110,123,165,191,166,115,82,65,54,52,59,59,42,62,50,36,42,53,81,130,151,163,156,165,130,97,129,137,91,95,117,101,39,37,91,112,113,69,62,66,62,64,70,77,67,67,74,66,67,64,54,38,62,59,37,38,34,30,31,45,33,11,5,10,12,20,25,37,68,55,24,26,14,16,12,8,22,30,21,11,4,19,33,18,0,0,6,30,42,28,13,8,18,20,13,6,0,28,45,25,6,6,0,4,8,8,11,19,6,4,10,15,28,51,40,6,9,8,6,4,10,10,0,3,2,10,27,24,16,8,4,8,13,10,40,38,24,30,35,20,8,7,4,0,0,0,0,0,0,0,0,0,3,13,18,25,31,25,21,14,20,19,38,29,13,6,6,14,22,11,9,4,4,6,2,0,0,2,2,0,0,0,2,2,0,0,8,11,2,0,0,0,0,8,10,16,22,14,6,0,0,0,0,21,33,12,3,1,18,31,17,2,2,0,0,0,0,0,0,0,13,14,6,0,0,0,0,0,0,0,0,0,0,0,0,0,0,0,0,0,0,4,4,0,0,0,0,0,0,0,0,0,0,0,0,0,0,0,0,0,0,0,0,0,0,0,0,0,0,0,0,0,0,0,0,0,0,0,0,0,0,0,0,0,0,0,0,0,0,0,0,0,0
000191.bin,conv3,4,11x400x352,0,200,DatasetTemplate.prepare_data(raw_points),False,raw,15000,1548800,20884,0.013483987603305785,0.9865160123966942,0,0,0,0,0,0,0,0,0,0,0,0,0,0,0,0,2,2,0,0,0,0,0,0,0,4,6,0,12,27,33,65,107,132,152,170,165,165,160,159,157,133,117,95,98,95,91,68,54,52,51,51,54,53,71,70,65,74,80,77,59,57,37,48,51,91,97,78,75,75,94,94,92,110,124,131,144,198,229,218,230,229,175,116,80,90,69,71,64,47,55,52,54,60,64,62,46,48,55,49,44,27,31,52,79,77,64,71,75,71,65,62,54,55,55,37,44,46,52,60,74,64,49,59,76,113,113,108,108,119,91,77,100,88,108,95,60,55,47,46,48,46,34,59,56,74,86,74,82,87,59,32,47,49,28,47,52,32,38,53,63,70,66,65,35,8,17,21,20,26,32,23,34,40,37,70,86,69,52,60,69,69,105,173,231,315,446,503,491,449,400,377,403,406,401,400,305,227,170,113,14,24,31,38,50,38,34,24,27,36,20,12,23,25,26,23,88,98,77,41,43,61,47,24,25,16,22,21,13,22,33,39,28,23,38,44,46,42,36,37,34,25,19,14,8,11,11,6,21,40,25,23,28,13,17,20,12,16,29,25,28,29,15,23,19,13,22,33,44,49,46,46,32,30,25,39,45,45,29,23,18,14,16,14,4,12,6,15,16,11,17,16,6,11,19,28,23,24,31,28,28,14,16,12,19,14,8,4,0,0,4,21,28,20,4,16,20,18,23,14,9,9,6,14,18,14,6,12,8,4,8,10,6,4,10,14,16,10,10,17,12,8,8,0,0,4,4,0,4,0,0,0
000192.bin,conv3,4,11x400x352,0,200,DatasetTemplate.prepare_data(raw_points),False,raw,15000,1548800,18776,0.012122933884297521,0.9878770661157025,0,0,0,0,0,0,0,0,0,0,0,0,0,0,0,0,0,0,0,0,0,0,0,0,0,6,6,17,47,76,88,104,128,146,155,164,163,156,125,100,87,75,90,99,85,88,69,55,35,36,48,41,25,46,103,109,82,71,60,60,77,84,61,77,89,72,81,83,84,74,93,92,98,82,74,73,169,175,139,208,286,324,336,336,290,231,189,141,94,88,120,117,94,90,82,74,48,42,39,47,30,27,30,44,40,35,32,37,52,66,60,57,55,63,80,84,84,93,86,84,61,73,70,56,75,83,82,107,101,81,94,112,92,67,72,60,65,83,87,54,41,42,35,49,51,44,31,16,12,24,17,25,48,56,44,19,27,40,51,41,19,26,30,34,24,16,18,24,39,45,52,50,49,40,36,31,20,29,43,37,36,61,88,135,164,217,324,391,391,395,362,337,322,338,352,338,347,342,304,227,21,6,8,10,16,10,2,6,23,18,10,13,19,28,24,24,22,23,13,14,21,26,21,17,23,11,8,4,8,19,19,23,17,24,16,28,20,6,12,10,2,7,14,9,2,4,9,14,13,7,0,0,6,10,6,8,6,2,0,0,8,2,7,6,8,7,8,0,0,4,9,5,0,4,12,11,16,16,8,9,8,11,6,14,17,19,31,29,27,15,4,6,6,0,4,8,4,0,0,5,3,2,0,2,0,0,0,2,6,6,8,4,0,0,0,4,4,0,0,0,0,0,4,2,2,5,8,10,19,11,2,0,0,8,8,0,0,2,6,2,8,8,11,9,0,4,0,0,8,8,8,8
000193.bin,conv3,4,11x400x352,0,200,DatasetTemplate.prepare_data(raw_points),False,raw,15000,1548800,10959,0.007075800619834711,0.9929241993801653,0,0,0,0,0,0,0,0,0,0,0,0,0,0,0,0,0,0,0,6,6,6,6,6,11,11,11,8,6,4,8,10,11,29,57,143,140,105,63,66,57,60,66,40,40,41,37,33,31,31,38,56,39,37,22,30,62,94,152,193,190,182,215,207,220,234,229,234,242,224,233,268,305,337,310,282,254,275,262,221,166,133,135,124,129,95,86,72,62,153,171,171,191,98,52,34,59,39,36,24,23,32,37,49,49,57,54,39,71,111,143,172,160,126,96,71,63,71,60,62,44,29,34,18,12,12,21,25,16,25,35,33,17,0,4,8,4,8,4,4,8,4,0,14,20,10,6,16,10,10,8,4,0,0,0,0,4,4,11,7,0,0,0,3,3,4,2,0,0,2,2,0,0,4,0,0,0,0,0,4,4,0,0,0,1,1,0,0,0,0,0,0,0,0,0,0,0,0,0,0,13,13,0,0,0,0,0,0,0,0,0,0,0,0,0,0,0,0,0,0,0,0,0,0,0,0,0,0,0,4,8,6,0,0,0,0,0,0,0,0,0,0,0,0,0,0,0,4,4,0,0,0,0,0,0,2,2,2,0,0,0,0,0,0,0,0,0,0,0,0,0,0,0,0,0,0,0,0,0,0,0,4,0,0,0,0,0,0,0,0,0,0,0,0,0,0,0,0,2,4,0,0,0,0,0,0,0,0,0,0,0,0,0,0,0,0,0,0,0,0,0,0,0,0,0,0,0,0,0,0,0,0,0,0,0,0,0,0,0,0,0,0,0,0,0,0,0,0,0,0,0,0
000194.bin,conv3,4,11x400x352,0,200,DatasetTemplate.prepare_data(raw_points),False,raw,15000,1548800,17062,0.011016270661157025,0.9889837293388429,0,0,0,0,0,0,0,0,0,0,0,0,0,0,0,0,0,0,0,0,0,0,0,0,7,18,24,20,17,7,6,17,19,13,4,8,19,58,120,151,149,110,77,81,90,91,88,85,91,84,54,46,59,56,83,108,153,189,258,282,312,320,277,240,215,215,216,182,175,135,134,134,137,163,140,106,53,47,50,71,77,84,112,151,156,141,88,92,108,62,46,20,26,32,33,42,77,119,133,105,97,100,100,113,111,124,123,131,140,129,119,129,126,107,89,80,88,110,129,120,96,113,116,75,82,90,110,130,126,101,89,82,53,54,66,53,41,63,61,43,55,45,42,41,78,116,112,120,94,65,60,54,62,64,80,62,59,82,91,90,104,106,78,77,68,72,75,84,92,74,79,76,62,70,78,60,25,29,37,38,51,55,54,43,28,14,32,73,61,16,10,4,4,4,4,0,0,0,2,2,0,0,0,16,39,41,26,58,85,78,44,25,29,27,26,20,17,21,25,19,17,13,2,4,8,7,4,6,9,13,10,22,22,20,26,18,6,0,0,4,10,10,14,10,6,2,0,0,0,0,0,4,10,14,8,0,4,4,0,0,6,15,13,22,29,34,23,19,24,23,14,14,13,32,32,18,22,16,19,16,10,10,4,0,4,0,0,0,4,10,12,8,0,0,8,14,10,20,18,16,28,30,18,26,22,21,21,18,14,12,2,10,18,18,14,10,6,8,10,22,22,26,27,10,4,2,4,4,4,8,10,8,4,4,4,8,8,4,4,8,4,0,14,16,8,12,28,20,8,0,0,6
000195.bin,conv3,4,11x400x352,0,200,DatasetTemplate.prepare_data(raw_points),False,raw,15000,1548800,28346,0.018301911157024793,0.9816980888429752,0,0,0,0,0,0,0,0,0,0,0,0,0,0,0,0,0,0,0,0,0,0,0,0,0,0,0,0,0,0,0,0,0,0,0,0,8,18,31,32,30,23,17,18,17,20,18,4,0,6,6,6,4,0,0,0,0,0,0,0,4,14,17,11,2,2,26,88,108,104,81,42,34,42,50,43,29,21,26,28,26,35,38,38,42,46,49,52,64,60,66,59,69,73,103,147,144,159,204,224,249,340,389,409,388,322,295,259,260,266,278,297,313,388,459,530,543,492,453,459,433,412,373,349,350,368,331,286,279,273,280,271,226,194,184,201,190,195,177,186,172,124,118,107,112,109,125,131,125,152,169,175,179,179,167,187,197,196,206,199,188,185,205,200,227,260,228,160,130,112,109,112,81,96,89,84,104,114,108,97,106,100,83,91,497,525,109,98,98,85,73,75,75,91,98,68,46,54,59,82,103,102,82,67,62,53,52,60,84,56,54,58,50,53,45,63,75,69,60,52,57,23,45,39,42,36,24,37,36,45,52,58,80,58,37,36,35,22,30,24,37,38,33,27,25,24,32,30,21,21,31,28,18,21,24,19,15,20,16,20,27,21,10,20,15,15,16,21,17,19,18,14,19,21,29,16,11,15,44,55,38,29,27,21,25,18,22,22,14,29,41,34,30,32,21,27,18,12,8,16,23,13,20,27,14,8,15,8,2,8,9,14,14,15,16,2,4,14,6,4,6,19,14,4,8,16,16,11,11,15,24,20,12,15,16,19,8,12,21,16,17,11,11,6,9,13,8,7,8,6,2,0
000196.bin,conv3,4,11x400x352,0,200,DatasetTemplate.prepare_data(raw_points),False,raw,15000,1548800,16135,0.01041774276859504,0.9895822572314049,0,0,0,0,0,0,0,0,0,0,0,0,4,4,4,2,4,9,12,27,49,71,62,78,86,77,56,32,29,31,31,35,38,39,46,46,31,33,34,27,25,26,28,26,24,22,32,35,28,22,30,32,54,57,47,34,38,40,43,39,28,26,29,59,63,64,57,49,48,35,47,53,64,87,117,119,100,90,85,117,125,116,110,95,99,107,101,103,73,64,85,99,113,111,94,74,68,61,65,73,55,44,37,52,71,94,111,110,110,124,125,130,124,145,147,122,94,86,85,78,57,49,32,44,38,65,67,83,94,108,112,117,128,89,39,14,9,25,29,23,17,16,24,70,78,73,95,110,113,128,148,140,124,80,59,45,37,52,69,79,71,50,42,16,35,52,69,88,95,98,92,96,100,99,96,107,106,111,93,124,132,132,122,96,100,101,100,80,85,101,101,119,123,142,122,114,119,147,175,185,118,27,16,18,35,41,35,32,29,17,11,8,17,21,14,16,27,28,31,42,22,15,8,12,6,8,16,14,16,22,16,18,15,14,9,12,8,10,8,2,4,7,11,8,14,19,16,6,4,7,11,15,4,4,0,4,30,37,22,32,24,8,8,0,0,16,18,2,8,10,5,6,14,18,46,50,39,31,32,19,4,7,10,4,0,5,4,4,2,0,47,63,40,17,30,20,10,21,23,19,16,21,36,38,24,35,37,27,29,21,26,56,36,31,35,28,42,41,34,23,25,25,8,0,2,4,2,2,0,0,0,0,0,0,0,4,7,0,0,0,2,2,6,6,6,4,0,0,4,6,0,0
000197.bin,conv3,4,11x400x352,0,200,DatasetTemplate.prepare_data(raw_points),False,raw,15000,1548800,23168,0.014958677685950413,0.9850413223140496,0,0,0,0,0,0,0,0,0,0,0,0,0,0,0,0,0,0,0,0,0,0,0,0,0,0,0,1,1,2,2,0,0,0,0,4,10,35,45,42,26,30,43,45,53,63,58,71,68,69,68,89,96,95,89,94,79,70,102,101,89,97,82,86,84,72,65,58,55,59,57,80,88,108,98,115,109,112,117,122,126,122,118,147,139,104,83,76,88,119,130,146,146,134,125,125,101,107,102,129,138,132,109,111,87,111,141,125,98,88,69,78,94,148,159,129,91,92,132,361,381,191,216,193,208,219,223,229,250,281,302,264,220,189,205,178,142,175,194,165,167,214,230,206,182,155,150,157,142,178,159,135,111,106,113,111,104,169,215,122,91,84,98,99,84,81,80,57,51,56,70,92,96,88,82,109,135,118,117,130,111,78,79,100,96,168,208,128,103,104,84,121,115,98,97,141,117,50,133,238,29,12,29,48,50,42,43,44,37,47,45,47,50,76,82,68,43,51,43,89,113,106,109,89,35,38,24,10,24,25,18,10,10,6,4,0,0,0,0,0,0,0,2,1,0,0,9,9,21,52,48,34,22,10,12,19,29,29,28,27,27,74,36,4,8,10,6,0,0,0,4,10,10,12,25,80,84,41,33,15,0,0,0,4,6,4,0,14,28,22,27,33,14,10,28,44,25,3,0,8,26,89,82,6,11,21,25,20,12,2,6,6,12,6,8,12,10,6,4,2,15,23,18,8,4,10,6,8,0,0,0,0,0,2,0,16,22,15,13,4,0,0,6,10,0,0,0,0,0,6,9,8
000198.bin,conv3,4,11x400x352,0,200,DatasetTemplate.prepare_data(raw_points),False,raw,15000,1548800,15038,0.009709452479338843,0.9902905475206611,0,0,0,0,0,0,0,0,0,0,0,0,0,0,0,0,0,0,0,0,14,23,26,28,20,29,32,28,18,15,5,4,10,10,0,0,12,18,29,37,45,50,42,43,36,26,24,13,12,16,20,16,23,24,24,25,38,51,60,56,36,28,41,60,88,164,240,238,151,136,128,126,121,109,105,79,73,76,74,66,71,80,71,60,63,76,114,241,254,123,118,107,112,327,337,208,77,58,62,59,68,65,76,418,468,280,136,139,38,38,44,44,32,22,25,28,39,54,50,62,55,56,48,41,83,78,55,85,99,71,48,22,28,10,17,23,114,129,74,69,62,43,28,27,35,46,45,44,42,39,30,30,34,73,94,89,47,55,49,66,69,56,44,64,82,63,69,73,86,121,111,33,54,57,71,77,48,60,63,64,61,49,43,76,102,94,51,49,52,45,38,36,52,92,116,88,89,111,88,79,99,117,129,113,104,161,185,126,94,65,67,68,44,13,14,5,0,0,0,0,0,0,0,0,56,356,306,22,0,0,4,4,0,0,3,3,0,0,0,0,0,0,2,2,0,0,0,0,0,0,18,14,0,0,0,0,0,0,0,0,0,0,0,0,0,0,0,0,0,0,0,0,0,0,0,0,0,0,0,0,0,0,0,0,0,0,0,0,0,0,0,0,0,0,0,0,0,0,0,0,0,0,0,0,0,0,0,0,0,0,0,0,0,0,0,0,0,0,0,0,0,0,0,0,0,0,0,0,0,0,0,0,0,0,0,0,0,0,0,0,0,0,0,0,0,0,0,0,0,0,0,0
000199.bin,conv3,4,11x400x352,0,200,DatasetTemplate.prepare_data(raw_points),False,raw,15000,1548800,10900,0.007037706611570248,0.9929622933884298,0,0,0,0,0,0,0,0,0,0,0,0,0,0,0,0,0,0,2,2,0,10,8,18,18,21,21,14,22,27,23,12,12,31,54,140,136,99,69,63,70,66,70,54,34,41,37,34,28,25,36,49,48,50,30,35,67,92,165,198,185,203,203,193,224,229,209,221,217,239,264,285,282,310,305,268,221,221,208,199,142,118,135,143,129,108,91,73,67,149,155,173,193,106,55,34,57,32,31,38,31,36,41,54,48,60,55,41,72,110,143,166,164,138,92,77,58,80,61,59,46,37,33,22,16,16,25,17,24,26,34,34,20,0,4,8,4,4,0,0,8,10,0,14,20,12,12,6,6,6,4,2,0,2,2,0,0,4,7,11,4,0,0,0,0,0,0,0,0,0,0,0,0,0,0,0,0,0,0,0,0,0,0,0,2,0,0,0,0,0,0,0,0,0,0,4,4,0,0,0,13,13,0,0,0,0,0,0,0,0,0,0,0,0,0,0,0,0,0,0,0,0,0,0,0,0,0,0,0,0,5,4,0,0,0,0,0,0,0,0,0,0,0,0,0,0,4,4,0,0,0,0,0,0,0,2,2,2,0,0,0,0,0,0,0,0,0,0,0,0,0,0,0,0,0,0,0,0,0,0,0,4,0,0,0,0,0,0,0,0,0,0,0,0,0,0,0,0,0,5,0,0,0,0,0,0,0,0,0,0,0,0,0,0,0,0,0,0,0,0,0,0,0,0,0,0,0,0,0,0,0,0,0,0,0,0,0,0,0,0,0,0,0,0,0,0,0,0,0,0,0,0
MEAN_200_frames,conv3,4,11x400x352,0,200,DatasetTemplate.prepare_data(raw_points),False,raw,15000,1548800,18949.4300,0.01223491089876033,0.9877650891012396,0.0000,0.0000,0.0000,0.0000,0.0000,0.0000,0.0000,0.0000,0.0200,0.1050,0.2600,0.7300,0.8550,0.8300,1.3300,1.6550,1.4700,1.9900,2.9650,4.4400,6.0900,7.3800,7.8600,8.3150,10.3300,12.6000,15.3050,18.2950,21.5050,25.0250,26.9550,28.5650,28.9850,30.6550,33.3700,40.9450,43.2000,42.0950,40.3700,39.8050,42.3000,44.3100,47.0900,47.8350,53.9000,58.6450,59.3400,57.3000,53.8700,54.2450,56.6750,58.8750,58.1850,60.0450,62.8500,65.4550,68.4350,69.6850,72.5000,75.6700,78.0750,81.3800,84.6900,87.6350,90.1050,93.4400,96.6300,102.7050,103.5400,102.4900,105.8900,110.4950,117.7950,123.9100,124.6050,125.1750,127.5050,129.4850,131.9850,133.3700,130.7200,130.0750,126.5850,123.5050,122.4350,120.3200,118.6100,119.9450,122.8100,128.0950,124.9950,122.5250,123.2050,119.7000,118.4800,117.1350,118.8700,121.8700,124.9450,127.7250,128.6250,127.2600,128.2150,134.8500,134.4050,128.7000,123.5100,121.2600,120.3400,125.1400,128.5950,131.2200,132.8500,134.2650,135.0550,133.5650,131.9750,129.7150,127.5550,127.0300,124.4200,123.2450,125.1650,122.4600,119.9850,118.6950,117.2100,117.7850,116.0950,114.5350,113.2450,112.8000,110.7100,108.3500,110.2750,113.8000,111.4050,109.1700,109.8650,109.7150,106.7750,105.1850,105.3200,103.8300,102.5650,102.0900,103.6800,103.9150,102.3100,101.2050,95.9100,95.1950,94.4400,92.7450,91.6550,94.2350,96.0050,93.5850,90.7900,89.8350,88.8000,87.4350,85.9300,86.1050,84.6450,83.0600,84.8550,85.9150,84.5600,82.4200,84.7250,84.3850,79.4700,76.3700,74.0250,70.6450,70.0400,71.5400,71.6800,71.2500,71.6250,70.1150,71.3700,73.7000,77.0200,78.5400,74.9050,72.6950,72.6000,70.2500,69.1700,70.2550,70.4500,69.7550,71.3850,71.9050,67.4900,64.8550,63.9550,64.8550,46.9450,38.5150,37.9300,36.7300,38.3400,39.2800,39.6300,39.4200,38.9600,37.5000,35.3650,34.0200,32.6650,31.8550,32.4950,32.6250,31.7950,30.7050,30.1750,30.2550,30.1800,31.5050,30.4950,28.6750,28.7750,31.1650,30.3150,27.8050,27.4000,28.7250,26.9550,27.0200,28.2100,27.4000,26.1400,26.2900,25.4650,25.9550,25.8000,23.7450,23.1700,22.7600,22.6350,22.5150,22.2450,21.1200,22.2800,22.0250,21.9000,21.4950,21.9850,21.2800,19.8250,19.9250,19.8950,19.3400,19.2400,20.4550,20.4200,19.0000,17.9750,18.2000,18.0700,17.8400,17.8650,17.6250,17.3600,17.5350,16.9000,16.4250,15.9600,15.6450,16.2050,16.3300,16.5950,16.1700,15.1600,14.8300,14.4450,15.9850,15.1000,14.5850,14.9050,13.0100,12.4300,12.7350,12.1400,12.3350,12.5500,12.0350,12.0150,12.3750,12.2450,11.9350,12.3650,12.9850,13.0700,12.7500,11.6850,11.9550,11.6600,12.2000,11.8000,11.3150,10.5150,10.9200,11.3350,10.8700,10.6350,10.8150,11.1600,11.7500,12.5100,12.6150,11.8950,11.9250,11.3350,11.6850,11.7500,11.0900,10.1800,10.3700,10.0700,9.1050,9.0650,8.8750,9.1100,8.4650,8.7750,8.7050,8.7150,9.5700,9.0400,7.9700,7.6900,7.4950,7.1350,6.8700,7.2450,6.7900,7.9750,9.0450,8.5750,7.4250,7.2500,7.4550,6.7050,6.5400,6.8900,7.1600,6.6850,7.6000
