file,stage,stride,spatial_shape_zyx,lidar_center_x,lidar_center_y,data_loader,fov_points_only,data_mode,max_voxels,total_voxels,non_empty_voxels,voxel_occupancy,voxel_sparsity,dist_0,dist_1,dist_2,dist_3,dist_4,dist_5,dist_6,dist_7,dist_8,dist_9,dist_10,dist_11,dist_12,dist_13,dist_14,dist_15,dist_16,dist_17,dist_18,dist_19,dist_20,dist_21,dist_22,dist_23,dist_24,dist_25,dist_26,dist_27,dist_28,dist_29,dist_30,dist_31,dist_32,dist_33,dist_34,dist_35,dist_36,dist_37,dist_38,dist_39,dist_40,dist_41,dist_42,dist_43,dist_44,dist_45,dist_46,dist_47,dist_48,dist_49,dist_50,dist_51,dist_52,dist_53,dist_54,dist_55,dist_56,dist_57,dist_58,dist_59,dist_60,dist_61,dist_62,dist_63,dist_64,dist_65,dist_66,dist_67,dist_68,dist_69,dist_70,dist_71,dist_72,dist_73,dist_74,dist_75,dist_76,dist_77,dist_78,dist_79,dist_80,dist_81,dist_82,dist_83,dist_84,dist_85,dist_86,dist_87,dist_88,dist_89,dist_90,dist_91,dist_92,dist_93,dist_94,dist_95,dist_96,dist_97,dist_98,dist_99,dist_100,dist_101,dist_102,dist_103,dist_104,dist_105,dist_106,dist_107,dist_108,dist_109,dist_110,dist_111,dist_112,dist_113,dist_114,dist_115,dist_116,dist_117,dist_118,dist_119,dist_120,dist_121,dist_122,dist_123,dist_124,dist_125,dist_126,dist_127,dist_128,dist_129,dist_130,dist_131,dist_132,dist_133,dist_134,dist_135,dist_136,dist_137,dist_138,dist_139,dist_140,dist_141,dist_142,dist_143,dist_144,dist_145,dist_146,dist_147,dist_148,dist_149,dist_150,dist_151,dist_152,dist_153,dist_154,dist_155,dist_156,dist_157,dist_158,dist_159,dist_160,dist_161,dist_162,dist_163,dist_164,dist_165,dist_166,dist_167,dist_168,dist_169,dist_170,dist_171,dist_172,dist_173,dist_174,dist_175
000000.bin,conv4,8,5x200x176,0,100,KittiDataset.__getitem__,True,kitti,15000,176000,3337,0.018960227272727274,0.9810397727272727,0,0,0,0,0,0,0,0,0,0,0,0,0,17,20,17,8,16,27,32,46,67,80,82,88,101,105,108,122,140,151,160,153,137,140,148,147,137,119,104,106,57,56,48,90,100,98,57,20,4,4,15,15,14,10,12,16,10,5,2,0,0,0,4,10,16,8,4,4,0,0,8,8,0,0,0,0,0,0,4,4,0,0,0,0,0,0,0,0,0,0,0,0,0,0,0,0,4,4,0,5,5,0,0,0,0,0,0,0,0,0,0,0,0,0,6,6,0,0,0,0,0,0,4,4,0,0,3,3,2,0,0,0,0,0,0,0,0,0,0,0,0,0,0,0,0,0,0,2,4,4,0,0,0,0,0,0,0,0,0,0,0,0,0,0,0,0,0,0,0,0,0,0,0,0,0
000001.bin,conv4,8,5x200x176,0,100,KittiDataset.__getitem__,True,kitti,15000,176000,10564,0.06002272727272727,0.9399772727272727,0,0,0,0,0,0,0,0,0,0,0,0,4,8,8,14,35,57,69,69,71,75,79,81,87,90,98,104,106,112,115,113,117,113,114,113,108,111,125,127,110,125,125,101,118,130,93,116,115,116,133,92,78,103,123,107,93,116,100,82,127,143,99,78,84,95,129,113,65,68,70,81,90,89,91,104,92,80,118,133,90,91,108,112,92,77,98,106,89,94,74,72,76,66,70,83,97,72,74,68,54,68,66,43,37,47,43,44,49,51,62,72,80,88,85,75,59,54,47,54,53,39,28,23,35,40,51,57,36,36,34,24,41,50,49,42,44,45,54,48,56,38,30,22,22,20,10,8,12,18,20,10,12,8,8,4,2,0,18,30,28,0,0,4,4,4,4,4,4,0,0,0,0,0,0,0
000002.bin,conv4,8,5x200x176,0,100,KittiDataset.__getitem__,True,kitti,15000,176000,4695,0.026676136363636364,0.9733238636363636,0,0,0,0,0,0,0,0,0,0,0,4,10,21,31,54,59,60,58,55,48,49,49,41,40,39,41,48,44,41,45,48,39,36,51,55,54,57,57,63,64,65,54,52,47,53,46,50,48,42,45,47,38,48,41,27,35,56,52,45,33,45,48,38,23,22,24,38,47,46,27,19,24,24,24,36,48,38,18,23,21,33,51,52,39,34,43,44,24,24,21,19,16,16,34,41,39,34,25,14,8,10,12,12,12,8,20,16,18,22,20,18,14,20,14,14,11,10,4,4,6,6,4,5,9,6,6,19,21,8,0,12,18,20,11,5,5,3,2,9,17,19,17,10,6,6,2,18,24,18,25,26,27,26,23,21,26,20,24,25,27,22,19,23,21,23,23,21,27,32,34,31,19,15,13,2
000003.bin,conv4,8,5x200x176,0,100,KittiDataset.__getitem__,True,kitti,15000,176000,4219,0.023971590909090908,0.976028409090909,0,0,0,0,0,0,4,4,4,4,9,15,18,18,26,30,37,56,56,70,74,67,78,87,90,89,91,92,93,94,98,96,65,70,63,65,58,61,56,53,52,48,50,46,50,51,53,48,45,40,36,42,41,40,36,39,37,34,40,37,33,33,31,26,34,33,36,34,29,25,26,36,38,38,41,34,26,20,15,8,4,6,10,12,11,8,10,8,10,7,6,4,3,2,4,4,2,2,0,0,0,0,0,0,5,8,5,3,12,27,25,14,8,7,15,32,30,26,24,9,6,6,4,8,13,8,6,6,0,0,6,6,4,7,6,6,8,10,6,14,12,0,2,2,0,0,2,16,13,0,4,14,18,22,15,9,11,13,4,4,12,23,25,10,12,11,10,14,13,14,14,12,10,10,13,10
000004.bin,conv4,8,5x200x176,0,100,KittiDataset.__getitem__,True,kitti,15000,176000,11789,0.06698295454545454,0.9330170454545454,0,0,0,0,0,0,0,0,0,0,0,0,0,0,4,22,34,54,62,64,68,72,74,77,83,88,90,94,93,88,99,104,100,104,104,106,108,106,106,105,121,117,122,134,107,124,95,70,122,126,122,157,138,97,130,119,76,82,90,122,102,71,97,111,84,55,70,71,75,131,143,108,108,108,131,147,143,109,100,100,106,104,109,146,188,153,89,100,94,99,86,90,116,123,128,134,111,107,92,117,115,85,61,52,67,80,121,146,124,94,77,67,76,90,93,94,115,94,71,68,61,41,48,59,120,130,79,39,44,42,28,36,28,28,12,6,17,22,17,18,23,14,16,18,20,16,32,34,33,22,18,16,6,10,10,10,4,4,4,4,0,8,10,10,0,4,4,4,0,0,9,9,8,0,4,4
000005.bin,conv4,8,5x200x176,0,100,KittiDataset.__getitem__,True,kitti,15000,176000,11267,0.06401704545454545,0.9359829545454545,0,0,0,0,0,0,0,0,0,0,0,0,0,6,9,9,4,12,26,44,55,64,82,82,87,91,96,97,100,105,108,108,108,110,112,115,115,128,128,118,115,134,143,133,134,162,139,159,187,158,167,172,140,107,130,124,115,135,141,161,145,80,77,57,45,51,79,91,64,80,71,62,86,83,68,73,65,44,77,105,146,147,126,129,135,130,133,123,107,111,111,112,92,94,85,68,60,72,68,67,67,69,55,55,58,64,63,58,50,35,37,41,38,36,69,88,103,107,100,80,70,61,63,55,55,53,44,52,47,36,42,63,60,55,54,41,47,35,31,16,22,32,31,25,10,8,11,10,22,29,23,17,14,17,16,8,6,10,10,2,4,8,6,5,8,6,6,10,10,10,0,4,4,4,4,8
000006.bin,conv4,8,5x200x176,0,100,KittiDataset.__getitem__,True,kitti,15000,176000,8531,0.04847159090909091,0.9515284090909091,0,0,0,0,0,0,0,0,0,0,0,0,0,10,14,54,64,67,78,79,83,81,85,87,86,89,96,90,97,103,102,101,103,98,94,103,104,105,96,105,103,96,97,95,83,94,109,111,100,79,104,110,73,69,99,81,54,89,64,38,50,55,84,102,81,60,48,58,89,80,36,37,71,90,103,99,78,69,60,81,114,145,111,92,69,51,31,26,27,49,117,118,50,23,28,32,36,22,20,18,31,50,88,119,80,53,55,52,46,46,70,69,55,32,33,36,20,36,59,52,38,20,20,20,10,11,12,10,8,7,6,14,18,6,7,10,11,3,3,17,24,16,14,16,19,18,16,8,8,34,49,26,16,20,18,13,14,8,10,18,27,22,22,14,8,16,26,20,20,18,0,0,0,2,2,4
000007.bin,conv4,8,5x200x176,0,100,KittiDataset.__getitem__,True,kitti,15000,176000,12602,0.07160227272727272,0.9283977272727273,0,0,0,0,0,0,0,0,0,0,0,0,0,12,12,16,16,27,37,56,64,65,67,72,76,85,88,91,92,85,99,100,108,124,125,129,126,116,127,139,130,121,129,131,126,96,105,125,115,114,121,126,132,157,150,127,127,135,152,147,148,162,164,139,106,86,101,118,138,144,120,101,98,140,145,114,96,99,95,80,78,75,82,82,87,90,100,91,84,84,69,71,97,98,90,87,74,74,58,126,144,98,49,60,63,60,77,91,134,189,186,133,68,58,59,73,94,85,89,87,74,73,86,63,52,60,56,80,62,61,42,34,31,33,26,34,40,30,31,35,30,14,20,36,39,46,44,48,40,30,30,43,29,16,12,20,24,31,32,22,14,23,26,20,12,20,4,16,18,12,14,22,20,13,17,34
000008.bin,conv4,8,5x200x176,0,100,KittiDataset.__getitem__,True,kitti,15000,176000,5297,0.03009659090909091,0.9699034090909091,0,0,0,0,0,0,0,5,5,12,12,12,30,31,28,42,53,59,63,62,63,61,62,63,70,72,70,76,70,59,61,69,79,82,88,89,88,98,87,84,80,77,81,67,73,77,68,81,71,61,58,50,67,68,68,65,61,58,60,58,55,55,39,30,28,19,26,30,27,36,43,42,39,36,42,39,34,23,18,32,40,35,40,42,47,44,35,27,33,22,14,14,24,25,17,18,8,18,33,37,37,31,24,18,22,18,12,9,4,8,20,26,20,18,14,14,8,8,8,6,8,6,6,4,0,0,0,8,8,4,17,21,14,30,32,29,42,33,9,19,18,6,6,12,14,2,8,12,8,8,4,7,10,11,10,6,0,0,0,0,0,4,4,4,0,0,0,0,4,4,0,0,0,0,0,0
000009.bin,conv4,8,5x200x176,0,100,KittiDataset.__getitem__,True,kitti,15000,176000,11246,0.06389772727272727,0.9361022727272728,0,0,0,0,0,0,0,0,0,0,0,0,0,0,4,10,24,35,61,65,69,73,76,80,85,86,93,92,95,87,104,106,108,116,114,116,122,120,132,134,134,139,129,138,124,139,129,96,138,138,106,115,119,107,106,115,123,114,122,135,120,95,102,124,117,80,69,82,96,128,133,112,89,83,77,106,107,77,64,75,71,65,69,99,133,121,76,70,93,118,116,97,76,91,118,102,61,64,62,85,67,71,101,91,85,95,92,86,63,52,26,24,34,35,37,37,38,33,38,54,63,73,58,60,58,53,50,33,22,20,14,28,37,40,28,25,22,24,27,18,22,22,20,28,40,46,54,34,31,24,36,36,24,17,10,12,12,17,33,35,27,23,22,23,14,22,30,25,38,41,16,22,28,19,19,16
000010.bin,conv4,8,5x200x176,0,100,KittiDataset.__getitem__,True,kitti,15000,176000,8204,0.046613636363636364,0.9533863636363636,0,0,0,0,0,0,0,0,0,0,4,8,8,8,10,38,52,54,55,56,61,60,63,67,72,76,82,86,90,82,98,99,99,104,107,110,115,123,127,125,125,127,115,111,101,119,117,87,119,104,80,112,115,92,122,132,102,95,105,118,105,69,72,82,74,74,61,73,92,113,84,66,59,54,90,108,81,37,46,57,51,31,32,47,54,20,22,35,46,45,36,20,44,60,41,29,26,24,22,40,52,52,34,49,61,39,20,16,14,16,22,19,11,8,18,24,32,38,26,32,38,27,20,6,14,22,23,43,49,34,25,24,26,26,41,37,22,28,16,16,14,11,9,20,28,24,16,10,8,18,16,14,4,8,8,10,8,8,14,21,27,25,13,12,20,36,27,24,16,4,4,4,4,4,17,19
000011.bin,conv4,8,5x200x176,0,100,KittiDataset.__getitem__,True,kitti,15000,176000,7946,0.04514772727272727,0.9548522727272727,0,0,0,0,0,0,0,0,0,0,0,0,6,14,20,18,28,26,28,48,61,64,64,69,71,73,75,93,95,100,97,113,116,104,110,112,111,115,117,113,115,115,115,100,110,108,99,92,113,120,127,127,114,106,110,118,106,113,125,111,73,73,101,101,80,68,84,103,117,104,102,78,65,63,79,73,57,50,55,55,49,46,53,67,60,58,57,53,35,30,28,27,43,45,34,22,24,12,16,23,32,18,8,12,24,26,38,41,28,17,13,8,8,8,12,12,6,2,0,0,0,4,12,72,87,75,66,51,44,43,29,22,24,31,50,36,24,21,7,10,10,0,0,0,0,0,4,6,12,8,4,8,7,0,0,0,0,8,12,15,12,10,12,8,8,14,10,12,19,12,3,6,10,10,10,7
000012.bin,conv4,8,5x200x176,0,100,KittiDataset.__getitem__,True,kitti,15000,176000,11761,0.06682386363636364,0.9331761363636364,0,0,0,0,0,0,0,0,0,0,0,0,8,8,6,0,31,44,51,53,55,53,59,58,62,66,71,72,74,72,77,83,89,96,99,103,109,109,112,109,111,109,107,104,94,97,111,88,99,111,86,102,129,103,82,97,126,124,110,101,92,65,52,65,77,103,81,69,55,70,95,114,126,139,117,99,88,97,63,33,66,94,93,103,87,100,148,151,151,125,101,95,96,94,84,83,107,110,93,69,67,75,83,106,95,66,67,60,80,72,97,99,52,58,53,51,42,39,51,55,50,59,62,48,54,54,47,59,61,61,57,37,43,33,33,36,42,47,44,34,48,49,48,49,53,65,66,58,63,85,81,58,65,61,53,51,55,58,54,54,57,45,40,53,30,20,32,45,32,27,41,37,22,40,37,30
000013.bin,conv4,8,5x200x176,0,100,KittiDataset.__getitem__,True,kitti,15000,176000,11646,0.06617045454545455,0.9338295454545454,0,0,0,0,0,0,0,0,0,0,0,0,0,0,0,6,8,10,18,30,35,58,73,91,92,112,115,117,122,124,124,149,167,166,172,174,176,167,167,192,202,195,194,180,182,176,179,176,165,149,157,161,142,157,153,131,133,164,153,118,93,93,76,80,81,95,108,107,75,53,61,66,80,84,73,79,85,78,53,80,114,118,88,78,56,49,58,49,47,52,48,61,93,99,91,63,72,64,60,72,69,50,42,52,40,36,36,32,32,42,42,42,45,45,38,52,53,70,69,61,58,51,37,35,44,34,38,42,27,6,14,28,56,60,78,65,38,42,47,50,53,44,33,30,20,29,35,23,22,22,33,32,20,28,44,36,20,15,27,34,24,13,6,4,10,20,18,16,18,23,30,41,27,20,10,4
000014.bin,conv4,8,5x200x176,0,100,KittiDataset.__getitem__,True,kitti,15000,176000,11819,0.0671534090909091,0.932846590909091,0,0,0,0,0,0,0,0,0,0,0,0,0,4,4,4,14,21,32,40,52,60,63,76,95,105,105,100,107,110,132,136,131,135,141,144,153,148,146,148,163,165,173,175,176,181,182,162,168,166,142,134,141,131,133,172,151,126,125,155,172,141,124,143,120,109,107,98,96,124,125,108,101,95,84,124,125,106,94,77,71,74,73,105,121,88,59,71,67,102,132,114,98,126,117,105,104,71,51,59,52,38,52,65,61,51,39,39,43,46,44,45,49,54,38,17,35,51,56,79,77,53,44,45,37,28,31,43,33,22,26,30,22,27,16,17,23,16,13,16,8,14,18,24,32,28,18,31,32,24,13,18,16,8,10,13,19,29,29,30,34,30,23,20,8,14,13,8,14,12,12,12,8,4,4,8
000015.bin,conv4,8,5x200x176,0,100,KittiDataset.__getitem__,True,kitti,15000,176000,5931,0.03369886363636364,0.9663011363636363,0,0,0,0,0,0,0,6,6,21,24,22,20,26,32,51,56,57,63,74,81,89,91,92,90,88,79,78,74,75,93,93,90,90,101,101,101,102,105,91,94,100,78,67,90,96,96,98,63,63,66,64,77,74,46,42,87,73,53,51,52,69,76,52,46,59,47,24,26,40,48,58,54,24,8,20,25,36,38,26,16,16,18,20,25,33,50,53,24,20,40,41,42,44,32,14,38,34,18,20,12,22,45,39,31,21,21,27,18,10,30,42,35,6,10,10,6,15,14,0,1,5,6,21,20,11,11,15,11,0,0,0,0,0,0,0,0,0,0,0,0,0,0,0,0,0,4,7,13,11,8,8,0,0,0,8,8,0,1,5,24,28,19,15,9,10,10,16,14,10,0,0,0,4,10,8
000016.bin,conv4,8,5x200x176,0,100,KittiDataset.__getitem__,True,kitti,15000,176000,8755,0.04974431818181818,0.9502556818181818,0,0,0,0,0,0,0,0,0,0,0,8,18,25,33,58,60,58,60,61,52,54,56,58,62,64,66,72,64,76,74,76,79,80,85,90,94,97,92,97,82,100,91,96,99,104,130,133,128,111,106,102,100,77,75,86,100,96,90,89,85,90,87,82,71,83,79,91,102,101,77,62,59,65,76,82,79,86,86,71,71,71,53,57,72,84,89,69,46,56,61,63,59,68,56,60,44,45,52,38,32,36,49,44,48,46,41,53,64,54,43,39,41,45,48,53,48,53,58,65,54,48,36,26,22,25,29,36,31,21,18,25,27,25,29,24,14,8,20,16,16,11,7,10,18,23,16,16,11,15,16,20,36,35,23,28,20,6,8,8,12,8,14,20,16,12,14,12,12,18,18,8,10,14,23,15
000017.bin,conv4,8,5x200x176,0,100,KittiDataset.__getitem__,True,kitti,15000,176000,11354,0.06451136363636363,0.9354886363636363,0,0,0,0,0,0,0,0,0,0,0,0,0,0,0,54,60,66,68,74,72,76,83,88,91,90,88,94,94,102,104,108,110,114,118,122,122,128,128,134,143,135,119,116,122,116,96,120,96,100,110,94,92,106,96,74,94,141,135,90,103,147,126,67,60,62,86,118,106,54,44,60,76,82,71,64,79,103,105,94,97,102,74,65,75,82,93,96,99,114,117,98,101,106,102,102,89,87,94,96,111,88,51,50,47,65,59,48,53,60,76,77,76,78,91,84,97,90,50,37,33,46,34,24,41,38,39,41,38,54,49,45,46,49,37,22,29,26,21,26,30,29,27,28,26,16,26,40,31,18,40,37,33,52,54,47,62,63,44,40,33,20,21,18,23,35,41,22,8,4,8,16,23,19,11,4
000018.bin,conv4,8,5x200x176,0,100,KittiDataset.__getitem__,True,kitti,15000,176000,11936,0.06781818181818182,0.9321818181818182,0,0,0,0,0,0,0,0,0,0,0,0,0,0,18,22,42,53,55,66,70,76,83,85,89,90,97,96,88,93,110,118,109,102,113,112,111,107,110,117,110,115,120,121,115,121,117,114,91,97,110,107,119,113,98,103,136,116,74,60,83,98,115,101,112,110,119,135,152,130,117,139,143,106,118,106,92,80,70,92,109,103,115,118,142,140,129,111,84,60,56,64,67,51,40,47,58,71,75,93,91,75,74,105,81,75,111,121,106,97,81,67,75,97,98,69,54,39,60,59,51,61,74,55,32,30,31,25,23,30,48,38,51,66,69,64,63,58,42,32,51,71,50,61,40,25,41,36,33,40,52,35,12,23,28,18,8,8,20,26,22,24,37,47,31,39,40,5,0,2,10,13,8,17,27,18
000019.bin,conv4,8,5x200x176,0,100,KittiDataset.__getitem__,True,kitti,15000,176000,5258,0.029875,0.970125,0,0,0,0,0,0,0,6,8,13,13,13,23,25,33,31,41,53,56,61,71,71,70,61,62,57,53,51,51,52,38,33,44,40,40,37,39,41,35,37,39,39,40,39,41,39,42,44,40,45,44,37,41,43,44,36,35,49,45,39,35,40,45,41,41,37,41,42,40,33,41,41,42,50,42,40,45,39,33,33,31,47,50,45,48,64,56,55,49,57,54,44,41,47,50,42,36,37,34,28,40,43,28,22,29,29,42,43,34,28,22,22,24,18,22,34,22,17,25,20,18,20,32,32,22,22,16,15,18,21,23,26,23,18,18,25,26,20,14,8,10,16,16,25,31,22,25,14,13,3,3,4,3,5,5,2,5,4,4,4,2,0,0,0,4,8,4,10,18,12,0,8,20,23,24,34
000020.bin,conv4,8,5x200x176,0,100,KittiDataset.__getitem__,True,kitti,15000,176000,5609,0.03186931818181818,0.9681306818181818,0,0,0,0,0,0,0,0,0,0,0,0,0,0,0,0,14,24,33,35,41,54,68,77,89,91,80,82,82,76,82,95,97,107,111,105,110,111,106,100,109,104,87,86,81,83,93,109,93,53,70,71,62,85,88,67,54,63,74,60,57,67,81,72,59,46,32,41,39,58,67,60,37,22,28,34,43,56,40,35,37,33,42,45,53,39,31,43,30,31,20,21,40,29,15,15,14,18,18,24,19,15,9,9,12,18,40,64,74,69,49,43,42,45,30,1,0,6,6,0,4,6,2,0,0,0,0,0,0,0,0,0,0,0,0,0,0,0,0,0,2,2,0,0,0,0,0,4,4,0,0,0,0,0,0,0,0,0,0,0,0,0,0,0,0,0,0,0,0,0,0,0,0,0,0,0
000021.bin,conv4,8,5x200x176,0,100,KittiDataset.__getitem__,True,kitti,15000,176000,5506,0.03128409090909091,0.9687159090909091,0,0,0,0,0,0,0,0,4,7,7,0,0,0,12,20,28,38,54,62,68,74,76,84,86,88,116,120,88,92,94,104,100,99,98,102,96,87,87,87,87,81,86,70,90,96,73,88,86,60,79,107,83,89,85,61,84,90,48,41,51,73,72,64,45,46,50,58,51,48,41,56,57,45,30,38,45,51,59,61,43,28,25,27,23,25,41,44,28,20,21,16,6,8,8,8,16,35,39,39,25,13,15,15,9,8,7,4,4,0,2,3,9,15,15,9,2,0,0,0,3,2,6,8,10,11,11,8,6,4,4,6,4,2,0,2,2,0,0,4,4,0,0,2,2,0,0,0,0,0,0,0,0,0,0,0,4,4,4,6,2,4,6,7,4,2,0,0,0,0,0,0,0,0,4,0
000022.bin,conv4,8,5x200x176,0,100,KittiDataset.__getitem__,True,kitti,15000,176000,8946,0.050829545454545454,0.9491704545454546,0,0,0,0,0,0,0,0,0,0,0,0,4,4,14,16,17,22,30,39,55,63,71,70,71,71,71,74,78,76,74,59,93,93,100,101,103,106,102,102,102,99,102,103,89,113,105,74,95,98,81,96,88,60,68,81,66,50,67,77,49,19,47,82,76,40,24,34,48,62,81,60,61,73,62,96,87,52,46,55,72,80,79,71,46,38,38,45,74,94,73,79,66,48,32,32,31,38,43,67,81,63,49,38,35,23,28,21,20,21,30,38,57,71,84,63,53,36,30,22,20,18,24,26,32,37,37,31,53,71,58,37,43,38,41,76,75,51,62,83,96,104,95,36,32,28,20,18,26,16,10,8,3,7,6,6,26,41,65,77,86,86,67,36,42,49,54,53,31,16,29,26,22,20,20,20
000023.bin,conv4,8,5x200x176,0,100,KittiDataset.__getitem__,True,kitti,15000,176000,10463,0.05944886363636363,0.9405511363636364,0,0,0,0,0,0,0,0,0,0,0,0,8,13,13,23,33,53,63,69,69,74,80,79,91,94,99,105,99,103,109,113,116,111,109,121,115,118,119,118,115,129,124,96,113,116,116,117,105,131,139,80,104,107,114,119,107,108,89,100,151,148,81,57,64,114,122,86,56,67,90,96,87,76,103,94,89,117,137,101,95,106,90,83,78,101,102,94,100,81,65,83,78,68,71,84,80,65,74,60,59,55,42,34,47,45,38,60,77,86,85,98,85,75,63,58,55,35,30,24,28,36,44,51,50,55,39,42,62,59,43,50,59,57,67,65,51,31,28,16,8,10,12,16,10,12,16,10,8,6,8,8,0,0,4,4,0,4,24,23,4,0,0,8,14,6,4,4,0,0,0,4,8,4,0,0
000024.bin,conv4,8,5x200x176,0,100,KittiDataset.__getitem__,True,kitti,15000,176000,8599,0.048857954545454545,0.9511420454545455,0,0,0,0,0,0,0,0,0,0,2,4,4,6,6,10,16,28,38,48,62,77,88,93,95,99,97,107,112,115,114,115,110,109,107,109,105,105,103,108,106,93,90,93,104,86,84,69,100,97,63,85,90,76,106,85,61,70,105,112,72,82,106,82,49,52,75,101,86,57,64,77,89,95,71,48,58,64,77,97,90,70,65,48,48,46,68,71,68,61,34,59,66,88,75,66,64,66,67,52,42,35,57,60,55,57,62,58,52,36,33,39,30,19,28,21,39,40,31,23,21,37,40,33,60,46,39,40,36,32,23,22,16,11,14,22,18,14,15,10,10,18,26,35,25,35,37,32,36,24,15,16,8,8,5,9,10,8,4,0,4,6,15,18,12,4,4,14,16,10,2,4,0,4,8,10
000025.bin,conv4,8,5x200x176,0,100,KittiDataset.__getitem__,True,kitti,15000,176000,4944,0.02809090909090909,0.971909090909091,0,0,0,0,0,0,4,10,14,16,20,20,16,12,6,10,26,32,38,38,54,61,65,66,76,74,74,73,71,62,67,86,96,84,77,75,68,59,46,47,51,74,81,88,77,79,74,83,66,51,51,56,38,43,51,51,50,51,53,62,44,35,42,44,31,27,40,42,31,26,23,29,38,46,46,48,38,32,21,30,46,34,36,24,22,18,10,16,24,27,21,25,31,28,20,13,14,25,35,35,29,20,44,44,15,9,10,6,0,0,4,16,22,22,8,10,14,12,6,4,0,0,0,0,0,4,32,42,38,39,31,18,20,14,16,19,27,15,0,0,4,6,2,8,16,12,9,5,3,16,14,10,12,9,10,10,18,10,0,0,0,0,8,13,8,0,0,6,6,4,8,6,4,4,2,1
000026.bin,conv4,8,5x200x176,0,100,KittiDataset.__getitem__,True,kitti,15000,176000,6338,0.03601136363636363,0.9639886363636364,0,0,0,0,0,0,0,0,0,0,0,0,0,0,4,8,14,19,27,32,53,67,63,72,79,76,83,86,89,84,97,88,88,94,93,99,88,81,78,81,79,80,81,87,91,86,78,63,48,64,72,64,66,59,53,65,64,58,48,48,56,62,62,58,66,74,55,53,42,33,32,54,67,72,71,59,39,36,48,41,53,58,56,61,52,47,62,68,65,61,65,74,44,34,31,35,36,44,36,20,4,2,6,6,0,0,0,0,0,16,28,16,2,8,14,6,0,0,0,0,0,0,0,2,5,9,12,12,10,6,32,42,42,35,24,18,16,18,22,23,52,53,19,7,16,27,24,20,23,36,42,39,23,12,6,5,12,12,10,17,24,20,11,7,21,36,33,29,16,16,10,12,10,6,6,11
000027.bin,conv4,8,5x200x176,0,100,KittiDataset.__getitem__,True,kitti,15000,176000,6242,0.03546590909090909,0.9645340909090909,0,0,0,0,0,0,0,0,2,4,4,4,4,4,4,16,42,43,40,43,47,51,54,55,57,60,69,70,78,71,79,80,76,74,69,71,70,71,67,58,62,59,75,91,90,94,107,97,103,109,97,95,95,79,59,58,50,26,20,32,54,52,30,30,50,44,16,6,9,17,33,53,48,17,6,10,20,36,60,67,39,23,36,38,47,71,79,78,91,74,28,18,10,15,11,12,19,28,26,56,82,50,13,21,19,15,6,10,6,4,8,8,12,12,62,90,54,16,6,4,2,6,28,34,30,27,19,17,18,16,12,14,22,20,11,6,19,38,36,64,67,39,29,33,29,25,23,25,25,11,8,4,6,6,6,31,45,57,60,53,46,33,26,20,22,18,18,12,0,0,4,0,4,4,12,12
000028.bin,conv4,8,5x200x176,0,100,KittiDataset.__getitem__,True,kitti,15000,176000,3329,0.018914772727272728,0.9810852272727273,0,0,0,0,0,0,0,0,0,0,0,0,0,15,20,17,8,18,27,32,48,73,82,80,86,101,105,107,120,140,151,161,155,136,135,140,148,138,116,101,110,56,56,51,96,106,94,56,18,4,8,15,15,14,12,12,16,8,2,2,0,0,0,4,6,12,12,6,2,0,0,8,8,0,0,0,0,0,0,4,4,0,0,0,0,0,0,0,0,0,0,0,0,0,0,0,0,4,4,0,5,5,0,0,0,0,0,0,0,0,0,0,0,0,0,6,6,0,0,0,0,0,0,4,4,0,0,2,3,2,0,0,0,0,0,0,0,0,0,0,0,0,0,0,0,0,0,0,2,3,2,0,0,0,0,0,0,0,0,0,0,0,0,0,0,0,0,0,0,0,0,0,0,0,0,0
000029.bin,conv4,8,5x200x176,0,100,KittiDataset.__getitem__,True,kitti,15000,176000,4088,0.02322727272727273,0.9767727272727272,0,0,0,0,0,0,0,0,0,0,0,8,12,24,31,55,54,56,55,52,50,50,59,60,60,55,57,58,46,52,58,58,60,60,62,64,64,59,64,72,84,85,56,40,44,44,42,42,48,49,47,45,41,55,44,24,56,55,39,59,54,24,29,28,26,34,45,39,8,4,4,12,28,36,34,24,25,20,6,14,18,13,22,39,38,14,10,12,24,20,8,4,8,4,17,34,38,20,16,13,22,26,24,15,19,28,37,33,15,26,32,29,22,22,15,12,4,6,6,0,0,6,6,0,4,4,4,8,4,5,5,2,2,4,6,10,14,10,12,14,8,0,0,0,0,0,10,12,4,7,7,0,0,2,2,0,2,2,0,12,12,3,19,22,19,21,15,6,0,0,2,2,2,0,0,4
000030.bin,conv4,8,5x200x176,0,100,KittiDataset.__getitem__,True,kitti,15000,176000,3551,0.020176136363636365,0.9798238636363636,0,0,0,0,0,0,6,14,16,22,28,28,32,36,34,49,51,51,59,62,61,61,51,44,38,40,44,38,30,39,46,49,42,44,36,36,30,29,36,41,33,35,49,35,26,22,8,20,24,14,20,29,23,20,20,20,20,35,41,36,26,24,32,43,44,34,16,26,26,22,22,24,28,37,35,20,20,20,18,21,47,53,40,32,18,19,18,18,23,23,34,38,36,26,18,6,8,15,16,21,17,25,24,25,36,24,8,6,2,0,0,4,4,10,10,4,6,9,11,16,20,21,20,33,34,18,9,9,6,6,8,11,12,11,14,14,6,0,0,6,6,6,4,6,4,5,6,8,8,5,5,8,18,13,0,0,0,0,0,0,0,0,2,2,0,4,12,10,0,8,8,0,0,0,0,4
000031.bin,conv4,8,5x200x176,0,100,KittiDataset.__getitem__,True,kitti,15000,176000,6220,0.03534090909090909,0.9646590909090909,0,0,0,0,0,0,0,6,6,11,10,6,0,0,0,8,22,46,57,60,64,78,82,85,89,85,85,86,95,103,100,101,101,93,107,104,105,97,83,88,89,77,62,52,64,77,73,56,150,172,152,152,114,95,101,84,79,85,82,73,72,69,91,124,128,89,83,90,69,39,37,29,44,45,35,24,15,19,36,47,38,23,17,12,13,16,22,25,38,42,34,20,16,14,14,10,14,14,20,22,20,32,34,28,23,13,10,9,2,4,6,4,10,10,10,8,24,30,24,16,6,8,8,4,13,24,24,20,10,4,9,10,6,9,12,12,10,8,10,8,4,0,10,13,11,8,4,6,6,0,0,0,0,0,0,0,0,4,4,0,0,0,0,0,0,0,0,0,4,4,8,11,7,6,7,10
000032.bin,conv4,8,5x200x176,0,100,KittiDataset.__getitem__,True,kitti,15000,176000,5515,0.03133522727272727,0.9686647727272727,0,0,0,0,0,0,0,0,0,0,0,0,0,0,10,12,32,55,71,78,85,88,90,90,82,92,90,83,74,70,80,100,107,109,94,94,101,94,118,119,109,89,87,83,75,80,60,68,74,74,75,58,30,42,89,79,62,57,76,68,86,77,38,20,16,29,42,32,16,12,37,65,34,4,2,2,0,38,50,12,0,0,0,0,12,56,46,0,0,0,0,0,0,0,0,36,42,24,30,30,22,20,22,10,0,0,8,39,69,88,46,8,0,0,1,1,8,34,58,48,18,0,12,54,79,75,57,28,24,18,10,8,3,0,0,0,12,48,48,0,0,0,0,0,0,0,0,0,0,6,12,21,16,0,0,0,0,0,2,2,0,8,8,2,2,0,2,2,0,4,7,4,0,0,0,0
000033.bin,conv4,8,5x200x176,0,100,KittiDataset.__getitem__,True,kitti,15000,176000,11812,0.06711363636363636,0.9328863636363637,0,0,0,0,0,0,0,0,2,4,4,4,4,4,8,34,45,47,49,51,53,55,53,57,72,79,77,78,78,67,79,77,67,77,78,77,76,82,86,96,85,94,90,95,96,95,95,73,96,94,84,102,98,84,90,99,97,89,75,99,115,104,105,125,142,122,123,132,136,164,151,98,106,112,103,103,101,96,95,93,92,83,71,77,81,66,59,90,109,97,73,70,88,83,55,59,58,48,59,83,87,101,120,139,127,98,68,57,52,48,72,97,127,120,103,77,74,75,85,85,71,66,55,39,20,32,55,77,97,104,82,62,62,65,70,74,61,50,48,54,54,62,72,67,59,41,33,29,27,27,6,11,28,43,51,34,58,59,52,48,30,29,36,31,30,26,18,4,28,34,33,43,52,58,38,28
000034.bin,conv4,8,5x200x176,0,100,KittiDataset.__getitem__,True,kitti,15000,176000,9188,0.052204545454545455,0.9477954545454546,0,0,0,0,0,0,0,0,0,0,0,0,0,8,12,14,25,30,48,57,67,69,72,76,75,78,82,86,90,83,101,106,108,121,134,139,144,129,127,99,106,102,86,64,96,84,83,91,66,73,91,114,88,100,109,98,86,78,106,110,101,98,98,122,121,95,70,85,86,84,82,83,78,77,99,103,92,85,83,73,81,83,90,84,65,48,56,87,83,37,55,82,65,39,26,26,24,26,24,24,54,104,108,71,35,30,50,51,47,39,27,27,33,31,58,69,43,28,18,18,38,104,102,29,23,12,22,16,14,15,18,12,14,15,17,27,29,23,17,8,11,6,36,46,59,51,27,28,28,18,28,24,30,26,25,20,26,28,32,26,22,13,6,8,14,14,13,12,12,4,8,14,8,12,14,12
000035.bin,conv4,8,5x200x176,0,100,KittiDataset.__getitem__,True,kitti,15000,176000,9302,0.05285227272727273,0.9471477272727272,0,0,0,0,0,0,0,0,0,0,4,9,11,15,23,35,49,57,61,63,65,69,73,78,78,83,95,100,98,99,101,103,104,105,105,109,108,111,109,96,93,99,80,65,84,118,113,91,102,100,80,59,104,103,69,54,96,101,75,123,133,116,113,92,111,123,111,81,75,65,96,99,71,62,65,50,54,69,84,60,45,66,71,55,52,40,61,51,22,18,35,35,51,70,66,67,92,91,59,57,34,45,46,49,49,53,37,36,26,46,60,63,63,50,57,53,62,70,68,64,51,46,44,55,57,57,58,67,58,35,18,21,26,38,42,38,47,48,42,44,32,30,20,19,22,16,12,6,20,24,25,25,26,22,8,13,24,20,12,10,4,0,10,10,4,8,6,10,24,24,20,12,2,0,0,0
000036.bin,conv4,8,5x200x176,0,100,KittiDataset.__getitem__,True,kitti,15000,176000,9329,0.05300568181818182,0.9469943181818182,0,0,0,0,0,0,0,0,0,0,0,4,6,9,8,14,31,31,29,31,45,54,61,66,67,64,64,64,76,76,63,68,67,69,78,77,88,97,99,82,75,68,45,65,66,55,34,76,85,31,18,58,94,59,40,68,67,87,75,64,72,75,68,56,72,107,86,58,54,78,79,69,63,44,40,38,63,75,96,71,36,30,14,16,24,49,54,55,74,66,53,42,44,47,52,44,52,66,74,62,43,44,64,90,73,61,68,103,122,91,69,80,80,79,112,95,96,84,79,77,64,64,69,49,37,37,40,44,59,68,49,77,75,64,45,48,70,75,101,95,63,37,29,37,51,47,35,36,39,47,53,42,34,32,47,66,74,48,36,41,43,38,22,23,24,27,22,6,10,27,38,35,36,48,43,17
000037.bin,conv4,8,5x200x176,0,100,KittiDataset.__getitem__,True,kitti,15000,176000,4596,0.026113636363636363,0.9738863636363636,0,0,0,0,0,0,0,6,6,10,10,10,14,20,28,46,55,55,59,60,65,67,67,70,69,68,69,73,70,68,71,70,63,66,68,63,63,66,63,63,64,61,61,61,83,86,77,77,60,52,46,44,52,53,47,33,41,43,39,32,44,51,46,40,43,36,42,45,38,32,34,46,42,38,42,38,28,30,35,31,16,19,28,34,24,22,22,28,36,29,21,11,31,40,29,27,27,23,27,23,14,14,10,18,21,18,14,11,9,7,0,4,10,13,6,2,3,3,3,2,2,6,10,14,6,0,0,0,0,9,11,8,14,20,32,28,10,2,0,0,0,10,11,2,0,0,0,4,8,12,10,6,4,4,2,0,0,4,6,4,2,2,4,4,0,4,4,0,0,0,0,0,0,0,0,4
000038.bin,conv4,8,5x200x176,0,100,KittiDataset.__getitem__,True,kitti,15000,176000,8424,0.047863636363636365,0.9521363636363637,0,0,0,0,0,0,0,0,0,0,0,0,6,17,47,71,74,77,67,61,58,61,61,66,72,73,74,71,65,62,61,67,73,81,82,83,79,74,71,70,73,77,74,81,72,89,92,77,97,97,89,98,90,61,67,72,76,68,76,90,84,79,86,90,74,66,81,75,79,81,67,54,75,69,54,78,82,68,80,78,67,56,39,43,45,35,52,66,43,39,43,32,65,64,30,27,39,39,60,70,65,70,83,94,65,40,26,31,38,54,46,56,68,66,61,46,34,47,42,38,37,37,33,33,45,46,45,34,20,24,28,22,16,22,31,32,26,22,18,18,20,20,25,21,15,26,31,33,34,22,9,4,4,29,63,59,22,13,44,52,46,23,22,26,24,26,24,25,16,14,8,10,14,12,13,22
000039.bin,conv4,8,5x200x176,0,100,KittiDataset.__getitem__,True,kitti,15000,176000,4706,0.026738636363636364,0.9732613636363636,0,0,0,0,0,0,0,0,0,0,0,0,8,17,18,52,63,61,67,66,65,64,71,70,66,61,58,52,51,57,56,58,56,53,54,56,57,60,63,63,63,63,61,49,63,60,66,79,58,53,51,43,34,46,55,47,40,55,59,50,51,51,40,36,35,33,44,44,37,43,49,53,52,44,41,39,45,45,52,50,44,42,44,38,24,36,35,31,44,42,36,20,18,16,10,4,12,14,6,4,7,13,24,24,17,14,6,4,4,4,0,0,7,10,8,4,13,10,28,46,54,41,22,14,14,14,14,12,21,15,18,20,10,4,8,4,8,15,13,4,4,4,0,0,4,8,8,2,6,0,4,4,0,0,4,4,4,4,0,0,0,0,0,0,4,4,0,0,0,0,0,0,4,7,8,9
000040.bin,conv4,8,5x200x176,0,100,KittiDataset.__getitem__,True,kitti,15000,176000,8672,0.049272727272727274,0.9507272727272728,0,0,0,0,0,0,0,0,0,0,0,0,5,7,12,18,26,30,42,53,62,67,73,73,79,85,88,94,109,108,130,127,120,111,114,121,126,124,125,131,114,124,125,134,131,135,141,126,123,133,118,107,119,118,86,103,120,113,96,92,104,96,95,84,70,48,58,53,73,79,87,62,30,36,38,56,90,98,71,67,55,54,42,46,70,79,74,70,83,84,65,65,50,48,52,73,68,53,54,55,59,62,48,55,51,43,33,37,31,15,13,20,16,7,45,64,44,20,10,18,24,22,33,30,22,12,14,18,16,22,22,12,8,3,2,3,4,4,1,2,7,9,9,3,0,2,10,20,14,10,24,22,20,16,22,17,19,20,8,4,6,6,0,7,11,7,16,24,27,20,16,20,14,6,10,8
000041.bin,conv4,8,5x200x176,0,100,KittiDataset.__getitem__,True,kitti,15000,176000,11548,0.06561363636363636,0.9343863636363636,0,0,0,0,0,0,0,0,0,4,4,0,0,6,12,16,32,42,60,67,72,76,76,78,84,88,96,100,102,98,86,106,112,114,112,116,124,122,120,112,110,115,123,110,95,100,102,91,96,101,102,101,122,120,112,111,118,114,150,184,184,174,161,147,116,99,79,102,120,127,108,96,70,84,103,113,119,128,109,105,92,112,119,97,85,88,77,67,78,79,102,92,130,100,82,79,67,51,53,87,61,57,94,112,67,44,47,59,58,53,61,79,82,103,88,40,49,54,62,61,72,44,52,58,41,50,50,32,32,20,31,30,20,30,24,12,24,28,33,41,41,48,32,16,21,21,32,35,19,16,24,22,24,19,12,28,44,56,47,36,24,16,12,6,10,8,8,34,32,14,11,28,32,26,26,18
000042.bin,conv4,8,5x200x176,0,100,KittiDataset.__getitem__,True,kitti,15000,176000,9294,0.052806818181818184,0.9471931818181818,0,0,0,0,0,0,0,0,0,0,0,0,8,12,18,24,48,70,74,78,81,81,82,81,79,78,82,89,85,92,94,106,109,115,108,101,98,84,103,100,84,95,98,77,109,94,65,95,108,85,96,92,75,92,96,89,72,91,104,88,77,92,103,107,89,67,77,80,95,81,68,66,71,86,110,96,54,56,46,52,72,79,107,103,54,59,53,48,60,63,69,72,95,92,54,50,45,43,46,49,59,69,81,102,99,77,56,45,43,49,54,48,41,33,41,57,59,53,57,69,57,46,34,29,33,34,31,23,16,18,16,14,10,18,27,23,10,30,43,29,35,58,57,40,31,18,14,14,8,8,8,10,10,6,6,9,12,14,19,25,30,26,18,22,31,30,24,28,27,6,14,10,8,10,4,0
000043.bin,conv4,8,5x200x176,0,100,KittiDataset.__getitem__,True,kitti,15000,176000,5887,0.03344886363636364,0.9665511363636363,0,0,0,0,0,0,0,0,0,0,0,0,0,8,21,30,48,58,73,79,83,72,78,79,82,81,79,80,78,86,90,90,86,86,83,88,102,98,85,85,90,89,81,80,78,77,79,92,86,81,70,70,76,60,36,30,36,48,59,49,44,48,56,44,42,34,40,34,22,20,20,22,22,39,47,35,28,49,63,65,52,66,51,31,27,31,35,26,26,28,28,44,45,31,32,64,55,32,25,47,49,29,15,24,41,44,30,14,21,16,9,6,5,10,16,12,20,23,15,20,26,10,18,20,8,4,0,0,2,6,0,4,4,2,2,0,2,4,10,10,4,4,6,9,5,2,5,5,4,8,42,31,9,4,4,2,7,65,82,44,14,8,6,11,8,4,0,6,4,0,4,4,0,0,0,0
000044.bin,conv4,8,5x200x176,0,100,KittiDataset.__getitem__,True,kitti,15000,176000,11570,0.06573863636363636,0.9342613636363637,0,0,0,0,0,0,0,0,0,4,20,26,29,16,14,22,36,62,71,68,69,71,73,80,93,99,106,115,115,119,121,126,122,134,136,134,142,149,141,146,156,134,139,138,139,162,131,159,172,173,195,180,154,179,167,145,135,143,112,59,100,121,99,93,98,56,68,75,54,67,72,100,138,150,121,100,80,72,70,96,115,69,82,96,98,87,56,59,79,87,68,71,82,88,93,89,63,54,68,71,75,86,68,55,53,57,48,26,34,36,45,29,27,46,48,28,36,28,46,52,44,61,56,40,52,64,45,33,35,58,66,68,56,22,16,23,23,30,26,39,45,34,29,34,48,45,36,43,42,26,30,22,18,22,34,29,28,19,18,22,10,4,8,14,14,4,7,13,10,0,4,10,10,12,10,0
000045.bin,conv4,8,5x200x176,0,100,KittiDataset.__getitem__,True,kitti,15000,176000,10064,0.05718181818181818,0.9428181818181818,0,0,0,0,0,0,0,0,0,0,0,0,0,0,0,12,29,39,56,65,70,73,75,76,79,82,84,93,95,92,102,102,104,110,116,123,130,134,131,126,133,136,126,133,114,126,144,121,123,149,136,123,121,115,134,128,113,120,129,132,132,94,91,102,103,99,102,83,88,91,95,92,88,90,97,90,76,74,72,68,73,73,92,90,68,58,40,46,54,57,45,53,63,61,38,52,47,50,50,68,66,65,51,69,64,45,33,29,24,20,39,52,40,59,61,47,60,59,40,51,53,29,18,36,42,35,36,30,16,17,15,17,19,19,21,19,26,29,28,28,18,19,14,7,3,4,10,14,15,23,29,22,15,12,24,22,22,28,28,36,28,19,36,32,16,24,25,25,31,25,23,44,37,22,26,20
000046.bin,conv4,8,5x200x176,0,100,KittiDataset.__getitem__,True,kitti,15000,176000,6896,0.03918181818181818,0.9608181818181818,0,0,0,0,0,0,0,0,0,0,0,0,0,6,23,49,62,76,78,72,74,73,77,80,74,64,69,73,57,68,64,64,65,68,68,80,84,90,100,98,98,91,91,98,91,66,96,102,87,100,90,66,84,80,50,54,72,73,68,104,105,125,109,93,77,82,78,91,81,87,70,60,62,63,68,49,36,47,64,62,59,54,45,60,67,61,46,23,34,36,52,51,29,23,32,38,24,26,35,47,36,24,34,26,27,34,30,26,22,24,14,10,10,12,18,16,14,10,8,12,10,6,12,10,8,14,18,15,10,16,18,16,14,10,8,16,22,31,34,22,16,14,12,4,4,4,0,0,0,0,4,20,20,21,20,10,4,0,0,8,8,8,10,12,39,35,6,6,4,0,6,0,8,8,0,0
000047.bin,conv4,8,5x200x176,0,100,KittiDataset.__getitem__,True,kitti,15000,176000,6808,0.038681818181818185,0.9613181818181818,0,0,0,0,0,0,0,0,0,0,0,0,0,0,8,36,61,66,72,78,84,89,87,96,104,107,115,113,114,119,115,111,105,97,87,87,89,87,99,95,83,80,77,87,81,51,73,69,49,75,65,44,89,91,50,48,90,82,55,68,95,77,81,74,60,83,87,52,36,25,15,52,49,14,15,13,10,24,52,66,38,30,34,36,56,51,56,68,69,66,55,48,36,29,37,29,28,39,26,17,14,12,11,7,9,15,12,14,16,17,28,34,28,24,16,21,30,28,34,31,20,19,23,29,29,20,25,23,26,23,8,12,19,23,22,25,23,18,16,23,26,22,19,21,20,23,21,19,18,18,6,12,14,6,10,15,12,15,14,2,4,8,10,8,10,18,14,10,8,8,4,0,0,0,4,6
000048.bin,conv4,8,5x200x176,0,100,KittiDataset.__getitem__,True,kitti,15000,176000,6593,0.03746022727272727,0.9625397727272728,0,0,0,0,0,0,6,8,10,10,10,17,23,24,30,35,50,77,86,82,84,81,78,90,94,84,99,107,109,94,90,91,96,84,98,100,103,83,85,77,86,94,110,89,107,107,97,80,62,64,83,86,68,87,67,69,91,95,87,78,75,89,86,41,37,80,79,53,45,53,63,81,83,64,46,36,28,28,49,62,71,54,51,42,24,17,21,21,26,30,37,46,52,45,26,22,22,29,25,19,13,4,10,14,8,4,6,10,12,4,4,4,0,0,4,4,0,3,9,15,12,0,0,0,4,14,12,31,38,28,25,31,27,22,15,16,20,14,8,14,12,15,4,6,11,12,10,10,5,2,2,8,8,0,12,12,6,0,2,2,0,0,0,0,8,12,8,8,0,7,9,11,8,16,30,18
000049.bin,conv4,8,5x200x176,0,100,KittiDataset.__getitem__,True,kitti,15000,176000,5825,0.03309659090909091,0.9669034090909091,0,0,0,0,0,0,0,0,0,6,18,21,12,18,25,37,42,47,50,63,73,77,77,72,74,76,72,76,83,87,90,90,82,94,95,104,93,87,78,85,95,104,104,95,83,66,94,82,61,53,56,79,94,91,72,74,72,58,68,70,44,42,56,58,73,60,53,70,89,69,36,8,14,34,36,12,0,55,102,81,37,54,50,38,21,30,30,32,45,32,28,26,20,23,31,26,31,31,17,22,14,16,25,27,24,18,15,18,17,21,20,22,23,14,7,10,10,14,10,15,18,18,17,10,2,0,4,6,8,11,9,6,8,11,16,16,12,6,8,10,8,0,0,0,0,8,8,0,6,10,4,0,0,4,4,0,0,0,4,10,6,0,0,0,0,0,0,4,8,8,2,0,2,2,0,0
000050.bin,conv4,8,5x200x176,0,100,KittiDataset.__getitem__,True,kitti,15000,176000,4435,0.025198863636363637,0.9748011363636364,0,0,0,0,0,0,4,8,10,12,8,8,6,0,24,42,48,55,55,56,62,66,68,85,104,100,73,67,67,62,54,54,60,65,64,59,63,62,59,51,48,51,53,47,46,50,46,41,50,53,45,48,40,32,38,48,44,39,42,40,35,37,33,41,38,28,26,26,32,30,24,24,32,24,30,45,37,38,32,36,40,38,38,30,26,25,22,18,16,16,21,28,20,18,10,16,24,25,21,18,8,12,19,18,10,6,12,8,9,10,11,11,9,10,9,10,12,12,12,20,18,9,9,14,15,15,10,12,18,23,14,8,13,8,6,9,6,4,8,7,4,4,0,0,6,6,9,8,13,18,15,6,6,8,8,6,8,14,16,14,9,0,10,8,6,12,9,9,6,9,6,9,6,6,4,3
000051.bin,conv4,8,5x200x176,0,100,KittiDataset.__getitem__,True,kitti,15000,176000,10652,0.06052272727272727,0.9394772727272728,0,0,0,0,0,0,0,0,6,8,6,0,0,0,0,38,50,59,61,67,70,72,72,80,84,84,84,85,87,105,98,104,100,110,116,125,124,116,130,129,129,121,125,118,111,115,105,92,112,127,112,117,129,111,99,107,115,114,109,107,132,112,118,129,101,96,107,103,107,126,122,125,171,176,121,116,106,100,102,109,142,131,103,80,70,61,80,83,80,68,44,48,50,55,71,110,110,86,71,68,70,59,64,46,44,49,47,56,70,68,67,48,44,36,34,33,33,44,44,32,31,26,41,55,56,49,56,64,39,14,16,0,0,4,4,0,0,41,47,21,22,12,20,31,26,20,23,33,26,35,42,26,15,12,8,0,0,6,6,6,12,23,17,6,12,22,14,4,0,0,12,12,8,14,22,18
000052.bin,conv4,8,5x200x176,0,100,KittiDataset.__getitem__,True,kitti,15000,176000,7433,0.042232954545454546,0.9577670454545455,0,0,0,0,0,0,0,0,0,0,0,0,0,0,0,0,23,40,45,58,61,65,68,73,71,80,94,102,104,104,105,103,110,110,117,119,123,122,116,120,119,120,132,137,115,119,127,120,100,86,93,86,81,80,89,82,64,67,55,43,44,39,58,63,53,41,38,55,45,42,50,64,64,54,45,56,67,69,81,74,70,78,106,102,62,47,47,46,39,35,38,41,72,67,40,34,49,58,41,18,8,12,22,24,33,30,30,39,35,27,36,35,34,42,34,31,36,30,18,15,14,10,10,27,32,32,34,33,24,22,18,18,17,18,12,0,10,12,15,15,16,12,4,6,0,11,15,21,25,22,11,11,13,16,13,9,11,12,11,6,4,0,0,0,0,0,0,0,0,0,0,0,0,0,0,0
000053.bin,conv4,8,5x200x176,0,100,KittiDataset.__getitem__,True,kitti,15000,176000,5594,0.03178409090909091,0.968215909090909,0,0,0,0,0,0,4,6,6,8,8,8,10,14,20,42,47,49,55,59,60,60,65,67,71,70,63,63,63,60,70,81,71,74,78,77,81,80,79,75,72,75,68,70,75,79,67,56,52,61,67,63,65,66,70,65,59,53,70,62,66,53,22,22,32,26,22,58,71,77,70,69,64,59,48,43,25,32,40,42,47,36,43,41,45,60,43,25,23,30,28,34,44,40,34,34,25,21,27,29,21,20,24,23,27,32,28,23,24,17,11,22,18,21,15,14,27,34,45,48,28,15,9,8,8,4,19,20,12,12,11,19,18,20,13,8,10,6,4,4,7,11,4,0,11,11,0,0,0,4,7,13,12,11,11,10,8,9,6,4,4,0,0,0,0,0,0,0,0,0,0,0,0,0,0,0
000054.bin,conv4,8,5x200x176,0,100,KittiDataset.__getitem__,True,kitti,15000,176000,3355,0.0190625,0.9809375,0,0,0,0,0,0,0,0,0,0,0,0,0,15,18,15,10,19,25,38,53,71,78,82,89,100,104,108,124,139,151,160,162,140,137,142,155,152,116,92,97,54,58,45,98,108,86,46,20,10,8,15,15,11,8,12,14,6,2,2,0,0,0,4,6,12,8,0,0,0,0,10,14,6,0,0,2,2,0,4,4,0,4,4,0,0,0,0,0,4,4,0,0,0,0,0,0,4,4,0,5,5,0,0,0,0,0,0,0,0,0,0,0,0,0,4,0,0,0,0,0,0,0,4,4,0,0,5,6,0,0,0,0,0,0,0,0,0,0,0,4,4,0,0,0,0,0,0,0,4,4,0,0,0,0,0,0,0,0,0,0,0,0,0,0,0,0,0,0,0,0,0,0,0,0,0
000055.bin,conv4,8,5x200x176,0,100,KittiDataset.__getitem__,True,kitti,15000,176000,11762,0.06682954545454546,0.9331704545454546,0,0,0,0,0,0,0,0,0,0,0,0,0,4,20,52,61,66,65,67,68,65,68,66,70,71,72,70,72,78,78,74,78,83,86,94,98,106,111,105,94,104,108,101,96,108,105,112,129,112,107,112,88,73,98,95,76,60,113,112,72,81,101,112,82,82,80,75,121,126,104,124,158,147,152,141,101,102,106,93,76,93,131,118,67,70,87,110,133,133,126,150,142,110,96,79,94,102,85,67,99,97,111,109,76,74,68,68,56,56,39,50,56,47,41,46,45,51,74,86,83,66,76,79,62,67,63,69,68,64,50,56,51,32,21,28,35,39,63,97,82,56,59,56,54,52,41,34,22,32,32,32,36,34,30,18,20,18,16,21,35,36,28,20,14,14,10,22,36,32,12,12,8,11,15,14
000056.bin,conv4,8,5x200x176,0,100,KittiDataset.__getitem__,True,kitti,15000,176000,13574,0.077125,0.922875,0,0,0,0,0,0,0,0,0,0,0,0,0,0,0,4,6,7,22,33,41,67,83,95,103,111,120,115,115,115,119,136,139,149,152,150,155,163,167,181,184,181,191,191,197,181,178,157,148,163,180,172,206,205,177,139,148,160,154,143,170,177,161,166,172,178,137,165,183,161,149,161,164,171,149,133,163,163,167,138,111,112,111,90,73,77,80,104,131,132,120,102,69,60,74,76,57,68,58,83,81,66,72,58,58,36,50,64,51,43,39,28,34,43,36,58,50,45,43,70,80,68,48,72,65,39,33,25,24,32,32,18,18,34,38,28,31,37,35,33,27,23,35,42,44,32,27,28,42,25,8,8,6,2,4,27,44,36,35,20,6,4,12,12,12,21,26,23,12,8,0,0,20,35,20,14
000057.bin,conv4,8,5x200x176,0,100,KittiDataset.__getitem__,True,kitti,15000,176000,6106,0.03469318181818182,0.9653068181818182,0,0,0,0,0,0,0,6,10,19,19,14,17,14,15,15,10,20,20,26,27,38,51,71,92,107,112,115,120,128,125,127,121,126,114,104,98,93,87,81,84,80,75,83,84,81,72,69,83,75,70,62,72,77,67,51,53,62,48,38,34,41,47,45,31,43,69,71,62,58,44,38,47,49,47,37,38,47,54,56,46,48,39,24,19,10,25,37,39,37,27,21,19,23,33,30,14,16,15,17,26,26,32,28,29,26,8,16,14,18,18,21,36,36,27,20,36,39,26,17,22,34,39,26,25,22,23,18,13,13,20,20,10,10,6,4,4,6,7,10,8,10,8,6,12,8,10,17,17,11,12,6,8,11,4,2,2,2,0,0,0,0,6,10,4,0,0,4,4,0,14,18,18,14,0,4
000058.bin,conv4,8,5x200x176,0,100,KittiDataset.__getitem__,True,kitti,15000,176000,3341,0.018982954545454546,0.9810170454545455,0,0,0,0,0,0,0,0,0,0,0,0,0,17,18,15,8,16,37,48,62,70,76,78,87,98,105,107,119,139,148,160,159,142,133,146,152,146,110,96,101,60,57,43,96,107,85,41,16,4,4,15,15,11,10,14,14,6,2,2,0,0,0,6,8,10,8,0,0,0,0,10,12,6,0,0,0,0,4,12,8,0,4,4,0,0,0,0,0,0,0,0,0,0,0,0,0,4,4,0,5,5,0,0,0,0,0,0,0,0,0,0,0,0,0,6,4,0,0,0,0,0,0,4,4,0,0,3,5,0,0,0,0,0,0,0,0,0,0,0,0,0,0,0,0,0,0,0,2,4,4,0,0,0,0,0,0,0,0,0,0,0,0,0,0,0,0,0,0,0,0,0,0,0,0,0
000059.bin,conv4,8,5x200x176,0,100,KittiDataset.__getitem__,True,kitti,15000,176000,12360,0.07022727272727272,0.9297727272727273,0,0,0,0,0,0,0,0,0,0,0,0,0,0,0,41,52,58,60,67,69,71,76,77,81,84,85,86,89,99,100,107,110,112,123,125,123,127,126,114,110,101,86,113,99,64,101,125,95,83,79,96,119,122,98,87,122,144,175,160,118,106,99,81,97,96,86,87,99,89,94,97,77,70,65,55,59,56,70,91,114,103,67,67,63,58,57,51,78,90,82,77,64,105,124,132,136,117,107,90,87,89,152,210,212,194,174,118,94,106,98,81,85,75,64,49,63,93,97,83,78,92,97,86,67,67,52,36,41,53,56,48,51,37,42,41,38,58,67,61,67,55,34,38,37,43,44,28,36,36,31,43,38,33,38,26,28,27,20,40,35,26,16,18,16,10,12,16,10,4,16,17,24,32,30,29
000060.bin,conv4,8,5x200x176,0,100,KittiDataset.__getitem__,True,kitti,15000,176000,10620,0.06034090909090909,0.9396590909090909,0,0,0,0,0,0,0,0,0,0,0,4,0,6,10,14,32,44,52,72,77,81,78,78,80,80,78,82,82,72,87,90,90,92,93,95,96,97,98,103,108,112,96,117,120,126,108,121,132,130,132,138,121,138,156,138,107,106,120,134,120,102,108,105,98,88,78,81,118,135,112,96,82,99,106,114,103,91,86,94,99,114,118,108,112,104,70,67,73,80,78,78,78,88,98,80,78,82,79,53,75,85,82,73,64,57,32,64,72,77,57,38,15,18,23,18,4,10,25,27,29,37,48,52,60,65,54,34,34,29,26,26,43,47,24,31,28,26,26,46,51,50,32,18,22,18,34,40,28,18,22,29,25,26,36,24,20,14,22,18,26,10,12,28,23,17,14,12,16,8,6,12,12,4,2,14
000061.bin,conv4,8,5x200x176,0,100,KittiDataset.__getitem__,True,kitti,15000,176000,6333,0.03598295454545455,0.9640170454545455,0,0,0,0,0,0,0,0,0,0,0,0,0,0,0,0,4,12,18,26,38,61,74,76,83,89,91,93,101,101,100,94,110,114,95,103,115,122,151,153,164,166,158,166,150,154,129,115,110,109,91,89,80,59,60,63,56,65,68,56,47,62,55,42,41,64,58,41,57,61,59,41,42,39,53,57,40,42,36,31,47,43,14,26,22,25,25,41,47,47,42,39,45,47,45,35,29,22,27,23,12,3,7,18,13,13,10,1,7,11,14,25,41,48,51,37,23,30,19,10,8,8,9,12,12,12,6,10,13,10,5,2,4,6,0,0,0,0,0,0,0,0,0,0,0,0,0,0,2,2,14,14,0,0,0,0,0,0,0,0,0,0,0,0,0,0,0,0,0,0,0,0,0,0,0,0
000062.bin,conv4,8,5x200x176,0,100,KittiDataset.__getitem__,True,kitti,15000,176000,5313,0.0301875,0.9698125,0,0,0,0,0,0,0,0,0,0,0,0,0,0,0,4,6,16,28,38,48,62,66,69,73,76,78,85,94,100,94,86,93,95,102,99,101,101,89,98,102,103,79,75,67,87,83,68,77,76,51,67,82,65,50,60,60,40,28,40,44,45,40,47,43,50,47,37,35,37,41,28,26,22,16,16,19,21,23,20,18,20,16,21,22,28,36,43,50,38,16,15,15,8,6,10,20,18,9,15,15,12,8,10,26,26,36,32,29,28,32,23,22,21,18,16,20,17,27,32,41,23,11,21,21,19,22,25,21,20,20,17,10,0,0,0,0,0,0,4,4,0,8,10,4,4,6,6,5,4,3,3,3,2,2,2,2,0,0,8,20,39,45,36,25,14,10,10,10,11,8,8,9,10,8,7
000063.bin,conv4,8,5x200x176,0,100,KittiDataset.__getitem__,True,kitti,15000,176000,5568,0.031636363636363636,0.9683636363636363,0,0,0,0,0,0,0,0,0,0,8,9,11,19,27,35,61,55,57,53,45,47,54,60,60,58,59,70,79,65,72,65,55,57,54,58,56,81,92,84,77,89,101,95,91,88,73,79,86,69,57,63,61,48,55,58,45,35,43,58,51,42,43,58,52,53,42,18,30,34,38,34,26,32,37,49,50,48,41,26,21,33,48,62,59,43,37,29,34,43,41,42,29,33,31,28,26,22,25,20,21,18,20,22,21,19,23,34,47,35,30,24,12,19,22,29,38,40,42,37,33,42,34,28,20,18,16,8,6,4,0,0,0,0,0,6,10,14,21,18,4,6,10,6,0,0,4,4,0,0,0,4,4,0,12,12,0,0,0,0,0,8,10,4,6,10,17,26,20,22,21,10,10,10,4,6
000064.bin,conv4,8,5x200x176,0,100,KittiDataset.__getitem__,True,kitti,15000,176000,9136,0.05190909090909091,0.9480909090909091,0,0,0,0,0,0,0,0,0,0,0,0,0,0,0,54,58,66,68,74,72,76,83,88,91,88,88,94,93,107,110,123,134,137,134,133,123,130,130,130,137,125,111,94,114,110,81,92,92,84,94,82,68,86,82,58,68,107,113,68,62,95,80,61,61,63,74,82,64,36,46,52,56,62,56,61,80,75,66,63,64,70,57,50,47,58,82,86,75,77,77,67,56,54,70,67,46,50,54,44,52,40,28,18,20,20,12,16,24,26,39,42,40,50,55,54,40,22,17,19,12,10,9,12,29,34,29,19,30,46,40,47,46,43,26,18,16,15,17,25,22,26,37,37,33,19,35,33,26,20,34,51,49,56,60,54,65,59,42,40,29,26,21,18,22,33,30,18,8,6,6,14,24,18,8,4
000065.bin,conv4,8,5x200x176,0,100,KittiDataset.__getitem__,True,kitti,15000,176000,4144,0.023545454545454546,0.9764545454545455,0,0,0,0,0,0,0,0,0,0,8,13,17,17,13,22,35,69,74,75,75,77,76,74,79,77,74,80,104,86,83,82,81,74,76,63,75,82,70,60,52,48,61,61,52,60,52,69,67,38,50,50,31,22,63,66,59,40,31,39,35,30,26,24,27,14,28,36,24,20,26,16,4,18,22,22,14,14,22,20,29,45,38,43,50,49,47,56,68,55,34,39,43,38,29,26,17,18,17,7,7,2,4,6,4,0,0,0,0,0,0,0,0,0,0,0,0,0,0,0,0,0,0,0,0,0,0,0,0,0,0,0,0,0,0,4,8,8,4,3,2,0,0,0,0,0,0,0,0,0,0,0,0,0,0,0,0,0,0,0,0,0,0,0,0,0,0,0,0,0,0,0,0,0,0,0
000066.bin,conv4,8,5x200x176,0,100,KittiDataset.__getitem__,True,kitti,15000,176000,6947,0.03947159090909091,0.9605284090909091,0,0,0,0,0,0,0,0,0,6,13,13,12,13,10,16,16,24,31,45,67,67,70,72,73,68,71,66,73,75,81,94,93,80,79,63,76,92,105,106,105,97,96,89,102,113,153,168,176,178,157,148,107,69,67,100,123,140,140,126,87,75,79,72,58,55,72,77,80,68,64,55,60,71,53,49,59,78,82,80,57,49,48,34,42,43,35,11,8,10,19,23,25,33,29,18,16,22,38,50,44,24,24,24,14,8,9,18,18,14,16,17,14,13,16,10,16,22,14,8,8,14,19,18,23,21,16,7,8,13,12,14,6,11,10,10,10,14,14,10,4,0,0,0,6,13,16,10,4,4,8,10,6,8,4,10,10,14,9,2,0,0,0,0,0,0,0,0,0,0,0,0,0,0,0,0
000067.bin,conv4,8,5x200x176,0,100,KittiDataset.__getitem__,True,kitti,15000,176000,7487,0.042539772727272725,0.9574602272727273,0,0,0,0,0,0,0,0,0,0,0,0,10,14,20,44,54,60,63,67,72,75,79,85,88,96,98,111,109,113,105,106,104,89,83,81,78,92,101,98,82,87,76,86,86,89,86,85,90,85,77,77,69,51,58,71,79,71,60,58,53,55,63,79,65,59,68,70,78,78,58,43,41,43,46,52,53,67,65,47,48,46,40,45,54,58,50,32,32,36,47,51,55,49,55,49,36,32,38,34,32,33,40,49,46,32,26,46,45,30,27,24,17,13,19,35,33,41,54,40,33,37,20,32,36,26,22,20,21,20,22,18,17,20,26,20,8,10,18,20,8,8,12,16,17,19,12,14,11,13,10,24,38,47,40,38,23,14,8,14,12,4,4,8,8,6,10,8,16,18,12,10,10,21,21,17
000068.bin,conv4,8,5x200x176,0,100,KittiDataset.__getitem__,True,kitti,15000,176000,5649,0.03209659090909091,0.9679034090909091,0,0,0,0,0,0,0,0,0,0,0,0,0,18,24,30,53,60,68,77,76,70,63,57,64,61,63,80,97,94,98,97,96,115,121,128,127,99,87,87,87,89,79,56,62,64,83,74,81,68,62,62,75,69,52,40,58,66,53,32,36,48,46,53,50,63,44,40,29,35,39,49,58,49,44,31,43,41,30,23,20,30,32,12,4,8,30,26,10,10,22,24,25,34,59,53,20,14,30,42,32,17,14,11,9,4,4,16,20,31,25,22,25,31,27,24,15,14,0,0,6,10,8,4,4,2,2,10,59,59,14,10,4,4,4,24,41,38,14,8,8,4,4,6,6,10,8,4,4,0,0,6,10,0,0,2,10,10,0,4,8,12,12,4,0,10,10,8,5,8,10,8,6,4,4,0
000069.bin,conv4,8,5x200x176,0,100,KittiDataset.__getitem__,True,kitti,15000,176000,10347,0.058789772727272725,0.9412102272727273,0,0,0,0,0,0,0,0,0,0,0,0,6,12,16,20,34,52,60,69,74,77,73,81,84,88,88,88,90,90,106,110,113,112,115,115,118,123,128,123,128,130,118,140,134,100,107,104,97,100,102,91,111,124,89,93,103,81,67,83,114,106,71,80,89,82,62,65,77,99,123,152,114,79,50,53,66,78,72,54,40,48,66,111,104,83,100,86,58,68,64,70,69,80,76,73,71,94,80,67,73,74,52,52,44,56,70,61,54,72,82,71,75,65,58,52,65,66,81,82,75,76,67,45,43,60,41,48,50,32,29,50,45,34,20,24,37,49,49,33,22,16,17,27,40,44,38,31,22,28,12,8,12,14,29,37,27,14,12,2,0,4,12,14,19,24,15,6,4,0,0,2,2,4,10,6
000070.bin,conv4,8,5x200x176,0,100,KittiDataset.__getitem__,True,kitti,15000,176000,3352,0.019045454545454546,0.9809545454545454,0,0,0,0,0,0,0,0,0,0,0,0,0,17,20,19,10,29,37,40,56,68,76,78,86,101,105,108,120,143,150,162,155,145,134,150,150,142,121,97,103,54,53,47,95,110,85,51,12,4,8,15,15,14,11,12,10,6,5,2,0,0,0,4,10,14,12,4,4,0,0,4,4,0,0,0,0,0,0,4,4,0,2,2,0,0,0,0,0,2,2,0,0,0,0,0,0,0,0,0,5,5,0,0,0,0,0,0,0,0,0,0,0,0,4,6,4,0,0,0,0,0,0,4,4,0,0,2,5,2,0,0,0,0,0,0,0,0,0,0,0,0,0,0,0,0,0,0,4,4,0,0,0,0,0,0,0,0,0,0,0,0,0,0,0,0,0,0,0,0,0,0,0,0,0,0
000071.bin,conv4,8,5x200x176,0,100,KittiDataset.__getitem__,True,kitti,15000,176000,10284,0.05843181818181818,0.9415681818181818,0,0,0,0,0,0,0,0,0,0,0,0,0,10,10,14,25,35,58,66,70,72,72,80,82,82,84,94,92,94,102,102,102,106,116,116,124,121,115,112,126,118,127,132,132,133,132,139,144,126,139,133,110,112,116,105,92,125,137,127,106,142,129,106,100,85,91,138,122,81,85,96,100,120,96,71,74,68,70,80,110,105,73,81,84,83,74,63,95,103,76,45,42,41,33,44,65,61,78,79,51,36,45,50,41,42,48,54,48,37,47,44,63,81,68,41,40,40,38,37,29,29,36,38,43,47,39,47,54,44,49,41,23,22,26,19,12,16,17,23,23,23,21,22,22,31,29,23,22,20,30,24,22,26,24,25,18,14,12,13,13,14,14,11,11,9,11,11,5,9,14,8,10,16,12,11
000072.bin,conv4,8,5x200x176,0,100,KittiDataset.__getitem__,True,kitti,15000,176000,10824,0.0615,0.9385,0,0,0,0,0,0,0,0,0,0,0,0,10,10,10,45,58,59,63,68,72,74,76,80,82,88,90,101,106,106,108,113,113,119,115,117,115,110,96,104,100,100,99,116,110,131,118,120,125,106,115,118,103,108,124,100,84,82,107,111,81,113,143,118,92,74,70,87,109,104,108,88,78,68,102,100,86,99,89,84,104,103,95,103,81,73,67,69,63,63,63,74,98,88,74,55,58,70,82,77,66,45,66,83,80,65,51,42,54,59,62,44,41,50,55,49,47,47,36,44,74,72,48,55,59,55,61,49,47,42,32,36,26,21,24,32,28,35,36,38,39,43,39,57,52,42,38,30,22,22,16,15,15,12,14,24,26,37,29,18,21,24,22,24,28,32,45,38,10,18,20,10,12,12,12,12
000073.bin,conv4,8,5x200x176,0,100,KittiDataset.__getitem__,True,kitti,15000,176000,5917,0.03361931818181818,0.9663806818181818,0,0,0,0,0,0,0,0,0,0,0,0,0,11,17,59,65,69,64,63,75,80,79,79,73,75,75,77,88,71,88,93,87,96,96,85,83,80,77,81,89,95,72,76,80,80,77,74,89,80,54,72,69,53,47,57,92,93,75,59,69,58,65,55,41,27,39,48,54,57,42,32,46,56,59,38,40,20,32,36,41,40,34,34,32,24,29,24,22,39,41,31,26,29,30,22,28,28,32,23,31,35,33,22,23,32,22,6,0,0,0,14,24,23,10,0,0,0,4,0,0,4,4,6,2,0,0,4,12,25,39,39,12,8,16,12,31,37,24,8,4,4,4,4,4,4,0,0,17,38,33,22,28,31,17,2,0,4,8,4,10,8,6,14,10,7,4,6,7,5,2,9,7,6,18,16
000074.bin,conv4,8,5x200x176,0,100,KittiDataset.__getitem__,True,kitti,15000,176000,5454,0.030988636363636364,0.9690113636363636,0,0,0,0,4,6,6,6,8,8,18,20,19,14,38,56,70,68,53,66,69,67,67,77,80,78,84,84,84,93,93,90,91,94,89,98,97,97,92,89,96,95,92,87,74,76,61,55,84,84,57,140,176,113,92,92,62,48,84,87,65,62,36,58,74,57,40,38,44,66,59,45,29,24,42,64,67,57,28,15,20,26,28,24,24,38,30,4,4,8,14,20,21,23,22,15,13,23,34,38,40,20,19,15,7,3,0,0,0,0,0,0,4,4,4,0,0,0,0,0,0,0,0,0,0,0,2,3,2,0,0,0,2,2,0,0,0,0,0,0,0,0,0,0,0,0,0,0,0,0,0,0,0,0,0,0,0,0,0,0,0,0,0,0,0,0,0,0,0,0,0,0,0,0,0,0
000075.bin,conv4,8,5x200x176,0,100,KittiDataset.__getitem__,True,kitti,15000,176000,6024,0.034227272727272724,0.9657727272727272,0,0,0,0,0,0,0,4,8,8,8,15,17,18,27,30,38,49,52,56,80,83,84,78,83,92,96,98,97,86,90,93,92,89,83,92,107,104,99,100,97,92,95,83,74,75,73,64,82,99,104,87,76,71,56,48,51,49,64,76,60,42,67,65,45,41,35,56,71,73,63,39,41,42,36,44,26,21,19,18,15,28,35,31,29,18,8,4,10,12,24,22,33,31,32,35,23,23,19,10,4,12,12,12,14,13,11,9,7,5,6,6,6,10,10,8,8,8,4,10,16,12,9,14,28,39,47,32,33,34,38,34,37,36,32,21,24,22,20,10,8,4,0,4,4,4,13,20,20,30,30,22,18,14,12,7,8,8,3,6,9,6,9,6,6,4,6,8,4,0,0,0,0,0,0,0
000076.bin,conv4,8,5x200x176,0,100,KittiDataset.__getitem__,True,kitti,15000,176000,4998,0.028397727272727272,0.9716022727272727,0,0,0,0,0,0,0,0,0,0,0,6,10,15,20,42,54,78,84,87,85,81,71,84,94,90,81,98,100,88,102,106,90,78,82,87,85,99,96,94,89,72,52,50,42,54,63,64,77,74,63,71,64,51,63,74,71,45,42,38,29,42,43,50,61,56,38,38,40,65,56,50,59,55,54,36,42,51,33,24,32,41,54,30,17,18,13,6,20,29,28,33,19,6,10,12,18,12,4,13,14,4,4,4,8,10,2,0,0,0,0,0,2,2,0,2,2,7,10,4,0,0,0,0,0,0,0,4,4,0,10,12,6,0,0,0,0,0,0,0,0,13,18,17,8,0,0,0,0,4,4,0,4,4,0,0,0,2,6,6,9,3,0,0,4,4,0,0,0,0,6,8,8,10,4,2
000077.bin,conv4,8,5x200x176,0,100,KittiDataset.__getitem__,True,kitti,15000,176000,6037,0.03430113636363637,0.9656988636363636,0,0,0,0,0,0,0,0,0,0,0,0,0,7,7,19,28,39,51,60,64,75,72,75,78,84,91,85,88,95,99,103,103,102,100,125,124,94,82,86,86,69,69,80,77,75,74,70,49,41,61,55,51,59,60,45,44,67,67,43,40,40,38,54,59,39,21,57,106,89,79,79,69,71,68,59,43,34,28,48,59,41,33,32,29,28,48,60,36,18,22,30,22,18,22,45,45,33,22,16,18,19,20,22,35,37,20,17,20,21,20,8,8,0,4,10,10,20,32,30,16,10,6,4,0,0,0,0,4,6,14,10,10,10,4,16,32,36,20,8,7,8,10,8,0,15,17,14,10,4,4,16,16,4,16,12,10,14,14,17,23,10,6,4,4,6,11,11,10,8,16,17,28,20,5,7
000078.bin,conv4,8,5x200x176,0,100,KittiDataset.__getitem__,True,kitti,15000,176000,5434,0.030875,0.969125,0,0,0,0,0,0,0,0,0,0,9,17,19,31,31,47,52,54,55,58,58,55,58,74,79,119,128,119,99,74,52,54,54,53,55,61,76,91,85,85,82,74,63,62,45,55,67,66,40,49,47,34,36,34,38,38,37,45,44,30,26,36,40,24,16,22,41,39,36,33,54,72,61,65,67,64,54,55,51,47,49,30,42,74,71,61,51,40,37,37,28,24,38,37,40,55,48,40,37,32,19,23,19,16,24,28,28,17,14,14,22,18,13,12,24,24,6,4,10,14,10,14,16,21,27,31,19,8,10,24,20,4,9,9,8,5,5,10,12,10,20,22,18,14,8,4,4,6,7,6,8,4,4,4,0,2,2,2,0,0,0,0,2,4,2,0,0,0,0,4,4,0,0,0,0,0
000079.bin,conv4,8,5x200x176,0,100,KittiDataset.__getitem__,True,kitti,15000,176000,7654,0.04348863636363636,0.9565113636363637,0,0,0,0,0,0,0,0,0,0,0,0,10,14,20,44,54,60,63,73,77,79,82,90,87,93,95,98,89,88,81,74,71,70,69,70,74,75,72,81,92,97,84,78,82,94,88,81,90,85,80,86,77,55,66,81,82,68,64,64,64,63,59,57,61,73,78,80,83,82,70,59,52,58,57,62,63,68,61,55,52,46,40,45,60,67,62,43,42,48,46,49,48,53,59,55,43,32,40,34,29,31,36,54,50,38,31,51,51,44,38,31,39,40,30,39,36,41,51,51,50,51,32,30,32,24,20,22,21,20,18,16,19,22,23,14,8,14,18,19,8,4,9,13,17,15,6,9,9,11,8,28,42,40,26,32,28,26,16,16,14,4,4,8,8,8,12,10,16,18,12,10,8,21,21,17
000080.bin,conv4,8,5x200x176,0,100,KittiDataset.__getitem__,True,kitti,15000,176000,12814,0.07280681818181818,0.9271931818181818,0,0,0,0,0,0,0,0,0,0,0,0,4,8,10,17,34,46,64,70,70,74,78,84,86,85,88,89,90,103,106,103,106,112,116,118,116,115,131,136,135,130,133,144,153,135,120,145,141,137,136,118,131,143,123,113,124,161,158,126,147,168,141,116,118,126,147,148,127,118,128,135,154,159,151,118,112,87,83,95,111,119,115,91,94,95,95,97,82,72,108,95,66,67,85,75,95,77,80,69,68,64,108,104,73,83,91,58,50,68,77,72,52,33,35,45,50,49,63,78,78,68,66,59,54,46,51,36,41,38,35,37,43,49,61,59,56,87,73,57,42,50,67,70,74,81,74,32,24,21,44,55,25,23,20,10,2,8,24,22,26,18,20,24,26,12,12,6,24,28,20,21,20,12,16,15
000081.bin,conv4,8,5x200x176,0,100,KittiDataset.__getitem__,True,kitti,15000,176000,8324,0.04729545454545454,0.9527045454545454,0,0,0,0,0,0,0,0,0,0,0,0,0,0,12,32,57,62,68,70,72,72,76,78,80,94,99,102,101,94,102,109,111,102,102,106,117,120,126,133,132,131,122,134,121,123,101,110,130,109,75,102,91,62,76,98,74,58,69,98,90,70,83,91,68,41,45,52,68,92,74,54,50,45,50,77,91,63,56,53,59,61,55,87,75,37,48,46,26,33,41,58,65,67,68,55,52,53,42,27,23,22,46,49,39,32,63,53,31,33,22,12,6,24,45,50,48,42,44,39,32,33,38,40,45,46,22,36,39,20,2,4,8,6,8,8,4,4,6,14,18,13,8,9,18,23,26,26,12,20,20,14,20,20,10,10,6,10,18,16,13,8,8,8,4,8,8,12,6,6,8,16,14,4,29,36
000082.bin,conv4,8,5x200x176,0,100,KittiDataset.__getitem__,True,kitti,15000,176000,10531,0.059835227272727276,0.9401647727272727,0,0,0,0,0,0,0,0,0,0,0,0,0,0,0,0,19,34,43,62,69,73,75,79,81,84,90,92,97,101,102,106,106,123,134,139,131,129,130,139,138,142,149,104,148,153,153,154,87,121,147,119,125,126,97,88,86,69,123,136,103,89,135,157,123,70,61,105,124,65,43,43,82,104,113,93,58,58,75,86,110,113,71,70,78,71,74,81,86,71,60,37,36,32,41,48,57,103,108,67,62,55,45,38,39,41,43,45,36,56,60,49,48,33,25,44,50,48,60,63,55,55,45,57,46,46,55,54,54,50,50,50,58,49,46,47,36,22,22,40,40,31,29,30,22,24,36,34,22,12,18,20,12,19,17,11,33,38,28,14,9,10,8,10,16,21,20,17,17,20,18,24,28,14,18,10
000083.bin,conv4,8,5x200x176,0,100,KittiDataset.__getitem__,True,kitti,15000,176000,10007,0.056857954545454545,0.9431420454545455,0,0,0,0,0,0,0,6,6,6,10,14,9,19,18,42,42,46,48,52,52,54,62,72,77,88,96,103,98,117,122,118,116,108,111,114,114,112,94,99,98,100,102,91,100,93,94,78,82,74,69,90,86,62,90,115,119,119,122,116,93,103,116,140,138,109,105,116,132,138,134,100,85,93,102,123,123,89,58,51,55,53,64,66,94,78,61,36,50,62,60,56,76,78,77,49,54,59,47,72,77,63,42,43,34,30,51,44,40,47,59,37,21,29,36,35,28,34,40,22,20,27,34,42,32,34,34,38,22,20,25,16,19,19,43,64,71,57,52,54,54,71,55,30,28,22,8,23,33,37,12,12,30,28,18,19,18,32,22,13,15,22,27,18,23,32,41,33,21,20,16,18,26,23,18,14
000084.bin,conv4,8,5x200x176,0,100,KittiDataset.__getitem__,True,kitti,15000,176000,5187,0.02947159090909091,0.9705284090909091,0,0,0,0,0,0,0,6,6,4,0,4,11,12,14,22,24,35,43,54,62,59,60,60,62,77,86,84,85,86,86,82,78,77,76,63,59,61,65,60,66,64,61,67,63,45,57,69,73,103,93,74,69,69,58,50,44,45,52,52,44,38,37,44,43,40,47,54,56,50,43,27,26,34,48,41,33,24,22,22,40,41,31,26,24,17,23,22,32,35,24,26,20,18,16,12,14,16,26,41,43,27,22,21,18,16,18,11,18,16,10,11,16,19,25,24,18,18,21,17,16,15,19,18,12,12,19,15,8,4,0,0,0,4,6,0,0,0,0,0,0,0,20,39,42,35,22,22,6,4,11,11,9,12,11,5,6,6,6,8,7,11,8,11,12,13,12,9,9,10,11,12,11,13,8,4
000085.bin,conv4,8,5x200x176,0,100,KittiDataset.__getitem__,True,kitti,15000,176000,6512,0.037,0.963,0,0,0,0,0,0,0,0,0,0,0,0,12,24,36,49,57,66,66,66,65,69,69,69,71,81,86,82,92,95,95,108,109,108,90,88,112,119,119,105,83,84,84,73,95,111,109,97,106,126,131,118,89,72,67,75,73,81,74,67,61,68,65,68,48,43,58,58,63,32,18,24,40,50,41,26,21,36,34,36,31,26,19,14,16,18,18,28,34,37,25,8,24,31,19,32,44,44,54,51,43,28,24,36,32,16,33,46,45,51,56,43,34,22,16,22,8,26,36,27,24,30,18,8,11,20,19,15,19,19,8,0,6,8,8,17,15,9,10,12,8,13,7,0,0,0,0,4,10,8,0,0,0,0,0,0,4,14,14,8,0,0,4,4,0,0,0,0,0,0,0,2,2,2,2,0
000086.bin,conv4,8,5x200x176,0,100,KittiDataset.__getitem__,True,kitti,15000,176000,6416,0.036454545454545455,0.9635454545454546,0,0,0,0,0,0,0,0,0,0,4,8,10,14,20,52,78,84,73,73,77,73,57,59,59,67,68,52,66,70,71,64,86,83,84,77,81,85,88,88,83,81,67,77,72,72,90,85,95,105,95,92,77,71,73,108,118,111,102,84,61,46,41,55,65,52,49,57,60,63,40,15,21,35,52,56,56,39,26,29,35,47,65,56,60,41,21,5,13,20,23,46,61,56,37,28,38,41,45,42,39,25,30,43,40,34,40,28,14,7,0,4,4,4,4,0,0,0,0,0,0,32,58,57,35,17,9,18,36,50,46,26,12,9,8,4,8,10,10,8,11,28,74,66,4,0,0,2,5,4,0,0,0,0,0,4,4,0,0,0,0,2,6,5,4,2,6,15,14,10,4,6,4,8,13,19
000087.bin,conv4,8,5x200x176,0,100,KittiDataset.__getitem__,True,kitti,15000,176000,10513,0.05973295454545455,0.9402670454545454,0,0,0,0,0,0,0,0,0,0,0,0,0,0,0,51,56,60,68,70,72,74,76,82,84,88,92,92,96,102,100,104,102,106,114,118,122,128,132,139,134,143,134,144,135,114,142,131,104,124,112,90,114,128,100,86,123,101,54,102,124,103,80,86,90,136,135,89,91,100,110,123,82,65,76,96,90,109,115,103,64,61,66,64,76,94,130,131,71,31,35,48,67,83,93,96,105,112,106,80,72,67,64,52,53,51,57,46,62,68,80,84,74,64,59,44,47,38,43,44,53,46,43,48,60,64,49,45,53,41,43,20,27,32,32,21,8,4,8,4,0,0,0,8,14,8,4,22,32,28,26,29,22,4,2,19,27,12,0,4,15,17,8,4,2,2,14,19,8,0,0,0,16,14,4,0
000088.bin,conv4,8,5x200x176,0,100,KittiDataset.__getitem__,True,kitti,15000,176000,10270,0.058352272727272725,0.9416477272727273,0,0,0,0,0,0,0,0,0,0,0,0,0,8,12,16,24,34,51,68,78,82,80,80,86,90,90,93,98,106,122,120,116,102,102,110,118,125,127,126,128,137,113,127,110,120,132,109,130,131,111,100,96,77,62,92,115,98,70,47,70,70,62,74,122,114,71,72,76,98,101,147,133,91,88,85,88,108,120,86,54,50,38,23,14,32,35,44,48,32,30,18,16,18,26,30,33,48,68,54,36,34,16,29,53,65,82,75,77,85,130,131,84,92,106,104,128,101,63,65,40,46,59,57,41,37,22,30,38,45,49,66,68,55,49,24,10,22,30,18,20,21,20,24,23,20,56,63,51,39,34,38,30,43,34,16,24,34,33,16,18,11,6,18,28,25,18,29,29,8,4,12,15,23,35,34
000089.bin,conv4,8,5x200x176,0,100,KittiDataset.__getitem__,True,kitti,15000,176000,3873,0.022005681818181817,0.9779943181818181,0,0,0,0,0,0,0,0,0,14,19,23,17,16,20,33,53,63,61,50,47,49,56,55,57,56,53,55,49,50,47,44,34,33,35,35,33,23,28,30,34,33,36,36,29,43,51,53,43,37,36,43,43,39,40,37,27,41,52,46,30,28,39,51,41,29,25,39,31,15,12,19,21,27,34,38,27,17,12,18,22,26,26,21,16,19,20,28,28,38,24,14,10,6,10,15,18,26,24,26,20,36,28,21,22,22,22,19,23,22,30,40,29,22,14,4,8,8,8,6,4,10,12,16,8,4,7,13,16,10,4,8,8,4,4,6,4,4,4,5,4,0,6,6,2,6,10,11,16,12,12,10,6,12,16,15,8,10,10,8,9,7,9,7,7,8,9,6,6,13,8,8,6,9,10,9
000090.bin,conv4,8,5x200x176,0,100,KittiDataset.__getitem__,True,kitti,15000,176000,5646,0.03207954545454546,0.9679204545454545,0,0,0,0,0,0,0,0,0,0,0,0,0,0,0,0,0,0,0,22,34,42,68,75,88,90,105,113,123,137,143,147,149,145,136,133,139,146,128,139,130,130,119,104,111,97,92,97,91,89,74,67,76,60,62,69,73,66,52,63,69,69,82,86,97,99,88,69,57,56,51,57,39,36,21,18,4,8,13,28,26,24,24,27,22,30,31,30,21,11,16,23,18,8,6,9,14,16,14,17,18,17,18,23,23,17,9,13,14,18,10,0,0,0,0,0,0,4,4,0,0,0,0,0,0,0,0,0,0,0,0,0,0,0,0,0,0,0,0,0,0,0,0,0,0,0,0,0,0,0,0,0,0,0,0,0,0,0,0,0,0,0,0,0,0,0,0,0,0,0,0,0,0,0,0,0
000091.bin,conv4,8,5x200x176,0,100,KittiDataset.__getitem__,True,kitti,15000,176000,10848,0.061636363636363635,0.9383636363636364,0,0,0,0,0,0,0,0,0,0,0,4,9,9,0,40,48,58,62,64,69,73,75,79,80,84,82,85,84,85,100,103,103,114,114,118,114,122,135,133,131,127,130,140,111,131,129,83,100,101,103,98,124,123,116,124,126,108,78,107,120,130,127,128,109,87,99,102,96,106,116,126,131,133,100,149,167,102,111,110,108,106,114,123,118,91,85,77,78,91,82,85,78,51,45,54,50,58,92,102,95,78,63,60,59,56,35,39,44,52,61,54,63,62,45,48,50,44,40,34,47,47,36,26,26,52,54,56,60,62,56,43,30,12,8,8,0,8,8,2,46,51,22,10,8,7,17,24,26,17,22,31,21,24,34,18,10,12,14,4,0,4,4,2,12,22,14,4,17,21,8,4,0,4,8,10
000092.bin,conv4,8,5x200x176,0,100,KittiDataset.__getitem__,True,kitti,15000,176000,8667,0.04924431818181818,0.9507556818181818,0,0,0,0,0,0,0,0,0,0,0,0,0,6,6,12,17,35,57,63,71,81,82,80,82,86,90,90,82,102,113,111,106,105,106,96,108,109,120,119,120,113,107,87,104,98,101,97,105,84,71,95,90,86,102,115,113,110,108,103,97,107,107,89,85,84,88,98,76,65,64,64,81,83,73,69,77,72,54,86,88,57,69,69,72,81,90,84,105,104,103,87,76,86,81,51,37,35,26,29,43,52,62,45,41,34,21,24,26,23,26,44,44,29,41,47,37,17,7,6,15,15,11,12,27,41,64,55,46,39,25,24,26,21,12,8,10,11,17,16,11,10,8,4,4,4,0,0,0,4,4,0,4,12,18,12,4,4,4,4,4,0,0,0,0,0,0,0,0,10,32,41,38,31,27,16
000093.bin,conv4,8,5x200x176,0,100,KittiDataset.__getitem__,True,kitti,15000,176000,7253,0.04121022727272727,0.9587897727272727,0,0,0,0,0,0,0,0,0,0,0,0,0,6,11,53,61,57,64,65,68,67,65,64,58,51,64,80,86,56,85,82,81,84,86,88,80,70,95,100,96,95,100,98,95,95,75,88,101,88,89,86,77,81,89,92,83,93,85,66,69,83,98,77,54,41,37,44,48,32,24,16,24,42,46,44,32,30,12,54,78,63,50,41,50,58,48,42,46,55,78,92,84,92,112,133,126,109,92,91,66,38,27,24,30,52,48,26,32,40,39,37,34,32,32,24,27,23,21,19,15,14,19,18,17,20,20,22,13,10,8,8,11,31,30,15,14,14,2,2,2,13,12,0,0,0,4,8,4,13,13,8,8,2,0,0,4,4,0,0,0,0,0,0,0,0,0,4,24,28,23,10,15,15,11,8
000094.bin,conv4,8,5x200x176,0,100,KittiDataset.__getitem__,True,kitti,15000,176000,4716,0.026795454545454546,0.9732045454545455,0,0,0,0,0,0,0,0,0,0,0,12,14,12,20,28,45,51,57,80,80,53,45,47,48,50,54,51,52,51,47,45,37,56,61,58,56,58,58,54,55,59,70,71,69,69,61,68,60,58,51,41,30,38,43,31,22,33,46,44,24,18,34,54,38,28,26,14,40,48,27,26,22,22,23,28,45,50,46,32,19,20,18,16,31,41,33,12,11,20,22,16,14,12,10,10,4,10,27,32,26,16,18,18,13,14,12,14,23,26,23,35,54,57,38,42,40,29,29,29,25,24,22,22,24,25,18,14,28,30,27,42,47,35,19,19,12,7,2,4,6,0,15,17,4,0,0,4,12,22,32,29,19,10,11,12,6,7,7,8,6,2,10,11,6,2,0,0,4,4,4,6,8,8,0,0
000095.bin,conv4,8,5x200x176,0,100,KittiDataset.__getitem__,True,kitti,15000,176000,7281,0.04136931818181818,0.9586306818181818,0,0,0,0,0,0,0,0,0,0,0,0,0,0,0,28,46,56,55,59,71,79,71,71,75,79,81,85,86,93,97,105,116,121,119,111,109,102,90,76,79,83,67,60,71,76,80,73,58,75,69,74,91,102,92,84,95,91,81,66,98,104,81,79,83,83,75,63,57,50,62,79,63,57,54,78,99,108,85,70,48,29,25,38,41,59,58,56,29,27,26,28,29,31,39,38,46,46,42,42,39,29,37,31,34,32,29,24,22,29,23,12,12,18,17,19,29,29,18,22,14,14,18,17,7,17,18,15,20,30,28,25,27,30,27,12,22,20,12,13,12,8,14,17,18,12,10,8,15,15,9,18,16,6,11,10,15,17,22,17,8,6,8,13,8,14,12,12,10,13,10,10,10,15,12,6
000096.bin,conv4,8,5x200x176,0,100,KittiDataset.__getitem__,True,kitti,15000,176000,5399,0.030676136363636364,0.9693238636363637,0,0,0,0,0,0,0,0,0,0,0,0,8,14,18,28,49,55,61,70,69,73,78,68,66,74,92,79,69,75,69,66,62,71,71,58,64,67,59,54,60,58,70,76,59,73,69,67,77,66,43,58,64,63,54,59,58,57,56,57,44,46,48,55,57,45,53,60,38,15,17,29,34,44,47,48,38,29,44,48,51,36,33,22,16,20,22,36,51,48,37,31,26,15,13,14,22,22,17,26,34,42,37,23,16,20,14,9,8,18,23,38,41,28,34,33,30,30,21,16,12,4,5,8,8,7,12,16,14,8,19,30,35,32,36,24,15,12,8,11,12,17,15,12,10,13,7,8,6,10,10,8,8,0,4,4,2,0,0,0,0,0,4,10,8,8,6,4,8,9,13,7,0,2,5,10
000097.bin,conv4,8,5x200x176,0,100,KittiDataset.__getitem__,True,kitti,15000,176000,11367,0.06458522727272727,0.9354147727272727,0,0,0,0,0,0,0,0,0,0,0,0,0,0,0,29,55,58,60,64,68,71,76,80,85,88,90,93,98,102,104,108,108,114,118,118,118,122,126,130,132,134,132,134,144,138,108,144,138,105,141,126,88,139,149,112,115,124,149,124,103,135,139,107,90,94,105,132,128,105,83,85,103,121,129,126,122,106,93,104,101,111,95,82,100,103,81,93,115,128,95,74,52,56,55,75,67,60,50,64,97,79,63,55,50,28,24,31,38,36,36,35,39,51,84,78,46,52,53,51,45,39,28,28,43,54,56,56,37,33,21,24,33,48,52,48,45,56,52,48,49,36,36,39,36,28,27,20,10,8,16,12,18,18,18,24,42,48,48,33,16,8,20,19,26,26,14,8,10,16,16,10,10,2,0,2
000098.bin,conv4,8,5x200x176,0,100,KittiDataset.__getitem__,True,kitti,15000,176000,7253,0.04121022727272727,0.9587897727272727,0,0,0,0,0,0,0,0,0,0,0,0,12,21,19,16,42,53,59,61,65,62,65,68,67,66,69,75,71,68,80,78,97,101,97,95,86,87,80,74,75,70,78,71,68,76,59,72,74,49,66,85,85,83,94,79,55,66,83,74,58,52,50,68,63,65,55,60,57,51,43,51,49,51,64,65,50,35,35,60,69,46,75,87,59,35,42,41,49,52,40,37,39,34,28,27,25,20,20,28,36,45,62,62,59,54,46,34,33,24,16,20,28,30,26,28,24,26,18,18,22,18,18,14,10,10,12,13,10,7,20,26,36,43,43,45,44,37,21,34,45,52,55,34,24,18,20,25,25,33,27,27,17,17,27,24,12,11,24,24,18,21,18,19,22,19,19,14,17,22,26,18,15,19,20,22
000099.bin,conv4,8,5x200x176,0,100,KittiDataset.__getitem__,True,kitti,15000,176000,6676,0.037931818181818185,0.9620681818181818,0,0,0,0,0,0,0,0,0,0,6,23,23,26,26,47,50,50,50,43,38,40,36,38,40,42,46,46,59,47,75,78,84,86,94,86,81,78,75,76,66,82,54,65,68,80,87,59,89,84,54,78,76,59,81,70,50,40,62,70,57,76,65,54,50,36,50,73,76,76,62,62,86,67,63,79,82,89,72,68,56,43,33,67,74,69,57,50,40,44,50,34,34,54,42,26,12,12,22,29,27,16,16,36,46,45,28,16,8,6,8,28,41,51,41,18,25,25,19,10,5,12,16,26,24,20,22,32,23,18,24,26,22,22,22,18,6,15,18,14,10,7,6,8,9,24,26,19,23,12,14,18,20,16,12,16,16,16,16,21,16,30,27,31,31,29,22,17,12,10,22,26,4,4,20,17
000100.bin,conv4,8,5x200x176,0,100,KittiDataset.__getitem__,True,kitti,15000,176000,6481,0.036823863636363634,0.9631761363636364,0,0,0,0,0,0,0,0,4,8,8,0,0,12,22,22,45,71,71,77,73,70,71,71,79,88,81,84,78,70,83,83,87,92,103,107,110,104,83,81,104,111,107,96,83,59,82,77,46,81,92,68,86,109,112,93,100,74,60,77,101,85,84,59,55,60,59,55,51,38,42,62,58,45,28,29,43,52,42,26,23,18,37,33,36,25,19,11,18,20,8,22,38,43,37,22,25,23,11,17,23,31,54,67,65,31,13,31,33,18,16,33,46,45,48,36,49,48,20,15,14,14,24,23,24,33,16,8,8,17,12,18,19,16,12,8,4,10,6,18,22,12,8,4,10,11,9,5,0,0,0,0,0,4,9,6,4,4,0,0,0,8,16,8,0,0,0,0,0,0,0,0,0,0,0,0
000101.bin,conv4,8,5x200x176,0,100,KittiDataset.__getitem__,True,kitti,15000,176000,11472,0.06518181818181819,0.9348181818181818,0,0,0,0,0,0,0,0,0,0,0,0,0,0,0,42,50,52,57,60,68,70,68,69,73,74,74,81,84,87,99,107,113,116,114,119,122,123,137,127,143,155,120,114,142,152,130,125,158,155,107,133,149,130,116,136,158,131,124,124,141,139,123,106,114,86,101,108,99,87,103,89,68,74,87,83,98,75,54,60,65,85,81,82,96,97,89,84,101,76,80,93,96,81,75,80,65,49,63,85,97,81,84,83,83,87,89,102,84,72,57,46,28,41,36,43,38,32,32,30,54,56,46,67,69,48,32,51,74,57,34,33,36,38,20,27,34,32,29,19,10,13,30,34,30,30,32,26,40,40,36,48,62,54,43,40,38,31,22,30,41,19,4,8,12,22,24,29,29,18,12,12,12,8,12,14
000102.bin,conv4,8,5x200x176,0,100,KittiDataset.__getitem__,True,kitti,15000,176000,5879,0.03340340909090909,0.9665965909090909,0,0,0,0,0,0,0,0,0,0,0,0,0,0,8,12,14,16,25,31,41,43,52,63,73,86,83,83,81,83,87,85,92,88,82,87,91,91,98,101,104,106,112,118,119,126,109,107,112,102,88,86,83,89,68,71,80,72,56,79,83,62,74,90,77,56,60,62,51,61,50,48,48,54,52,49,36,40,39,37,40,33,32,29,28,44,66,78,72,61,53,41,42,36,21,13,13,36,37,36,37,27,24,12,11,10,9,8,7,12,16,13,14,7,10,5,10,9,12,12,4,0,6,4,12,16,13,11,13,10,2,0,0,0,0,0,0,0,0,0,0,0,0,0,0,0,0,0,0,0,0,0,0,0,0,0,0,0,0,0,0,0,0,0,0,0,0,0,0,0,0,0,0,0,0,0
000103.bin,conv4,8,5x200x176,0,100,KittiDataset.__getitem__,True,kitti,15000,176000,3349,0.019028409090909092,0.9809715909090909,0,0,0,0,0,0,0,0,0,0,0,0,0,15,20,17,8,17,25,30,46,66,78,83,91,102,104,107,120,139,147,161,163,141,135,144,145,148,121,105,113,66,55,55,94,109,91,51,14,4,8,15,15,15,12,12,14,6,5,2,0,0,4,4,14,16,8,0,0,0,0,4,4,0,0,0,0,0,0,4,4,0,2,2,0,0,0,0,0,0,0,0,0,0,0,0,0,0,0,0,5,5,0,0,0,0,0,0,0,0,0,0,0,0,0,0,0,0,0,0,0,0,0,4,4,0,0,2,5,2,0,0,0,0,0,0,0,0,0,0,4,4,0,0,0,0,0,0,4,6,4,0,0,0,0,0,0,0,0,0,0,0,0,0,0,0,0,0,0,0,0,0,0,0,0,0
000104.bin,conv4,8,5x200x176,0,100,KittiDataset.__getitem__,True,kitti,15000,176000,9697,0.05509659090909091,0.9449034090909091,0,0,0,0,0,0,0,0,0,0,0,0,0,6,10,25,33,49,55,60,61,61,64,69,68,74,78,82,85,87,82,98,101,106,110,104,111,107,113,113,121,119,105,113,125,117,133,123,82,127,116,80,75,123,126,101,114,131,122,90,82,119,127,108,105,66,94,148,143,103,78,73,80,63,57,62,71,81,54,45,60,64,58,57,52,41,52,51,65,74,59,67,81,63,25,28,32,37,36,33,43,54,47,41,38,60,61,60,39,47,57,59,63,66,65,52,50,55,34,36,60,47,38,33,38,33,45,48,38,24,17,29,29,25,40,35,29,32,25,35,43,52,39,26,29,22,19,24,24,18,23,20,21,26,30,39,42,27,18,20,27,36,35,33,33,28,27,28,27,23,20,20,14,4,0,4
000105.bin,conv4,8,5x200x176,0,100,KittiDataset.__getitem__,True,kitti,15000,176000,11705,0.06650568181818182,0.9334943181818182,0,0,0,0,0,0,0,0,0,0,0,6,11,16,20,45,50,58,62,66,66,72,73,74,74,80,83,80,71,92,97,95,90,86,92,95,92,96,105,103,102,107,115,119,96,111,93,107,118,108,143,133,118,105,117,107,96,91,120,128,93,105,142,127,124,114,93,71,92,122,115,98,98,103,121,113,118,98,91,87,84,90,106,95,72,83,89,93,77,70,80,112,125,96,100,92,78,82,91,79,68,88,114,82,85,89,73,67,62,58,69,64,52,46,53,57,64,87,113,108,90,71,57,58,66,67,52,60,69,86,75,60,45,38,31,33,29,21,16,40,45,30,16,30,42,36,46,60,70,47,39,36,30,54,45,20,22,26,35,28,22,12,10,10,8,8,9,2,0,8,6,8,4,4,28,43
000106.bin,conv4,8,5x200x176,0,100,KittiDataset.__getitem__,True,kitti,15000,176000,9630,0.05471590909090909,0.9452840909090909,0,0,0,0,0,0,0,0,0,0,0,6,8,14,26,40,56,60,60,62,62,66,68,74,78,80,86,88,89,91,105,107,111,115,116,110,106,99,89,99,105,98,117,123,119,123,115,115,100,94,112,109,103,120,116,139,141,116,102,86,115,117,96,72,107,133,119,105,76,61,68,88,96,75,65,59,61,104,109,71,72,72,67,59,55,60,93,89,64,60,58,56,61,54,47,35,57,67,76,74,46,69,72,74,53,44,46,47,38,25,45,70,58,37,29,35,42,50,53,54,43,32,31,24,18,18,24,38,34,31,16,26,40,31,21,9,13,14,15,26,17,8,20,20,16,24,43,42,39,28,12,14,16,10,10,20,28,10,14,16,16,14,12,10,13,16,18,11,10,12,14,24,30,25,8,2
000107.bin,conv4,8,5x200x176,0,100,KittiDataset.__getitem__,True,kitti,15000,176000,6199,0.03522159090909091,0.9647784090909091,0,0,0,0,0,0,6,8,6,9,9,8,8,8,6,24,28,38,41,45,54,56,58,61,68,75,79,84,82,57,76,82,84,83,80,76,85,93,97,97,91,90,87,86,95,81,75,62,63,55,68,68,64,68,55,77,93,87,71,71,80,77,65,54,63,48,20,16,26,24,20,28,23,19,4,37,75,88,77,42,51,51,61,66,62,66,67,75,84,76,51,25,53,72,40,22,12,24,30,22,18,18,29,26,10,13,17,10,8,8,16,26,26,18,24,22,19,24,26,39,20,13,16,23,23,19,18,15,20,19,10,11,11,12,14,26,23,17,7,14,10,21,15,6,17,20,10,14,18,27,23,10,0,0,0,3,14,13,4,6,2,0,6,9,5,4,6,8,8,6,6,2,2,0,0,2
000108.bin,conv4,8,5x200x176,0,100,KittiDataset.__getitem__,True,kitti,15000,176000,6625,0.037642045454545456,0.9623579545454546,0,0,0,0,0,0,0,0,0,8,8,8,6,12,24,46,55,53,60,60,59,66,66,74,78,80,76,76,72,65,78,82,82,80,85,88,83,79,74,66,64,62,68,72,84,69,108,117,110,130,127,113,113,111,97,81,91,88,51,54,59,64,55,52,48,51,52,33,29,35,38,40,47,42,30,43,58,72,62,49,44,33,18,16,24,24,18,18,22,37,48,50,31,12,18,32,34,44,38,16,8,20,44,60,44,8,4,12,17,19,31,29,20,38,44,65,77,53,48,50,54,48,40,29,25,18,14,20,16,12,0,6,14,28,24,4,8,18,28,31,18,17,10,6,6,6,6,4,10,10,10,11,10,0,8,10,6,10,12,12,29,29,8,14,12,0,4,6,0,0,0,0,0,4,9,5
000109.bin,conv4,8,5x200x176,0,100,KittiDataset.__getitem__,True,kitti,15000,176000,3313,0.018823863636363635,0.9811761363636363,0,0,0,0,0,0,0,0,0,0,0,0,0,17,20,17,8,17,25,30,40,68,80,83,89,101,105,107,120,140,148,161,159,142,131,139,148,145,118,106,106,54,52,44,92,107,93,45,16,4,8,15,15,15,10,12,16,10,5,0,0,0,0,4,10,16,8,8,4,0,0,8,8,0,0,0,0,0,0,4,8,4,4,4,0,0,0,0,0,0,0,0,0,0,0,0,0,0,0,0,5,5,0,0,0,0,0,0,0,0,0,0,0,0,0,0,0,0,0,0,0,0,0,4,4,0,0,3,3,0,0,0,0,0,0,0,0,0,0,0,4,4,0,0,0,0,0,0,2,4,2,0,0,0,0,0,0,0,0,0,0,0,0,0,0,0,0,0,0,0,0,0,0,0,0,0
000110.bin,conv4,8,5x200x176,0,100,KittiDataset.__getitem__,True,kitti,15000,176000,6914,0.03928409090909091,0.9607159090909091,0,0,0,0,0,0,0,0,0,0,0,0,0,16,20,46,55,58,64,77,80,82,85,81,62,62,64,63,71,74,80,90,103,102,99,103,107,110,116,119,122,123,116,117,104,103,105,92,89,80,57,77,75,66,78,74,71,81,72,54,61,74,68,78,81,72,68,80,87,105,80,30,25,20,35,44,33,26,30,25,27,27,48,50,31,37,54,61,59,56,66,64,66,56,62,68,47,55,57,64,57,26,27,37,48,52,32,15,11,11,11,6,10,14,34,46,42,24,20,38,49,32,18,4,4,2,8,8,0,4,6,4,4,4,3,9,18,23,13,14,9,3,6,4,0,0,0,0,0,6,6,4,6,10,14,4,4,4,4,6,6,0,0,0,0,4,4,0,0,0,0,0,0,0,0,0
000111.bin,conv4,8,5x200x176,0,100,KittiDataset.__getitem__,True,kitti,15000,176000,9023,0.051267045454545454,0.9487329545454546,0,0,0,0,0,0,0,0,8,8,5,0,0,4,23,32,40,58,60,64,66,69,71,75,80,79,86,86,85,85,85,84,83,88,99,104,105,109,106,90,97,86,82,84,95,85,80,98,107,97,101,109,96,109,116,96,94,84,92,80,87,85,74,86,104,101,89,82,55,84,87,69,69,112,104,90,102,128,126,102,59,61,54,67,65,49,64,70,62,78,79,91,96,78,65,51,53,48,41,46,42,32,22,46,49,38,36,37,44,44,41,35,22,32,28,20,22,22,24,42,47,37,44,35,45,42,35,26,36,58,47,12,10,37,53,48,23,22,27,34,34,26,24,18,17,25,22,20,26,26,31,23,16,14,16,12,4,10,12,12,19,35,33,8,6,6,6,4,4,4,4,8,12,18,18,16
000112.bin,conv4,8,5x200x176,0,100,KittiDataset.__getitem__,True,kitti,15000,176000,7254,0.04121590909090909,0.9587840909090909,0,0,0,0,0,0,0,0,0,0,0,0,0,8,8,54,52,55,62,70,74,74,66,68,83,84,80,87,75,85,88,94,97,93,104,108,103,101,99,113,120,123,111,123,126,134,131,113,109,102,68,71,86,66,64,82,64,68,80,68,55,47,48,40,40,52,52,39,39,33,33,39,34,33,39,38,27,57,68,63,50,51,53,40,66,74,60,58,48,35,30,26,26,29,22,25,23,26,15,8,6,8,6,6,12,14,18,21,17,19,25,34,29,24,8,8,10,18,39,49,39,37,29,40,43,48,41,33,46,67,55,49,37,43,39,10,4,6,4,0,0,0,0,0,0,0,0,0,4,36,51,41,21,10,6,22,34,37,33,24,16,8,4,0,5,12,14,10,0,30,86,63,0,0,0,11
000113.bin,conv4,8,5x200x176,0,100,KittiDataset.__getitem__,True,kitti,15000,176000,7677,0.04361931818181818,0.9563806818181818,0,0,0,0,0,0,0,6,6,4,0,0,8,19,24,51,59,59,59,62,55,57,61,63,64,65,66,71,56,75,84,83,85,86,90,92,100,102,100,106,98,104,100,96,92,52,67,77,76,65,58,100,114,91,78,115,111,83,163,149,128,164,169,111,117,150,130,86,99,139,106,54,67,68,91,122,169,133,100,80,50,75,61,50,67,60,24,44,64,78,59,52,21,14,6,10,20,26,18,27,29,32,31,18,18,32,31,21,19,10,24,21,7,4,7,12,16,12,18,14,12,10,8,13,25,27,24,16,10,6,6,16,14,5,1,0,4,6,4,0,8,9,7,6,0,6,8,8,8,6,13,20,18,8,6,5,2,0,0,0,0,4,4,0,4,4,4,4,0,0,4,0,0,6,6,0
000114.bin,conv4,8,5x200x176,0,100,KittiDataset.__getitem__,True,kitti,15000,176000,7727,0.04390340909090909,0.9560965909090909,0,0,0,0,0,0,0,0,0,0,0,0,0,0,0,6,20,28,39,59,58,60,60,54,59,67,81,87,87,81,85,84,87,94,94,100,115,122,121,122,119,119,123,112,127,136,120,125,127,126,148,167,140,120,133,130,114,107,122,111,95,74,81,67,64,65,68,67,71,68,53,46,54,62,68,72,52,51,46,53,48,63,76,86,68,45,41,28,9,9,17,25,30,34,28,30,30,22,24,16,22,38,43,38,37,32,28,26,22,28,29,17,17,22,26,19,15,10,12,12,8,18,25,16,23,30,24,18,22,20,12,20,18,35,36,21,4,3,4,18,22,12,8,4,10,19,22,12,4,0,10,10,24,26,9,16,13,13,13,17,15,21,21,7,4,5,9,4,0,0,6,39,32,4,12,14
000115.bin,conv4,8,5x200x176,0,100,KittiDataset.__getitem__,True,kitti,15000,176000,11844,0.06729545454545455,0.9327045454545455,0,0,0,0,0,0,0,0,0,0,0,0,0,6,14,16,24,32,44,57,68,76,80,76,82,90,92,93,98,96,99,105,114,121,124,124,129,134,138,144,152,147,108,100,96,109,106,106,103,89,89,76,75,91,109,95,72,77,75,83,72,49,81,115,131,122,121,121,118,120,132,161,173,191,194,134,109,91,102,116,118,89,62,69,73,81,81,99,134,124,102,99,89,85,78,67,81,93,122,96,57,54,54,37,69,70,58,58,71,45,60,86,113,80,43,41,61,60,71,64,52,53,78,79,66,65,58,73,71,52,63,63,57,76,54,39,38,46,36,32,32,24,31,39,28,35,22,23,18,16,20,39,44,26,14,0,16,27,24,24,36,26,10,12,4,0,6,22,46,55,44,56,37,18,18,20
000116.bin,conv4,8,5x200x176,0,100,KittiDataset.__getitem__,True,kitti,15000,176000,5648,0.032090909090909094,0.9679090909090909,0,0,0,0,0,0,0,0,0,0,0,0,0,4,11,24,24,54,67,71,71,80,83,78,87,82,67,74,76,72,62,68,69,72,80,70,70,68,47,59,59,54,52,64,64,59,59,63,66,64,57,47,56,55,59,66,64,53,60,53,44,51,41,37,36,45,57,63,66,56,63,76,68,72,66,52,46,66,52,40,38,32,25,29,29,8,5,11,18,25,24,37,40,24,21,29,23,18,22,35,24,26,34,44,49,38,27,23,46,50,12,8,4,4,2,8,12,18,18,18,16,16,9,13,13,0,2,4,6,8,8,8,4,4,2,9,16,26,41,56,74,57,27,10,12,12,10,16,8,0,15,20,22,12,15,17,18,22,26,20,17,6,0,6,6,0,0,0,0,0,0,0,0,8,8,4
000117.bin,conv4,8,5x200x176,0,100,KittiDataset.__getitem__,True,kitti,15000,176000,8223,0.04672159090909091,0.9532784090909091,0,0,0,0,0,0,0,0,0,0,0,0,0,0,0,12,33,47,58,57,60,65,74,74,81,91,97,105,100,87,81,93,72,77,86,99,97,81,73,97,128,122,121,99,96,83,76,108,84,74,98,93,69,79,76,80,77,67,62,69,64,69,70,81,68,53,33,54,60,58,52,50,33,33,40,42,30,27,69,99,95,97,97,102,104,105,102,96,89,91,81,91,88,71,59,44,36,39,39,39,52,55,52,47,40,32,35,34,51,60,65,75,68,62,34,27,31,36,49,54,56,56,49,32,11,20,28,35,38,41,34,32,37,38,12,22,22,27,24,12,29,28,19,24,22,8,12,26,25,21,18,10,14,14,10,0,0,0,0,0,0,6,6,0,4,14,12,0,4,4,0,0,0,0,0,0
000118.bin,conv4,8,5x200x176,0,100,KittiDataset.__getitem__,True,kitti,15000,176000,4126,0.023443181818181818,0.9765568181818182,0,0,0,0,0,0,0,0,0,0,0,0,0,0,8,24,36,58,75,81,76,76,68,78,79,79,66,69,63,67,85,78,77,72,88,86,83,80,66,59,59,60,66,69,68,54,26,50,50,36,52,54,47,69,61,28,35,28,52,48,44,53,37,26,30,27,19,20,20,25,19,12,25,31,22,28,16,8,6,8,18,26,22,12,12,14,25,40,43,31,35,52,52,42,47,60,55,47,38,34,21,21,12,8,13,12,8,0,6,6,0,0,0,0,0,0,0,0,0,0,0,0,0,2,2,0,0,0,0,0,0,0,0,0,0,0,0,0,0,0,2,6,8,15,10,4,0,0,0,0,0,0,0,0,0,0,0,0,0,0,0,0,0,0,0,0,0,0,0,0,0,0,0,0,0,0
000119.bin,conv4,8,5x200x176,0,100,KittiDataset.__getitem__,True,kitti,15000,176000,7089,0.040278409090909094,0.9597215909090909,0,0,0,0,0,0,0,0,0,0,9,17,17,21,12,18,27,28,32,42,62,74,82,97,111,106,112,121,109,125,124,128,144,148,127,117,112,103,113,112,127,129,117,108,107,110,92,83,88,81,84,82,66,59,76,75,79,77,75,68,65,75,101,86,71,73,72,69,90,81,63,50,58,57,46,48,39,35,25,30,41,39,44,46,30,51,57,46,31,27,39,58,62,51,35,18,23,34,27,22,25,21,26,36,30,28,22,23,12,11,9,8,11,10,10,17,24,31,28,23,19,22,23,15,15,20,16,16,12,22,24,12,6,6,6,6,0,0,0,0,0,3,3,0,6,6,0,0,0,0,0,0,0,0,0,0,0,0,0,0,0,0,0,0,0,4,14,12,16,16,24,22,20,22,17,11
000120.bin,conv4,8,5x200x176,0,100,KittiDataset.__getitem__,True,kitti,15000,176000,7082,0.040238636363636365,0.9597613636363637,0,0,0,0,0,0,0,0,0,0,6,6,16,18,16,30,49,59,64,64,59,57,62,71,73,75,77,75,84,91,83,102,109,124,128,133,124,138,138,118,124,136,129,128,106,98,74,81,102,95,82,87,80,53,74,80,75,54,76,86,75,78,74,75,78,87,69,70,56,45,30,23,26,41,44,48,36,30,27,28,39,58,57,48,38,41,39,36,40,32,30,20,22,23,19,14,19,20,22,28,29,37,34,35,35,28,20,2,0,10,13,16,14,16,18,18,10,8,8,12,20,28,24,27,34,34,20,12,16,24,20,20,13,12,28,22,18,33,38,47,45,40,28,28,22,24,6,0,6,18,18,14,12,6,6,6,10,10,6,12,8,4,4,6,6,6,8,4,4,14,19,25,22,14,6,8
000121.bin,conv4,8,5x200x176,0,100,KittiDataset.__getitem__,True,kitti,15000,176000,9803,0.05569886363636364,0.9443011363636363,0,0,0,0,0,0,0,0,0,0,0,0,10,14,20,44,54,60,63,67,72,73,77,79,81,88,92,100,90,106,104,106,111,110,115,121,121,120,111,105,102,109,93,110,103,106,115,106,102,104,93,100,100,72,79,95,110,89,68,76,84,99,91,75,73,73,85,97,101,112,103,68,48,53,70,79,80,99,82,78,69,66,51,53,75,94,96,72,42,53,61,61,77,80,84,72,49,50,61,51,52,54,65,70,71,60,41,53,62,62,52,43,42,35,35,44,40,45,55,42,28,44,31,32,28,16,13,23,25,17,21,28,35,38,33,37,27,20,24,27,18,8,13,17,25,26,15,24,36,36,18,24,36,35,37,37,33,20,17,50,65,22,21,23,22,20,34,36,40,39,24,18,29,35,36,31
000122.bin,conv4,8,5x200x176,0,100,KittiDataset.__getitem__,True,kitti,15000,176000,7175,0.04076704545454545,0.9592329545454545,0,0,0,0,0,0,0,0,0,0,0,0,0,8,14,26,36,46,53,54,64,78,80,81,86,84,88,96,95,91,77,86,80,86,103,108,113,111,116,112,114,106,90,98,101,113,109,99,116,116,100,104,81,63,56,59,53,48,61,63,55,54,62,69,74,49,38,50,53,45,43,32,30,20,32,52,44,47,53,46,44,45,34,25,41,39,42,48,48,28,23,28,30,36,39,48,69,75,48,32,35,42,46,47,52,41,47,76,63,44,50,51,40,32,44,65,58,36,46,41,47,50,39,25,25,17,14,13,23,30,26,18,6,6,12,14,16,12,14,18,12,7,5,8,18,12,8,20,20,4,4,4,4,0,0,4,6,10,8,4,4,4,8,0,0,4,4,0,4,4,0,4,4,4,0,0
000123.bin,conv4,8,5x200x176,0,100,KittiDataset.__getitem__,True,kitti,15000,176000,11380,0.0646590909090909,0.9353409090909091,0,0,0,0,0,0,0,0,0,0,0,0,0,0,0,0,10,20,26,34,47,58,76,88,100,110,110,105,114,123,138,141,142,149,152,156,155,149,143,156,160,170,164,145,148,150,127,138,121,108,128,134,127,144,139,133,117,117,147,151,122,142,141,118,94,101,87,98,104,83,90,99,100,137,150,124,127,145,138,126,148,147,116,104,94,76,77,52,54,99,108,56,29,34,51,49,54,70,84,94,78,48,53,57,53,62,66,70,59,55,44,47,58,66,64,49,39,44,37,44,43,28,31,18,8,8,10,11,5,12,15,24,26,30,28,23,10,9,12,11,26,30,20,30,27,46,54,34,32,27,20,26,14,18,14,14,14,16,14,12,12,8,4,12,23,21,24,18,15,16,14,14,22,18,12,12
000124.bin,conv4,8,5x200x176,0,100,KittiDataset.__getitem__,True,kitti,15000,176000,9893,0.05621022727272727,0.9437897727272727,0,0,0,0,0,0,0,0,0,0,0,6,16,18,23,30,43,61,77,78,81,81,87,89,92,92,89,93,91,88,98,99,101,95,97,91,98,97,99,103,90,102,70,100,114,110,102,75,104,92,75,92,100,84,94,109,87,73,76,96,105,80,78,90,92,71,50,56,66,76,65,49,44,53,53,69,78,77,57,66,68,66,58,62,50,50,49,47,57,65,93,102,84,70,77,69,66,55,58,72,70,81,63,51,80,85,81,75,76,66,63,66,61,61,60,43,41,64,64,55,41,40,45,83,87,70,51,48,59,56,50,50,38,36,32,30,33,31,36,17,20,17,12,14,32,40,47,37,63,70,53,21,22,14,7,16,14,14,23,31,53,44,18,14,8,8,12,24,25,15,34,36,13,10,10,12
000125.bin,conv4,8,5x200x176,0,100,KittiDataset.__getitem__,True,kitti,15000,176000,10904,0.06195454545454546,0.9380454545454545,0,0,0,0,0,0,0,0,0,0,0,0,0,10,22,55,64,69,69,69,69,71,71,70,71,76,78,78,79,86,89,86,96,98,97,101,106,102,101,117,124,98,104,106,58,50,117,103,54,100,113,66,80,80,52,72,106,94,86,68,96,112,80,75,54,56,74,86,70,46,24,40,56,85,73,34,50,68,73,77,96,97,76,39,48,43,54,70,92,87,83,84,92,103,73,88,99,84,71,72,98,103,91,65,68,93,98,99,95,69,76,79,114,124,113,81,88,77,54,44,46,59,70,67,68,56,70,76,82,60,68,73,54,80,71,54,54,38,38,55,71,55,39,39,26,30,43,52,24,28,26,24,53,52,31,32,36,41,36,28,28,24,31,37,32,34,26,34,25,27,22,34,29,22,28,26
000126.bin,conv4,8,5x200x176,0,100,KittiDataset.__getitem__,True,kitti,15000,176000,6672,0.037909090909090906,0.9620909090909091,0,0,0,0,0,0,0,0,0,0,0,0,0,0,0,4,6,13,22,32,43,63,75,81,81,85,85,97,105,106,110,107,117,129,131,137,127,132,137,126,128,122,111,107,89,92,84,62,70,70,65,74,63,54,64,72,64,50,47,55,73,88,88,68,46,44,42,48,48,46,43,43,45,48,46,40,42,42,40,43,47,54,46,44,47,42,28,30,34,32,36,34,28,20,25,26,34,36,43,46,43,37,42,58,53,46,44,33,54,71,66,53,50,35,21,14,10,14,8,4,4,6,26,26,4,0,4,6,10,14,14,10,6,10,15,18,13,9,8,10,8,6,4,7,8,12,14,14,11,6,6,12,20,22,14,4,6,4,7,6,6,4,4,4,4,10,9,2,0,0,0,4,8,4,0,4
000127.bin,conv4,8,5x200x176,0,100,KittiDataset.__getitem__,True,kitti,15000,176000,9029,0.05130113636363636,0.9486988636363637,0,0,0,0,0,0,0,0,0,0,0,0,0,0,16,54,58,62,64,68,72,70,74,82,86,88,92,98,104,108,108,113,115,122,124,117,122,122,124,120,122,126,119,131,102,110,126,116,131,126,84,118,122,80,81,121,132,108,99,121,111,106,97,93,105,90,81,69,71,71,62,47,52,57,76,113,92,59,63,87,86,63,61,58,41,57,56,35,32,38,28,42,35,43,37,24,32,37,42,44,58,53,71,57,50,41,42,40,29,34,41,38,45,70,76,56,28,22,18,16,18,22,18,12,23,20,14,6,20,24,34,29,25,24,32,20,12,10,8,4,10,12,8,15,15,6,4,4,18,22,24,33,35,24,24,27,20,20,28,40,41,30,18,13,6,19,24,16,18,10,10,4,0,0,8,12
000128.bin,conv4,8,5x200x176,0,100,KittiDataset.__getitem__,True,kitti,15000,176000,10588,0.06015909090909091,0.9398409090909091,0,0,0,0,0,0,0,0,2,6,6,6,6,6,12,16,34,52,64,64,64,66,71,90,88,99,103,110,112,109,112,118,128,124,124,120,139,148,151,139,129,118,106,125,154,145,164,140,124,139,122,98,128,133,107,104,124,100,93,88,94,93,86,70,95,98,61,58,51,58,84,82,55,58,68,67,79,76,74,68,73,76,80,103,126,115,54,71,82,82,63,63,70,85,101,82,50,34,24,44,48,56,58,65,61,103,120,75,66,46,46,50,48,51,27,36,58,57,48,39,44,62,87,84,57,45,46,42,41,36,35,29,27,24,26,23,16,13,22,20,20,28,41,35,32,44,39,30,21,25,24,12,16,4,6,27,28,28,26,6,18,17,14,28,26,21,24,24,19,23,18,8,4,6,8,18
000129.bin,conv4,8,5x200x176,0,100,KittiDataset.__getitem__,True,kitti,15000,176000,9751,0.05540340909090909,0.9445965909090909,0,0,0,0,0,0,0,0,0,0,0,0,0,0,8,18,32,54,64,64,67,73,73,79,79,82,83,93,94,96,102,111,112,120,128,132,124,122,115,121,126,123,135,95,122,112,97,128,116,104,138,131,106,140,143,101,102,131,152,130,113,142,127,79,65,63,80,110,128,121,93,78,91,107,110,82,74,92,78,71,92,92,69,68,62,72,85,57,58,56,56,57,61,53,41,44,64,70,62,47,40,46,60,52,60,49,30,26,33,31,45,49,50,42,43,31,24,38,63,51,18,26,27,32,31,41,41,37,35,40,40,30,43,33,20,20,25,28,20,8,0,4,12,9,12,10,14,16,24,20,10,12,19,28,27,18,12,8,4,16,14,6,12,13,9,11,15,8,4,2,7,5,13,15,15,21
000130.bin,conv4,8,5x200x176,0,100,KittiDataset.__getitem__,True,kitti,15000,176000,3270,0.018579545454545456,0.9814204545454546,0,0,0,0,0,0,0,0,0,0,0,0,0,17,18,15,8,16,27,32,42,63,77,76,88,100,105,108,122,140,150,160,153,136,139,148,149,133,116,107,97,55,51,45,96,97,94,53,20,4,4,15,15,14,10,14,14,6,5,2,0,0,0,4,10,16,8,4,4,0,0,4,4,0,0,0,0,0,0,4,4,0,0,0,0,0,0,0,0,0,0,0,0,0,0,0,0,4,4,0,5,5,0,0,0,0,0,0,0,0,0,0,0,0,0,4,4,0,0,0,0,0,0,4,4,0,0,3,3,2,0,0,0,0,0,0,0,0,0,0,0,0,0,0,0,0,0,0,2,4,4,0,0,0,0,0,0,0,0,0,0,0,0,0,0,0,0,0,0,0,0,0,0,0,0,0
000131.bin,conv4,8,5x200x176,0,100,KittiDataset.__getitem__,True,kitti,15000,176000,9520,0.05409090909090909,0.9459090909090909,0,0,0,0,0,0,0,0,0,0,0,0,8,28,28,54,58,62,69,75,76,78,78,86,84,86,86,86,78,102,100,104,112,106,110,112,115,115,101,106,104,105,103,120,119,102,119,113,115,121,118,122,100,71,60,89,101,60,58,81,73,38,41,50,65,115,110,48,47,71,92,104,113,110,120,88,72,86,91,75,53,32,24,28,41,51,53,58,46,18,20,30,42,62,70,67,76,100,109,94,71,62,52,40,66,69,30,45,61,45,42,45,33,20,24,37,37,20,18,26,34,39,31,18,16,18,18,22,24,28,45,55,36,39,43,50,45,37,26,18,23,25,25,25,24,24,12,25,49,48,41,41,33,23,30,39,51,52,47,55,44,35,39,37,28,27,20,23,20,10,8,14,26,19,16,10
000132.bin,conv4,8,5x200x176,0,100,KittiDataset.__getitem__,True,kitti,15000,176000,7431,0.04222159090909091,0.957778409090909,0,0,0,0,0,0,0,0,0,0,0,0,0,0,0,0,0,4,6,15,18,29,53,81,100,101,104,110,102,110,115,117,112,113,115,116,118,114,110,114,108,111,112,107,103,77,102,98,83,97,90,70,92,95,68,68,101,99,77,102,96,70,61,61,72,92,78,55,48,72,82,64,69,67,48,38,72,75,56,43,40,48,43,40,48,54,51,61,54,35,33,45,47,39,36,52,43,39,31,18,25,35,39,42,37,18,22,29,46,41,38,28,30,29,31,34,26,24,28,26,28,28,27,33,29,26,16,20,27,18,19,13,16,19,8,5,9,18,16,13,15,12,9,16,16,16,27,25,19,10,8,18,24,14,0,10,15,12,13,9,13,10,7,4,6,6,4,0,4,16,8,4,4,10,4,14
000133.bin,conv4,8,5x200x176,0,100,KittiDataset.__getitem__,True,kitti,15000,176000,10298,0.05851136363636364,0.9414886363636363,0,0,0,0,0,0,0,0,0,0,0,0,8,8,16,16,34,52,66,68,70,76,76,80,84,88,98,102,102,102,108,110,110,113,115,106,108,112,109,117,122,120,127,133,145,131,86,92,90,84,118,98,81,78,108,112,123,129,134,112,112,104,127,132,116,112,105,106,117,114,106,84,75,66,72,106,92,56,58,72,84,98,96,106,76,65,64,42,48,50,53,66,109,141,109,91,95,90,70,60,40,70,65,81,113,83,53,52,42,42,40,42,68,60,44,32,32,38,38,48,60,54,46,48,46,46,30,32,70,60,22,27,17,7,15,21,24,37,46,38,20,4,14,16,16,10,12,10,10,8,12,7,11,16,16,13,20,35,39,18,10,24,25,12,2,8,8,4,0,0,6,12,6,4,4,15
000134.bin,conv4,8,5x200x176,0,100,KittiDataset.__getitem__,True,kitti,15000,176000,8885,0.050482954545454546,0.9495170454545454,0,0,0,0,0,0,0,0,0,0,0,0,0,8,22,56,58,62,64,66,72,74,79,79,83,87,91,95,99,104,107,112,112,104,101,95,102,103,102,97,113,98,90,99,123,96,124,132,74,111,114,88,103,106,85,113,103,45,66,90,100,69,55,80,94,96,84,103,107,124,117,86,65,56,48,60,76,74,75,63,56,43,34,39,55,50,34,33,31,34,28,26,27,20,37,48,36,28,26,46,44,32,29,25,29,73,93,62,52,59,50,56,40,39,43,40,51,52,44,33,41,47,44,49,58,51,59,53,53,66,52,26,36,34,24,26,20,30,33,25,18,14,10,16,20,20,8,21,25,20,6,6,10,6,16,18,16,24,26,21,10,16,18,18,21,18,17,10,11,13,13,12,13,9,8,14
000135.bin,conv4,8,5x200x176,0,100,KittiDataset.__getitem__,True,kitti,15000,176000,9440,0.053636363636363635,0.9463636363636364,0,0,0,0,0,0,0,0,0,0,0,0,0,8,10,14,18,22,56,64,66,72,74,79,83,86,86,90,98,95,97,106,106,113,121,130,132,126,123,149,156,150,147,120,133,121,104,104,101,102,107,100,97,90,76,99,111,87,76,80,73,107,116,110,96,98,91,74,92,131,111,111,119,113,87,74,52,58,51,47,53,58,45,166,166,82,91,108,80,59,50,65,64,73,66,73,71,42,29,26,20,22,46,56,28,21,20,27,26,17,10,14,33,39,40,39,36,34,31,23,22,20,22,31,39,39,42,42,38,42,40,33,26,37,75,105,107,28,13,12,10,12,2,2,0,8,8,2,13,15,6,8,6,6,8,14,9,0,0,0,14,39,37,22,14,6,4,6,20,18,10,12,17,14,12,8
000136.bin,conv4,8,5x200x176,0,100,KittiDataset.__getitem__,True,kitti,15000,176000,6993,0.039732954545454544,0.9602670454545454,0,0,0,0,0,0,0,0,0,8,10,16,28,32,33,37,57,64,74,67,72,76,73,70,72,68,70,69,65,41,54,50,48,74,87,110,112,119,109,111,108,103,72,89,92,77,89,89,99,85,73,71,79,77,64,71,71,84,83,71,62,72,76,77,75,59,53,64,51,46,42,47,66,91,95,92,96,101,95,91,72,72,75,71,70,57,42,44,45,40,49,80,88,91,86,74,47,40,37,41,31,32,14,21,27,21,16,15,31,38,40,26,23,9,16,18,21,10,12,17,11,3,2,14,16,5,6,6,4,8,10,8,0,6,8,9,6,4,0,8,12,10,4,6,4,6,4,4,8,10,8,4,4,0,2,3,2,2,2,2,0,4,4,0,0,0,0,4,0,5,6,2,0,0,0,4
000137.bin,conv4,8,5x200x176,0,100,KittiDataset.__getitem__,True,kitti,15000,176000,9879,0.056130681818181816,0.9438693181818182,0,0,0,0,0,0,0,0,0,0,0,0,0,8,16,22,41,55,63,69,75,83,93,93,89,87,89,94,90,88,97,96,103,103,100,99,99,100,96,113,111,119,110,127,125,91,102,104,102,100,99,90,101,99,81,83,89,84,78,83,100,91,74,62,84,74,49,55,59,63,62,84,87,75,57,50,58,82,82,77,71,76,66,59,62,65,67,70,68,68,47,48,71,65,79,72,71,83,83,81,84,54,37,33,32,36,59,76,67,57,88,86,77,63,55,42,26,50,46,47,46,44,36,25,35,45,28,47,61,45,30,28,26,26,22,23,21,18,15,30,45,38,39,34,26,15,31,37,22,33,38,15,21,22,50,49,21,21,36,44,38,30,41,41,37,33,37,48,47,28,33,36,33,26,16,16
000138.bin,conv4,8,5x200x176,0,100,KittiDataset.__getitem__,True,kitti,15000,176000,11290,0.06414772727272727,0.9358522727272727,0,0,0,0,0,0,0,0,0,0,0,0,0,4,8,41,57,61,66,69,69,71,77,80,82,86,86,86,88,94,101,105,112,115,117,114,113,120,123,131,136,130,139,142,127,146,137,128,145,129,113,124,123,111,121,111,99,106,117,118,95,88,113,108,84,89,96,114,142,148,104,83,90,91,138,147,108,82,54,75,102,103,118,126,109,73,100,100,81,87,88,97,116,90,64,69,51,69,99,93,107,117,111,105,78,64,50,56,52,33,37,47,69,83,79,59,51,55,67,71,72,53,51,39,16,31,31,38,39,42,37,22,10,17,21,26,22,10,14,19,10,21,31,24,28,20,6,22,25,27,25,22,14,12,8,10,6,10,12,10,12,16,11,20,28,16,15,10,16,25,26,22,21,19,17,10
000139.bin,conv4,8,5x200x176,0,100,KittiDataset.__getitem__,True,kitti,15000,176000,11655,0.06622159090909091,0.9337784090909091,0,0,0,0,0,0,0,0,0,0,0,4,4,10,10,20,25,29,35,47,52,58,62,64,69,72,78,84,88,85,83,90,99,100,105,107,110,111,109,109,123,119,119,116,128,130,110,117,128,127,131,117,114,157,166,127,104,134,157,119,132,121,135,142,114,92,134,139,125,89,83,88,94,113,129,133,115,95,89,88,91,98,106,102,75,71,87,88,109,106,96,100,82,64,62,76,65,77,63,62,52,72,87,84,68,71,43,42,68,76,64,56,48,38,32,62,93,100,91,59,39,38,31,28,18,14,30,51,51,57,51,28,28,42,45,41,54,74,71,64,53,33,19,17,14,12,16,16,17,22,17,14,12,19,34,38,33,40,39,43,42,41,53,48,36,49,47,50,32,26,47,44,20,20,18,21
000140.bin,conv4,8,5x200x176,0,100,KittiDataset.__getitem__,True,kitti,15000,176000,6119,0.03476704545454545,0.9652329545454545,0,0,0,0,0,0,0,0,0,0,0,0,0,0,0,6,8,10,16,24,34,52,71,71,78,75,76,82,90,87,99,103,103,101,100,102,112,111,104,106,109,105,106,87,87,84,68,87,99,85,80,79,72,97,104,74,76,77,67,78,88,76,46,32,40,34,30,19,25,41,50,55,34,16,39,67,56,53,49,44,60,64,52,55,49,42,47,60,54,44,50,48,14,13,16,14,8,15,23,15,1,1,8,21,25,18,16,9,8,8,18,16,6,6,1,2,5,12,14,20,31,38,56,58,29,19,18,18,12,2,4,4,12,11,12,4,7,9,7,20,24,11,6,8,6,11,8,0,0,0,0,0,0,0,0,6,12,12,16,16,16,23,21,32,35,16,18,17,16,8,6,0,0,0,0,10
000141.bin,conv4,8,5x200x176,0,100,KittiDataset.__getitem__,True,kitti,15000,176000,11490,0.0652840909090909,0.9347159090909091,0,0,0,0,0,0,0,0,0,0,0,0,4,4,4,8,14,22,24,38,49,75,88,95,102,98,96,95,97,98,118,126,138,146,166,175,193,194,202,201,198,184,175,159,154,153,135,126,153,160,157,140,126,99,142,142,123,150,180,180,145,134,133,99,100,111,96,110,122,112,100,91,108,115,98,83,90,86,85,79,88,89,76,67,52,50,36,24,22,39,56,77,89,69,58,62,58,49,37,48,49,43,37,60,72,72,74,67,59,72,68,52,52,61,62,64,44,29,40,46,43,43,52,69,60,49,30,30,38,49,45,40,25,36,40,33,35,36,28,30,29,34,28,33,26,23,21,22,16,18,18,22,18,22,41,43,36,27,19,14,6,17,16,4,4,0,4,10,10,4,4,8,2,0,4,4
000142.bin,conv4,8,5x200x176,0,100,KittiDataset.__getitem__,True,kitti,15000,176000,4621,0.026255681818181817,0.9737443181818182,0,0,0,0,0,0,0,0,0,12,14,12,14,28,27,45,46,51,54,55,60,65,66,68,66,63,64,64,71,74,80,75,71,72,75,65,71,78,70,73,78,78,76,54,65,76,79,72,48,59,57,40,28,48,52,34,48,46,33,25,23,46,56,49,42,26,40,34,26,26,15,28,33,26,20,20,14,24,30,18,20,24,18,26,30,20,14,12,18,29,42,30,20,15,12,8,6,12,12,12,15,15,24,28,16,10,8,10,26,24,18,10,11,3,15,17,25,30,45,32,19,15,9,9,7,12,12,5,5,19,22,25,26,8,3,12,14,6,6,8,6,6,10,4,8,8,4,8,4,4,4,10,10,4,0,8,8,4,0,6,4,0,0,0,0,0,0,0,0,0,0,0,0,0,16,40
000143.bin,conv4,8,5x200x176,0,100,KittiDataset.__getitem__,True,kitti,15000,176000,9019,0.05124431818181818,0.9487556818181818,0,0,0,0,0,0,0,0,0,0,0,0,0,0,0,11,33,38,41,40,42,48,53,51,53,55,58,61,62,68,67,73,77,81,80,79,83,82,75,85,87,75,83,90,84,106,104,107,107,86,93,98,97,106,128,133,112,100,99,133,127,101,82,83,116,99,89,98,109,103,94,92,69,61,45,31,75,91,73,67,49,57,62,82,111,93,51,37,18,33,34,53,58,61,100,101,53,37,34,62,80,55,64,65,60,57,53,71,56,50,58,67,58,40,28,28,24,14,26,22,27,46,81,65,34,36,42,32,27,33,34,53,68,49,47,45,30,23,26,33,34,27,19,19,18,30,49,45,44,47,13,8,14,27,32,22,25,30,9,6,8,15,6,10,11,12,15,22,18,10,8,20,32,25,22,45
000144.bin,conv4,8,5x200x176,0,100,KittiDataset.__getitem__,True,kitti,15000,176000,7457,0.04236931818181818,0.9576306818181818,0,0,0,0,0,0,0,4,6,6,8,10,8,6,16,32,43,48,54,58,60,63,63,63,67,60,67,62,70,71,72,81,80,78,94,102,96,98,92,104,112,95,106,100,94,103,97,85,90,88,79,80,91,72,69,82,100,102,101,97,105,97,73,81,105,119,95,51,45,70,104,102,73,65,74,65,66,91,97,72,61,51,50,46,42,60,74,67,47,39,26,36,45,48,52,51,51,46,41,25,31,32,22,20,18,21,15,18,27,21,14,10,8,34,34,27,22,12,12,10,6,8,6,0,4,4,0,0,4,4,16,63,79,56,53,41,23,32,21,28,27,17,24,24,18,9,8,4,0,0,2,4,2,0,6,9,8,0,0,0,4,4,0,4,8,10,10,14,12,12,10,10,13,15,8,12
000145.bin,conv4,8,5x200x176,0,100,KittiDataset.__getitem__,True,kitti,15000,176000,10297,0.05850568181818182,0.9414943181818182,0,0,0,0,0,0,0,0,0,0,0,0,2,4,4,6,18,35,52,73,76,83,82,78,77,86,89,93,90,99,100,109,116,124,138,136,134,132,120,92,92,72,97,97,95,95,112,90,82,98,92,108,101,84,131,115,129,149,151,147,169,165,156,153,119,104,109,75,73,86,89,84,73,72,88,86,97,100,68,67,84,102,101,97,94,81,70,54,50,69,97,195,255,187,97,59,57,53,59,50,62,76,50,38,38,25,32,36,31,12,25,37,33,42,49,42,37,52,46,44,42,52,52,51,42,29,63,84,70,29,29,23,20,18,9,10,20,23,24,29,31,30,17,13,12,25,32,20,23,37,14,14,15,11,11,4,0,0,0,10,10,10,16,16,16,11,4,4,4,8,12,4,0,4,4,0
000146.bin,conv4,8,5x200x176,0,100,KittiDataset.__getitem__,True,kitti,15000,176000,5433,0.030869318181818182,0.9691306818181818,0,0,0,0,0,0,0,10,12,14,20,22,19,18,6,19,35,44,43,42,45,51,60,59,64,62,62,61,53,24,56,62,63,73,76,76,72,66,68,66,68,62,65,73,81,67,73,46,64,85,73,93,102,81,70,79,89,89,66,83,89,65,47,55,62,55,27,22,38,44,57,42,32,45,50,72,77,71,36,35,38,68,61,42,33,45,50,39,41,49,48,35,37,32,26,32,29,13,8,8,12,18,26,32,28,20,19,6,0,0,13,14,14,10,4,0,0,0,16,12,4,10,6,0,4,10,8,0,0,2,2,0,0,4,6,6,12,19,14,9,8,8,6,8,4,0,4,13,11,4,8,10,21,21,16,4,6,11,10,4,4,7,12,8,4,13,16,5,4,4,4,4,4,4,8,8
000147.bin,conv4,8,5x200x176,0,100,KittiDataset.__getitem__,True,kitti,15000,176000,5257,0.02986931818181818,0.9701306818181819,0,0,0,0,0,0,0,0,0,4,6,4,6,6,6,10,24,34,53,67,81,95,103,93,92,90,86,88,99,97,96,114,127,135,113,103,94,89,95,101,90,87,93,82,89,89,60,78,69,49,68,42,42,82,74,32,36,53,55,38,41,55,39,27,30,31,41,52,46,24,18,18,25,30,34,35,20,12,16,20,26,42,42,36,25,13,13,6,10,10,31,38,31,15,6,14,15,8,8,25,36,52,52,24,10,10,6,17,18,12,6,6,6,0,4,6,6,0,6,8,8,10,16,14,14,8,0,0,0,0,0,0,0,6,27,37,32,24,18,17,22,20,16,4,14,14,8,4,0,0,0,0,0,0,0,0,0,0,0,0,0,0,0,0,0,0,4,4,0,0,0,9,16,21,22,16
000148.bin,conv4,8,5x200x176,0,100,KittiDataset.__getitem__,True,kitti,15000,176000,11312,0.06427272727272727,0.9357272727272727,0,0,0,0,0,0,0,0,0,0,0,0,0,0,0,54,60,66,68,74,72,76,83,88,91,88,88,90,94,102,104,110,114,116,118,122,122,128,130,138,141,135,125,114,124,114,100,114,98,102,114,98,94,110,100,74,94,138,135,88,105,140,118,69,60,66,88,118,108,52,46,60,74,82,70,57,83,98,101,94,104,101,73,66,73,76,87,94,105,115,115,96,103,98,102,92,78,86,104,91,108,98,60,53,47,58,57,59,58,56,64,68,57,63,72,67,79,79,53,42,31,32,27,21,29,31,36,28,38,52,52,54,46,50,40,20,22,22,23,27,26,24,26,26,21,15,37,45,34,22,36,42,41,58,60,59,80,73,55,52,40,26,23,22,26,39,37,24,14,12,10,15,26,19,8,4
000149.bin,conv4,8,5x200x176,0,100,KittiDataset.__getitem__,True,kitti,15000,176000,7080,0.04022727272727273,0.9597727272727272,0,0,0,0,0,0,0,0,0,0,0,0,0,4,12,16,31,59,60,63,65,84,83,76,79,78,81,78,78,80,73,73,81,82,90,93,95,94,88,81,78,70,80,93,92,94,68,73,83,71,77,70,61,64,69,72,40,26,54,65,46,43,54,72,48,50,73,81,108,116,95,84,62,62,65,62,46,34,42,36,38,60,58,51,52,53,64,52,43,47,80,85,48,32,32,38,34,22,6,10,12,19,58,60,24,23,14,14,14,16,14,17,20,22,9,1,0,0,30,80,60,8,4,12,20,22,12,10,44,52,27,4,7,16,20,21,19,21,63,61,23,16,16,18,20,18,17,20,24,23,27,20,6,4,4,13,13,4,10,11,14,20,30,28,12,4,0,10,15,28,29,30,36,41,35,30
000150.bin,conv4,8,5x200x176,0,100,KittiDataset.__getitem__,True,kitti,15000,176000,12151,0.06903977272727273,0.9309602272727273,0,0,0,0,0,0,0,0,0,0,0,0,6,6,10,10,12,22,36,61,67,69,81,82,87,85,87,94,83,106,100,103,105,105,102,113,115,125,126,119,126,115,119,118,127,142,107,133,157,121,142,162,146,130,113,122,105,135,156,157,145,146,162,152,145,123,109,100,103,111,109,108,103,104,103,126,123,114,112,97,84,88,83,82,86,92,88,82,130,147,92,69,75,78,86,98,115,157,177,155,121,82,61,60,67,59,51,54,68,60,62,62,57,47,49,49,42,47,45,44,34,56,61,42,38,40,46,39,34,38,29,33,41,38,37,39,34,21,20,26,46,31,23,28,32,29,29,27,28,27,25,26,22,22,27,24,25,27,25,30,23,31,33,27,44,47,43,34,24,28,24,17,19,18,19,25
000151.bin,conv4,8,5x200x176,0,100,KittiDataset.__getitem__,True,kitti,15000,176000,9985,0.056732954545454545,0.9432670454545454,0,0,0,0,0,0,0,4,4,4,14,15,12,14,20,42,46,48,52,52,58,58,62,64,76,91,93,83,80,90,92,94,100,100,99,105,108,112,108,104,105,106,123,94,114,150,137,107,106,118,98,84,101,123,146,130,125,124,127,90,68,78,91,85,65,62,71,79,67,53,63,60,77,81,62,52,69,71,65,62,77,100,141,115,116,87,77,91,86,99,95,68,67,65,77,76,56,54,59,58,60,59,66,65,96,90,72,51,52,43,33,26,28,32,36,40,47,52,50,49,44,62,72,50,28,34,32,27,26,33,36,27,11,18,20,25,29,16,22,25,35,48,53,42,36,23,18,26,28,20,25,20,30,30,28,22,18,19,17,19,15,13,14,17,14,17,20,19,16,23,29,25,11,13,18,23
000152.bin,conv4,8,5x200x176,0,100,KittiDataset.__getitem__,True,kitti,15000,176000,4858,0.02760227272727273,0.9723977272727272,0,0,0,0,0,0,0,0,0,0,0,18,40,40,44,56,65,68,59,55,47,45,40,40,50,53,58,55,51,45,57,59,50,52,54,53,51,56,57,61,63,66,69,65,65,68,66,70,66,56,56,51,39,54,58,55,37,21,38,45,31,25,38,46,41,31,20,12,26,40,32,20,18,26,44,36,22,16,12,11,20,40,48,53,59,44,29,19,23,22,35,45,41,37,33,33,11,11,12,25,34,45,44,45,48,36,20,21,14,12,14,13,11,21,22,9,15,24,26,39,41,30,24,18,14,10,8,6,6,6,8,8,4,6,8,6,8,10,9,9,16,6,4,4,8,28,25,15,20,19,22,16,15,6,8,8,4,10,6,3,2,4,4,4,6,20,20,2,2,0,4,4,4,6,3,4
000153.bin,conv4,8,5x200x176,0,100,KittiDataset.__getitem__,True,kitti,15000,176000,5757,0.03271022727272727,0.9672897727272727,0,0,0,0,0,0,0,0,0,6,6,4,6,12,30,44,65,74,78,80,82,81,80,85,85,82,90,98,86,83,83,85,80,78,81,76,73,80,81,80,78,79,80,84,85,52,80,79,69,71,63,61,82,77,44,76,79,59,64,82,85,59,65,66,71,70,63,50,56,46,54,47,20,22,35,34,27,40,26,14,16,12,24,33,33,46,42,12,10,18,21,21,22,26,38,40,24,52,51,33,32,22,14,16,28,41,37,27,28,23,18,15,19,14,14,8,6,8,8,15,19,21,12,31,37,20,4,8,8,9,0,4,6,10,19,16,14,13,8,5,2,0,2,2,0,4,6,4,0,0,0,0,0,0,0,0,0,0,0,0,0,0,0,0,0,0,0,0,4,4,4,8,20,14,4,0
000154.bin,conv4,8,5x200x176,0,100,KittiDataset.__getitem__,True,kitti,15000,176000,8939,0.050789772727272725,0.9492102272727273,0,0,0,0,0,0,0,0,0,0,0,0,0,0,4,54,58,62,66,68,74,78,80,84,92,94,96,94,94,98,102,111,115,120,122,127,122,127,126,131,129,122,104,108,109,107,104,95,74,134,118,61,73,121,108,60,102,99,41,28,50,79,102,84,34,36,53,116,122,82,63,62,57,47,70,72,58,68,52,16,46,77,70,47,68,77,68,70,52,47,56,67,55,51,47,43,57,60,64,67,59,42,31,40,42,54,42,18,6,21,21,21,26,26,28,28,54,60,47,50,70,77,70,58,57,46,33,20,18,24,26,23,26,27,18,16,30,30,20,28,26,33,41,27,22,22,28,35,21,10,30,26,6,4,16,23,29,42,30,16,25,27,23,17,23,20,14,8,4,8,8,0,0,10,11,13
000155.bin,conv4,8,5x200x176,0,100,KittiDataset.__getitem__,True,kitti,15000,176000,10893,0.061892045454545457,0.9381079545454546,0,0,0,0,0,0,0,0,0,0,0,0,0,6,10,26,49,61,62,67,68,65,62,63,71,70,73,78,78,66,89,90,89,87,92,92,104,115,115,110,105,97,91,103,101,97,112,105,64,84,110,109,82,77,95,117,108,102,106,105,112,126,119,97,106,97,85,80,113,124,123,108,87,70,65,79,114,115,78,57,38,47,48,60,80,87,79,67,48,66,64,49,44,58,59,88,112,108,81,86,83,73,111,138,158,160,149,145,133,116,100,95,86,107,129,142,109,93,102,98,69,53,26,35,35,23,17,25,28,30,33,12,1,20,41,44,40,45,49,42,26,40,38,27,21,14,9,15,16,6,4,2,10,9,24,16,15,13,4,6,18,30,45,51,35,18,12,11,5,8,8,14,27,25,10,14
000156.bin,conv4,8,5x200x176,0,100,KittiDataset.__getitem__,True,kitti,15000,176000,3189,0.01811931818181818,0.9818806818181818,0,0,0,0,0,0,0,0,0,0,0,0,0,17,18,17,16,22,39,56,70,72,80,80,91,104,113,115,126,147,156,150,153,129,124,126,122,124,104,94,94,41,32,30,106,107,86,47,12,4,4,4,4,4,4,4,4,0,0,0,0,0,0,0,4,6,4,0,0,0,0,10,12,6,0,0,0,0,0,6,6,0,2,2,0,0,0,0,0,4,4,0,0,0,0,0,0,4,4,0,6,6,0,0,0,0,0,0,0,0,0,0,0,0,4,6,4,0,0,0,0,0,0,4,4,0,0,2,3,2,0,0,0,0,0,0,0,0,0,0,4,4,0,0,0,0,0,0,4,6,4,0,0,0,0,0,0,0,0,0,0,0,0,0,0,0,0,0,0,0,0,0,0,0,0,0
000157.bin,conv4,8,5x200x176,0,100,KittiDataset.__getitem__,True,kitti,15000,176000,7260,0.04125,0.95875,0,0,0,0,0,0,0,0,0,0,0,0,0,0,4,16,25,42,49,57,68,86,97,91,86,82,81,72,66,70,70,72,97,102,100,103,102,94,88,86,82,84,76,81,68,97,97,40,39,76,68,57,48,53,63,49,61,67,87,70,65,82,65,61,80,62,29,49,42,62,106,106,89,80,100,105,115,83,62,40,55,57,44,48,41,33,40,31,39,43,42,51,49,45,35,52,58,50,58,62,56,51,41,47,77,70,67,71,54,27,17,12,10,15,17,5,0,11,25,23,20,21,21,21,20,30,35,27,24,26,32,20,10,14,16,21,34,25,6,10,7,4,4,10,8,4,7,13,12,7,26,30,22,19,27,31,23,22,18,28,24,20,17,12,9,9,0,0,0,0,8,9,4,2,4,6
000158.bin,conv4,8,5x200x176,0,100,KittiDataset.__getitem__,True,kitti,15000,176000,11447,0.06503977272727272,0.9349602272727273,0,0,0,0,0,0,0,0,0,0,0,0,0,0,0,54,60,66,68,74,72,76,83,88,91,90,88,92,92,102,104,110,114,116,118,122,122,128,130,138,143,135,119,114,126,114,100,114,98,100,112,98,94,108,96,74,96,140,134,86,105,143,119,67,60,62,90,118,100,52,46,62,83,90,74,65,87,104,105,94,106,106,79,62,68,74,82,83,90,103,99,84,92,89,92,88,73,88,108,91,100,91,46,47,48,60,57,51,55,56,69,79,71,71,84,79,86,79,57,51,37,37,30,26,42,39,39,34,43,54,62,63,55,61,45,31,33,32,32,36,34,25,31,30,21,17,37,47,34,22,36,45,43,56,60,59,78,75,55,52,37,26,23,22,26,40,38,24,14,12,6,15,26,19,8,4
000159.bin,conv4,8,5x200x176,0,100,KittiDataset.__getitem__,True,kitti,15000,176000,7213,0.040982954545454545,0.9590170454545455,0,0,0,0,0,0,0,0,0,0,0,0,5,10,11,40,56,58,62,65,69,65,64,71,73,77,78,80,84,98,102,104,111,113,98,103,103,115,120,120,121,121,111,105,72,96,110,109,106,82,82,96,57,29,40,64,40,54,66,46,24,33,65,94,92,72,78,84,98,88,63,40,52,68,78,77,82,120,150,134,137,134,107,78,45,25,29,29,36,54,53,43,43,36,37,36,39,38,32,43,53,44,32,24,18,16,18,12,8,13,14,17,15,7,0,4,15,26,20,16,4,12,13,6,4,2,4,9,4,4,0,8,8,14,16,14,16,8,0,0,0,4,4,4,0,0,0,0,0,0,0,0,10,26,25,8,7,16,16,8,8,12,8,6,11,18,15,6,14,14,9,5,5,6,2,0
000160.bin,conv4,8,5x200x176,0,100,KittiDataset.__getitem__,True,kitti,15000,176000,13319,0.07567613636363636,0.9243238636363637,0,0,0,0,0,0,0,0,0,0,0,0,0,0,6,10,42,58,69,70,65,70,70,76,79,83,82,93,95,99,90,101,107,106,112,104,111,119,116,128,127,129,143,137,134,156,153,151,141,151,146,148,131,123,132,128,117,136,141,131,112,95,101,108,122,126,123,138,164,159,145,139,159,148,164,156,130,110,126,147,136,110,109,97,98,92,82,95,109,129,141,146,148,141,127,77,58,74,89,88,81,85,70,92,99,76,59,64,55,70,76,66,66,76,79,73,66,79,91,75,47,49,63,61,51,49,54,62,66,63,67,51,44,35,41,40,56,59,65,66,47,40,43,62,97,84,45,37,43,36,30,30,26,22,24,16,16,22,16,10,8,27,23,20,20,20,22,20,16,8,14,14,8,8,4,20
000161.bin,conv4,8,5x200x176,0,100,KittiDataset.__getitem__,True,kitti,15000,176000,7835,0.044517045454545455,0.9554829545454545,0,0,0,0,0,0,0,0,0,8,10,10,6,8,10,30,39,52,62,64,73,76,74,68,70,73,77,98,103,99,107,108,110,117,117,108,110,112,104,97,100,97,99,92,101,105,90,97,90,103,113,104,88,91,95,94,95,98,96,84,85,105,105,93,85,84,67,75,68,57,53,60,62,88,79,66,66,45,45,39,49,54,56,45,43,39,54,91,99,65,45,52,72,79,43,32,44,49,44,37,50,52,28,40,30,26,16,13,7,11,9,10,22,23,24,22,30,42,28,27,33,24,11,7,15,19,12,15,16,13,12,4,0,13,16,12,16,8,6,6,10,7,0,8,8,0,0,7,12,16,17,17,6,2,2,6,6,0,0,7,21,29,34,47,47,37,16,10,3,3,0,10,12,10,6,0
000162.bin,conv4,8,5x200x176,0,100,KittiDataset.__getitem__,True,kitti,15000,176000,11718,0.06657954545454546,0.9334204545454545,0,0,0,0,0,0,0,0,0,0,0,0,8,12,12,24,34,44,58,68,72,82,92,96,96,86,90,92,90,96,102,105,108,112,112,116,115,117,121,115,126,145,140,118,140,143,128,117,122,142,153,163,161,137,108,92,109,130,114,112,110,93,83,101,99,108,127,138,130,123,116,123,119,92,80,101,104,103,128,145,127,91,87,90,100,111,100,94,91,98,103,92,84,70,65,63,58,44,54,68,66,62,76,71,73,71,48,48,52,52,56,63,56,64,64,50,56,63,58,61,54,47,65,50,28,36,60,65,46,45,21,16,41,53,38,28,12,31,42,40,41,42,43,41,40,35,40,37,40,36,17,19,15,14,18,18,12,25,36,30,23,20,18,15,19,27,29,23,21,20,13,15,10,17,15,18
000163.bin,conv4,8,5x200x176,0,100,KittiDataset.__getitem__,True,kitti,15000,176000,8030,0.045625,0.954375,0,0,0,0,0,0,0,0,0,0,0,0,0,0,0,12,28,40,48,76,80,84,86,88,94,108,107,99,84,100,105,102,108,111,113,112,113,130,123,123,137,144,158,155,136,146,138,117,127,107,92,108,92,88,131,119,129,120,89,72,74,82,98,74,63,40,64,76,72,81,74,73,73,84,64,72,60,36,41,50,51,33,35,64,88,67,61,48,47,63,62,50,37,48,75,76,53,49,50,68,59,44,34,36,52,30,15,11,4,10,10,11,13,13,47,50,18,2,0,2,2,2,1,0,4,4,0,0,0,19,20,6,6,18,27,36,30,15,10,17,23,20,20,18,8,0,0,2,2,2,2,0,0,0,0,10,10,6,6,2,2,8,6,10,8,9,9,0,2,2,0,0,0,0,5,5
000164.bin,conv4,8,5x200x176,0,100,KittiDataset.__getitem__,True,kitti,15000,176000,11417,0.06486931818181818,0.9351306818181818,0,0,0,0,0,0,0,0,0,0,0,0,0,0,12,20,30,40,56,68,72,74,80,84,88,88,92,94,97,96,102,112,111,109,109,109,112,114,124,134,132,120,131,128,127,123,112,132,126,126,130,138,143,137,133,132,135,129,122,116,132,149,130,96,82,84,108,115,108,102,93,99,104,100,94,100,88,78,108,111,95,89,79,98,105,104,93,96,74,92,88,80,93,94,101,74,57,70,66,51,49,77,83,98,96,79,64,53,54,47,57,62,69,80,55,48,57,51,61,55,66,70,68,58,51,50,45,24,20,18,33,39,46,39,42,43,35,22,27,32,34,37,38,26,26,20,18,24,41,44,27,26,24,21,22,31,33,33,18,2,4,4,10,10,8,4,4,12,14,21,21,10,10,18,14,6
000165.bin,conv4,8,5x200x176,0,100,KittiDataset.__getitem__,True,kitti,15000,176000,6902,0.03921590909090909,0.9607840909090909,0,0,0,0,0,0,0,0,4,6,10,13,17,27,26,55,62,71,76,83,90,80,70,73,80,73,70,72,70,80,78,82,76,76,87,95,98,105,94,92,92,70,62,74,70,38,84,88,76,100,79,61,67,69,70,72,86,108,95,104,104,62,50,27,77,97,70,48,77,122,150,157,146,117,116,83,76,71,67,58,55,43,35,45,35,44,59,52,40,38,32,25,29,31,32,36,27,20,16,16,19,34,33,33,25,29,28,30,28,19,23,25,20,12,0,3,6,8,5,2,5,7,15,15,25,25,19,10,16,19,31,28,16,16,8,14,15,13,15,11,6,6,2,2,8,4,0,4,6,6,4,0,4,4,0,0,0,0,0,0,0,0,0,0,0,0,0,0,0,0,0,0,0,0,0,0
000166.bin,conv4,8,5x200x176,0,100,KittiDataset.__getitem__,True,kitti,15000,176000,11054,0.06280681818181819,0.9371931818181818,0,0,0,0,0,0,0,0,0,0,0,0,0,0,12,20,30,42,60,70,74,76,80,82,82,86,90,90,92,95,102,100,108,108,110,108,117,131,130,129,130,133,133,138,126,142,142,146,142,132,124,116,109,137,145,132,103,114,109,110,113,113,121,117,120,138,123,106,103,83,82,93,106,101,96,84,80,93,95,106,109,115,97,101,84,63,67,81,94,70,64,54,48,57,63,54,53,64,68,61,71,71,54,36,31,38,48,47,46,54,62,64,72,60,64,79,89,86,78,52,40,44,44,49,42,48,46,36,34,53,73,66,45,40,31,41,45,47,36,28,17,22,28,28,36,35,47,39,30,22,18,20,27,26,20,12,12,25,18,14,11,7,0,0,4,4,10,14,12,13,14,12,8,8,14,10
000167.bin,conv4,8,5x200x176,0,100,KittiDataset.__getitem__,True,kitti,15000,176000,9325,0.05298295454545455,0.9470170454545455,0,0,0,0,0,0,0,0,0,0,0,0,0,4,14,45,57,60,66,67,72,72,74,74,79,80,82,88,91,79,86,87,96,103,105,102,96,92,92,99,96,101,97,93,84,95,86,74,108,98,94,88,72,68,99,96,78,74,80,72,62,68,112,119,83,72,65,74,91,94,76,68,59,71,87,76,61,62,67,67,54,73,111,76,64,69,66,80,59,42,43,70,81,48,73,65,61,54,75,75,61,65,96,119,112,75,60,46,41,33,30,29,32,43,46,56,63,74,64,52,64,80,84,56,63,54,57,43,23,23,23,17,25,27,18,27,29,30,26,35,47,46,40,29,20,14,28,20,14,18,18,21,13,13,11,15,15,8,11,11,7,12,10,8,10,6,14,18,19,26,26,16,10,18,14,10
000168.bin,conv4,8,5x200x176,0,100,KittiDataset.__getitem__,True,kitti,15000,176000,12274,0.06973863636363636,0.9302613636363637,0,0,0,0,0,0,0,0,0,0,0,0,0,0,0,34,58,60,64,67,68,72,76,80,84,84,92,92,87,94,93,104,108,107,114,128,123,113,118,127,126,128,142,135,133,112,116,115,116,115,118,129,130,100,92,107,117,103,79,118,148,145,126,118,106,85,118,108,91,92,67,51,58,60,74,84,73,61,53,67,88,93,86,91,104,125,120,101,113,103,93,85,78,77,79,80,84,71,55,53,41,38,32,35,24,18,40,66,58,40,32,44,77,77,38,22,12,24,37,46,66,93,97,112,81,68,74,53,58,75,121,154,147,123,75,69,79,76,81,61,51,45,32,23,35,43,53,80,92,84,73,79,92,63,40,34,39,27,30,46,58,50,53,36,37,51,36,29,34,26,22,14,6,17,16,22
000169.bin,conv4,8,5x200x176,0,100,KittiDataset.__getitem__,True,kitti,15000,176000,6703,0.03808522727272727,0.9619147727272728,0,0,0,0,0,0,0,0,0,0,0,0,15,23,28,56,63,62,62,70,67,65,63,60,65,74,72,61,91,59,54,59,61,62,57,50,52,56,59,61,61,75,94,118,125,105,90,81,84,93,107,103,120,119,93,95,97,72,56,40,47,48,54,54,55,58,34,16,20,17,17,34,51,40,34,25,23,18,37,41,20,16,9,5,2,20,30,29,44,63,38,20,53,70,70,61,79,68,57,53,61,50,38,31,30,29,24,29,24,20,14,17,15,26,45,46,46,46,37,19,29,28,24,25,29,32,30,34,36,45,48,52,39,37,49,46,29,20,15,17,33,31,14,4,12,8,0,0,4,4,0,6,10,11,26,31,18,13,18,18,10,17,9,6,12,19,4,6,6,4,14,13,10,10,4,2
000170.bin,conv4,8,5x200x176,0,100,KittiDataset.__getitem__,True,kitti,15000,176000,7438,0.04226136363636364,0.9577386363636363,0,0,0,0,0,0,0,0,0,0,0,0,0,0,0,0,0,0,8,16,20,35,54,70,101,110,116,119,119,119,125,124,127,121,114,112,107,104,104,105,102,98,99,99,97,94,82,100,96,86,100,91,81,103,93,71,81,97,82,80,102,100,62,57,69,76,91,78,70,74,73,81,88,65,61,56,53,58,60,67,58,55,47,48,40,49,53,72,44,35,36,31,21,25,41,53,38,22,34,33,23,10,11,16,16,13,30,38,34,40,43,23,17,17,17,15,12,18,27,34,40,27,23,18,22,28,25,29,30,16,20,21,18,22,23,23,25,26,23,18,20,18,21,12,8,0,0,4,9,12,14,11,10,10,10,8,8,15,18,14,14,16,19,16,14,8,4,9,9,4,9,10,5,2,4,4
000171.bin,conv4,8,5x200x176,0,100,KittiDataset.__getitem__,True,kitti,15000,176000,10883,0.06183522727272727,0.9381647727272727,0,0,0,0,0,0,0,0,0,0,0,0,0,0,0,0,30,35,33,39,46,57,71,70,74,63,59,59,68,81,78,75,93,101,96,104,101,109,107,94,113,119,106,119,113,101,110,126,90,94,145,141,80,50,104,162,115,66,132,118,80,71,90,103,109,121,113,118,123,91,81,120,119,127,96,95,97,98,98,109,112,116,112,93,80,66,60,66,50,56,75,82,87,81,74,67,58,54,64,77,86,88,86,90,85,79,61,48,52,61,54,62,72,48,53,58,70,93,80,60,42,61,52,47,54,59,61,49,52,43,56,74,60,55,60,71,54,24,14,24,18,4,10,14,12,22,23,22,19,26,32,42,50,56,40,37,30,22,20,14,22,28,36,44,30,14,20,22,22,40,44,28,22,14,18,32
000172.bin,conv4,8,5x200x176,0,100,KittiDataset.__getitem__,True,kitti,15000,176000,6685,0.03798295454545455,0.9620170454545455,0,0,0,0,0,0,0,6,6,8,12,12,10,10,10,34,48,54,61,65,67,73,80,77,76,92,89,93,84,77,70,71,73,74,82,94,99,107,103,99,111,101,89,78,74,63,73,64,62,61,78,95,106,56,61,85,71,45,51,40,57,61,44,53,67,64,63,79,79,78,81,69,53,77,84,66,34,46,64,50,46,54,50,47,59,56,50,40,54,60,53,47,35,30,39,39,46,30,36,48,43,49,40,34,35,33,24,15,11,11,9,18,32,41,33,29,33,26,29,31,23,22,14,21,23,27,19,16,16,32,34,18,8,9,7,8,10,9,5,2,4,11,10,18,20,8,5,5,4,5,1,0,0,0,0,0,0,10,15,2,0,0,0,0,0,0,0,0,0,0,0,0,0,0,0,0
000173.bin,conv4,8,5x200x176,0,100,KittiDataset.__getitem__,True,kitti,15000,176000,5393,0.030642045454545453,0.9693579545454546,0,0,0,0,0,0,0,6,8,12,13,24,21,22,35,48,55,51,55,66,65,73,81,75,77,85,82,74,75,81,85,84,91,88,96,101,109,108,91,84,76,81,83,77,83,70,59,70,69,63,67,77,78,67,63,61,52,48,45,56,47,33,36,34,29,30,28,36,44,45,38,32,39,28,35,30,29,35,31,35,33,37,25,44,43,48,39,24,14,12,12,16,24,25,17,18,16,22,28,34,35,35,21,11,12,13,16,18,18,18,28,21,12,12,12,6,4,4,4,0,0,0,6,8,12,12,8,6,12,14,20,23,26,16,12,25,24,16,10,7,7,8,4,8,4,4,4,4,4,0,4,6,6,6,9,6,4,3,2,0,0,0,0,8,10,6,4,8,4,4,4,4,0,0,0,0
000174.bin,conv4,8,5x200x176,0,100,KittiDataset.__getitem__,True,kitti,15000,176000,6757,0.038392045454545456,0.9616079545454546,0,0,0,0,0,0,0,0,0,0,0,0,0,0,0,4,8,12,17,27,31,41,63,74,79,83,85,94,97,103,107,110,113,112,115,112,118,111,110,113,114,111,108,99,100,106,100,103,96,95,108,105,95,94,90,94,77,62,65,71,61,53,52,59,56,52,57,61,61,72,66,58,56,52,45,48,50,53,39,26,23,31,39,62,62,63,78,67,67,62,49,49,31,39,47,41,38,27,27,28,35,38,32,25,29,22,15,8,14,20,25,24,16,12,17,18,12,15,17,16,8,8,10,19,25,21,18,12,6,4,4,4,2,2,6,16,18,15,9,5,20,18,21,23,25,22,29,20,12,4,0,4,4,0,4,10,9,2,4,0,0,2,2,4,4,8,15,16,14,0,0,0,0,0,0,0
000175.bin,conv4,8,5x200x176,0,100,KittiDataset.__getitem__,True,kitti,15000,176000,5982,0.03398863636363637,0.9660113636363636,0,0,0,0,0,0,0,0,6,6,4,0,10,17,24,27,29,35,42,53,52,52,51,49,49,49,48,47,51,55,44,66,79,87,80,69,65,64,60,72,72,65,73,73,78,76,70,75,84,92,83,73,93,98,71,49,55,59,38,44,65,78,76,67,64,66,65,73,70,75,67,53,28,18,17,30,105,109,93,52,43,39,40,48,48,36,22,19,21,32,26,29,25,48,55,44,18,14,14,16,14,16,26,34,24,28,27,11,6,6,12,16,13,14,22,19,21,20,27,39,28,16,13,15,20,14,11,10,6,8,12,12,8,16,26,26,37,28,20,23,18,8,2,4,10,14,12,4,4,6,6,0,15,30,50,30,14,16,14,17,24,16,22,12,17,14,0,5,5,0,12,14,10,14,12,16
000176.bin,conv4,8,5x200x176,0,100,KittiDataset.__getitem__,True,kitti,15000,176000,5759,0.03272159090909091,0.9672784090909091,0,0,0,0,0,0,6,6,6,8,10,14,21,15,15,20,19,41,41,60,63,64,56,48,44,47,49,73,85,88,84,98,102,100,106,108,108,110,104,91,96,90,84,84,68,74,66,85,84,73,90,88,68,73,94,88,59,51,50,53,41,40,47,44,43,35,39,33,58,76,76,71,58,40,42,60,55,43,30,32,36,38,43,36,34,33,27,21,8,7,12,36,42,32,26,14,14,14,21,27,24,34,31,26,12,21,20,14,13,11,14,27,28,28,33,22,14,14,14,15,38,33,13,4,9,12,19,19,21,24,17,15,10,6,4,4,4,4,8,8,10,10,8,8,8,6,0,0,6,8,8,4,10,14,14,11,13,8,4,2,0,0,0,0,0,2,4,2,0,0,0,0,0,0,0,0
000177.bin,conv4,8,5x200x176,0,100,KittiDataset.__getitem__,True,kitti,15000,176000,8593,0.04882386363636364,0.9511761363636364,0,0,0,0,0,0,0,0,0,0,0,0,0,0,4,24,31,39,47,59,75,77,80,85,84,86,90,94,102,98,109,113,115,117,124,122,131,136,128,122,121,129,119,113,120,123,110,112,99,92,108,109,123,141,130,118,121,133,117,94,98,90,112,112,101,65,69,57,32,57,89,91,71,86,78,70,55,57,56,51,55,38,13,19,18,25,56,66,65,59,48,18,30,42,49,51,66,64,83,87,68,64,57,71,68,57,39,43,47,52,47,32,21,31,20,13,16,8,2,4,12,15,15,8,6,8,18,15,10,6,0,12,22,18,10,0,15,23,18,33,30,16,12,10,8,19,16,10,19,31,25,13,10,20,27,24,10,12,8,4,18,20,16,12,8,6,10,10,8,17,17,6,8,4,4,8
000178.bin,conv4,8,5x200x176,0,100,KittiDataset.__getitem__,True,kitti,15000,176000,7284,0.04138636363636364,0.9586136363636364,0,0,0,0,0,0,0,4,6,6,10,12,10,6,6,28,44,57,60,61,58,63,62,64,67,68,68,68,66,63,70,62,62,63,65,73,73,84,93,91,91,92,88,72,68,74,85,73,81,82,69,76,82,61,45,63,91,77,99,102,70,73,98,96,73,57,44,57,62,78,76,58,67,52,41,76,77,75,98,99,44,28,18,24,65,66,51,55,41,44,36,26,24,30,48,74,65,40,40,41,43,63,54,12,6,2,13,61,73,45,43,56,72,71,65,50,44,28,21,18,22,20,34,35,30,34,29,30,27,11,44,61,27,15,9,25,31,18,14,13,8,6,4,2,4,16,12,14,12,8,12,14,18,4,4,22,20,16,4,12,16,8,4,10,14,13,10,12,13,4,8,8,8,8,9,7
000179.bin,conv4,8,5x200x176,0,100,KittiDataset.__getitem__,True,kitti,15000,176000,10663,0.06058522727272727,0.9394147727272727,0,0,0,0,0,0,0,0,0,0,0,0,0,4,6,8,18,26,36,52,70,72,76,84,86,88,94,96,92,98,98,98,102,108,110,114,118,116,120,127,135,137,140,144,156,154,126,164,164,137,147,130,96,126,142,133,114,155,168,139,111,149,130,103,101,111,109,157,168,114,119,109,88,108,123,100,95,94,78,84,83,106,91,58,54,58,69,68,64,84,86,85,66,47,53,49,58,49,50,55,71,79,83,73,56,34,30,23,30,33,33,33,30,25,32,52,70,87,86,67,61,46,35,40,40,34,33,40,37,16,26,21,14,32,28,20,20,23,37,40,17,18,18,18,8,16,15,7,12,13,10,10,14,18,14,11,16,15,13,9,13,19,15,13,9,13,10,12,25,25,19,17,7,6,6,4
000180.bin,conv4,8,5x200x176,0,100,KittiDataset.__getitem__,True,kitti,15000,176000,9634,0.054738636363636364,0.9452613636363636,0,0,0,0,0,0,0,0,0,0,0,0,0,8,21,27,30,38,48,64,73,77,78,78,78,83,84,88,87,80,99,106,110,117,118,111,103,103,101,99,81,94,101,108,97,101,124,108,93,105,109,108,108,104,116,98,119,103,100,98,94,90,97,103,104,100,94,98,78,85,103,98,99,99,101,141,140,98,72,47,48,49,39,64,75,68,75,89,78,60,52,56,59,70,82,91,78,79,82,67,47,44,48,64,56,50,32,30,22,18,14,20,27,28,25,41,41,42,41,23,32,29,16,16,17,15,32,36,31,28,26,17,15,23,25,16,14,9,9,8,18,19,27,18,21,87,115,75,19,20,18,16,27,26,25,48,51,26,28,34,26,20,18,20,24,26,25,14,13,12,21,33,22,4,10,15
000181.bin,conv4,8,5x200x176,0,100,KittiDataset.__getitem__,True,kitti,15000,176000,7228,0.041068181818181816,0.9589318181818182,0,0,0,0,0,0,0,0,0,0,0,15,17,14,13,45,48,54,55,59,58,60,67,77,84,82,81,79,64,56,57,95,90,58,58,62,86,88,78,96,93,75,76,91,96,102,90,70,97,89,88,90,88,71,75,90,94,71,66,85,92,62,57,87,92,62,62,50,34,36,43,29,21,37,51,42,36,36,60,61,33,20,26,37,40,56,47,28,16,20,30,32,40,50,71,94,89,73,31,17,12,11,18,24,27,59,59,24,26,16,10,7,5,1,1,7,25,47,39,36,40,42,63,105,95,62,42,37,47,42,20,22,43,25,4,14,24,32,28,22,25,30,24,32,35,24,39,39,30,21,29,21,11,14,12,4,4,0,6,19,21,8,9,10,12,12,27,22,10,6,6,2,0,0,4,4
000182.bin,conv4,8,5x200x176,0,100,KittiDataset.__getitem__,True,kitti,15000,176000,5010,0.02846590909090909,0.9715340909090909,0,0,0,0,0,0,0,0,0,11,16,18,16,19,33,47,51,51,68,60,55,61,63,71,66,65,57,53,79,87,82,93,107,112,113,117,114,108,104,90,76,62,53,37,48,64,85,92,56,52,59,65,84,88,53,44,58,58,49,43,27,36,32,20,36,64,58,19,17,13,7,4,18,36,36,18,16,8,16,16,22,22,25,21,14,10,7,10,10,6,10,8,24,49,63,78,73,73,62,42,32,37,37,19,19,19,15,6,8,28,33,26,22,31,43,36,26,23,16,23,22,14,4,5,4,0,0,0,0,0,0,0,0,0,0,0,0,0,0,0,0,0,0,0,0,0,0,0,0,0,0,0,0,0,0,0,0,0,0,0,0,0,8,9,6,0,0,0,0,0,0,0,0,0,0,0
000183.bin,conv4,8,5x200x176,0,100,KittiDataset.__getitem__,True,kitti,15000,176000,5381,0.030573863636363635,0.9694261363636364,0,0,0,0,0,0,6,6,8,8,8,10,10,8,9,22,34,48,62,72,72,72,59,62,65,92,96,92,96,87,76,66,63,66,58,58,70,69,62,54,64,71,69,73,73,98,88,110,108,83,97,82,59,48,50,43,35,48,60,39,56,59,43,35,27,38,56,56,44,34,31,30,38,43,40,28,28,20,19,22,20,36,50,28,26,24,16,16,16,16,18,36,40,30,22,22,18,16,18,14,21,30,36,42,36,30,26,25,18,17,19,18,15,22,21,39,34,32,16,8,22,30,14,12,14,18,19,15,8,4,4,0,0,4,4,4,6,4,8,18,11,13,16,11,11,8,6,10,14,8,7,11,18,18,24,24,21,0,2,2,0,0,8,8,4,8,8,0,0,8,8,4,0,2,2,0
000184.bin,conv4,8,5x200x176,0,100,KittiDataset.__getitem__,True,kitti,15000,176000,8572,0.04870454545454545,0.9512954545454545,0,0,0,0,0,0,0,0,0,0,0,0,0,10,12,14,19,27,33,58,74,76,82,77,79,78,81,84,96,88,101,95,94,93,107,108,113,111,114,117,129,139,121,119,90,115,106,78,102,110,91,80,67,94,116,95,77,89,94,98,102,118,106,97,122,104,69,57,64,58,67,70,73,60,48,52,47,46,46,47,38,38,49,55,42,63,87,59,57,62,52,38,51,85,88,63,40,48,47,45,32,42,46,45,43,36,30,44,50,44,39,39,39,29,26,20,26,36,55,77,76,58,44,30,21,23,23,26,23,26,18,15,19,24,26,26,16,17,16,13,16,17,23,25,24,15,22,26,15,9,6,12,18,21,12,12,32,48,50,37,19,18,17,20,17,9,16,13,4,14,15,2,4,4,7,4
000185.bin,conv4,8,5x200x176,0,100,KittiDataset.__getitem__,True,kitti,15000,176000,5586,0.031738636363636365,0.9682613636363636,0,0,0,0,0,0,0,4,4,9,12,14,23,22,17,26,33,54,64,66,83,87,92,88,80,76,76,85,84,87,57,46,60,64,65,63,72,84,86,75,73,76,74,101,90,77,75,55,62,86,95,66,61,61,60,50,26,36,45,49,63,42,40,38,34,37,35,36,35,32,40,32,36,43,37,41,41,39,33,25,22,13,25,48,46,53,45,34,26,29,21,25,30,30,27,32,30,28,24,24,34,37,40,44,39,22,13,4,10,8,16,15,19,16,12,13,14,8,8,6,8,6,0,0,6,10,18,20,24,24,24,20,1,0,0,0,0,0,2,6,8,5,5,0,0,0,0,0,0,0,0,0,0,0,0,0,4,21,34,24,19,22,22,36,45,39,35,32,23,28,31,23,14,14,8,0
000186.bin,conv4,8,5x200x176,0,100,KittiDataset.__getitem__,True,kitti,15000,176000,8907,0.050607954545454546,0.9493920454545455,0,0,0,0,0,0,0,4,6,10,10,14,14,6,6,40,47,47,52,54,54,62,62,64,63,63,64,62,62,76,82,82,86,92,96,100,100,104,114,120,120,103,115,115,112,91,76,116,108,78,114,124,113,152,153,110,143,182,206,188,148,149,149,123,89,81,95,117,137,133,230,217,207,165,114,68,55,58,47,47,54,68,72,58,42,16,8,0,0,6,18,54,58,14,26,39,36,38,27,16,20,46,34,10,32,34,14,0,0,0,0,6,14,20,18,18,28,24,17,17,16,16,14,8,10,14,16,16,4,4,16,24,19,12,4,16,16,12,4,0,6,6,0,0,0,0,0,4,50,47,4,0,0,0,0,10,30,28,40,41,37,12,0,0,0,0,0,0,0,0,4,40,65,83,116,175
000187.bin,conv4,8,5x200x176,0,100,KittiDataset.__getitem__,True,kitti,15000,176000,11339,0.06442613636363637,0.9355738636363636,0,0,0,0,0,0,0,0,0,0,0,0,0,0,0,0,4,10,26,37,61,78,80,83,88,89,92,98,100,89,109,111,107,119,125,131,136,132,110,109,107,141,157,159,154,152,122,83,97,118,99,121,144,102,79,114,122,83,67,78,132,128,75,100,156,174,135,135,134,141,168,172,150,123,106,95,97,106,101,76,72,80,87,85,90,82,88,108,105,68,60,55,78,86,65,76,85,77,105,123,102,108,99,100,93,72,58,57,69,71,81,81,64,52,55,60,66,71,74,82,81,53,60,53,41,45,46,46,42,41,29,23,15,21,32,31,34,30,34,27,24,22,29,21,14,13,15,19,37,37,28,22,21,4,13,19,10,9,17,8,0,2,6,0,2,2,0,4,12,8,0,4,8,0,4,4
000188.bin,conv4,8,5x200x176,0,100,KittiDataset.__getitem__,True,kitti,15000,176000,5174,0.029397727272727273,0.9706022727272727,0,0,0,0,0,0,0,0,0,0,0,0,0,0,0,4,10,19,26,45,62,73,77,80,84,96,93,98,104,102,99,91,84,78,76,69,70,71,73,75,86,85,71,75,64,75,74,53,65,91,68,46,61,68,46,69,79,91,91,76,50,36,26,27,38,40,39,36,37,43,49,43,29,23,22,20,20,36,42,28,31,41,50,42,46,38,35,32,29,22,24,14,16,13,13,10,18,24,29,38,25,14,20,21,22,18,18,19,14,14,18,28,32,28,24,17,14,10,13,16,18,4,2,6,4,2,4,8,8,6,9,15,9,10,16,12,15,10,10,2,2,2,1,0,0,2,2,0,0,0,2,2,0,0,0,18,22,22,16,0,2,6,4,4,4,8,8,2,4,6,6,8,4,4,8,8
000189.bin,conv4,8,5x200x176,0,100,KittiDataset.__getitem__,True,kitti,15000,176000,5624,0.03195454545454546,0.9680454545454545,0,0,0,0,4,6,6,6,8,8,15,20,19,14,32,50,60,58,52,60,63,65,71,77,80,79,84,90,90,94,90,90,98,98,97,104,105,113,116,118,109,109,108,102,94,95,83,61,87,91,67,154,190,130,110,97,70,46,83,83,59,43,23,52,68,59,52,39,52,61,63,60,45,36,57,60,49,41,21,13,12,16,24,24,22,30,18,8,12,13,15,14,15,23,22,9,16,17,19,35,39,20,16,13,4,2,0,0,0,0,0,2,2,0,0,0,0,0,0,0,0,0,0,0,0,0,0,0,0,0,0,0,0,0,0,0,0,0,0,0,0,0,0,0,0,0,0,0,0,0,0,0,0,0,0,0,0,0,0,0,0,0,0,0,0,0,0,0,0,0,0,0,0,0,0,0
000190.bin,conv4,8,5x200x176,0,100,KittiDataset.__getitem__,True,kitti,15000,176000,4444,0.02525,0.97475,0,0,0,0,0,6,6,6,0,0,4,8,8,9,30,53,61,72,71,70,74,82,83,85,80,81,88,84,84,94,99,103,94,84,71,80,69,68,67,88,85,75,72,82,89,71,72,74,71,60,59,57,63,57,54,55,44,36,42,33,28,16,18,36,39,15,8,22,28,19,21,21,6,21,21,15,17,10,24,28,4,6,10,12,12,21,35,30,14,10,10,4,18,20,15,13,27,27,17,20,9,2,0,0,0,3,12,22,28,25,24,24,14,17,18,8,6,4,2,2,2,2,6,8,2,0,8,20,20,2,0,18,22,13,12,9,2,0,0,8,8,7,0,0,0,0,0,0,0,0,2,2,0,0,0,0,0,0,0,0,0,0,0,0,0,0,0,0,0,0,0,0,0,0,0,0
000191.bin,conv4,8,5x200x176,0,100,KittiDataset.__getitem__,True,kitti,15000,176000,8048,0.04572727272727273,0.9542727272727273,0,0,0,0,0,0,0,0,4,6,8,13,13,9,12,12,16,29,43,60,81,87,90,87,94,97,99,98,94,95,98,102,113,115,123,128,128,124,121,119,119,107,102,102,100,90,81,90,85,58,83,89,70,75,96,82,61,60,81,77,65,61,79,88,94,70,79,82,70,42,41,55,58,61,75,59,42,49,39,49,67,66,52,16,31,30,38,60,57,68,56,50,38,30,36,32,22,33,33,25,9,19,23,26,19,17,12,17,35,54,44,32,23,18,28,36,41,43,54,43,45,38,20,20,32,38,22,23,23,35,32,29,26,33,39,41,38,36,42,40,21,21,24,18,20,20,16,29,35,35,30,25,23,15,4,18,21,25,27,28,20,23,26,20,13,16,12,16,19,23,20,4,4,4,4,0
000192.bin,conv4,8,5x200x176,0,100,KittiDataset.__getitem__,True,kitti,15000,176000,5768,0.03277272727272727,0.9672272727272727,0,0,0,0,0,0,0,0,0,0,0,0,8,8,6,12,18,32,39,55,69,77,80,75,70,75,88,99,104,93,85,93,102,100,100,101,99,96,97,95,80,78,67,66,65,73,65,63,68,58,49,57,49,46,68,78,72,58,73,81,70,56,61,69,71,71,60,50,56,51,45,35,33,34,23,24,50,43,27,28,28,23,26,29,40,38,24,27,26,31,30,38,49,52,66,52,38,25,25,36,28,4,6,4,4,0,10,17,18,13,15,26,16,4,9,23,26,28,24,14,14,10,12,18,16,8,11,17,12,4,8,12,15,6,4,10,10,9,20,18,16,15,21,20,20,15,5,8,8,5,6,6,4,2,8,6,2,2,2,0,0,8,5,12,14,10,5,5,4,10,7,12,10,4,6,12
000193.bin,conv4,8,5x200x176,0,100,KittiDataset.__getitem__,True,kitti,15000,176000,3343,0.01899431818181818,0.9810056818181818,0,0,0,0,0,0,0,0,0,0,0,0,0,15,18,15,8,17,31,37,50,64,74,80,89,99,105,108,123,142,148,159,159,144,142,142,147,142,120,95,96,56,55,46,104,112,87,49,16,8,4,15,15,10,10,14,14,6,0,0,0,0,0,8,10,12,8,0,0,0,0,10,14,6,0,0,0,0,4,10,6,0,0,0,0,0,0,0,0,4,4,0,0,0,0,0,0,0,0,0,5,5,0,0,0,0,0,0,0,0,0,0,0,0,4,6,6,0,0,0,0,0,0,4,4,0,0,2,3,2,0,0,0,0,0,0,0,0,0,0,4,4,0,0,0,0,0,0,0,4,4,0,0,0,0,0,0,0,0,0,0,0,0,0,0,0,0,0,0,0,0,0,0,0,0,0
000194.bin,conv4,8,5x200x176,0,100,KittiDataset.__getitem__,True,kitti,15000,176000,8497,0.048278409090909094,0.9517215909090909,0,0,0,0,0,0,0,0,0,0,0,0,6,12,13,32,34,35,48,66,70,70,76,80,84,90,94,94,94,102,102,105,105,112,113,114,121,124,122,133,127,120,124,120,115,104,105,124,118,123,144,126,109,109,118,128,112,99,107,104,115,89,79,95,100,92,79,58,56,52,49,51,85,102,83,50,60,60,71,77,88,85,63,56,76,78,101,91,63,47,56,64,41,52,56,16,10,4,0,0,0,12,30,59,68,51,36,29,32,32,21,15,8,6,13,26,20,26,18,4,16,18,8,4,0,4,8,8,4,4,10,20,23,26,24,18,25,29,24,23,21,9,4,0,10,12,8,10,18,22,38,38,34,26,22,20,20,19,12,15,24,14,12,4,14,10,8,8,10,8,8,12,24,18,20,6
000195.bin,conv4,8,5x200x176,0,100,KittiDataset.__getitem__,True,kitti,15000,176000,10163,0.05774431818181818,0.9422556818181819,0,0,0,0,0,0,0,0,0,0,0,0,0,0,4,27,50,56,58,58,64,69,71,75,75,77,78,82,80,82,79,92,91,105,112,109,105,103,95,92,100,96,92,102,92,81,89,94,92,78,84,85,98,87,82,92,85,74,84,95,102,101,98,100,109,95,72,69,62,75,84,90,74,70,90,110,112,115,126,143,137,136,171,164,112,111,106,89,106,109,89,81,73,69,66,57,68,72,57,51,66,66,48,49,55,57,60,71,74,78,53,47,52,54,52,62,64,59,40,29,32,34,35,33,44,42,48,33,33,39,33,24,20,24,30,22,25,31,27,42,42,25,31,33,37,40,44,30,29,17,18,24,21,14,13,22,22,18,12,12,9,12,16,14,17,29,31,18,20,24,26,14,15,15,9,11
000196.bin,conv4,8,5x200x176,0,100,KittiDataset.__getitem__,True,kitti,15000,176000,6367,0.03617613636363636,0.9638238636363636,0,0,0,0,0,0,0,0,4,10,18,26,23,28,31,35,42,48,50,56,58,55,51,54,60,59,70,68,71,68,73,90,93,96,96,87,87,81,78,79,86,90,102,101,98,100,93,102,98,77,70,66,53,52,43,46,50,42,51,55,51,38,42,43,48,52,50,44,40,38,33,49,51,50,68,85,85,64,51,50,45,41,34,48,60,62,45,28,32,28,31,27,19,19,27,33,31,29,20,16,19,17,22,24,24,16,15,17,18,26,24,11,11,12,17,17,15,11,12,10,12,16,14,14,8,11,13,6,24,30,14,4,8,14,16,18,17,35,40,28,18,13,10,10,4,30,36,26,28,18,22,24,33,30,30,40,41,47,46,40,38,21,6,8,4,0,0,4,7,0,2,8,6,4,3,3
000197.bin,conv4,8,5x200x176,0,100,KittiDataset.__getitem__,True,kitti,15000,176000,7739,0.04397159090909091,0.9560284090909091,0,0,0,0,0,0,0,0,0,0,0,0,0,4,10,12,20,45,67,73,77,77,79,72,78,78,83,91,104,100,111,116,110,102,97,103,111,111,103,103,100,105,107,81,92,105,99,96,71,75,84,69,63,63,51,46,83,96,72,88,92,77,88,86,93,78,64,49,56,53,54,75,70,49,44,49,51,50,49,52,51,39,36,26,20,36,40,45,49,55,47,47,38,31,27,40,39,31,27,26,26,35,43,42,40,37,54,66,63,89,92,95,78,25,23,21,12,10,0,0,0,4,4,10,38,48,28,18,30,36,45,41,10,10,0,8,12,52,56,29,10,4,6,16,24,45,36,39,35,13,42,40,18,33,18,12,12,12,14,6,19,20,16,13,8,0,1,10,21,16,4,8,8,0,8,10
000198.bin,conv4,8,5x200x176,0,100,KittiDataset.__getitem__,True,kitti,15000,176000,6007,0.03413068181818182,0.9658693181818182,0,0,0,0,0,0,0,0,0,0,0,0,4,4,0,0,0,0,8,15,21,33,67,73,81,83,89,94,104,102,117,108,137,136,131,104,102,102,105,102,99,101,104,122,130,112,136,156,126,61,73,73,56,35,54,61,50,42,53,59,67,58,63,75,69,39,18,18,26,43,48,32,25,35,30,28,26,29,21,27,32,37,43,43,71,57,16,16,14,12,31,35,30,32,34,29,41,64,74,70,50,64,112,106,86,59,47,15,5,0,0,0,121,121,15,2,2,2,2,0,0,2,2,0,0,6,5,0,0,0,0,0,0,0,0,0,0,0,0,0,0,0,0,0,0,0,0,0,0,0,0,0,0,0,0,0,0,0,0,0,0,0,0,0,0,0,0,0,0,0,0,0,0,0,0,0
000199.bin,conv4,8,5x200x176,0,100,KittiDataset.__getitem__,True,kitti,15000,176000,3334,0.018943181818181817,0.9810568181818182,0,0,0,0,0,0,0,0,0,0,0,0,0,17,18,15,8,17,25,44,53,69,76,78,88,98,104,108,119,142,150,161,166,140,132,151,146,139,110,88,92,52,57,43,102,105,96,52,20,6,8,15,15,10,10,16,14,6,2,2,0,0,0,4,6,10,10,0,0,0,4,14,12,6,0,0,4,4,0,10,10,0,0,0,0,0,0,0,0,0,0,0,0,0,0,0,0,4,4,0,5,5,0,0,0,0,0,0,0,0,0,0,0,0,0,4,4,0,0,0,0,0,0,4,4,0,0,2,3,2,0,0,0,0,0,0,0,0,0,0,4,4,0,0,0,0,0,0,0,3,3,0,0,0,0,0,0,0,0,0,0,0,0,0,0,0,0,0,0,0,0,0,0,0,0,0
MEAN_200_frames,conv4,8,5x200x176,0,100,KittiDataset.__getitem__,True,kitti,15000,176000,7872.3850,0.04472946022727273,0.9552705397727271,0.0000,0.0000,0.0000,0.0000,0.0400,0.0900,0.3200,0.9350,1.3050,2.2700,3.1800,4.2450,6.0450,9.7200,13.7450,27.4500,36.8950,45.4100,52.1350,58.4350,63.4950,68.2850,72.0100,74.9150,78.6100,81.7450,84.2100,86.7850,88.2950,90.1100,94.2000,97.8200,99.6600,100.2850,101.6200,103.0650,104.7750,105.1650,102.9900,102.4800,103.3400,100.0250,97.3850,95.9400,98.6500,99.1550,96.0100,92.8100,90.8450,88.6250,87.8350,87.8000,85.5700,82.7850,82.3200,81.2050,81.3350,80.3250,81.0750,79.1250,77.2750,76.5900,75.5700,73.1450,71.0800,67.6000,65.6950,67.1000,68.1400,67.4000,65.5050,64.2100,63.8350,63.6850,63.2950,62.7300,61.3950,60.6550,59.0750,57.5400,57.3050,57.3650,55.5200,55.4250,54.5800,52.7250,52.1000,50.8050,50.3400,50.6300,48.7900,49.1850,50.2050,48.7950,47.0650,45.8550,44.1000,43.9800,43.8200,44.0850,42.9150,41.4350,41.7900,42.6450,40.8450,37.6150,34.9500,34.2550,34.0850,33.5050,34.0800,33.7400,33.5050,33.1850,33.0700,31.8550,31.9050,31.9450,31.8000,30.7850,29.3700,28.6400,28.0200,27.7700,27.4400,26.5350,25.2450,24.9550,25.4750,25.0850,23.5950,22.9750,21.7800,22.0750,21.3350,20.6300,20.4350,20.3450,19.6200,19.8200,19.7100,17.9850,16.8650,16.3100,16.1050,16.2200,16.5700,16.6300,16.8200,16.1300,15.9400,15.3800,14.7700,14.0800,14.3550,14.3400,14.7850,15.0850,14.7850,14.0950,13.7050,12.4500,12.1150,11.6800,11.3350,11.8950,11.5100,10.7250,10.1600,9.8700,10.2000,10.6300,9.9750,9.5850,9.6000,9.8400
