2026-09-28 17:26:59,169   INFO  **********************Start HW-QAT logging**********************
2026-09-28 17:26:59,169   INFO  CUDA_VISIBLE_DEVICES=ALL
2026-09-28 17:26:59,169   INFO  Training in single-process mode
2026-09-28 17:26:59,169   INFO  cfg_file                 cfgs/kitti_models/voxel_rcnn_car_hw_qat.yaml
2026-09-28 17:26:59,169   INFO  batch_size               2
2026-09-28 17:26:59,169   INFO  epochs                   10
2026-09-28 17:26:59,169   INFO  workers                  4
2026-09-28 17:26:59,169   INFO  extra_tag                hw_qat_10ep
2026-09-28 17:26:59,169   INFO  ckpt                     None
2026-09-28 17:26:59,169   INFO  pretrained_model         ../models/voxel_rcnn_car_84.54.pth
2026-09-28 17:26:59,169   INFO  launcher                 none
2026-09-28 17:26:59,169   INFO  tcp_port                 18888
2026-09-28 17:26:59,169   INFO  sync_bn                  False
2026-09-28 17:26:59,169   INFO  fix_random_seed          False
2026-09-28 17:26:59,169   INFO  ckpt_save_interval       1
2026-09-28 17:26:59,169   INFO  local_rank               None
2026-09-28 17:26:59,170   INFO  max_ckpt_save_num        30
2026-09-28 17:26:59,170   INFO  merge_all_iters_to_one_epoch False
2026-09-28 17:26:59,170   INFO  set_cfgs                 None
2026-09-28 17:26:59,170   INFO  max_waiting_mins         0
2026-09-28 17:26:59,170   INFO  start_epoch              0
2026-09-28 17:26:59,170   INFO  num_epochs_to_eval       0
2026-09-28 17:26:59,170   INFO  save_to_file             False
2026-09-28 17:26:59,170   INFO  use_tqdm_to_record       False
2026-09-28 17:26:59,170   INFO  logger_iter_interval     50
2026-09-28 17:26:59,170   INFO  ckpt_save_time_interval  300
2026-09-28 17:26:59,170   INFO  wo_gpu_stat              False
2026-09-28 17:26:59,170   INFO  use_amp                  False
2026-09-28 17:26:59,170   INFO  hw_qat                   True
2026-09-28 17:26:59,170   INFO  activation_quant         signed_symmetric
2026-09-28 17:26:59,170   INFO  weight_quant             per_channel
2026-09-28 17:26:59,170   INFO  observer                 max
2026-09-28 17:26:59,170   INFO  observer_momentum        0.95
2026-09-28 17:26:59,170   INFO  freeze_observer_epoch    -1
2026-09-28 17:26:59,170   INFO  export_qparams           True
2026-09-28 17:26:59,170   INFO  cfg.ROOT_DIR: /home/vipuser/桌面/OpenPCDet
2026-09-28 17:26:59,170   INFO  cfg.LOCAL_RANK: 0
2026-09-28 17:26:59,170   INFO  cfg.CLASS_NAMES: ['Car']
2026-09-28 17:26:59,170   INFO  ----------- DATA_CONFIG -----------
2026-09-28 17:26:59,170   INFO  cfg.DATA_CONFIG.DATASET: KittiDataset
2026-09-28 17:26:59,170   INFO  cfg.DATA_CONFIG.DATA_PATH: ../data/kitti
2026-09-28 17:26:59,170   INFO  cfg.DATA_CONFIG.POINT_CLOUD_RANGE: [0, -40, -3, 70.4, 40, 1]
2026-09-28 17:26:59,171   INFO  ----------- DATA_SPLIT -----------
2026-09-28 17:26:59,171   INFO  cfg.DATA_CONFIG.DATA_SPLIT.train: train
2026-09-28 17:26:59,171   INFO  cfg.DATA_CONFIG.DATA_SPLIT.test: val
2026-09-28 17:26:59,171   INFO  ----------- INFO_PATH -----------
2026-09-28 17:26:59,171   INFO  cfg.DATA_CONFIG.INFO_PATH.train: ['kitti_infos_train.pkl']
2026-09-28 17:26:59,171   INFO  cfg.DATA_CONFIG.INFO_PATH.test: ['kitti_infos_val.pkl']
2026-09-28 17:26:59,171   INFO  cfg.DATA_CONFIG.GET_ITEM_LIST: ['points']
2026-09-28 17:26:59,171   INFO  cfg.DATA_CONFIG.FOV_POINTS_ONLY: True
2026-09-28 17:26:59,171   INFO  ----------- DATA_AUGMENTOR -----------
2026-09-28 17:26:59,171   INFO  cfg.DATA_CONFIG.DATA_AUGMENTOR.DISABLE_AUG_LIST: ['placeholder']
2026-09-28 17:26:59,171   INFO  cfg.DATA_CONFIG.DATA_AUGMENTOR.AUG_CONFIG_LIST: [{'NAME': 'gt_sampling', 'USE_ROAD_PLANE': True, 'DB_INFO_PATH': ['kitti_dbinfos_train.pkl'], 'PREPARE': {'filter_by_min_points': ['Car:5'], 'filter_by_difficulty': [-1]}, 'SAMPLE_GROUPS': ['Car:15'], 'NUM_POINT_FEATURES': 4, 'DATABASE_WITH_FAKELIDAR': False, 'REMOVE_EXTRA_WIDTH': [0.0, 0.0, 0.0], 'LIMIT_WHOLE_SCENE': False}, {'NAME': 'random_world_flip', 'ALONG_AXIS_LIST': ['x']}, {'NAME': 'random_world_rotation', 'WORLD_ROT_ANGLE': [-0.78539816, 0.78539816]}, {'NAME': 'random_world_scaling', 'WORLD_SCALE_RANGE': [0.95, 1.05]}]
2026-09-28 17:26:59,171   INFO  ----------- POINT_FEATURE_ENCODING -----------
2026-09-28 17:26:59,171   INFO  cfg.DATA_CONFIG.POINT_FEATURE_ENCODING.encoding_type: absolute_coordinates_encoding
2026-09-28 17:26:59,171   INFO  cfg.DATA_CONFIG.POINT_FEATURE_ENCODING.used_feature_list: ['x', 'y', 'z', 'intensity']
2026-09-28 17:26:59,171   INFO  cfg.DATA_CONFIG.POINT_FEATURE_ENCODING.src_feature_list: ['x', 'y', 'z', 'intensity']
2026-09-28 17:26:59,171   INFO  cfg.DATA_CONFIG.DATA_PROCESSOR: [{'NAME': 'mask_points_and_boxes_outside_range', 'REMOVE_OUTSIDE_BOXES': True}, {'NAME': 'shuffle_points', 'SHUFFLE_ENABLED': {'train': True, 'test': False}}, {'NAME': 'transform_points_to_voxels', 'VOXEL_SIZE': [0.05, 0.05, 0.1], 'MAX_POINTS_PER_VOXEL': 5, 'MAX_NUMBER_OF_VOXELS': {'train': 16000, 'test': 40000}}]
2026-09-28 17:26:59,171   INFO  cfg.DATA_CONFIG._BASE_CONFIG_: cfgs/dataset_configs/kitti_dataset.yaml
2026-09-28 17:26:59,171   INFO  ----------- MODEL -----------
2026-09-28 17:26:59,171   INFO  cfg.MODEL.NAME: VoxelRCNN
2026-09-28 17:26:59,171   INFO  ----------- VFE -----------
2026-09-28 17:26:59,171   INFO  cfg.MODEL.VFE.NAME: MeanVFE
2026-09-28 17:26:59,171   INFO  ----------- BACKBONE_3D -----------
2026-09-28 17:26:59,171   INFO  cfg.MODEL.BACKBONE_3D.NAME: VoxelBackBone8x_HWQAT
2026-09-28 17:26:59,171   INFO  ----------- MAP_TO_BEV -----------
2026-09-28 17:26:59,171   INFO  cfg.MODEL.MAP_TO_BEV.NAME: HeightCompression
2026-09-28 17:26:59,171   INFO  cfg.MODEL.MAP_TO_BEV.NUM_BEV_FEATURES: 256
2026-09-28 17:26:59,171   INFO  ----------- BACKBONE_2D -----------
2026-09-28 17:26:59,171   INFO  cfg.MODEL.BACKBONE_2D.NAME: BaseBEVBackbone
2026-09-28 17:26:59,171   INFO  cfg.MODEL.BACKBONE_2D.LAYER_NUMS: [5, 5]
2026-09-28 17:26:59,171   INFO  cfg.MODEL.BACKBONE_2D.LAYER_STRIDES: [1, 2]
2026-09-28 17:26:59,171   INFO  cfg.MODEL.BACKBONE_2D.NUM_FILTERS: [64, 128]
2026-09-28 17:26:59,171   INFO  cfg.MODEL.BACKBONE_2D.UPSAMPLE_STRIDES: [1, 2]
2026-09-28 17:26:59,172   INFO  cfg.MODEL.BACKBONE_2D.NUM_UPSAMPLE_FILTERS: [128, 128]
2026-09-28 17:26:59,172   INFO  ----------- DENSE_HEAD -----------
2026-09-28 17:26:59,172   INFO  cfg.MODEL.DENSE_HEAD.NAME: AnchorHeadSingle
2026-09-28 17:26:59,172   INFO  cfg.MODEL.DENSE_HEAD.CLASS_AGNOSTIC: False
2026-09-28 17:26:59,172   INFO  cfg.MODEL.DENSE_HEAD.USE_DIRECTION_CLASSIFIER: True
2026-09-28 17:26:59,172   INFO  cfg.MODEL.DENSE_HEAD.DIR_OFFSET: 0.78539
2026-09-28 17:26:59,172   INFO  cfg.MODEL.DENSE_HEAD.DIR_LIMIT_OFFSET: 0.0
2026-09-28 17:26:59,172   INFO  cfg.MODEL.DENSE_HEAD.NUM_DIR_BINS: 2
2026-09-28 17:26:59,172   INFO  cfg.MODEL.DENSE_HEAD.ANCHOR_GENERATOR_CONFIG: [{'class_name': 'Car', 'anchor_sizes': [[3.9, 1.6, 1.56]], 'anchor_rotations': [0, 1.57], 'anchor_bottom_heights': [-1.78], 'align_center': False, 'feature_map_stride': 8, 'matched_threshold': 0.6, 'unmatched_threshold': 0.45}]
2026-09-28 17:26:59,172   INFO  ----------- TARGET_ASSIGNER_CONFIG -----------
2026-09-28 17:26:59,172   INFO  cfg.MODEL.DENSE_HEAD.TARGET_ASSIGNER_CONFIG.NAME: AxisAlignedTargetAssigner
2026-09-28 17:26:59,172   INFO  cfg.MODEL.DENSE_HEAD.TARGET_ASSIGNER_CONFIG.POS_FRACTION: -1.0
2026-09-28 17:26:59,172   INFO  cfg.MODEL.DENSE_HEAD.TARGET_ASSIGNER_CONFIG.SAMPLE_SIZE: 512
2026-09-28 17:26:59,172   INFO  cfg.MODEL.DENSE_HEAD.TARGET_ASSIGNER_CONFIG.NORM_BY_NUM_EXAMPLES: False
2026-09-28 17:26:59,172   INFO  cfg.MODEL.DENSE_HEAD.TARGET_ASSIGNER_CONFIG.MATCH_HEIGHT: False
2026-09-28 17:26:59,172   INFO  cfg.MODEL.DENSE_HEAD.TARGET_ASSIGNER_CONFIG.BOX_CODER: ResidualCoder
2026-09-28 17:26:59,172   INFO  ----------- LOSS_CONFIG -----------
2026-09-28 17:26:59,172   INFO  ----------- LOSS_WEIGHTS -----------
2026-09-28 17:26:59,172   INFO  cfg.MODEL.DENSE_HEAD.LOSS_CONFIG.LOSS_WEIGHTS.cls_weight: 1.0
2026-09-28 17:26:59,172   INFO  cfg.MODEL.DENSE_HEAD.LOSS_CONFIG.LOSS_WEIGHTS.loc_weight: 2.0
2026-09-28 17:26:59,172   INFO  cfg.MODEL.DENSE_HEAD.LOSS_CONFIG.LOSS_WEIGHTS.dir_weight: 0.2
2026-09-28 17:26:59,172   INFO  cfg.MODEL.DENSE_HEAD.LOSS_CONFIG.LOSS_WEIGHTS.code_weights: [1.0, 1.0, 1.0, 1.0, 1.0, 1.0, 1.0]
2026-09-28 17:26:59,172   INFO  ----------- ROI_HEAD -----------
2026-09-28 17:26:59,172   INFO  cfg.MODEL.ROI_HEAD.NAME: VoxelRCNNHead
2026-09-28 17:26:59,172   INFO  cfg.MODEL.ROI_HEAD.CLASS_AGNOSTIC: True
2026-09-28 17:26:59,172   INFO  cfg.MODEL.ROI_HEAD.SHARED_FC: [256, 256]
2026-09-28 17:26:59,172   INFO  cfg.MODEL.ROI_HEAD.CLS_FC: [256, 256]
2026-09-28 17:26:59,172   INFO  cfg.MODEL.ROI_HEAD.REG_FC: [256, 256]
2026-09-28 17:26:59,172   INFO  cfg.MODEL.ROI_HEAD.DP_RATIO: 0.3
2026-09-28 17:26:59,172   INFO  ----------- NMS_CONFIG -----------
2026-09-28 17:26:59,172   INFO  ----------- TRAIN -----------
2026-09-28 17:26:59,172   INFO  cfg.MODEL.ROI_HEAD.NMS_CONFIG.TRAIN.NMS_TYPE: nms_gpu
2026-09-28 17:26:59,172   INFO  cfg.MODEL.ROI_HEAD.NMS_CONFIG.TRAIN.MULTI_CLASSES_NMS: False
2026-09-28 17:26:59,172   INFO  cfg.MODEL.ROI_HEAD.NMS_CONFIG.TRAIN.NMS_PRE_MAXSIZE: 9000
2026-09-28 17:26:59,173   INFO  cfg.MODEL.ROI_HEAD.NMS_CONFIG.TRAIN.NMS_POST_MAXSIZE: 512
2026-09-28 17:26:59,173   INFO  cfg.MODEL.ROI_HEAD.NMS_CONFIG.TRAIN.NMS_THRESH: 0.8
2026-09-28 17:26:59,173   INFO  ----------- TEST -----------
2026-09-28 17:26:59,173   INFO  cfg.MODEL.ROI_HEAD.NMS_CONFIG.TEST.NMS_TYPE: nms_gpu
2026-09-28 17:26:59,173   INFO  cfg.MODEL.ROI_HEAD.NMS_CONFIG.TEST.MULTI_CLASSES_NMS: False
2026-09-28 17:26:59,173   INFO  cfg.MODEL.ROI_HEAD.NMS_CONFIG.TEST.USE_FAST_NMS: False
2026-09-28 17:26:59,173   INFO  cfg.MODEL.ROI_HEAD.NMS_CONFIG.TEST.SCORE_THRESH: 0.0
2026-09-28 17:26:59,173   INFO  cfg.MODEL.ROI_HEAD.NMS_CONFIG.TEST.NMS_PRE_MAXSIZE: 2048
2026-09-28 17:26:59,173   INFO  cfg.MODEL.ROI_HEAD.NMS_CONFIG.TEST.NMS_POST_MAXSIZE: 100
2026-09-28 17:26:59,173   INFO  cfg.MODEL.ROI_HEAD.NMS_CONFIG.TEST.NMS_THRESH: 0.7
2026-09-28 17:26:59,173   INFO  ----------- ROI_GRID_POOL -----------
2026-09-28 17:26:59,173   INFO  cfg.MODEL.ROI_HEAD.ROI_GRID_POOL.FEATURES_SOURCE: ['x_conv2', 'x_conv3', 'x_conv4']
2026-09-28 17:26:59,173   INFO  cfg.MODEL.ROI_HEAD.ROI_GRID_POOL.PRE_MLP: True
2026-09-28 17:26:59,173   INFO  cfg.MODEL.ROI_HEAD.ROI_GRID_POOL.GRID_SIZE: 6
2026-09-28 17:26:59,173   INFO  ----------- POOL_LAYERS -----------
2026-09-28 17:26:59,173   INFO  ----------- x_conv2 -----------
2026-09-28 17:26:59,173   INFO  cfg.MODEL.ROI_HEAD.ROI_GRID_POOL.POOL_LAYERS.x_conv2.MLPS: [[32, 32]]
2026-09-28 17:26:59,173   INFO  cfg.MODEL.ROI_HEAD.ROI_GRID_POOL.POOL_LAYERS.x_conv2.QUERY_RANGES: [[4, 4, 4]]
2026-09-28 17:26:59,173   INFO  cfg.MODEL.ROI_HEAD.ROI_GRID_POOL.POOL_LAYERS.x_conv2.POOL_RADIUS: [0.4]
2026-09-28 17:26:59,173   INFO  cfg.MODEL.ROI_HEAD.ROI_GRID_POOL.POOL_LAYERS.x_conv2.NSAMPLE: [16]
2026-09-28 17:26:59,173   INFO  cfg.MODEL.ROI_HEAD.ROI_GRID_POOL.POOL_LAYERS.x_conv2.POOL_METHOD: max_pool
2026-09-28 17:26:59,173   INFO  ----------- x_conv3 -----------
2026-09-28 17:26:59,173   INFO  cfg.MODEL.ROI_HEAD.ROI_GRID_POOL.POOL_LAYERS.x_conv3.MLPS: [[32, 32]]
2026-09-28 17:26:59,173   INFO  cfg.MODEL.ROI_HEAD.ROI_GRID_POOL.POOL_LAYERS.x_conv3.QUERY_RANGES: [[4, 4, 4]]
2026-09-28 17:26:59,173   INFO  cfg.MODEL.ROI_HEAD.ROI_GRID_POOL.POOL_LAYERS.x_conv3.POOL_RADIUS: [0.8]
2026-09-28 17:26:59,173   INFO  cfg.MODEL.ROI_HEAD.ROI_GRID_POOL.POOL_LAYERS.x_conv3.NSAMPLE: [16]
2026-09-28 17:26:59,173   INFO  cfg.MODEL.ROI_HEAD.ROI_GRID_POOL.POOL_LAYERS.x_conv3.POOL_METHOD: max_pool
2026-09-28 17:26:59,173   INFO  ----------- x_conv4 -----------
2026-09-28 17:26:59,173   INFO  cfg.MODEL.ROI_HEAD.ROI_GRID_POOL.POOL_LAYERS.x_conv4.MLPS: [[32, 32]]
2026-09-28 17:26:59,173   INFO  cfg.MODEL.ROI_HEAD.ROI_GRID_POOL.POOL_LAYERS.x_conv4.QUERY_RANGES: [[4, 4, 4]]
2026-09-28 17:26:59,173   INFO  cfg.MODEL.ROI_HEAD.ROI_GRID_POOL.POOL_LAYERS.x_conv4.POOL_RADIUS: [1.6]
2026-09-28 17:26:59,173   INFO  cfg.MODEL.ROI_HEAD.ROI_GRID_POOL.POOL_LAYERS.x_conv4.NSAMPLE: [16]
2026-09-28 17:26:59,173   INFO  cfg.MODEL.ROI_HEAD.ROI_GRID_POOL.POOL_LAYERS.x_conv4.POOL_METHOD: max_pool
2026-09-28 17:26:59,173   INFO  ----------- TARGET_CONFIG -----------
2026-09-28 17:26:59,173   INFO  cfg.MODEL.ROI_HEAD.TARGET_CONFIG.BOX_CODER: ResidualCoder
2026-09-28 17:26:59,173   INFO  cfg.MODEL.ROI_HEAD.TARGET_CONFIG.ROI_PER_IMAGE: 128
2026-09-28 17:26:59,174   INFO  cfg.MODEL.ROI_HEAD.TARGET_CONFIG.FG_RATIO: 0.5
2026-09-28 17:26:59,174   INFO  cfg.MODEL.ROI_HEAD.TARGET_CONFIG.SAMPLE_ROI_BY_EACH_CLASS: True
2026-09-28 17:26:59,174   INFO  cfg.MODEL.ROI_HEAD.TARGET_CONFIG.CLS_SCORE_TYPE: roi_iou
2026-09-28 17:26:59,174   INFO  cfg.MODEL.ROI_HEAD.TARGET_CONFIG.CLS_FG_THRESH: 0.75
2026-09-28 17:26:59,174   INFO  cfg.MODEL.ROI_HEAD.TARGET_CONFIG.CLS_BG_THRESH: 0.25
2026-09-28 17:26:59,174   INFO  cfg.MODEL.ROI_HEAD.TARGET_CONFIG.CLS_BG_THRESH_LO: 0.1
2026-09-28 17:26:59,174   INFO  cfg.MODEL.ROI_HEAD.TARGET_CONFIG.HARD_BG_RATIO: 0.8
2026-09-28 17:26:59,174   INFO  cfg.MODEL.ROI_HEAD.TARGET_CONFIG.REG_FG_THRESH: 0.55
2026-09-28 17:26:59,174   INFO  ----------- LOSS_CONFIG -----------
2026-09-28 17:26:59,174   INFO  cfg.MODEL.ROI_HEAD.LOSS_CONFIG.CLS_LOSS: BinaryCrossEntropy
2026-09-28 17:26:59,174   INFO  cfg.MODEL.ROI_HEAD.LOSS_CONFIG.REG_LOSS: smooth-l1
2026-09-28 17:26:59,174   INFO  cfg.MODEL.ROI_HEAD.LOSS_CONFIG.CORNER_LOSS_REGULARIZATION: True
2026-09-28 17:26:59,174   INFO  cfg.MODEL.ROI_HEAD.LOSS_CONFIG.GRID_3D_IOU_LOSS: False
2026-09-28 17:26:59,174   INFO  ----------- LOSS_WEIGHTS -----------
2026-09-28 17:26:59,174   INFO  cfg.MODEL.ROI_HEAD.LOSS_CONFIG.LOSS_WEIGHTS.rcnn_cls_weight: 1.0
2026-09-28 17:26:59,174   INFO  cfg.MODEL.ROI_HEAD.LOSS_CONFIG.LOSS_WEIGHTS.rcnn_reg_weight: 1.0
2026-09-28 17:26:59,174   INFO  cfg.MODEL.ROI_HEAD.LOSS_CONFIG.LOSS_WEIGHTS.rcnn_corner_weight: 1.0
2026-09-28 17:26:59,174   INFO  cfg.MODEL.ROI_HEAD.LOSS_CONFIG.LOSS_WEIGHTS.rcnn_iou3d_weight: 1.0
2026-09-28 17:26:59,174   INFO  cfg.MODEL.ROI_HEAD.LOSS_CONFIG.LOSS_WEIGHTS.code_weights: [1.0, 1.0, 1.0, 1.0, 1.0, 1.0, 1.0]
2026-09-28 17:26:59,174   INFO  ----------- POST_PROCESSING -----------
2026-09-28 17:26:59,174   INFO  cfg.MODEL.POST_PROCESSING.RECALL_THRESH_LIST: [0.3, 0.5, 0.7]
2026-09-28 17:26:59,174   INFO  cfg.MODEL.POST_PROCESSING.SCORE_THRESH: 0.3
2026-09-28 17:26:59,174   INFO  cfg.MODEL.POST_PROCESSING.OUTPUT_RAW_SCORE: False
2026-09-28 17:26:59,174   INFO  cfg.MODEL.POST_PROCESSING.EVAL_METRIC: kitti
2026-09-28 17:26:59,174   INFO  ----------- NMS_CONFIG -----------
2026-09-28 17:26:59,174   INFO  cfg.MODEL.POST_PROCESSING.NMS_CONFIG.MULTI_CLASSES_NMS: False
2026-09-28 17:26:59,174   INFO  cfg.MODEL.POST_PROCESSING.NMS_CONFIG.NMS_TYPE: nms_gpu
2026-09-28 17:26:59,174   INFO  cfg.MODEL.POST_PROCESSING.NMS_CONFIG.NMS_THRESH: 0.1
2026-09-28 17:26:59,174   INFO  cfg.MODEL.POST_PROCESSING.NMS_CONFIG.NMS_PRE_MAXSIZE: 4096
2026-09-28 17:26:59,174   INFO  cfg.MODEL.POST_PROCESSING.NMS_CONFIG.NMS_POST_MAXSIZE: 500
2026-09-28 17:26:59,174   INFO  ----------- OPTIMIZATION -----------
2026-09-28 17:26:59,174   INFO  cfg.OPTIMIZATION.BATCH_SIZE_PER_GPU: 2
2026-09-28 17:26:59,174   INFO  cfg.OPTIMIZATION.NUM_EPOCHS: 10
2026-09-28 17:26:59,174   INFO  cfg.OPTIMIZATION.OPTIMIZER: adam_onecycle
2026-09-28 17:26:59,174   INFO  cfg.OPTIMIZATION.LR: 0.0001
2026-09-28 17:26:59,175   INFO  cfg.OPTIMIZATION.WEIGHT_DECAY: 0.01
2026-09-28 17:26:59,175   INFO  cfg.OPTIMIZATION.MOMENTUM: 0.9
2026-09-28 17:26:59,175   INFO  cfg.OPTIMIZATION.MOMS: [0.95, 0.85]
2026-09-28 17:26:59,175   INFO  cfg.OPTIMIZATION.PCT_START: 0.4
2026-09-28 17:26:59,175   INFO  cfg.OPTIMIZATION.DIV_FACTOR: 10
2026-09-28 17:26:59,175   INFO  cfg.OPTIMIZATION.DECAY_STEP_LIST: [35, 45]
2026-09-28 17:26:59,175   INFO  cfg.OPTIMIZATION.LR_DECAY: 0.1
2026-09-28 17:26:59,175   INFO  cfg.OPTIMIZATION.LR_CLIP: 1e-07
2026-09-28 17:26:59,175   INFO  cfg.OPTIMIZATION.LR_WARMUP: False
2026-09-28 17:26:59,175   INFO  cfg.OPTIMIZATION.WARMUP_EPOCH: 1
2026-09-28 17:26:59,175   INFO  cfg.OPTIMIZATION.GRAD_NORM_CLIP: 10
2026-09-28 17:26:59,175   INFO  cfg.TAG: voxel_rcnn_car_hw_qat
2026-09-28 17:26:59,175   INFO  cfg.EXP_GROUP_PATH: kitti_models
2026-09-28 17:26:59,179   INFO  ----------- Create dataloader & network & optimizer -----------
2026-09-28 17:26:59,291   INFO  Database filter by min points Car: 14357 => 13532
2026-09-28 17:26:59,309   INFO  Database filter by difficulty Car: 13532 => 10759
2026-09-28 17:26:59,314   INFO  Loading KITTI dataset
2026-09-28 17:26:59,405   INFO  Total samples for KITTI dataset: 3712
2026-09-28 17:26:59,644   INFO  ==> Loading parameters from checkpoint ../models/voxel_rcnn_car_84.54.pth to GPU
2026-09-28 17:26:59,672   INFO  Not updated weight backbone_3d._hw_act_scale_input: torch.Size([])
2026-09-28 17:26:59,673   INFO  Not updated weight backbone_3d._hw_act_seen_input: torch.Size([])
2026-09-28 17:26:59,673   INFO  Not updated weight backbone_3d._hw_act_scale_l00_conv_input: torch.Size([])
2026-09-28 17:26:59,673   INFO  Not updated weight backbone_3d._hw_act_seen_l00_conv_input: torch.Size([])
2026-09-28 17:26:59,673   INFO  Not updated weight backbone_3d._hw_act_scale_l01_conv1: torch.Size([])
2026-09-28 17:26:59,673   INFO  Not updated weight backbone_3d._hw_act_seen_l01_conv1: torch.Size([])
2026-09-28 17:26:59,673   INFO  Not updated weight backbone_3d._hw_act_scale_l02_conv2_0: torch.Size([])
2026-09-28 17:26:59,673   INFO  Not updated weight backbone_3d._hw_act_seen_l02_conv2_0: torch.Size([])
2026-09-28 17:26:59,673   INFO  Not updated weight backbone_3d._hw_act_scale_l03_conv2_1: torch.Size([])
2026-09-28 17:26:59,673   INFO  Not updated weight backbone_3d._hw_act_seen_l03_conv2_1: torch.Size([])
2026-09-28 17:26:59,673   INFO  Not updated weight backbone_3d._hw_act_scale_l04_conv2_2: torch.Size([])
2026-09-28 17:26:59,673   INFO  Not updated weight backbone_3d._hw_act_seen_l04_conv2_2: torch.Size([])
2026-09-28 17:26:59,673   INFO  Not updated weight backbone_3d._hw_act_scale_l05_conv3_0: torch.Size([])
2026-09-28 17:26:59,673   INFO  Not updated weight backbone_3d._hw_act_seen_l05_conv3_0: torch.Size([])
2026-09-28 17:26:59,673   INFO  Not updated weight backbone_3d._hw_act_scale_l06_conv3_1: torch.Size([])
2026-09-28 17:26:59,673   INFO  Not updated weight backbone_3d._hw_act_seen_l06_conv3_1: torch.Size([])
2026-09-28 17:26:59,673   INFO  Not updated weight backbone_3d._hw_act_scale_l07_conv3_2: torch.Size([])
2026-09-28 17:26:59,673   INFO  Not updated weight backbone_3d._hw_act_seen_l07_conv3_2: torch.Size([])
2026-09-28 17:26:59,673   INFO  Not updated weight backbone_3d._hw_act_scale_l08_conv4_0: torch.Size([])
2026-09-28 17:26:59,673   INFO  Not updated weight backbone_3d._hw_act_seen_l08_conv4_0: torch.Size([])
2026-09-28 17:26:59,673   INFO  Not updated weight backbone_3d._hw_act_scale_l09_conv4_1: torch.Size([])
2026-09-28 17:26:59,673   INFO  Not updated weight backbone_3d._hw_act_seen_l09_conv4_1: torch.Size([])
2026-09-28 17:26:59,673   INFO  Not updated weight backbone_3d._hw_act_scale_l10_conv4_2: torch.Size([])
2026-09-28 17:26:59,673   INFO  Not updated weight backbone_3d._hw_act_seen_l10_conv4_2: torch.Size([])
2026-09-28 17:26:59,673   INFO  Not updated weight backbone_3d._hw_act_scale_l11_conv_out: torch.Size([])
2026-09-28 17:26:59,673   INFO  Not updated weight backbone_3d._hw_act_seen_l11_conv_out: torch.Size([])
2026-09-28 17:26:59,673   INFO  ==> Done (loaded 257/283)
2026-09-28 17:26:59,674   INFO  HW-QAT backbone setup:
2026-09-28 17:26:59,675   INFO    enabled: True
2026-09-28 17:26:59,675   INFO    activation_quant: signed_symmetric
2026-09-28 17:26:59,675   INFO    weight_quant: per_channel
2026-09-28 17:26:59,675   INFO    observer: max
2026-09-28 17:26:59,675   INFO    observer_momentum: 0.950000
2026-09-28 17:26:59,675   INFO    freeze_observer_epoch metadata: -1
2026-09-28 17:26:59,675   INFO  ----------- Model VoxelRCNN created, param count: 7586620 -----------
2026-09-28 17:26:59,675   INFO  VoxelRCNN(
  (vfe): MeanVFE()
  (backbone_3d): VoxelBackBone8x_HWQAT(
    (conv_input): SparseSequential(
      (0): SubMConv3d(4, 16, kernel_size=[3, 3, 3], stride=[1, 1, 1], padding=[1, 1, 1], dilation=[1, 1, 1], output_padding=[0, 0, 0], bias=False, algo=ConvAlgo.MaskImplicitGemm)
      (1): BatchNorm1d(16, eps=0.001, momentum=0.01, affine=True, track_running_stats=True)
      (2): ReLU()
    )
    (conv1): SparseSequential(
      (0): SparseSequential(
        (0): SubMConv3d(16, 16, kernel_size=[3, 3, 3], stride=[1, 1, 1], padding=[0, 0, 0], dilation=[1, 1, 1], output_padding=[0, 0, 0], bias=False, algo=ConvAlgo.MaskImplicitGemm)
        (1): BatchNorm1d(16, eps=0.001, momentum=0.01, affine=True, track_running_stats=True)
        (2): ReLU()
      )
    )
    (conv2): SparseSequential(
      (0): SparseSequential(
        (0): SparseConv3d(16, 32, kernel_size=[3, 3, 3], stride=[2, 2, 2], padding=[1, 1, 1], dilation=[1, 1, 1], output_padding=[0, 0, 0], bias=False, algo=ConvAlgo.MaskImplicitGemm)
        (1): BatchNorm1d(32, eps=0.001, momentum=0.01, affine=True, track_running_stats=True)
        (2): ReLU()
      )
      (1): SparseSequential(
        (0): SubMConv3d(32, 32, kernel_size=[3, 3, 3], stride=[1, 1, 1], padding=[0, 0, 0], dilation=[1, 1, 1], output_padding=[0, 0, 0], bias=False, algo=ConvAlgo.MaskImplicitGemm)
        (1): BatchNorm1d(32, eps=0.001, momentum=0.01, affine=True, track_running_stats=True)
        (2): ReLU()
      )
      (2): SparseSequential(
        (0): SubMConv3d(32, 32, kernel_size=[3, 3, 3], stride=[1, 1, 1], padding=[0, 0, 0], dilation=[1, 1, 1], output_padding=[0, 0, 0], bias=False, algo=ConvAlgo.MaskImplicitGemm)
        (1): BatchNorm1d(32, eps=0.001, momentum=0.01, affine=True, track_running_stats=True)
        (2): ReLU()
      )
    )
    (conv3): SparseSequential(
      (0): SparseSequential(
        (0): SparseConv3d(32, 64, kernel_size=[3, 3, 3], stride=[2, 2, 2], padding=[1, 1, 1], dilation=[1, 1, 1], output_padding=[0, 0, 0], bias=False, algo=ConvAlgo.MaskImplicitGemm)
        (1): BatchNorm1d(64, eps=0.001, momentum=0.01, affine=True, track_running_stats=True)
        (2): ReLU()
      )
      (1): SparseSequential(
        (0): SubMConv3d(64, 64, kernel_size=[3, 3, 3], stride=[1, 1, 1], padding=[0, 0, 0], dilation=[1, 1, 1], output_padding=[0, 0, 0], bias=False, algo=ConvAlgo.MaskImplicitGemm)
        (1): BatchNorm1d(64, eps=0.001, momentum=0.01, affine=True, track_running_stats=True)
        (2): ReLU()
      )
      (2): SparseSequential(
        (0): SubMConv3d(64, 64, kernel_size=[3, 3, 3], stride=[1, 1, 1], padding=[0, 0, 0], dilation=[1, 1, 1], output_padding=[0, 0, 0], bias=False, algo=ConvAlgo.MaskImplicitGemm)
        (1): BatchNorm1d(64, eps=0.001, momentum=0.01, affine=True, track_running_stats=True)
        (2): ReLU()
      )
    )
    (conv4): SparseSequential(
      (0): SparseSequential(
        (0): SparseConv3d(64, 64, kernel_size=[3, 3, 3], stride=[2, 2, 2], padding=[0, 1, 1], dilation=[1, 1, 1], output_padding=[0, 0, 0], bias=False, algo=ConvAlgo.MaskImplicitGemm)
        (1): BatchNorm1d(64, eps=0.001, momentum=0.01, affine=True, track_running_stats=True)
        (2): ReLU()
      )
      (1): SparseSequential(
        (0): SubMConv3d(64, 64, kernel_size=[3, 3, 3], stride=[1, 1, 1], padding=[0, 0, 0], dilation=[1, 1, 1], output_padding=[0, 0, 0], bias=False, algo=ConvAlgo.MaskImplicitGemm)
        (1): BatchNorm1d(64, eps=0.001, momentum=0.01, affine=True, track_running_stats=True)
        (2): ReLU()
      )
      (2): SparseSequential(
        (0): SubMConv3d(64, 64, kernel_size=[3, 3, 3], stride=[1, 1, 1], padding=[0, 0, 0], dilation=[1, 1, 1], output_padding=[0, 0, 0], bias=False, algo=ConvAlgo.MaskImplicitGemm)
        (1): BatchNorm1d(64, eps=0.001, momentum=0.01, affine=True, track_running_stats=True)
        (2): ReLU()
      )
    )
    (conv_out): SparseSequential(
      (0): SparseConv3d(64, 128, kernel_size=[3, 1, 1], stride=[2, 1, 1], padding=[0, 0, 0], dilation=[1, 1, 1], output_padding=[0, 0, 0], bias=False, algo=ConvAlgo.MaskImplicitGemm)
      (1): BatchNorm1d(128, eps=0.001, momentum=0.01, affine=True, track_running_stats=True)
      (2): ReLU()
    )
  )
  (map_to_bev_module): HeightCompression()
  (pfe): None
  (backbone_2d): BaseBEVBackbone(
    (blocks): ModuleList(
      (0): Sequential(
        (0): ZeroPad2d((1, 1, 1, 1))
        (1): Conv2d(256, 64, kernel_size=(3, 3), stride=(1, 1), bias=False)
        (2): BatchNorm2d(64, eps=0.001, momentum=0.01, affine=True, track_running_stats=True)
        (3): ReLU()
        (4): Conv2d(64, 64, kernel_size=(3, 3), stride=(1, 1), padding=(1, 1), bias=False)
        (5): BatchNorm2d(64, eps=0.001, momentum=0.01, affine=True, track_running_stats=True)
        (6): ReLU()
        (7): Conv2d(64, 64, kernel_size=(3, 3), stride=(1, 1), padding=(1, 1), bias=False)
        (8): BatchNorm2d(64, eps=0.001, momentum=0.01, affine=True, track_running_stats=True)
        (9): ReLU()
        (10): Conv2d(64, 64, kernel_size=(3, 3), stride=(1, 1), padding=(1, 1), bias=False)
        (11): BatchNorm2d(64, eps=0.001, momentum=0.01, affine=True, track_running_stats=True)
        (12): ReLU()
        (13): Conv2d(64, 64, kernel_size=(3, 3), stride=(1, 1), padding=(1, 1), bias=False)
        (14): BatchNorm2d(64, eps=0.001, momentum=0.01, affine=True, track_running_stats=True)
        (15): ReLU()
        (16): Conv2d(64, 64, kernel_size=(3, 3), stride=(1, 1), padding=(1, 1), bias=False)
        (17): BatchNorm2d(64, eps=0.001, momentum=0.01, affine=True, track_running_stats=True)
        (18): ReLU()
      )
      (1): Sequential(
        (0): ZeroPad2d((1, 1, 1, 1))
        (1): Conv2d(64, 128, kernel_size=(3, 3), stride=(2, 2), bias=False)
        (2): BatchNorm2d(128, eps=0.001, momentum=0.01, affine=True, track_running_stats=True)
        (3): ReLU()
        (4): Conv2d(128, 128, kernel_size=(3, 3), stride=(1, 1), padding=(1, 1), bias=False)
        (5): BatchNorm2d(128, eps=0.001, momentum=0.01, affine=True, track_running_stats=True)
        (6): ReLU()
        (7): Conv2d(128, 128, kernel_size=(3, 3), stride=(1, 1), padding=(1, 1), bias=False)
        (8): BatchNorm2d(128, eps=0.001, momentum=0.01, affine=True, track_running_stats=True)
        (9): ReLU()
        (10): Conv2d(128, 128, kernel_size=(3, 3), stride=(1, 1), padding=(1, 1), bias=False)
        (11): BatchNorm2d(128, eps=0.001, momentum=0.01, affine=True, track_running_stats=True)
        (12): ReLU()
        (13): Conv2d(128, 128, kernel_size=(3, 3), stride=(1, 1), padding=(1, 1), bias=False)
        (14): BatchNorm2d(128, eps=0.001, momentum=0.01, affine=True, track_running_stats=True)
        (15): ReLU()
        (16): Conv2d(128, 128, kernel_size=(3, 3), stride=(1, 1), padding=(1, 1), bias=False)
        (17): BatchNorm2d(128, eps=0.001, momentum=0.01, affine=True, track_running_stats=True)
        (18): ReLU()
      )
    )
    (deblocks): ModuleList(
      (0): Sequential(
        (0): ConvTranspose2d(64, 128, kernel_size=(1, 1), stride=(1, 1), bias=False)
        (1): BatchNorm2d(128, eps=0.001, momentum=0.01, affine=True, track_running_stats=True)
        (2): ReLU()
      )
      (1): Sequential(
        (0): ConvTranspose2d(128, 128, kernel_size=(2, 2), stride=(2, 2), bias=False)
        (1): BatchNorm2d(128, eps=0.001, momentum=0.01, affine=True, track_running_stats=True)
        (2): ReLU()
      )
    )
  )
  (dense_head): AnchorHeadSingle(
    (cls_loss_func): SigmoidFocalClassificationLoss()
    (reg_loss_func): WeightedSmoothL1Loss()
    (dir_loss_func): WeightedCrossEntropyLoss()
    (conv_cls): Conv2d(256, 2, kernel_size=(1, 1), stride=(1, 1))
    (conv_box): Conv2d(256, 14, kernel_size=(1, 1), stride=(1, 1))
    (conv_dir_cls): Conv2d(256, 4, kernel_size=(1, 1), stride=(1, 1))
  )
  (point_head): None
  (roi_head): VoxelRCNNHead(
    (proposal_target_layer): ProposalTargetLayer()
    (reg_loss_func): WeightedSmoothL1Loss()
    (roi_grid_pool_layers): ModuleList(
      (0): NeighborVoxelSAModuleMSG(
        (groupers): ModuleList(
          (0): VoxelQueryAndGrouping()
        )
        (mlps_in): ModuleList(
          (0): Sequential(
            (0): Conv1d(32, 32, kernel_size=(1,), stride=(1,), bias=False)
            (1): BatchNorm1d(32, eps=1e-05, momentum=0.1, affine=True, track_running_stats=True)
          )
        )
        (mlps_pos): ModuleList(
          (0): Sequential(
            (0): Conv2d(3, 32, kernel_size=(1, 1), stride=(1, 1), bias=False)
            (1): BatchNorm2d(32, eps=1e-05, momentum=0.1, affine=True, track_running_stats=True)
          )
        )
        (mlps_out): ModuleList(
          (0): Sequential(
            (0): Conv1d(32, 32, kernel_size=(1,), stride=(1,), bias=False)
            (1): BatchNorm1d(32, eps=1e-05, momentum=0.1, affine=True, track_running_stats=True)
            (2): ReLU()
          )
        )
        (relu): ReLU()
      )
      (1-2): 2 x NeighborVoxelSAModuleMSG(
        (groupers): ModuleList(
          (0): VoxelQueryAndGrouping()
        )
        (mlps_in): ModuleList(
          (0): Sequential(
            (0): Conv1d(64, 32, kernel_size=(1,), stride=(1,), bias=False)
            (1): BatchNorm1d(32, eps=1e-05, momentum=0.1, affine=True, track_running_stats=True)
          )
        )
        (mlps_pos): ModuleList(
          (0): Sequential(
            (0): Conv2d(3, 32, kernel_size=(1, 1), stride=(1, 1), bias=False)
            (1): BatchNorm2d(32, eps=1e-05, momentum=0.1, affine=True, track_running_stats=True)
          )
        )
        (mlps_out): ModuleList(
          (0): Sequential(
            (0): Conv1d(32, 32, kernel_size=(1,), stride=(1,), bias=False)
            (1): BatchNorm1d(32, eps=1e-05, momentum=0.1, affine=True, track_running_stats=True)
            (2): ReLU()
          )
        )
        (relu): ReLU()
      )
    )
    (shared_fc_layer): Sequential(
      (0): Linear(in_features=20736, out_features=256, bias=False)
      (1): BatchNorm1d(256, eps=1e-05, momentum=0.1, affine=True, track_running_stats=True)
      (2): ReLU(inplace=True)
      (3): Dropout(p=0.3, inplace=False)
      (4): Linear(in_features=256, out_features=256, bias=False)
      (5): BatchNorm1d(256, eps=1e-05, momentum=0.1, affine=True, track_running_stats=True)
      (6): ReLU(inplace=True)
    )
    (cls_fc_layers): Sequential(
      (0): Linear(in_features=256, out_features=256, bias=False)
      (1): BatchNorm1d(256, eps=1e-05, momentum=0.1, affine=True, track_running_stats=True)
      (2): ReLU()
      (3): Dropout(p=0.3, inplace=False)
      (4): Linear(in_features=256, out_features=256, bias=False)
      (5): BatchNorm1d(256, eps=1e-05, momentum=0.1, affine=True, track_running_stats=True)
      (6): ReLU()
    )
    (cls_pred_layer): Linear(in_features=256, out_features=1, bias=True)
    (reg_fc_layers): Sequential(
      (0): Linear(in_features=256, out_features=256, bias=False)
      (1): BatchNorm1d(256, eps=1e-05, momentum=0.1, affine=True, track_running_stats=True)
      (2): ReLU()
      (3): Dropout(p=0.3, inplace=False)
      (4): Linear(in_features=256, out_features=256, bias=False)
      (5): BatchNorm1d(256, eps=1e-05, momentum=0.1, affine=True, track_running_stats=True)
      (6): ReLU()
    )
    (reg_pred_layer): Linear(in_features=256, out_features=7, bias=True)
  )
)
2026-09-28 17:26:59,677   INFO  **********************Start HW-QAT training kitti_models/voxel_rcnn_car_hw_qat(hw_qat_10ep)**********************
2026-09-28 17:27:03,341   INFO  Train:    1/10 ( 10%) [   0/1856 (  0%)]  Loss: 0.6335 (0.634)  LR: 1.000e-05  Time cost: 00:03/1:47:24 [00:03/17:54:01]  Acc_iter 1           Data time: 0.40(0.40)  Forward time: 3.08(3.08)  Batch time: 3.47(3.47)
2026-09-28 17:27:10,536   INFO  Train:    1/10 ( 10%) [  49/1856 (  3%)]  Loss: 0.7841 (0.711)  LR: 1.001e-05  Time cost: 00:10/06:25 [00:10/1:05:49]  Acc_iter 50          Data time: 0.00(0.01)  Forward time: 0.15(0.20)  Batch time: 0.15(0.21)
2026-09-28 17:27:17,929   INFO  Train:    1/10 ( 10%) [  99/1856 (  5%)]  Loss: 0.6931 (0.719)  LR: 1.004e-05  Time cost: 00:18/05:17 [00:18/55:34]  Acc_iter 100         Data time: 0.00(0.01)  Forward time: 0.15(0.18)  Batch time: 0.15(0.18)
2026-09-28 17:27:25,287   INFO  Train:    1/10 ( 10%) [ 149/1856 (  8%)]  Loss: 0.6656 (0.718)  LR: 1.009e-05  Time cost: 00:25/04:49 [00:25/51:59]  Acc_iter 150         Data time: 0.00(0.00)  Forward time: 0.15(0.17)  Batch time: 0.15(0.17)
2026-09-28 17:27:25,638   INFO  ubuntu22                    Mon Sep 28 17:27:25 2026  550.78
[0] NVIDIA GeForce RTX 3090 | 45°C,  55 % |  2953 / 24576 MB | vipuser(2938M) root(4M)

2026-09-28 17:27:33,195   INFO  Train:    1/10 ( 10%) [ 199/1856 ( 11%)]  Loss: 0.6443 (0.713)  LR: 1.016e-05  Time cost: 00:33/04:36 [00:33/50:59]  Acc_iter 200         Data time: 0.00(0.01)  Forward time: 0.15(0.16)  Batch time: 0.15(0.17)
2026-09-28 17:27:40,562   INFO  Train:    1/10 ( 10%) [ 249/1856 ( 13%)]  Loss: 0.6479 (0.714)  LR: 1.025e-05  Time cost: 00:40/04:21 [00:40/49:40]  Acc_iter 250         Data time: 0.00(0.00)  Forward time: 0.15(0.16)  Batch time: 0.15(0.16)
2026-09-28 17:27:48,156   INFO  Train:    1/10 ( 10%) [ 299/1856 ( 16%)]  Loss: 0.4795 (0.713)  LR: 1.036e-05  Time cost: 00:48/04:10 [00:48/48:59]  Acc_iter 300         Data time: 0.00(0.00)  Forward time: 0.15(0.16)  Batch time: 0.15(0.16)
2026-09-28 17:27:48,439   INFO  ubuntu22                    Mon Sep 28 17:27:48 2026  550.78
[0] NVIDIA GeForce RTX 3090 | 50°C,  67 % |  2953 / 24576 MB | vipuser(2938M) root(4M)

2026-09-28 17:27:55,893   INFO  Train:    1/10 ( 10%) [ 349/1856 ( 19%)]  Loss: 0.7976 (0.707)  LR: 1.049e-05  Time cost: 00:56/04:01 [00:56/48:35]  Acc_iter 350         Data time: 0.00(0.00)  Forward time: 0.15(0.16)  Batch time: 0.15(0.16)
2026-09-28 17:28:03,279   INFO  Train:    1/10 ( 10%) [ 399/1856 ( 21%)]  Loss: 0.7867 (0.703)  LR: 1.064e-05  Time cost: 01:03/03:50 [01:03/47:58]  Acc_iter 400         Data time: 0.00(0.00)  Forward time: 0.14(0.15)  Batch time: 0.15(0.16)
2026-09-28 17:28:10,754   INFO  Train:    1/10 ( 10%) [ 449/1856 ( 24%)]  Loss: 0.3414 (0.701)  LR: 1.081e-05  Time cost: 01:10/03:41 [01:11/47:32]  Acc_iter 450         Data time: 0.00(0.00)  Forward time: 0.15(0.15)  Batch time: 0.15(0.16)
2026-09-28 17:28:11,045   INFO  ubuntu22                    Mon Sep 28 17:28:11 2026  550.78
[0] NVIDIA GeForce RTX 3090 | 52°C,  19 % |  2953 / 24576 MB | vipuser(2938M) root(4M)

2026-09-28 17:28:18,525   INFO  Train:    1/10 ( 10%) [ 499/1856 ( 27%)]  Loss: 0.5570 (0.700)  LR: 1.100e-05  Time cost: 01:18/03:33 [01:18/47:21]  Acc_iter 500         Data time: 0.00(0.00)  Forward time: 0.15(0.15)  Batch time: 0.15(0.16)
2026-09-28 17:28:25,958   INFO  Train:    1/10 ( 10%) [ 549/1856 ( 30%)]  Loss: 0.6445 (0.700)  LR: 1.121e-05  Time cost: 01:26/03:24 [01:26/46:59]  Acc_iter 550         Data time: 0.00(0.00)  Forward time: 0.14(0.15)  Batch time: 0.15(0.16)
2026-09-28 17:28:33,421   INFO  Train:    1/10 ( 10%) [ 599/1856 ( 32%)]  Loss: 0.6448 (0.700)  LR: 1.144e-05  Time cost: 01:33/03:15 [01:33/46:40]  Acc_iter 600         Data time: 0.00(0.00)  Forward time: 0.15(0.15)  Batch time: 0.15(0.16)
2026-09-28 17:28:33,715   INFO  ubuntu22                    Mon Sep 28 17:28:33 2026  550.78
[0] NVIDIA GeForce RTX 3090 | 53°C,  40 % |  2953 / 24576 MB | vipuser(2938M) root(4M)

2026-09-28 17:28:41,386   INFO  Train:    1/10 ( 10%) [ 649/1856 ( 35%)]  Loss: 0.7332 (0.698)  LR: 1.169e-05  Time cost: 01:41/03:08 [01:41/46:37]  Acc_iter 650         Data time: 0.00(0.00)  Forward time: 0.15(0.15)  Batch time: 0.15(0.16)
2026-09-28 17:28:48,920   INFO  Train:    1/10 ( 10%) [ 699/1856 ( 38%)]  Loss: 0.5976 (0.697)  LR: 1.195e-05  Time cost: 01:49/03:00 [01:49/46:22]  Acc_iter 700         Data time: 0.00(0.00)  Forward time: 0.15(0.15)  Batch time: 0.15(0.16)
2026-09-28 17:28:56,419   INFO  Train:    1/10 ( 10%) [ 749/1856 ( 40%)]  Loss: 0.6684 (0.695)  LR: 1.224e-05  Time cost: 01:56/02:52 [01:56/46:07]  Acc_iter 750         Data time: 0.00(0.00)  Forward time: 0.15(0.15)  Batch time: 0.15(0.16)
2026-09-28 17:28:56,712   INFO  ubuntu22                    Mon Sep 28 17:28:56 2026  550.78
[0] NVIDIA GeForce RTX 3090 | 53°C,  44 % |  2953 / 24576 MB | vipuser(2938M) root(4M)

2026-09-28 17:29:04,238   INFO  Train:    1/10 ( 10%) [ 799/1856 ( 43%)]  Loss: 0.6169 (0.693)  LR: 1.255e-05  Time cost: 02:04/02:44 [02:04/46:01]  Acc_iter 800         Data time: 0.00(0.00)  Forward time: 0.15(0.15)  Batch time: 0.15(0.16)
2026-09-28 17:29:11,754   INFO  Train:    1/10 ( 10%) [ 849/1856 ( 46%)]  Loss: 0.7378 (0.692)  LR: 1.287e-05  Time cost: 02:11/02:36 [02:12/45:48]  Acc_iter 850         Data time: 0.00(0.00)  Forward time: 0.14(0.15)  Batch time: 0.15(0.16)
2026-09-28 17:29:19,194   INFO  Train:    1/10 ( 10%) [ 899/1856 ( 48%)]  Loss: 0.4352 (0.689)  LR: 1.322e-05  Time cost: 02:19/02:28 [02:19/45:34]  Acc_iter 900         Data time: 0.00(0.00)  Forward time: 0.15(0.15)  Batch time: 0.15(0.15)
2026-09-28 17:29:19,478   INFO  ubuntu22                    Mon Sep 28 17:29:19 2026  550.78
[0] NVIDIA GeForce RTX 3090 | 53°C,  38 % |  2953 / 24576 MB | vipuser(2938M) root(4M)

2026-09-28 17:29:27,029   INFO  Train:    1/10 ( 10%) [ 949/1856 ( 51%)]  Loss: 0.5824 (0.686)  LR: 1.358e-05  Time cost: 02:27/02:20 [02:27/45:28]  Acc_iter 950         Data time: 0.00(0.00)  Forward time: 0.14(0.15)  Batch time: 0.15(0.15)
2026-09-28 17:29:34,497   INFO  Train:    1/10 ( 10%) [ 999/1856 ( 54%)]  Loss: 0.7152 (0.685)  LR: 1.396e-05  Time cost: 02:34/02:12 [02:34/45:15]  Acc_iter 1000        Data time: 0.00(0.00)  Forward time: 0.15(0.15)  Batch time: 0.15(0.15)
2026-09-28 17:29:41,986   INFO  Train:    1/10 ( 10%) [1049/1856 ( 57%)]  Loss: 0.7606 (0.683)  LR: 1.436e-05  Time cost: 02:42/02:04 [02:42/45:03]  Acc_iter 1050        Data time: 0.00(0.00)  Forward time: 0.15(0.15)  Batch time: 0.15(0.15)
2026-09-28 17:29:42,268   INFO  ubuntu22                    Mon Sep 28 17:29:42 2026  550.78
[0] NVIDIA GeForce RTX 3090 | 53°C,  37 % |  2953 / 24576 MB | vipuser(2938M) root(4M)

2026-09-28 17:29:49,808   INFO  Train:    1/10 ( 10%) [1099/1856 ( 59%)]  Loss: 0.6592 (0.682)  LR: 1.478e-05  Time cost: 02:49/01:56 [02:50/44:57]  Acc_iter 1100        Data time: 0.00(0.00)  Forward time: 0.15(0.15)  Batch time: 0.15(0.15)
2026-09-28 17:29:57,516   INFO  Train:    1/10 ( 10%) [1149/1856 ( 62%)]  Loss: 0.8466 (0.681)  LR: 1.522e-05  Time cost: 02:57/01:49 [02:57/44:49]  Acc_iter 1150        Data time: 0.00(0.00)  Forward time: 0.16(0.15)  Batch time: 0.16(0.15)
2026-09-28 17:30:05,377   INFO  Train:    1/10 ( 10%) [1199/1856 ( 65%)]  Loss: 0.5729 (0.681)  LR: 1.567e-05  Time cost: 03:05/01:41 [03:05/44:43]  Acc_iter 1200        Data time: 0.00(0.00)  Forward time: 0.15(0.15)  Batch time: 0.15(0.15)
2026-09-28 17:30:05,681   INFO  ubuntu22                    Mon Sep 28 17:30:05 2026  550.78
[0] NVIDIA GeForce RTX 3090 | 53°C,  34 % |  2953 / 24576 MB | vipuser(2938M) root(4M)

2026-09-28 17:30:13,250   INFO  Train:    1/10 ( 10%) [1249/1856 ( 67%)]  Loss: 0.5885 (0.680)  LR: 1.614e-05  Time cost: 03:13/01:33 [03:13/44:38]  Acc_iter 1250        Data time: 0.00(0.00)  Forward time: 0.15(0.15)  Batch time: 0.15(0.15)
2026-09-28 17:30:20,794   INFO  Train:    1/10 ( 10%) [1299/1856 ( 70%)]  Loss: 0.6174 (0.678)  LR: 1.663e-05  Time cost: 03:20/01:26 [03:21/44:27]  Acc_iter 1300        Data time: 0.00(0.00)  Forward time: 0.15(0.15)  Batch time: 0.15(0.15)
2026-09-28 17:30:28,281   INFO  Train:    1/10 ( 10%) [1349/1856 ( 73%)]  Loss: 0.8994 (0.679)  LR: 1.714e-05  Time cost: 03:28/01:18 [03:28/44:17]  Acc_iter 1350        Data time: 0.00(0.00)  Forward time: 0.15(0.15)  Batch time: 0.15(0.15)
2026-09-28 17:30:28,567   INFO  ubuntu22                    Mon Sep 28 17:30:28 2026  550.78
[0] NVIDIA GeForce RTX 3090 | 53°C,  71 % |  2953 / 24576 MB | vipuser(2938M) root(4M)

2026-09-28 17:30:36,460   INFO  Train:    1/10 ( 10%) [1399/1856 ( 75%)]  Loss: 0.5189 (0.678)  LR: 1.766e-05  Time cost: 03:36/01:10 [03:36/44:14]  Acc_iter 1400        Data time: 0.00(0.00)  Forward time: 0.16(0.15)  Batch time: 0.16(0.15)
2026-09-28 17:30:44,445   INFO  Train:    1/10 ( 10%) [1449/1856 ( 78%)]  Loss: 0.5647 (0.678)  LR: 1.820e-05  Time cost: 03:44/01:03 [03:44/44:10]  Acc_iter 1450        Data time: 0.00(0.00)  Forward time: 0.17(0.15)  Batch time: 0.17(0.15)
2026-09-28 17:30:52,120   INFO  Train:    1/10 ( 10%) [1499/1856 ( 81%)]  Loss: 0.7339 (0.676)  LR: 1.875e-05  Time cost: 03:52/00:55 [03:52/44:01]  Acc_iter 1500        Data time: 0.00(0.00)  Forward time: 0.15(0.15)  Batch time: 0.15(0.15)
2026-09-28 17:30:52,405   INFO  ubuntu22                    Mon Sep 28 17:30:52 2026  550.78
[0] NVIDIA GeForce RTX 3090 | 53°C,  27 % |  2953 / 24576 MB | vipuser(2938M) root(4M)

2026-09-28 17:31:00,008   INFO  Train:    1/10 ( 10%) [1549/1856 ( 83%)]  Loss: 0.8111 (0.675)  LR: 1.933e-05  Time cost: 04:00/00:47 [04:00/43:55]  Acc_iter 1550        Data time: 0.00(0.00)  Forward time: 0.15(0.15)  Batch time: 0.15(0.15)
2026-09-28 17:31:07,705   INFO  Train:    1/10 ( 10%) [1599/1856 ( 86%)]  Loss: 0.6583 (0.675)  LR: 1.991e-05  Time cost: 04:07/00:39 [04:08/43:47]  Acc_iter 1600        Data time: 0.00(0.00)  Forward time: 0.15(0.15)  Batch time: 0.15(0.15)
2026-09-28 17:31:15,326   INFO  Train:    1/10 ( 10%) [1649/1856 ( 89%)]  Loss: 0.5350 (0.674)  LR: 2.052e-05  Time cost: 04:15/00:32 [04:15/43:38]  Acc_iter 1650        Data time: 0.00(0.00)  Forward time: 0.14(0.15)  Batch time: 0.14(0.15)
2026-09-28 17:31:15,614   INFO  ubuntu22                    Mon Sep 28 17:31:15 2026  550.78
[0] NVIDIA GeForce RTX 3090 | 53°C,  29 % |  2953 / 24576 MB | vipuser(2938M) root(4M)

2026-09-28 17:31:23,598   INFO  Train:    1/10 ( 10%) [1699/1856 ( 92%)]  Loss: 0.8108 (0.674)  LR: 2.114e-05  Time cost: 04:23/00:24 [04:23/43:35]  Acc_iter 1700        Data time: 0.00(0.00)  Forward time: 0.17(0.15)  Batch time: 0.17(0.16)
2026-09-28 17:31:31,157   INFO  Train:    1/10 ( 10%) [1749/1856 ( 94%)]  Loss: 0.6311 (0.672)  LR: 2.177e-05  Time cost: 04:31/00:16 [04:31/43:26]  Acc_iter 1750        Data time: 0.00(0.00)  Forward time: 0.15(0.15)  Batch time: 0.15(0.16)
2026-09-28 17:31:38,835   INFO  Train:    1/10 ( 10%) [1799/1856 ( 97%)]  Loss: 0.6697 (0.672)  LR: 2.242e-05  Time cost: 04:38/00:08 [04:39/43:17]  Acc_iter 1800        Data time: 0.00(0.00)  Forward time: 0.16(0.15)  Batch time: 0.16(0.15)
2026-09-28 17:31:39,130   INFO  ubuntu22                    Mon Sep 28 17:31:39 2026  550.78
[0] NVIDIA GeForce RTX 3090 | 53°C,  63 % |  2953 / 24576 MB | vipuser(2938M) root(4M)

2026-09-28 17:31:47,171   INFO  Train:    1/10 ( 10%) [1849/1856 (100%)]  Loss: 0.6846 (0.671)  LR: 2.309e-05  Time cost: 04:47/00:01 [04:47/43:15]  Acc_iter 1850        Data time: 0.00(0.00)  Forward time: 0.16(0.15)  Batch time: 0.16(0.16)
2026-09-28 17:31:48,082   INFO  Train:    1/10 ( 10%) [1855/1856 (100%)]  Loss: 0.7325 (0.671)  LR: 2.317e-05  Time cost: 04:48/00:00 [04:48/43:14]  Acc_iter 1856        Data time: 0.00(0.00)  Forward time: 0.14(0.15)  Batch time: 0.15(0.16)
2026-09-28 17:31:48,982   INFO  Train:    2/10 ( 20%) [   0/1856 (  0%)]  Loss: 0.7442 (0.744)  LR: 2.318e-05  Time cost: 00:00/20:09 [04:49/3:01:21]  Acc_iter 1857        Data time: 0.32(0.32)  Forward time: 0.33(0.33)  Batch time: 0.65(0.65)
2026-09-28 17:31:55,867   INFO  Train:    2/10 ( 20%) [  43/1856 (  2%)]  Loss: 0.5605 (0.654)  LR: 2.376e-05  Time cost: 00:07/05:10 [04:56/47:33]  Acc_iter 1900        Data time: 0.00(0.01)  Forward time: 0.16(0.16)  Batch time: 0.16(0.17)
2026-09-28 17:32:03,642   INFO  Train:    2/10 ( 20%) [  93/1856 (  5%)]  Loss: 0.7557 (0.646)  LR: 2.446e-05  Time cost: 00:15/04:47 [05:03/45:05]  Acc_iter 1950        Data time: 0.00(0.01)  Forward time: 0.15(0.16)  Batch time: 0.15(0.16)
2026-09-28 17:32:03,931   INFO  ubuntu22                    Mon Sep 28 17:32:03 2026  550.78
[0] NVIDIA GeForce RTX 3090 | 53°C,  75 % |  2953 / 24576 MB | vipuser(2938M) root(4M)

2026-09-28 17:32:11,641   INFO  Train:    2/10 ( 20%) [ 143/1856 (  8%)]  Loss: 0.6436 (0.649)  LR: 2.516e-05  Time cost: 00:23/04:37 [05:11/44:40]  Acc_iter 2000        Data time: 0.00(0.01)  Forward time: 0.16(0.16)  Batch time: 0.16(0.16)
2026-09-28 17:32:19,217   INFO  Train:    2/10 ( 20%) [ 193/1856 ( 10%)]  Loss: 0.6276 (0.642)  LR: 2.588e-05  Time cost: 00:30/04:24 [05:19/43:48]  Acc_iter 2050        Data time: 0.00(0.00)  Forward time: 0.15(0.15)  Batch time: 0.15(0.16)
2026-09-28 17:32:27,178   INFO  Train:    2/10 ( 20%) [ 243/1856 ( 13%)]  Loss: 0.7339 (0.645)  LR: 2.661e-05  Time cost: 00:38/04:16 [05:27/43:40]  Acc_iter 2100        Data time: 0.00(0.00)  Forward time: 0.14(0.15)  Batch time: 0.15(0.16)
2026-09-28 17:32:27,463   INFO  ubuntu22                    Mon Sep 28 17:32:27 2026  550.78
[0] NVIDIA GeForce RTX 3090 | 53°C,  50 % |  2953 / 24576 MB | vipuser(2938M) root(4M)

2026-09-28 17:32:35,151   INFO  Train:    2/10 ( 20%) [ 293/1856 ( 16%)]  Loss: 0.5830 (0.644)  LR: 2.736e-05  Time cost: 00:46/04:08 [05:35/43:33]  Acc_iter 2150        Data time: 0.00(0.00)  Forward time: 0.16(0.15)  Batch time: 0.16(0.16)
2026-09-28 17:32:42,916   INFO  Train:    2/10 ( 20%) [ 343/1856 ( 18%)]  Loss: 0.5327 (0.643)  LR: 2.812e-05  Time cost: 00:54/04:00 [05:43/43:16]  Acc_iter 2200        Data time: 0.00(0.00)  Forward time: 0.15(0.15)  Batch time: 0.15(0.16)
2026-09-28 17:32:50,621   INFO  Train:    2/10 ( 20%) [ 393/1856 ( 21%)]  Loss: 0.6318 (0.642)  LR: 2.889e-05  Time cost: 01:02/03:51 [05:50/42:58]  Acc_iter 2250        Data time: 0.00(0.00)  Forward time: 0.16(0.15)  Batch time: 0.16(0.16)
2026-09-28 17:32:50,918   INFO  ubuntu22                    Mon Sep 28 17:32:50 2026  550.78
[0] NVIDIA GeForce RTX 3090 | 53°C,  70 % |  2953 / 24576 MB | vipuser(2938M) root(4M)

2026-09-28 17:32:58,626   INFO  Train:    2/10 ( 20%) [ 443/1856 ( 24%)]  Loss: 0.5289 (0.646)  LR: 2.967e-05  Time cost: 01:10/03:43 [05:58/42:54]  Acc_iter 2300        Data time: 0.00(0.00)  Forward time: 0.15(0.15)  Batch time: 0.15(0.16)
2026-09-28 17:33:06,213   INFO  Train:    2/10 ( 20%) [ 493/1856 ( 27%)]  Loss: 0.6302 (0.646)  LR: 3.046e-05  Time cost: 01:17/03:34 [06:06/42:35]  Acc_iter 2350        Data time: 0.00(0.00)  Forward time: 0.16(0.15)  Batch time: 0.16(0.16)
2026-09-28 17:33:13,934   INFO  Train:    2/10 ( 20%) [ 543/1856 ( 29%)]  Loss: 0.7590 (0.645)  LR: 3.126e-05  Time cost: 01:25/03:26 [06:14/42:23]  Acc_iter 2400        Data time: 0.00(0.00)  Forward time: 0.15(0.15)  Batch time: 0.15(0.16)
2026-09-28 17:33:14,239   INFO  ubuntu22                    Mon Sep 28 17:33:14 2026  550.78
[0] NVIDIA GeForce RTX 3090 | 53°C,  43 % |  2953 / 24576 MB | vipuser(2938M) root(4M)

2026-09-28 17:33:22,009   INFO  Train:    2/10 ( 20%) [ 593/1856 ( 32%)]  Loss: 0.6064 (0.645)  LR: 3.208e-05  Time cost: 01:33/03:19 [06:22/42:20]  Acc_iter 2450        Data time: 0.00(0.00)  Forward time: 0.15(0.15)  Batch time: 0.15(0.16)
2026-09-28 17:33:29,867   INFO  Train:    2/10 ( 20%) [ 643/1856 ( 35%)]  Loss: 0.5211 (0.646)  LR: 3.290e-05  Time cost: 01:41/03:11 [06:30/42:12]  Acc_iter 2500        Data time: 0.00(0.00)  Forward time: 0.15(0.15)  Batch time: 0.15(0.16)
2026-09-28 17:33:37,526   INFO  Train:    2/10 ( 20%) [ 693/1856 ( 37%)]  Loss: 1.055 (0.648)  LR: 3.374e-05  Time cost: 01:49/03:02 [06:37/41:59]  Acc_iter 2550        Data time: 0.00(0.00)  Forward time: 0.15(0.15)  Batch time: 0.15(0.16)
2026-09-28 17:33:37,832   INFO  ubuntu22                    Mon Sep 28 17:33:37 2026  550.78
[0] NVIDIA GeForce RTX 3090 | 53°C,  43 % |  2953 / 24576 MB | vipuser(2938M) root(4M)

2026-09-28 17:33:45,583   INFO  Train:    2/10 ( 20%) [ 743/1856 ( 40%)]  Loss: 0.5045 (0.648)  LR: 3.458e-05  Time cost: 01:57/02:55 [06:45/41:55]  Acc_iter 2600        Data time: 0.00(0.00)  Forward time: 0.16(0.15)  Batch time: 0.17(0.16)
2026-09-28 17:33:53,188   INFO  Train:    2/10 ( 20%) [ 793/1856 ( 43%)]  Loss: 0.5261 (0.648)  LR: 3.543e-05  Time cost: 02:04/02:47 [06:53/41:42]  Acc_iter 2650        Data time: 0.00(0.00)  Forward time: 0.15(0.15)  Batch time: 0.15(0.16)
2026-09-28 17:34:00,771   INFO  Train:    2/10 ( 20%) [ 843/1856 ( 45%)]  Loss: 0.5057 (0.646)  LR: 3.630e-05  Time cost: 02:12/02:38 [07:01/41:28]  Acc_iter 2700        Data time: 0.00(0.00)  Forward time: 0.14(0.15)  Batch time: 0.14(0.16)
2026-09-28 17:34:01,060   INFO  ubuntu22                    Mon Sep 28 17:34:01 2026  550.78
[0] NVIDIA GeForce RTX 3090 | 53°C,  64 % |  2953 / 24576 MB | vipuser(2938M) root(4M)

2026-09-28 17:34:08,923   INFO  Train:    2/10 ( 20%) [ 893/1856 ( 48%)]  Loss: 0.5400 (0.646)  LR: 3.717e-05  Time cost: 02:20/02:31 [07:09/41:26]  Acc_iter 2750        Data time: 0.00(0.00)  Forward time: 0.16(0.15)  Batch time: 0.16(0.16)
2026-09-28 17:34:16,812   INFO  Train:    2/10 ( 20%) [ 943/1856 ( 51%)]  Loss: 0.6069 (0.648)  LR: 3.804e-05  Time cost: 02:28/02:23 [07:17/41:19]  Acc_iter 2800        Data time: 0.00(0.00)  Forward time: 0.16(0.15)  Batch time: 0.16(0.16)
2026-09-28 17:34:24,654   INFO  Train:    2/10 ( 20%) [ 993/1856 ( 54%)]  Loss: 0.5240 (0.647)  LR: 3.893e-05  Time cost: 02:36/02:15 [07:24/41:10]  Acc_iter 2850        Data time: 0.00(0.00)  Forward time: 0.15(0.15)  Batch time: 0.15(0.16)
2026-09-28 17:34:24,948   INFO  ubuntu22                    Mon Sep 28 17:34:24 2026  550.78
[0] NVIDIA GeForce RTX 3090 | 53°C,  27 % |  2953 / 24576 MB | vipuser(2938M) root(4M)

2026-09-28 17:34:32,689   INFO  Train:    2/10 ( 20%) [1043/1856 ( 56%)]  Loss: 0.5482 (0.645)  LR: 3.982e-05  Time cost: 02:44/02:07 [07:33/41:05]  Acc_iter 2900        Data time: 0.00(0.00)  Forward time: 0.16(0.15)  Batch time: 0.16(0.16)
2026-09-28 17:34:40,266   INFO  Train:    2/10 ( 20%) [1093/1856 ( 59%)]  Loss: 0.6197 (0.645)  LR: 4.072e-05  Time cost: 02:51/01:59 [07:40/40:53]  Acc_iter 2950        Data time: 0.00(0.00)  Forward time: 0.15(0.15)  Batch time: 0.15(0.16)
2026-09-28 17:34:47,932   INFO  Train:    2/10 ( 20%) [1143/1856 ( 62%)]  Loss: 0.4301 (0.645)  LR: 4.163e-05  Time cost: 02:59/01:51 [07:48/40:42]  Acc_iter 3000        Data time: 0.00(0.00)  Forward time: 0.15(0.15)  Batch time: 0.15(0.16)
2026-09-28 17:34:48,224   INFO  ubuntu22                    Mon Sep 28 17:34:48 2026  550.78
[0] NVIDIA GeForce RTX 3090 | 53°C,  50 % |  2953 / 24576 MB | vipuser(2938M) root(4M)

2026-09-28 17:34:55,892   INFO  Train:    2/10 ( 20%) [1193/1856 ( 64%)]  Loss: 0.7212 (0.645)  LR: 4.254e-05  Time cost: 03:07/01:44 [07:56/40:36]  Acc_iter 3050        Data time: 0.00(0.00)  Forward time: 0.16(0.15)  Batch time: 0.16(0.16)
2026-09-28 17:35:03,638   INFO  Train:    2/10 ( 20%) [1243/1856 ( 67%)]  Loss: 0.5383 (0.645)  LR: 4.346e-05  Time cost: 03:15/01:36 [08:03/40:27]  Acc_iter 3100        Data time: 0.00(0.00)  Forward time: 0.15(0.15)  Batch time: 0.15(0.16)
2026-09-28 17:35:11,236   INFO  Train:    2/10 ( 20%) [1293/1856 ( 70%)]  Loss: 0.5539 (0.645)  LR: 4.438e-05  Time cost: 03:22/01:28 [08:11/40:16]  Acc_iter 3150        Data time: 0.00(0.00)  Forward time: 0.15(0.15)  Batch time: 0.15(0.16)
2026-09-28 17:35:11,543   INFO  ubuntu22                    Mon Sep 28 17:35:11 2026  550.78
[0] NVIDIA GeForce RTX 3090 | 53°C,  27 % |  2953 / 24576 MB | vipuser(2938M) root(4M)

2026-09-28 17:35:19,235   INFO  Train:    2/10 ( 20%) [1343/1856 ( 72%)]  Loss: 0.6373 (0.644)  LR: 4.531e-05  Time cost: 03:30/01:20 [08:19/40:10]  Acc_iter 3200        Data time: 0.00(0.00)  Forward time: 0.15(0.15)  Batch time: 0.16(0.16)
2026-09-28 17:35:26,744   INFO  Train:    2/10 ( 20%) [1393/1856 ( 75%)]  Loss: 0.5799 (0.643)  LR: 4.624e-05  Time cost: 03:38/01:12 [08:27/39:58]  Acc_iter 3250        Data time: 0.00(0.00)  Forward time: 0.15(0.15)  Batch time: 0.15(0.16)
2026-09-28 17:35:34,289   INFO  Train:    2/10 ( 20%) [1443/1856 ( 78%)]  Loss: 0.6526 (0.643)  LR: 4.718e-05  Time cost: 03:45/01:04 [08:34/39:48]  Acc_iter 3300        Data time: 0.00(0.00)  Forward time: 0.15(0.15)  Batch time: 0.15(0.16)
2026-09-28 17:35:34,582   INFO  ubuntu22                    Mon Sep 28 17:35:34 2026  550.78
[0] NVIDIA GeForce RTX 3090 | 53°C,  44 % |  2953 / 24576 MB | vipuser(2938M) root(4M)

2026-09-28 17:35:42,183   INFO  Train:    2/10 ( 20%) [1493/1856 ( 80%)]  Loss: 0.5661 (0.643)  LR: 4.811e-05  Time cost: 03:53/00:56 [08:42/39:40]  Acc_iter 3350        Data time: 0.00(0.00)  Forward time: 0.15(0.15)  Batch time: 0.15(0.16)
2026-09-28 17:35:49,703   INFO  Train:    2/10 ( 20%) [1543/1856 ( 83%)]  Loss: 0.5376 (0.643)  LR: 4.906e-05  Time cost: 04:01/00:48 [08:50/39:30]  Acc_iter 3400        Data time: 0.00(0.00)  Forward time: 0.15(0.15)  Batch time: 0.15(0.16)
2026-09-28 17:35:57,218   INFO  Train:    2/10 ( 20%) [1593/1856 ( 86%)]  Loss: 0.5409 (0.642)  LR: 5.000e-05  Time cost: 04:08/00:41 [08:57/39:19]  Acc_iter 3450        Data time: 0.00(0.00)  Forward time: 0.15(0.15)  Batch time: 0.15(0.16)
2026-09-28 17:35:57,528   INFO  ubuntu22                    Mon Sep 28 17:35:57 2026  550.78
[0] NVIDIA GeForce RTX 3090 | 54°C,  26 % |  2953 / 24576 MB | vipuser(2938M) root(4M)

2026-09-28 17:36:05,175   INFO  Train:    2/10 ( 20%) [1643/1856 ( 89%)]  Loss: 0.7634 (0.642)  LR: 5.095e-05  Time cost: 04:16/00:33 [09:05/39:12]  Acc_iter 3500        Data time: 0.00(0.00)  Forward time: 0.15(0.15)  Batch time: 0.15(0.16)
2026-09-28 17:36:12,746   INFO  Train:    2/10 ( 20%) [1693/1856 ( 91%)]  Loss: 0.7173 (0.642)  LR: 5.190e-05  Time cost: 04:24/00:25 [09:13/39:03]  Acc_iter 3550        Data time: 0.00(0.00)  Forward time: 0.16(0.15)  Batch time: 0.16(0.16)
2026-09-28 17:36:20,293   INFO  Train:    2/10 ( 20%) [1743/1856 ( 94%)]  Loss: 0.6910 (0.642)  LR: 5.285e-05  Time cost: 04:31/00:17 [09:20/38:53]  Acc_iter 3600        Data time: 0.00(0.00)  Forward time: 0.15(0.15)  Batch time: 0.15(0.16)
2026-09-28 17:36:20,584   INFO  ubuntu22                    Mon Sep 28 17:36:20 2026  550.78
[0] NVIDIA GeForce RTX 3090 | 54°C,  49 % |  2953 / 24576 MB | vipuser(2938M) root(4M)

2026-09-28 17:36:28,233   INFO  Train:    2/10 ( 20%) [1793/1856 ( 97%)]  Loss: 0.3831 (0.642)  LR: 5.380e-05  Time cost: 04:39/00:09 [09:28/38:46]  Acc_iter 3650        Data time: 0.00(0.00)  Forward time: 0.15(0.15)  Batch time: 0.16(0.16)
2026-09-28 17:36:35,788   INFO  Train:    2/10 ( 20%) [1843/1856 ( 99%)]  Loss: 0.4993 (0.642)  LR: 5.475e-05  Time cost: 04:47/00:02 [09:36/38:36]  Acc_iter 3700        Data time: 0.00(0.00)  Forward time: 0.14(0.15)  Batch time: 0.15(0.16)
2026-09-28 17:36:37,557   INFO  Train:    2/10 ( 20%) [1855/1856 (100%)]  Loss: 0.8290 (0.642)  LR: 5.498e-05  Time cost: 04:49/00:00 [09:37/38:33]  Acc_iter 3712        Data time: 0.00(0.00)  Forward time: 0.15(0.15)  Batch time: 0.15(0.16)
2026-09-28 17:36:38,484   INFO  Train:    3/10 ( 30%) [   0/1856 (  0%)]  Loss: 0.4636 (0.464)  LR: 5.500e-05  Time cost: 00:00/20:15 [09:38/2:42:00]  Acc_iter 3713        Data time: 0.32(0.32)  Forward time: 0.34(0.34)  Batch time: 0.65(0.65)
2026-09-28 17:36:44,157   INFO  Train:    3/10 ( 30%) [  37/1856 (  2%)]  Loss: 0.7306 (0.659)  LR: 5.570e-05  Time cost: 00:06/05:02 [09:44/41:06]  Acc_iter 3750        Data time: 0.00(0.01)  Forward time: 0.15(0.16)  Batch time: 0.15(0.17)
2026-09-28 17:36:44,471   INFO  ubuntu22                    Mon Sep 28 17:36:44 2026  550.78
[0] NVIDIA GeForce RTX 3090 | 53°C,  73 % |  2953 / 24576 MB | vipuser(2938M) root(4M)

2026-09-28 17:36:52,176   INFO  Train:    3/10 ( 30%) [  87/1856 (  5%)]  Loss: 0.6379 (0.651)  LR: 5.666e-05  Time cost: 00:14/04:48 [09:52/40:06]  Acc_iter 3800        Data time: 0.00(0.01)  Forward time: 0.14(0.15)  Batch time: 0.15(0.16)
2026-09-28 17:36:59,832   INFO  Train:    3/10 ( 30%) [ 137/1856 (  7%)]  Loss: 0.4745 (0.648)  LR: 5.761e-05  Time cost: 00:22/04:34 [10:00/39:05]  Acc_iter 3850        Data time: 0.00(0.01)  Forward time: 0.15(0.15)  Batch time: 0.15(0.16)
2026-09-28 17:37:07,686   INFO  Train:    3/10 ( 30%) [ 187/1856 ( 10%)]  Loss: 0.7951 (0.653)  LR: 5.856e-05  Time cost: 00:29/04:25 [10:08/38:48]  Acc_iter 3900        Data time: 0.00(0.01)  Forward time: 0.16(0.15)  Batch time: 0.16(0.16)
2026-09-28 17:37:07,999   INFO  ubuntu22                    Mon Sep 28 17:37:07 2026  550.78
[0] NVIDIA GeForce RTX 3090 | 53°C,  49 % |  2953 / 24576 MB | vipuser(2938M) root(4M)

2026-09-28 17:37:15,686   INFO  Train:    3/10 ( 30%) [ 237/1856 ( 13%)]  Loss: 0.5504 (0.654)  LR: 5.951e-05  Time cost: 00:37/04:17 [10:16/38:44]  Acc_iter 3950        Data time: 0.00(0.01)  Forward time: 0.15(0.15)  Batch time: 0.15(0.16)
2026-09-28 17:37:23,349   INFO  Train:    3/10 ( 30%) [ 287/1856 ( 15%)]  Loss: 0.6035 (0.651)  LR: 6.045e-05  Time cost: 00:45/04:07 [10:23/38:21]  Acc_iter 4000        Data time: 0.00(0.01)  Forward time: 0.15(0.15)  Batch time: 0.15(0.16)
2026-09-28 17:37:30,896   INFO  Train:    3/10 ( 30%) [ 337/1856 ( 18%)]  Loss: 0.5506 (0.653)  LR: 6.140e-05  Time cost: 00:53/03:58 [10:31/37:58]  Acc_iter 4050        Data time: 0.00(0.00)  Forward time: 0.15(0.15)  Batch time: 0.15(0.16)
2026-09-28 17:37:31,206   INFO  ubuntu22                    Mon Sep 28 17:37:31 2026  550.78
[0] NVIDIA GeForce RTX 3090 | 53°C,  55 % |  2953 / 24576 MB | vipuser(2938M) root(4M)

2026-09-28 17:37:38,798   INFO  Train:    3/10 ( 30%) [ 387/1856 ( 21%)]  Loss: 0.6487 (0.649)  LR: 6.234e-05  Time cost: 01:00/03:50 [10:39/37:52]  Acc_iter 4100        Data time: 0.00(0.00)  Forward time: 0.15(0.15)  Batch time: 0.16(0.16)
2026-09-28 17:37:46,320   INFO  Train:    3/10 ( 30%) [ 437/1856 ( 24%)]  Loss: 0.8873 (0.644)  LR: 6.327e-05  Time cost: 01:08/03:41 [10:46/37:33]  Acc_iter 4150        Data time: 0.00(0.00)  Forward time: 0.15(0.15)  Batch time: 0.15(0.16)
2026-09-28 17:37:53,867   INFO  Train:    3/10 ( 30%) [ 487/1856 ( 26%)]  Loss: 0.6390 (0.641)  LR: 6.421e-05  Time cost: 01:16/03:33 [10:54/37:17]  Acc_iter 4200        Data time: 0.00(0.00)  Forward time: 0.15(0.15)  Batch time: 0.15(0.16)
2026-09-28 17:37:54,162   INFO  ubuntu22                    Mon Sep 28 17:37:54 2026  550.78
[0] NVIDIA GeForce RTX 3090 | 54°C,  50 % |  2953 / 24576 MB | vipuser(2938M) root(4M)

2026-09-28 17:38:01,768   INFO  Train:    3/10 ( 30%) [ 537/1856 ( 29%)]  Loss: 0.5827 (0.642)  LR: 6.514e-05  Time cost: 01:23/03:25 [11:02/37:12]  Acc_iter 4250        Data time: 0.00(0.00)  Forward time: 0.16(0.15)  Batch time: 0.16(0.16)
2026-09-28 17:38:09,410   INFO  Train:    3/10 ( 30%) [ 587/1856 ( 32%)]  Loss: 0.6393 (0.642)  LR: 6.606e-05  Time cost: 01:31/03:17 [11:09/37:01]  Acc_iter 4300        Data time: 0.00(0.00)  Forward time: 0.15(0.15)  Batch time: 0.15(0.16)
2026-09-28 17:38:16,936   INFO  Train:    3/10 ( 30%) [ 637/1856 ( 34%)]  Loss: 0.5714 (0.642)  LR: 6.698e-05  Time cost: 01:39/03:09 [11:17/36:47]  Acc_iter 4350        Data time: 0.00(0.00)  Forward time: 0.15(0.15)  Batch time: 0.16(0.16)
2026-09-28 17:38:17,232   INFO  ubuntu22                    Mon Sep 28 17:38:17 2026  550.78
[0] NVIDIA GeForce RTX 3090 | 54°C,  71 % |  2953 / 24576 MB | vipuser(2938M) root(4M)

2026-09-28 17:38:24,861   INFO  Train:    3/10 ( 30%) [ 687/1856 ( 37%)]  Loss: 0.7492 (0.642)  LR: 6.790e-05  Time cost: 01:47/03:01 [11:25/36:43]  Acc_iter 4400        Data time: 0.00(0.00)  Forward time: 0.15(0.15)  Batch time: 0.15(0.16)
2026-09-28 17:38:32,463   INFO  Train:    3/10 ( 30%) [ 737/1856 ( 40%)]  Loss: 0.7868 (0.641)  LR: 6.881e-05  Time cost: 01:54/02:53 [11:32/36:31]  Acc_iter 4450        Data time: 0.00(0.00)  Forward time: 0.16(0.15)  Batch time: 0.16(0.16)
2026-09-28 17:38:40,011   INFO  Train:    3/10 ( 30%) [ 787/1856 ( 42%)]  Loss: 0.7216 (0.640)  LR: 6.971e-05  Time cost: 02:02/02:45 [11:40/36:20]  Acc_iter 4500        Data time: 0.00(0.00)  Forward time: 0.15(0.15)  Batch time: 0.15(0.16)
2026-09-28 17:38:40,306   INFO  ubuntu22                    Mon Sep 28 17:38:40 2026  550.78
[0] NVIDIA GeForce RTX 3090 | 54°C,  34 % |  2953 / 24576 MB | vipuser(2938M) root(4M)

2026-09-28 17:38:48,041   INFO  Train:    3/10 ( 30%) [ 837/1856 ( 45%)]  Loss: 0.6711 (0.641)  LR: 7.061e-05  Time cost: 02:10/02:38 [11:48/36:17]  Acc_iter 4550        Data time: 0.00(0.00)  Forward time: 0.15(0.15)  Batch time: 0.15(0.16)
2026-09-28 17:38:55,841   INFO  Train:    3/10 ( 30%) [ 887/1856 ( 48%)]  Loss: 0.3794 (0.641)  LR: 7.150e-05  Time cost: 02:18/02:30 [11:56/36:09]  Acc_iter 4600        Data time: 0.00(0.00)  Forward time: 0.15(0.15)  Batch time: 0.16(0.16)
2026-09-28 17:39:03,383   INFO  Train:    3/10 ( 30%) [ 937/1856 ( 50%)]  Loss: 0.4134 (0.641)  LR: 7.238e-05  Time cost: 02:25/02:22 [12:03/35:58]  Acc_iter 4650        Data time: 0.00(0.00)  Forward time: 0.15(0.15)  Batch time: 0.15(0.16)
2026-09-28 17:39:03,679   INFO  ubuntu22                    Mon Sep 28 17:39:03 2026  550.78
[0] NVIDIA GeForce RTX 3090 | 53°C,  32 % |  2953 / 24576 MB | vipuser(2938M) root(4M)

2026-09-28 17:39:11,212   INFO  Train:    3/10 ( 30%) [ 987/1856 ( 53%)]  Loss: 0.5734 (0.641)  LR: 7.325e-05  Time cost: 02:33/02:14 [12:11/35:51]  Acc_iter 4700        Data time: 0.00(0.00)  Forward time: 0.15(0.15)  Batch time: 0.15(0.16)
2026-09-28 17:39:18,853   INFO  Train:    3/10 ( 30%) [1037/1856 ( 56%)]  Loss: 0.5378 (0.639)  LR: 7.412e-05  Time cost: 02:41/02:07 [12:19/35:42]  Acc_iter 4750        Data time: 0.00(0.00)  Forward time: 0.15(0.15)  Batch time: 0.15(0.16)
2026-09-28 17:39:26,640   INFO  Train:    3/10 ( 30%) [1087/1856 ( 59%)]  Loss: 0.9426 (0.639)  LR: 7.498e-05  Time cost: 02:48/01:59 [12:26/35:35]  Acc_iter 4800        Data time: 0.00(0.00)  Forward time: 0.15(0.15)  Batch time: 0.15(0.16)
2026-09-28 17:39:26,965   INFO  ubuntu22                    Mon Sep 28 17:39:26 2026  550.78
[0] NVIDIA GeForce RTX 3090 | 53°C,  50 % |  2953 / 24576 MB | vipuser(2938M) root(4M)

2026-09-28 17:39:34,674   INFO  Train:    3/10 ( 30%) [1137/1856 ( 61%)]  Loss: 0.5518 (0.640)  LR: 7.583e-05  Time cost: 02:56/01:51 [12:34/35:30]  Acc_iter 4850        Data time: 0.00(0.00)  Forward time: 0.15(0.15)  Batch time: 0.16(0.16)
2026-09-28 17:39:42,301   INFO  Train:    3/10 ( 30%) [1187/1856 ( 64%)]  Loss: 0.4222 (0.640)  LR: 7.666e-05  Time cost: 03:04/01:43 [12:42/35:21]  Acc_iter 4900        Data time: 0.00(0.00)  Forward time: 0.15(0.15)  Batch time: 0.16(0.16)
2026-09-28 17:39:49,875   INFO  Train:    3/10 ( 30%) [1237/1856 ( 67%)]  Loss: 0.6838 (0.639)  LR: 7.749e-05  Time cost: 03:12/01:36 [12:50/35:11]  Acc_iter 4950        Data time: 0.00(0.00)  Forward time: 0.15(0.15)  Batch time: 0.15(0.16)
2026-09-28 17:39:50,178   INFO  ubuntu22                    Mon Sep 28 17:39:50 2026  550.78
[0] NVIDIA GeForce RTX 3090 | 53°C,  66 % |  2953 / 24576 MB | vipuser(2938M) root(4M)

2026-09-28 17:39:57,741   INFO  Train:    3/10 ( 30%) [1287/1856 ( 69%)]  Loss: 0.6137 (0.639)  LR: 7.831e-05  Time cost: 03:19/01:28 [12:58/35:04]  Acc_iter 5000        Data time: 0.00(0.00)  Forward time: 0.15(0.15)  Batch time: 0.16(0.16)
2026-09-28 17:40:05,318   INFO  Train:    3/10 ( 30%) [1337/1856 ( 72%)]  Loss: 0.8055 (0.638)  LR: 7.912e-05  Time cost: 03:27/01:20 [13:05/34:55]  Acc_iter 5050        Data time: 0.00(0.00)  Forward time: 0.15(0.15)  Batch time: 0.15(0.16)
2026-09-28 17:40:12,857   INFO  Train:    3/10 ( 30%) [1387/1856 ( 75%)]  Loss: 0.7057 (0.639)  LR: 7.992e-05  Time cost: 03:35/01:12 [13:13/34:45]  Acc_iter 5100        Data time: 0.00(0.00)  Forward time: 0.15(0.15)  Batch time: 0.15(0.15)
2026-09-28 17:40:13,156   INFO  ubuntu22                    Mon Sep 28 17:40:13 2026  550.78
[0] NVIDIA GeForce RTX 3090 | 53°C,  64 % |  2953 / 24576 MB | vipuser(2938M) root(4M)

2026-09-28 17:40:20,730   INFO  Train:    3/10 ( 30%) [1437/1856 ( 77%)]  Loss: 0.6360 (0.639)  LR: 8.071e-05  Time cost: 03:42/01:04 [13:21/34:38]  Acc_iter 5150        Data time: 0.00(0.00)  Forward time: 0.15(0.15)  Batch time: 0.15(0.16)
2026-09-28 17:40:28,230   INFO  Train:    3/10 ( 30%) [1487/1856 ( 80%)]  Loss: 0.5276 (0.639)  LR: 8.148e-05  Time cost: 03:50/00:57 [13:28/34:28]  Acc_iter 5200        Data time: 0.00(0.00)  Forward time: 0.15(0.15)  Batch time: 0.15(0.15)
2026-09-28 17:40:35,941   INFO  Train:    3/10 ( 30%) [1537/1856 ( 83%)]  Loss: 0.5970 (0.638)  LR: 8.225e-05  Time cost: 03:58/00:49 [13:36/34:20]  Acc_iter 5250        Data time: 0.00(0.00)  Forward time: 0.14(0.15)  Batch time: 0.15(0.15)
2026-09-28 17:40:36,238   INFO  ubuntu22                    Mon Sep 28 17:40:36 2026  550.78
[0] NVIDIA GeForce RTX 3090 | 53°C,  30 % |  2953 / 24576 MB | vipuser(2938M) root(4M)

2026-09-28 17:40:43,704   INFO  Train:    3/10 ( 30%) [1587/1856 ( 86%)]  Loss: 1.218 (0.639)  LR: 8.300e-05  Time cost: 04:05/00:41 [13:44/34:13]  Acc_iter 5300        Data time: 0.00(0.00)  Forward time: 0.15(0.15)  Batch time: 0.15(0.15)
2026-09-28 17:40:51,463   INFO  Train:    3/10 ( 30%) [1637/1856 ( 88%)]  Loss: 0.5900 (0.638)  LR: 8.374e-05  Time cost: 04:13/00:33 [13:51/34:05]  Acc_iter 5350        Data time: 0.00(0.00)  Forward time: 0.15(0.15)  Batch time: 0.15(0.15)
2026-09-28 17:40:59,026   INFO  Train:    3/10 ( 30%) [1687/1856 ( 91%)]  Loss: 0.5314 (0.638)  LR: 8.446e-05  Time cost: 04:21/00:26 [13:59/33:56]  Acc_iter 5400        Data time: 0.00(0.00)  Forward time: 0.15(0.15)  Batch time: 0.15(0.15)
2026-09-28 17:40:59,326   INFO  ubuntu22                    Mon Sep 28 17:40:59 2026  550.78
[0] NVIDIA GeForce RTX 3090 | 53°C,  55 % |  2953 / 24576 MB | vipuser(2938M) root(4M)

2026-09-28 17:41:06,928   INFO  Train:    3/10 ( 30%) [1737/1856 ( 94%)]  Loss: 0.6451 (0.638)  LR: 8.518e-05  Time cost: 04:29/00:18 [14:07/33:50]  Acc_iter 5450        Data time: 0.00(0.00)  Forward time: 0.15(0.15)  Batch time: 0.15(0.15)
2026-09-28 17:41:14,436   INFO  Train:    3/10 ( 30%) [1787/1856 ( 96%)]  Loss: 0.6295 (0.638)  LR: 8.588e-05  Time cost: 04:36/00:10 [14:14/33:40]  Acc_iter 5500        Data time: 0.00(0.00)  Forward time: 0.15(0.15)  Batch time: 0.15(0.15)
2026-09-28 17:41:22,047   INFO  Train:    3/10 ( 30%) [1837/1856 ( 99%)]  Loss: 0.6262 (0.639)  LR: 8.656e-05  Time cost: 04:44/00:02 [14:22/33:31]  Acc_iter 5550        Data time: 0.00(0.00)  Forward time: 0.15(0.15)  Batch time: 0.15(0.15)
2026-09-28 17:41:22,345   INFO  ubuntu22                    Mon Sep 28 17:41:22 2026  550.78
[0] NVIDIA GeForce RTX 3090 | 53°C,  68 % |  2953 / 24576 MB | vipuser(2938M) root(4M)

2026-09-28 17:41:25,053   INFO  Train:    3/10 ( 30%) [1855/1856 (100%)]  Loss: 0.7577 (0.639)  LR: 8.681e-05  Time cost: 04:47/00:00 [14:25/33:30]  Acc_iter 5568        Data time: 0.00(0.00)  Forward time: 0.15(0.15)  Batch time: 0.15(0.15)
2026-09-28 17:41:25,938   INFO  Train:    4/10 ( 40%) [   0/1856 (  0%)]  Loss: 0.4619 (0.462)  LR: 8.682e-05  Time cost: 00:00/19:57 [14:26/2:19:39]  Acc_iter 5569        Data time: 0.31(0.31)  Forward time: 0.33(0.33)  Batch time: 0.64(0.64)
2026-09-28 17:41:30,859   INFO  Train:    4/10 ( 40%) [  31/1856 (  2%)]  Loss: 0.6211 (0.633)  LR: 8.723e-05  Time cost: 00:05/05:17 [14:31/37:34]  Acc_iter 5600        Data time: 0.00(0.01)  Forward time: 0.14(0.16)  Batch time: 0.15(0.17)
2026-09-28 17:41:38,503   INFO  Train:    4/10 ( 40%) [  81/1856 (  4%)]  Loss: 0.6878 (0.638)  LR: 8.789e-05  Time cost: 00:13/04:45 [14:38/34:39]  Acc_iter 5650        Data time: 0.00(0.01)  Forward time: 0.16(0.16)  Batch time: 0.17(0.16)
2026-09-28 17:41:46,140   INFO  Train:    4/10 ( 40%) [ 131/1856 (  7%)]  Loss: 0.6012 (0.634)  LR: 8.853e-05  Time cost: 00:20/04:32 [14:46/33:51]  Acc_iter 5700        Data time: 0.00(0.00)  Forward time: 0.15(0.15)  Batch time: 0.15(0.16)
2026-09-28 17:41:46,438   INFO  ubuntu22                    Mon Sep 28 17:41:46 2026  550.78
[0] NVIDIA GeForce RTX 3090 | 53°C,  32 % |  2953 / 24576 MB | vipuser(2938M) root(4M)

2026-09-28 17:41:54,000   INFO  Train:    4/10 ( 40%) [ 181/1856 ( 10%)]  Loss: 0.4988 (0.630)  LR: 8.916e-05  Time cost: 00:28/04:24 [14:54/33:40]  Acc_iter 5750        Data time: 0.00(0.00)  Forward time: 0.15(0.15)  Batch time: 0.15(0.16)
2026-09-28 17:42:01,545   INFO  Train:    4/10 ( 40%) [ 231/1856 ( 12%)]  Loss: 0.6219 (0.627)  LR: 8.977e-05  Time cost: 00:36/04:13 [15:01/33:14]  Acc_iter 5800        Data time: 0.00(0.00)  Forward time: 0.15(0.15)  Batch time: 0.15(0.16)
2026-09-28 17:42:09,202   INFO  Train:    4/10 ( 40%) [ 281/1856 ( 15%)]  Loss: 0.7432 (0.633)  LR: 9.037e-05  Time cost: 00:43/04:05 [15:09/32:59]  Acc_iter 5850        Data time: 0.00(0.00)  Forward time: 0.15(0.15)  Batch time: 0.15(0.16)
2026-09-28 17:42:09,526   INFO  ubuntu22                    Mon Sep 28 17:42:09 2026  550.78
[0] NVIDIA GeForce RTX 3090 | 53°C,  54 % |  2953 / 24576 MB | vipuser(2938M) root(4M)

2026-09-28 17:42:17,171   INFO  Train:    4/10 ( 40%) [ 331/1856 ( 18%)]  Loss: 0.4645 (0.637)  LR: 9.095e-05  Time cost: 00:51/03:58 [15:17/32:58]  Acc_iter 5900        Data time: 0.00(0.00)  Forward time: 0.15(0.15)  Batch time: 0.15(0.16)
2026-09-28 17:42:24,754   INFO  Train:    4/10 ( 40%) [ 381/1856 ( 21%)]  Loss: 0.5735 (0.637)  LR: 9.152e-05  Time cost: 00:59/03:49 [15:25/32:42]  Acc_iter 5950        Data time: 0.00(0.00)  Forward time: 0.15(0.15)  Batch time: 0.15(0.16)
2026-09-28 17:42:32,320   INFO  Train:    4/10 ( 40%) [ 431/1856 ( 23%)]  Loss: 0.8060 (0.640)  LR: 9.206e-05  Time cost: 01:07/03:41 [15:32/32:28]  Acc_iter 6000        Data time: 0.00(0.00)  Forward time: 0.15(0.15)  Batch time: 0.15(0.16)
2026-09-28 17:42:32,620   INFO  ubuntu22                    Mon Sep 28 17:42:32 2026  550.78
[0] NVIDIA GeForce RTX 3090 | 53°C,  32 % |  2953 / 24576 MB | vipuser(2938M) root(4M)

2026-09-28 17:42:40,163   INFO  Train:    4/10 ( 40%) [ 481/1856 ( 26%)]  Loss: 0.6290 (0.639)  LR: 9.260e-05  Time cost: 01:14/03:33 [15:40/32:23]  Acc_iter 6050        Data time: 0.00(0.00)  Forward time: 0.15(0.15)  Batch time: 0.15(0.16)
2026-09-28 17:42:47,628   INFO  Train:    4/10 ( 40%) [ 531/1856 ( 29%)]  Loss: 0.6107 (0.638)  LR: 9.311e-05  Time cost: 01:22/03:25 [15:47/32:08]  Acc_iter 6100        Data time: 0.00(0.00)  Forward time: 0.14(0.15)  Batch time: 0.15(0.15)
2026-09-28 17:42:55,093   INFO  Train:    4/10 ( 40%) [ 581/1856 ( 31%)]  Loss: 0.7817 (0.639)  LR: 9.361e-05  Time cost: 01:29/03:16 [15:55/31:54]  Acc_iter 6150        Data time: 0.00(0.00)  Forward time: 0.15(0.15)  Batch time: 0.15(0.15)
2026-09-28 17:42:55,393   INFO  ubuntu22                    Mon Sep 28 17:42:55 2026  550.78
[0] NVIDIA GeForce RTX 3090 | 54°C,  28 % |  2953 / 24576 MB | vipuser(2938M) root(4M)

2026-09-28 17:43:02,871   INFO  Train:    4/10 ( 40%) [ 631/1856 ( 34%)]  Loss: 0.7142 (0.639)  LR: 9.409e-05  Time cost: 01:37/03:09 [16:03/31:48]  Acc_iter 6200        Data time: 0.00(0.00)  Forward time: 0.14(0.15)  Batch time: 0.14(0.15)
2026-09-28 17:43:10,356   INFO  Train:    4/10 ( 40%) [ 681/1856 ( 37%)]  Loss: 0.6754 (0.639)  LR: 9.455e-05  Time cost: 01:45/03:01 [16:10/31:36]  Acc_iter 6250        Data time: 0.00(0.00)  Forward time: 0.15(0.15)  Batch time: 0.15(0.15)
2026-09-28 17:43:17,807   INFO  Train:    4/10 ( 40%) [ 731/1856 ( 39%)]  Loss: 0.6618 (0.638)  LR: 9.500e-05  Time cost: 01:52/02:52 [16:18/31:24]  Acc_iter 6300        Data time: 0.00(0.00)  Forward time: 0.15(0.15)  Batch time: 0.15(0.15)
2026-09-28 17:43:18,108   INFO  ubuntu22                    Mon Sep 28 17:43:18 2026  550.78
[0] NVIDIA GeForce RTX 3090 | 54°C,  67 % |  2953 / 24576 MB | vipuser(2938M) root(4M)

2026-09-28 17:43:25,549   INFO  Train:    4/10 ( 40%) [ 781/1856 ( 42%)]  Loss: 0.7345 (0.638)  LR: 9.542e-05  Time cost: 02:00/02:45 [16:25/31:17]  Acc_iter 6350        Data time: 0.00(0.00)  Forward time: 0.15(0.15)  Batch time: 0.15(0.15)
2026-09-28 17:43:33,007   INFO  Train:    4/10 ( 40%) [ 831/1856 ( 45%)]  Loss: 0.5800 (0.638)  LR: 9.583e-05  Time cost: 02:07/02:37 [16:33/31:06]  Acc_iter 6400        Data time: 0.00(0.00)  Forward time: 0.14(0.15)  Batch time: 0.14(0.15)
2026-09-28 17:43:40,566   INFO  Train:    4/10 ( 40%) [ 881/1856 ( 47%)]  Loss: 0.7143 (0.637)  LR: 9.622e-05  Time cost: 02:15/02:29 [16:40/30:57]  Acc_iter 6450        Data time: 0.00(0.00)  Forward time: 0.15(0.15)  Batch time: 0.16(0.15)
2026-09-28 17:43:40,869   INFO  ubuntu22                    Mon Sep 28 17:43:40 2026  550.78
[0] NVIDIA GeForce RTX 3090 | 54°C,  49 % |  2953 / 24576 MB | vipuser(2938M) root(4M)

2026-09-28 17:43:48,442   INFO  Train:    4/10 ( 40%) [ 931/1856 ( 50%)]  Loss: 0.7357 (0.637)  LR: 9.660e-05  Time cost: 02:23/02:22 [16:48/30:52]  Acc_iter 6500        Data time: 0.00(0.00)  Forward time: 0.14(0.15)  Batch time: 0.15(0.15)
2026-09-28 17:43:56,168   INFO  Train:    4/10 ( 40%) [ 981/1856 ( 53%)]  Loss: 0.7339 (0.640)  LR: 9.695e-05  Time cost: 02:30/02:14 [16:56/30:45]  Acc_iter 6550        Data time: 0.00(0.00)  Forward time: 0.14(0.15)  Batch time: 0.14(0.15)
2026-09-28 17:44:03,755   INFO  Train:    4/10 ( 40%) [1031/1856 ( 56%)]  Loss: 0.6971 (0.640)  LR: 9.729e-05  Time cost: 02:38/02:06 [17:04/30:36]  Acc_iter 6600        Data time: 0.00(0.00)  Forward time: 0.16(0.15)  Batch time: 0.16(0.15)
2026-09-28 17:44:04,058   INFO  ubuntu22                    Mon Sep 28 17:44:04 2026  550.78
[0] NVIDIA GeForce RTX 3090 | 54°C,  50 % |  2953 / 24576 MB | vipuser(2938M) root(4M)

2026-09-28 17:44:11,874   INFO  Train:    4/10 ( 40%) [1081/1856 ( 58%)]  Loss: 0.6159 (0.640)  LR: 9.760e-05  Time cost: 02:46/01:59 [17:12/30:33]  Acc_iter 6650        Data time: 0.00(0.00)  Forward time: 0.15(0.15)  Batch time: 0.15(0.15)
2026-09-28 17:44:19,485   INFO  Train:    4/10 ( 40%) [1131/1856 ( 61%)]  Loss: 0.7159 (0.640)  LR: 9.790e-05  Time cost: 02:54/01:51 [17:19/30:25]  Acc_iter 6700        Data time: 0.00(0.00)  Forward time: 0.15(0.15)  Batch time: 0.15(0.15)
2026-09-28 17:44:27,113   INFO  Train:    4/10 ( 40%) [1181/1856 ( 64%)]  Loss: 0.5950 (0.641)  LR: 9.818e-05  Time cost: 03:01/01:43 [17:27/30:16]  Acc_iter 6750        Data time: 0.00(0.00)  Forward time: 0.15(0.15)  Batch time: 0.15(0.15)
2026-09-28 17:44:27,433   INFO  ubuntu22                    Mon Sep 28 17:44:27 2026  550.78
[0] NVIDIA GeForce RTX 3090 | 53°C,  42 % |  2953 / 24576 MB | vipuser(2938M) root(4M)

2026-09-28 17:44:35,153   INFO  Train:    4/10 ( 40%) [1231/1856 ( 66%)]  Loss: 0.5905 (0.640)  LR: 9.844e-05  Time cost: 03:09/01:36 [17:35/30:12]  Acc_iter 6800        Data time: 0.00(0.00)  Forward time: 0.16(0.15)  Batch time: 0.16(0.15)
2026-09-28 17:44:42,750   INFO  Train:    4/10 ( 40%) [1281/1856 ( 69%)]  Loss: 0.6034 (0.641)  LR: 9.867e-05  Time cost: 03:17/01:28 [17:43/30:03]  Acc_iter 6850        Data time: 0.00(0.00)  Forward time: 0.14(0.15)  Batch time: 0.15(0.15)
2026-09-28 17:44:50,309   INFO  Train:    4/10 ( 40%) [1331/1856 ( 72%)]  Loss: 0.7768 (0.642)  LR: 9.889e-05  Time cost: 03:25/01:20 [17:50/29:54]  Acc_iter 6900        Data time: 0.00(0.00)  Forward time: 0.15(0.15)  Batch time: 0.15(0.15)
2026-09-28 17:44:50,628   INFO  ubuntu22                    Mon Sep 28 17:44:50 2026  550.78
[0] NVIDIA GeForce RTX 3090 | 53°C,  43 % |  2953 / 24576 MB | vipuser(2938M) root(4M)

2026-09-28 17:44:58,175   INFO  Train:    4/10 ( 40%) [1381/1856 ( 74%)]  Loss: 0.5920 (0.641)  LR: 9.909e-05  Time cost: 03:32/01:13 [17:58/29:48]  Acc_iter 6950        Data time: 0.00(0.00)  Forward time: 0.15(0.15)  Batch time: 0.15(0.15)
2026-09-28 17:45:05,655   INFO  Train:    4/10 ( 40%) [1431/1856 ( 77%)]  Loss: 0.6460 (0.641)  LR: 9.927e-05  Time cost: 03:40/01:05 [18:05/29:39]  Acc_iter 7000        Data time: 0.00(0.00)  Forward time: 0.13(0.15)  Batch time: 0.14(0.15)
2026-09-28 17:45:13,346   INFO  Train:    4/10 ( 40%) [1481/1856 ( 80%)]  Loss: 0.6914 (0.641)  LR: 9.943e-05  Time cost: 03:48/00:57 [18:13/29:31]  Acc_iter 7050        Data time: 0.00(0.00)  Forward time: 0.15(0.15)  Batch time: 0.15(0.15)
2026-09-28 17:45:13,649   INFO  ubuntu22                    Mon Sep 28 17:45:13 2026  550.78
[0] NVIDIA GeForce RTX 3090 | 53°C,  58 % |  2953 / 24576 MB | vipuser(2938M) root(4M)

2026-09-28 17:45:21,183   INFO  Train:    4/10 ( 40%) [1531/1856 ( 82%)]  Loss: 0.7054 (0.642)  LR: 9.958e-05  Time cost: 03:55/00:50 [18:21/29:24]  Acc_iter 7100        Data time: 0.00(0.00)  Forward time: 0.15(0.15)  Batch time: 0.15(0.15)
2026-09-28 17:45:29,018   INFO  Train:    4/10 ( 40%) [1581/1856 ( 85%)]  Loss: 0.5204 (0.642)  LR: 9.970e-05  Time cost: 04:03/00:42 [18:29/29:17]  Acc_iter 7150        Data time: 0.00(0.00)  Forward time: 0.16(0.15)  Batch time: 0.16(0.15)
2026-09-28 17:45:36,763   INFO  Train:    4/10 ( 40%) [1631/1856 ( 88%)]  Loss: 0.6887 (0.642)  LR: 9.980e-05  Time cost: 04:11/00:34 [18:37/29:10]  Acc_iter 7200        Data time: 0.00(0.00)  Forward time: 0.15(0.15)  Batch time: 0.16(0.15)
2026-09-28 17:45:37,071   INFO  ubuntu22                    Mon Sep 28 17:45:37 2026  550.78
[0] NVIDIA GeForce RTX 3090 | 53°C,  66 % |  2953 / 24576 MB | vipuser(2938M) root(4M)

2026-09-28 17:45:44,805   INFO  Train:    4/10 ( 40%) [1681/1856 ( 91%)]  Loss: 0.5712 (0.642)  LR: 9.988e-05  Time cost: 04:19/00:27 [18:45/29:05]  Acc_iter 7250        Data time: 0.00(0.00)  Forward time: 0.16(0.15)  Batch time: 0.16(0.15)
2026-09-28 17:45:52,412   INFO  Train:    4/10 ( 40%) [1731/1856 ( 93%)]  Loss: 0.6328 (0.641)  LR: 9.994e-05  Time cost: 04:27/00:19 [18:52/28:56]  Acc_iter 7300        Data time: 0.00(0.00)  Forward time: 0.15(0.15)  Batch time: 0.15(0.15)
2026-09-28 17:46:00,134   INFO  Train:    4/10 ( 40%) [1781/1856 ( 96%)]  Loss: 0.8928 (0.642)  LR: 9.998e-05  Time cost: 04:34/00:11 [19:00/28:49]  Acc_iter 7350        Data time: 0.00(0.00)  Forward time: 0.15(0.15)  Batch time: 0.15(0.15)
2026-09-28 17:46:00,456   INFO  ubuntu22                    Mon Sep 28 17:46:00 2026  550.78
[0] NVIDIA GeForce RTX 3090 | 53°C,  60 % |  2953 / 24576 MB | vipuser(2938M) root(4M)

2026-09-28 17:46:08,093   INFO  Train:    4/10 ( 40%) [1831/1856 ( 99%)]  Loss: 0.5778 (0.642)  LR: 1.000e-04  Time cost: 04:42/00:03 [19:08/28:42]  Acc_iter 7400        Data time: 0.00(0.00)  Forward time: 0.15(0.15)  Batch time: 0.16(0.15)
2026-09-28 17:46:11,696   INFO  Train:    4/10 ( 40%) [1855/1856 (100%)]  Loss: 0.5535 (0.641)  LR: 1.000e-04  Time cost: 04:46/00:00 [19:12/28:38]  Acc_iter 7424        Data time: 0.00(0.00)  Forward time: 0.15(0.15)  Batch time: 0.15(0.15)
2026-09-28 17:46:12,680   INFO  Train:    5/10 ( 50%) [   0/1856 (  0%)]  Loss: 0.6597 (0.660)  LR: 1.000e-04  Time cost: 00:00/20:38 [19:13/2:03:53]  Acc_iter 7425        Data time: 0.31(0.31)  Forward time: 0.35(0.35)  Batch time: 0.67(0.67)
2026-09-28 17:46:16,605   INFO  Train:    5/10 ( 50%) [  25/1856 (  1%)]  Loss: 0.5064 (0.603)  LR: 1.000e-04  Time cost: 00:04/05:23 [19:16/32:42]  Acc_iter 7450        Data time: 0.00(0.01)  Forward time: 0.16(0.16)  Batch time: 0.16(0.18)
2026-09-28 17:46:24,254   INFO  Train:    5/10 ( 50%) [  75/1856 (  4%)]  Loss: 0.5040 (0.636)  LR: 9.999e-05  Time cost: 00:12/04:46 [19:24/29:41]  Acc_iter 7500        Data time: 0.00(0.01)  Forward time: 0.16(0.16)  Batch time: 0.16(0.16)
2026-09-28 17:46:24,577   INFO  ubuntu22                    Mon Sep 28 17:46:24 2026  550.78
[0] NVIDIA GeForce RTX 3090 | 53°C,  34 % |  2953 / 24576 MB | vipuser(2938M) root(4M)

2026-09-28 17:46:32,338   INFO  Train:    5/10 ( 50%) [ 125/1856 (  7%)]  Loss: 0.5375 (0.634)  LR: 9.997e-05  Time cost: 00:20/04:39 [19:32/29:36]  Acc_iter 7550        Data time: 0.00(0.01)  Forward time: 0.15(0.15)  Batch time: 0.15(0.16)
2026-09-28 17:46:39,978   INFO  Train:    5/10 ( 50%) [ 175/1856 (  9%)]  Loss: 0.5237 (0.636)  LR: 9.994e-05  Time cost: 00:27/04:27 [19:40/29:01]  Acc_iter 7600        Data time: 0.00(0.01)  Forward time: 0.16(0.15)  Batch time: 0.16(0.16)
2026-09-28 17:46:47,617   INFO  Train:    5/10 ( 50%) [ 225/1856 ( 12%)]  Loss: 0.6593 (0.630)  LR: 9.990e-05  Time cost: 00:35/04:16 [19:47/28:38]  Acc_iter 7650        Data time: 0.00(0.00)  Forward time: 0.15(0.15)  Batch time: 0.15(0.16)
2026-09-28 17:46:47,956   INFO  ubuntu22                    Mon Sep 28 17:46:47 2026  550.78
[0] NVIDIA GeForce RTX 3090 | 53°C,  28 % |  2953 / 24576 MB | vipuser(2938M) root(4M)

2026-09-28 17:46:55,525   INFO  Train:    5/10 ( 50%) [ 275/1856 ( 15%)]  Loss: 0.7764 (0.636)  LR: 9.985e-05  Time cost: 00:43/04:09 [19:55/28:32]  Acc_iter 7700        Data time: 0.00(0.01)  Forward time: 0.15(0.15)  Batch time: 0.15(0.16)
2026-09-28 17:47:03,256   INFO  Train:    5/10 ( 50%) [ 325/1856 ( 18%)]  Loss: 0.6623 (0.633)  LR: 9.979e-05  Time cost: 00:51/04:00 [20:03/28:19]  Acc_iter 7750        Data time: 0.00(0.00)  Forward time: 0.16(0.15)  Batch time: 0.16(0.16)
2026-09-28 17:47:11,057   INFO  Train:    5/10 ( 50%) [ 375/1856 ( 20%)]  Loss: 0.5882 (0.629)  LR: 9.972e-05  Time cost: 00:59/03:52 [20:11/28:09]  Acc_iter 7800        Data time: 0.00(0.00)  Forward time: 0.15(0.15)  Batch time: 0.16(0.16)
2026-09-28 17:47:11,375   INFO  ubuntu22                    Mon Sep 28 17:47:11 2026  550.78
[0] NVIDIA GeForce RTX 3090 | 53°C,  39 % |  2953 / 24576 MB | vipuser(2938M) root(4M)

2026-09-28 17:47:19,013   INFO  Train:    5/10 ( 50%) [ 425/1856 ( 23%)]  Loss: 0.5408 (0.628)  LR: 9.964e-05  Time cost: 01:07/03:45 [20:19/28:04]  Acc_iter 7850        Data time: 0.00(0.00)  Forward time: 0.16(0.15)  Batch time: 0.16(0.16)
2026-09-28 17:47:26,748   INFO  Train:    5/10 ( 50%) [ 475/1856 ( 26%)]  Loss: 0.6211 (0.631)  LR: 9.955e-05  Time cost: 01:14/03:36 [20:27/27:53]  Acc_iter 7900        Data time: 0.00(0.00)  Forward time: 0.15(0.15)  Batch time: 0.15(0.16)
2026-09-28 17:47:34,445   INFO  Train:    5/10 ( 50%) [ 525/1856 ( 28%)]  Loss: 0.6674 (0.632)  LR: 9.945e-05  Time cost: 01:22/03:28 [20:34/27:42]  Acc_iter 7950        Data time: 0.00(0.00)  Forward time: 0.15(0.15)  Batch time: 0.15(0.16)
2026-09-28 17:47:34,763   INFO  ubuntu22                    Mon Sep 28 17:47:34 2026  550.78
[0] NVIDIA GeForce RTX 3090 | 53°C,  38 % |  2953 / 24576 MB | vipuser(2938M) root(4M)

2026-09-28 17:47:42,478   INFO  Train:    5/10 ( 50%) [ 575/1856 ( 31%)]  Loss: 0.7655 (0.635)  LR: 9.934e-05  Time cost: 01:30/03:21 [20:42/27:38]  Acc_iter 8000        Data time: 0.00(0.00)  Forward time: 0.16(0.15)  Batch time: 0.16(0.16)
2026-09-28 17:47:50,160   INFO  Train:    5/10 ( 50%) [ 625/1856 ( 34%)]  Loss: 0.5616 (0.636)  LR: 9.922e-05  Time cost: 01:38/03:13 [20:50/27:27]  Acc_iter 8050        Data time: 0.00(0.00)  Forward time: 0.15(0.15)  Batch time: 0.15(0.16)
2026-09-28 17:47:57,716   INFO  Train:    5/10 ( 50%) [ 675/1856 ( 36%)]  Loss: 0.7858 (0.637)  LR: 9.910e-05  Time cost: 01:45/03:04 [20:58/27:15]  Acc_iter 8100        Data time: 0.00(0.00)  Forward time: 0.15(0.15)  Batch time: 0.15(0.16)
2026-09-28 17:47:58,035   INFO  ubuntu22                    Mon Sep 28 17:47:58 2026  550.78
[0] NVIDIA GeForce RTX 3090 | 53°C,  69 % |  2953 / 24576 MB | vipuser(2938M) root(4M)

2026-09-28 17:48:05,829   INFO  Train:    5/10 ( 50%) [ 725/1856 ( 39%)]  Loss: 0.5636 (0.634)  LR: 9.896e-05  Time cost: 01:53/02:57 [21:06/27:12]  Acc_iter 8150        Data time: 0.00(0.00)  Forward time: 0.15(0.15)  Batch time: 0.15(0.16)
2026-09-28 17:48:13,450   INFO  Train:    5/10 ( 50%) [ 775/1856 ( 42%)]  Loss: 0.4363 (0.634)  LR: 9.881e-05  Time cost: 02:01/02:49 [21:13/27:01]  Acc_iter 8200        Data time: 0.00(0.00)  Forward time: 0.15(0.15)  Batch time: 0.15(0.16)
2026-09-28 17:48:20,890   INFO  Train:    5/10 ( 50%) [ 825/1856 ( 44%)]  Loss: 0.4850 (0.634)  LR: 9.865e-05  Time cost: 02:08/02:40 [21:21/26:48]  Acc_iter 8250        Data time: 0.00(0.00)  Forward time: 0.15(0.15)  Batch time: 0.15(0.16)
2026-09-28 17:48:21,197   INFO  ubuntu22                    Mon Sep 28 17:48:21 2026  550.78
[0] NVIDIA GeForce RTX 3090 | 53°C,  59 % |  2953 / 24576 MB | vipuser(2938M) root(4M)

2026-09-28 17:48:28,777   INFO  Train:    5/10 ( 50%) [ 875/1856 ( 47%)]  Loss: 0.5959 (0.634)  LR: 9.848e-05  Time cost: 02:16/02:33 [21:29/26:41]  Acc_iter 8300        Data time: 0.00(0.00)  Forward time: 0.15(0.15)  Batch time: 0.15(0.16)
2026-09-28 17:48:36,296   INFO  Train:    5/10 ( 50%) [ 925/1856 ( 50%)]  Loss: 0.6083 (0.635)  LR: 9.831e-05  Time cost: 02:24/02:25 [21:36/26:31]  Acc_iter 8350        Data time: 0.00(0.00)  Forward time: 0.15(0.15)  Batch time: 0.15(0.16)
2026-09-28 17:48:43,889   INFO  Train:    5/10 ( 50%) [ 975/1856 ( 53%)]  Loss: 0.6184 (0.635)  LR: 9.812e-05  Time cost: 02:31/02:17 [21:44/26:21]  Acc_iter 8400        Data time: 0.00(0.00)  Forward time: 0.14(0.15)  Batch time: 0.15(0.16)
2026-09-28 17:48:44,194   INFO  ubuntu22                    Mon Sep 28 17:48:44 2026  550.78
[0] NVIDIA GeForce RTX 3090 | 53°C,  64 % |  2953 / 24576 MB | vipuser(2938M) root(4M)

2026-09-28 17:48:51,713   INFO  Train:    5/10 ( 50%) [1025/1856 ( 55%)]  Loss: 0.4185 (0.635)  LR: 9.792e-05  Time cost: 02:39/02:09 [21:52/26:13]  Acc_iter 8450        Data time: 0.00(0.00)  Forward time: 0.15(0.15)  Batch time: 0.16(0.16)
2026-09-28 17:48:59,197   INFO  Train:    5/10 ( 50%) [1075/1856 ( 58%)]  Loss: 0.4135 (0.636)  LR: 9.772e-05  Time cost: 02:47/02:01 [21:59/26:03]  Acc_iter 8500        Data time: 0.00(0.00)  Forward time: 0.15(0.15)  Batch time: 0.15(0.16)
2026-09-28 17:49:06,838   INFO  Train:    5/10 ( 50%) [1125/1856 ( 61%)]  Loss: 0.5987 (0.636)  LR: 9.750e-05  Time cost: 02:54/01:53 [22:07/25:54]  Acc_iter 8550        Data time: 0.00(0.00)  Forward time: 0.15(0.15)  Batch time: 0.15(0.16)
2026-09-28 17:49:07,143   INFO  ubuntu22                    Mon Sep 28 17:49:07 2026  550.78
[0] NVIDIA GeForce RTX 3090 | 53°C,  47 % |  2953 / 24576 MB | vipuser(2938M) root(4M)

2026-09-28 17:49:14,780   INFO  Train:    5/10 ( 50%) [1175/1856 ( 63%)]  Loss: 0.6962 (0.637)  LR: 9.728e-05  Time cost: 03:02/01:45 [22:15/25:48]  Acc_iter 8600        Data time: 0.00(0.00)  Forward time: 0.15(0.15)  Batch time: 0.15(0.16)
2026-09-28 17:49:22,314   INFO  Train:    5/10 ( 50%) [1225/1856 ( 66%)]  Loss: 0.7101 (0.638)  LR: 9.704e-05  Time cost: 03:10/01:37 [22:22/25:38]  Acc_iter 8650        Data time: 0.00(0.00)  Forward time: 0.14(0.15)  Batch time: 0.15(0.16)
2026-09-28 17:49:30,073   INFO  Train:    5/10 ( 50%) [1275/1856 ( 69%)]  Loss: 0.7643 (0.639)  LR: 9.680e-05  Time cost: 03:18/01:30 [22:30/25:30]  Acc_iter 8700        Data time: 0.00(0.00)  Forward time: 0.16(0.15)  Batch time: 0.17(0.16)
2026-09-28 17:49:30,399   INFO  ubuntu22                    Mon Sep 28 17:49:30 2026  550.78
[0] NVIDIA GeForce RTX 3090 | 53°C,  53 % |  2953 / 24576 MB | vipuser(2938M) root(4M)

2026-09-28 17:49:38,096   INFO  Train:    5/10 ( 50%) [1325/1856 ( 71%)]  Loss: 0.6867 (0.639)  LR: 9.655e-05  Time cost: 03:26/01:22 [22:38/25:24]  Acc_iter 8750        Data time: 0.00(0.00)  Forward time: 0.15(0.15)  Batch time: 0.15(0.16)
2026-09-28 17:49:45,854   INFO  Train:    5/10 ( 50%) [1375/1856 ( 74%)]  Loss: 0.6629 (0.639)  LR: 9.629e-05  Time cost: 03:33/01:14 [22:46/25:16]  Acc_iter 8800        Data time: 0.00(0.00)  Forward time: 0.16(0.15)  Batch time: 0.16(0.16)
2026-09-28 17:49:53,664   INFO  Train:    5/10 ( 50%) [1425/1856 ( 77%)]  Loss: 0.5556 (0.638)  LR: 9.601e-05  Time cost: 03:41/01:06 [22:53/25:09]  Acc_iter 8850        Data time: 0.00(0.00)  Forward time: 0.15(0.15)  Batch time: 0.16(0.16)
2026-09-28 17:49:53,982   INFO  ubuntu22                    Mon Sep 28 17:49:53 2026  550.78
[0] NVIDIA GeForce RTX 3090 | 53°C,  58 % |  2953 / 24576 MB | vipuser(2938M) root(4M)

2026-09-28 17:50:01,462   INFO  Train:    5/10 ( 50%) [1475/1856 ( 79%)]  Loss: 0.5075 (0.638)  LR: 9.573e-05  Time cost: 03:49/00:59 [23:01/25:01]  Acc_iter 8900        Data time: 0.00(0.00)  Forward time: 0.15(0.15)  Batch time: 0.15(0.16)
2026-09-28 17:50:09,157   INFO  Train:    5/10 ( 50%) [1525/1856 ( 82%)]  Loss: 0.6364 (0.637)  LR: 9.544e-05  Time cost: 03:57/00:51 [23:09/24:53]  Acc_iter 8950        Data time: 0.00(0.00)  Forward time: 0.14(0.15)  Batch time: 0.14(0.16)
2026-09-28 17:50:16,824   INFO  Train:    5/10 ( 50%) [1575/1856 ( 85%)]  Loss: 0.5665 (0.637)  LR: 9.515e-05  Time cost: 04:04/00:43 [23:17/24:45]  Acc_iter 9000        Data time: 0.00(0.00)  Forward time: 0.16(0.15)  Batch time: 0.16(0.16)
2026-09-28 17:50:17,148   INFO  ubuntu22                    Mon Sep 28 17:50:17 2026  550.78
[0] NVIDIA GeForce RTX 3090 | 53°C,  46 % |  2953 / 24576 MB | vipuser(2938M) root(4M)

2026-09-28 17:50:24,996   INFO  Train:    5/10 ( 50%) [1625/1856 ( 88%)]  Loss: 0.5633 (0.637)  LR: 9.484e-05  Time cost: 04:12/00:35 [23:25/24:39]  Acc_iter 9050        Data time: 0.00(0.00)  Forward time: 0.14(0.15)  Batch time: 0.15(0.16)
2026-09-28 17:50:32,793   INFO  Train:    5/10 ( 50%) [1675/1856 ( 90%)]  Loss: 0.4826 (0.636)  LR: 9.452e-05  Time cost: 04:20/00:28 [23:33/24:32]  Acc_iter 9100        Data time: 0.00(0.00)  Forward time: 0.16(0.15)  Batch time: 0.16(0.16)
2026-09-28 17:50:40,680   INFO  Train:    5/10 ( 50%) [1725/1856 ( 93%)]  Loss: 0.3453 (0.636)  LR: 9.420e-05  Time cost: 04:28/00:20 [23:41/24:24]  Acc_iter 9150        Data time: 0.00(0.00)  Forward time: 0.15(0.15)  Batch time: 0.16(0.16)
2026-09-28 17:50:40,982   INFO  ubuntu22                    Mon Sep 28 17:50:40 2026  550.78
[0] NVIDIA GeForce RTX 3090 | 53°C,  72 % |  2953 / 24576 MB | vipuser(2938M) root(4M)

2026-09-28 17:50:48,567   INFO  Train:    5/10 ( 50%) [1775/1856 ( 96%)]  Loss: 0.6521 (0.636)  LR: 9.386e-05  Time cost: 04:36/00:12 [23:48/24:17]  Acc_iter 9200        Data time: 0.00(0.00)  Forward time: 0.14(0.15)  Batch time: 0.14(0.16)
2026-09-28 17:50:56,057   INFO  Train:    5/10 ( 50%) [1825/1856 ( 98%)]  Loss: 0.6275 (0.636)  LR: 9.352e-05  Time cost: 04:44/00:04 [23:56/24:08]  Acc_iter 9250        Data time: 0.00(0.00)  Forward time: 0.14(0.15)  Batch time: 0.15(0.16)
2026-09-28 17:51:00,558   INFO  Train:    5/10 ( 50%) [1855/1856 (100%)]  Loss: 0.6705 (0.636)  LR: 9.331e-05  Time cost: 04:48/00:00 [24:00/24:02]  Acc_iter 9280        Data time: 0.00(0.00)  Forward time: 0.14(0.15)  Batch time: 0.14(0.16)
2026-09-28 17:51:01,540   INFO  Train:    6/10 ( 60%) [   0/1856 (  0%)]  Loss: 0.7022 (0.702)  LR: 9.330e-05  Time cost: 00:00/21:18 [24:01/1:46:33]  Acc_iter 9281        Data time: 0.32(0.32)  Forward time: 0.37(0.37)  Batch time: 0.69(0.69)
2026-09-28 17:51:04,598   INFO  Train:    6/10 ( 60%) [  19/1856 (  1%)]  Loss: 0.6906 (0.624)  LR: 9.317e-05  Time cost: 00:03/05:44 [24:04/28:55]  Acc_iter 9300        Data time: 0.00(0.02)  Forward time: 0.15(0.17)  Batch time: 0.15(0.19)
2026-09-28 17:51:04,903   INFO  ubuntu22                    Mon Sep 28 17:51:04 2026  550.78
[0] NVIDIA GeForce RTX 3090 | 53°C,  45 % |  2953 / 24576 MB | vipuser(2938M) root(4M)

2026-09-28 17:51:12,403   INFO  Train:    6/10 ( 60%) [  69/1856 (  4%)]  Loss: 0.5245 (0.624)  LR: 9.281e-05  Time cost: 00:11/04:54 [24:12/25:20]  Acc_iter 9350        Data time: 0.00(0.01)  Forward time: 0.14(0.15)  Batch time: 0.15(0.17)
2026-09-28 17:51:19,956   INFO  Train:    6/10 ( 60%) [ 119/1856 (  6%)]  Loss: 0.6845 (0.630)  LR: 9.244e-05  Time cost: 00:19/04:36 [24:20/24:18]  Acc_iter 9400        Data time: 0.00(0.01)  Forward time: 0.15(0.15)  Batch time: 0.15(0.16)
2026-09-28 17:51:27,529   INFO  Train:    6/10 ( 60%) [ 169/1856 (  9%)]  Loss: 0.6842 (0.639)  LR: 9.206e-05  Time cost: 00:26/04:24 [24:27/23:49]  Acc_iter 9450        Data time: 0.00(0.01)  Forward time: 0.15(0.15)  Batch time: 0.15(0.16)
2026-09-28 17:51:27,830   INFO  ubuntu22                    Mon Sep 28 17:51:27 2026  550.78
[0] NVIDIA GeForce RTX 3090 | 53°C,  28 % |  2953 / 24576 MB | vipuser(2938M) root(4M)

2026-09-28 17:51:35,470   INFO  Train:    6/10 ( 60%) [ 219/1856 ( 12%)]  Loss: 0.6608 (0.636)  LR: 9.168e-05  Time cost: 00:34/04:17 [24:35/23:45]  Acc_iter 9500        Data time: 0.00(0.01)  Forward time: 0.15(0.15)  Batch time: 0.15(0.16)
2026-09-28 17:51:42,931   INFO  Train:    6/10 ( 60%) [ 269/1856 ( 14%)]  Loss: 0.6679 (0.634)  LR: 9.128e-05  Time cost: 00:42/04:07 [24:43/23:24]  Acc_iter 9550        Data time: 0.00(0.01)  Forward time: 0.14(0.15)  Batch time: 0.14(0.16)
2026-09-28 17:51:50,568   INFO  Train:    6/10 ( 60%) [ 319/1856 ( 17%)]  Loss: 0.6601 (0.632)  LR: 9.088e-05  Time cost: 00:49/03:58 [24:50/23:12]  Acc_iter 9600        Data time: 0.00(0.00)  Forward time: 0.15(0.15)  Batch time: 0.16(0.16)
2026-09-28 17:51:50,871   INFO  ubuntu22                    Mon Sep 28 17:51:50 2026  550.78
[0] NVIDIA GeForce RTX 3090 | 53°C,  40 % |  2953 / 24576 MB | vipuser(2938M) root(4M)

2026-09-28 17:51:58,538   INFO  Train:    6/10 ( 60%) [ 369/1856 ( 20%)]  Loss: 0.6644 (0.633)  LR: 9.047e-05  Time cost: 00:57/03:51 [24:58/23:09]  Acc_iter 9650        Data time: 0.00(0.00)  Forward time: 0.15(0.15)  Batch time: 0.15(0.16)
2026-09-28 17:52:05,939   INFO  Train:    6/10 ( 60%) [ 419/1856 ( 23%)]  Loss: 0.7793 (0.636)  LR: 9.005e-05  Time cost: 01:05/03:42 [25:06/22:53]  Acc_iter 9700        Data time: 0.00(0.00)  Forward time: 0.14(0.15)  Batch time: 0.14(0.15)
2026-09-28 17:52:13,528   INFO  Train:    6/10 ( 60%) [ 469/1856 ( 25%)]  Loss: 0.5305 (0.633)  LR: 8.962e-05  Time cost: 01:12/03:34 [25:13/22:42]  Acc_iter 9750        Data time: 0.00(0.00)  Forward time: 0.16(0.15)  Batch time: 0.16(0.15)
2026-09-28 17:52:13,862   INFO  ubuntu22                    Mon Sep 28 17:52:13 2026  550.78
[0] NVIDIA GeForce RTX 3090 | 53°C,  31 % |  2953 / 24576 MB | vipuser(2938M) root(4M)

2026-09-28 17:52:21,479   INFO  Train:    6/10 ( 60%) [ 519/1856 ( 28%)]  Loss: 0.7340 (0.635)  LR: 8.919e-05  Time cost: 01:20/03:27 [25:21/22:38]  Acc_iter 9800        Data time: 0.00(0.00)  Forward time: 0.16(0.15)  Batch time: 0.16(0.16)
2026-09-28 17:52:29,113   INFO  Train:    6/10 ( 60%) [ 569/1856 ( 31%)]  Loss: 0.5680 (0.636)  LR: 8.875e-05  Time cost: 01:28/03:19 [25:29/22:28]  Acc_iter 9850        Data time: 0.00(0.00)  Forward time: 0.15(0.15)  Batch time: 0.15(0.15)
2026-09-28 17:52:36,624   INFO  Train:    6/10 ( 60%) [ 619/1856 ( 33%)]  Loss: 0.6107 (0.635)  LR: 8.830e-05  Time cost: 01:35/03:11 [25:36/22:17]  Acc_iter 9900        Data time: 0.00(0.00)  Forward time: 0.15(0.15)  Batch time: 0.15(0.15)
2026-09-28 17:52:36,944   INFO  ubuntu22                    Mon Sep 28 17:52:36 2026  550.78
[0] NVIDIA GeForce RTX 3090 | 53°C,  68 % |  2953 / 24576 MB | vipuser(2938M) root(4M)

2026-09-28 17:52:44,522   INFO  Train:    6/10 ( 60%) [ 669/1856 ( 36%)]  Loss: 0.6408 (0.635)  LR: 8.784e-05  Time cost: 01:43/03:03 [25:44/22:12]  Acc_iter 9950        Data time: 0.00(0.00)  Forward time: 0.15(0.15)  Batch time: 0.16(0.15)
2026-09-28 17:52:52,076   INFO  Train:    6/10 ( 60%) [ 719/1856 ( 39%)]  Loss: 0.6219 (0.633)  LR: 8.738e-05  Time cost: 01:51/02:55 [25:52/22:02]  Acc_iter 10000       Data time: 0.00(0.00)  Forward time: 0.15(0.15)  Batch time: 0.15(0.15)
2026-09-28 17:52:59,719   INFO  Train:    6/10 ( 60%) [ 769/1856 ( 41%)]  Loss: 0.6500 (0.634)  LR: 8.691e-05  Time cost: 01:58/02:47 [26:00/21:53]  Acc_iter 10050       Data time: 0.00(0.00)  Forward time: 0.14(0.15)  Batch time: 0.14(0.15)
2026-09-28 17:53:00,023   INFO  ubuntu22                    Mon Sep 28 17:53:00 2026  550.78
[0] NVIDIA GeForce RTX 3090 | 54°C,  33 % |  2953 / 24576 MB | vipuser(2938M) root(4M)

2026-09-28 17:53:07,583   INFO  Train:    6/10 ( 60%) [ 819/1856 ( 44%)]  Loss: 0.6651 (0.636)  LR: 8.643e-05  Time cost: 02:06/02:40 [26:07/21:47]  Acc_iter 10100       Data time: 0.00(0.00)  Forward time: 0.15(0.15)  Batch time: 0.15(0.15)
2026-09-28 17:53:15,026   INFO  Train:    6/10 ( 60%) [ 869/1856 ( 47%)]  Loss: 0.4816 (0.636)  LR: 8.594e-05  Time cost: 02:14/02:32 [26:15/21:37]  Acc_iter 10150       Data time: 0.00(0.00)  Forward time: 0.15(0.15)  Batch time: 0.15(0.15)
2026-09-28 17:53:22,854   INFO  Train:    6/10 ( 60%) [ 919/1856 ( 50%)]  Loss: 0.7088 (0.638)  LR: 8.545e-05  Time cost: 02:22/02:24 [26:23/21:30]  Acc_iter 10200       Data time: 0.00(0.00)  Forward time: 0.16(0.15)  Batch time: 0.16(0.15)
2026-09-28 17:53:23,159   INFO  ubuntu22                    Mon Sep 28 17:53:23 2026  550.78
[0] NVIDIA GeForce RTX 3090 | 53°C,  15 % |  2953 / 24576 MB | vipuser(2938M) root(4M)

2026-09-28 17:53:31,003   INFO  Train:    6/10 ( 60%) [ 969/1856 ( 52%)]  Loss: 0.6676 (0.638)  LR: 8.494e-05  Time cost: 02:30/02:17 [26:31/21:26]  Acc_iter 10250       Data time: 0.00(0.00)  Forward time: 0.16(0.15)  Batch time: 0.16(0.15)
2026-09-28 17:53:38,580   INFO  Train:    6/10 ( 60%) [1019/1856 ( 55%)]  Loss: 0.6605 (0.639)  LR: 8.444e-05  Time cost: 02:37/02:09 [26:38/21:17]  Acc_iter 10300       Data time: 0.00(0.00)  Forward time: 0.16(0.15)  Batch time: 0.16(0.15)
2026-09-28 17:53:45,999   INFO  Train:    6/10 ( 60%) [1069/1856 ( 58%)]  Loss: 0.7630 (0.639)  LR: 8.392e-05  Time cost: 02:45/02:01 [26:46/21:07]  Acc_iter 10350       Data time: 0.00(0.00)  Forward time: 0.15(0.15)  Batch time: 0.15(0.15)
2026-09-28 17:53:46,323   INFO  ubuntu22                    Mon Sep 28 17:53:46 2026  550.78
[0] NVIDIA GeForce RTX 3090 | 53°C,  67 % |  2953 / 24576 MB | vipuser(2938M) root(4M)

2026-09-28 17:53:54,042   INFO  Train:    6/10 ( 60%) [1119/1856 ( 60%)]  Loss: 0.7196 (0.639)  LR: 8.340e-05  Time cost: 02:53/01:53 [26:54/21:01]  Acc_iter 10400       Data time: 0.00(0.00)  Forward time: 0.15(0.15)  Batch time: 0.16(0.15)
2026-09-28 17:54:01,629   INFO  Train:    6/10 ( 60%) [1169/1856 ( 63%)]  Loss: 0.6274 (0.639)  LR: 8.287e-05  Time cost: 03:00/01:46 [27:01/20:53]  Acc_iter 10450       Data time: 0.00(0.00)  Forward time: 0.15(0.15)  Batch time: 0.15(0.15)
2026-09-28 17:54:09,343   INFO  Train:    6/10 ( 60%) [1219/1856 ( 66%)]  Loss: 0.6881 (0.638)  LR: 8.234e-05  Time cost: 03:08/01:38 [27:09/20:45]  Acc_iter 10500       Data time: 0.00(0.00)  Forward time: 0.16(0.15)  Batch time: 0.16(0.15)
2026-09-28 17:54:09,659   INFO  ubuntu22                    Mon Sep 28 17:54:09 2026  550.78
[0] NVIDIA GeForce RTX 3090 | 53°C,  47 % |  2953 / 24576 MB | vipuser(2938M) root(4M)

2026-09-28 17:54:17,204   INFO  Train:    6/10 ( 60%) [1269/1856 ( 68%)]  Loss: 0.4273 (0.638)  LR: 8.180e-05  Time cost: 03:16/01:30 [27:17/20:38]  Acc_iter 10550       Data time: 0.00(0.00)  Forward time: 0.15(0.15)  Batch time: 0.15(0.15)
2026-09-28 17:54:24,774   INFO  Train:    6/10 ( 60%) [1319/1856 ( 71%)]  Loss: 0.5675 (0.637)  LR: 8.125e-05  Time cost: 03:23/01:22 [27:25/20:29]  Acc_iter 10600       Data time: 0.00(0.00)  Forward time: 0.14(0.15)  Batch time: 0.14(0.15)
2026-09-28 17:54:32,577   INFO  Train:    6/10 ( 60%) [1369/1856 ( 74%)]  Loss: 0.5969 (0.637)  LR: 8.070e-05  Time cost: 03:31/01:15 [27:32/20:22]  Acc_iter 10650       Data time: 0.00(0.00)  Forward time: 0.15(0.15)  Batch time: 0.15(0.15)
2026-09-28 17:54:32,882   INFO  ubuntu22                    Mon Sep 28 17:54:32 2026  550.78
[0] NVIDIA GeForce RTX 3090 | 53°C,  64 % |  2953 / 24576 MB | vipuser(2938M) root(4M)

2026-09-28 17:54:40,845   INFO  Train:    6/10 ( 60%) [1419/1856 ( 76%)]  Loss: 0.7031 (0.637)  LR: 8.014e-05  Time cost: 03:39/01:07 [27:41/20:17]  Acc_iter 10700       Data time: 0.00(0.00)  Forward time: 0.16(0.15)  Batch time: 0.16(0.15)
2026-09-28 17:54:48,470   INFO  Train:    6/10 ( 60%) [1469/1856 ( 79%)]  Loss: 0.6805 (0.638)  LR: 7.957e-05  Time cost: 03:47/00:59 [27:48/20:09]  Acc_iter 10750       Data time: 0.00(0.00)  Forward time: 0.14(0.15)  Batch time: 0.14(0.15)
2026-09-28 17:54:55,915   INFO  Train:    6/10 ( 60%) [1519/1856 ( 82%)]  Loss: 0.3642 (0.637)  LR: 7.900e-05  Time cost: 03:55/00:52 [27:56/20:00]  Acc_iter 10800       Data time: 0.00(0.00)  Forward time: 0.16(0.15)  Batch time: 0.16(0.15)
2026-09-28 17:54:56,258   INFO  ubuntu22                    Mon Sep 28 17:54:56 2026  550.78
[0] NVIDIA GeForce RTX 3090 | 53°C,  44 % |  2953 / 24576 MB | vipuser(2938M) root(4M)

2026-09-28 17:55:03,839   INFO  Train:    6/10 ( 60%) [1569/1856 ( 85%)]  Loss: 0.6618 (0.637)  LR: 7.842e-05  Time cost: 04:02/00:44 [28:04/19:53]  Acc_iter 10850       Data time: 0.00(0.00)  Forward time: 0.15(0.15)  Batch time: 0.16(0.15)
2026-09-28 17:55:11,351   INFO  Train:    6/10 ( 60%) [1619/1856 ( 87%)]  Loss: 0.7385 (0.636)  LR: 7.784e-05  Time cost: 04:10/00:36 [28:11/19:44]  Acc_iter 10900       Data time: 0.00(0.00)  Forward time: 0.14(0.15)  Batch time: 0.14(0.15)
2026-09-28 17:55:18,896   INFO  Train:    6/10 ( 60%) [1669/1856 ( 90%)]  Loss: 0.6634 (0.636)  LR: 7.725e-05  Time cost: 04:18/00:28 [28:19/19:36]  Acc_iter 10950       Data time: 0.00(0.00)  Forward time: 0.16(0.15)  Batch time: 0.16(0.15)
2026-09-28 17:55:19,213   INFO  ubuntu22                    Mon Sep 28 17:55:19 2026  550.78
[0] NVIDIA GeForce RTX 3090 | 53°C,  39 % |  2953 / 24576 MB | vipuser(2938M) root(4M)

2026-09-28 17:55:26,728   INFO  Train:    6/10 ( 60%) [1719/1856 ( 93%)]  Loss: 0.6223 (0.635)  LR: 7.665e-05  Time cost: 04:25/00:21 [28:27/19:28]  Acc_iter 11000       Data time: 0.00(0.00)  Forward time: 0.14(0.15)  Batch time: 0.15(0.15)
2026-09-28 17:55:34,293   INFO  Train:    6/10 ( 60%) [1769/1856 ( 95%)]  Loss: 0.6638 (0.636)  LR: 7.606e-05  Time cost: 04:33/00:13 [28:34/19:20]  Acc_iter 11050       Data time: 0.00(0.00)  Forward time: 0.15(0.15)  Batch time: 0.16(0.15)
2026-09-28 17:55:41,864   INFO  Train:    6/10 ( 60%) [1819/1856 ( 98%)]  Loss: 0.5211 (0.636)  LR: 7.545e-05  Time cost: 04:41/00:05 [28:42/19:11]  Acc_iter 11100       Data time: 0.00(0.00)  Forward time: 0.15(0.15)  Batch time: 0.16(0.15)
2026-09-28 17:55:42,170   INFO  ubuntu22                    Mon Sep 28 17:55:42 2026  550.78
[0] NVIDIA GeForce RTX 3090 | 53°C,  32 % |  2953 / 24576 MB | vipuser(2938M) root(4M)

2026-09-28 17:55:47,672   INFO  Train:    6/10 ( 60%) [1855/1856 (100%)]  Loss: 0.5089 (0.636)  LR: 7.501e-05  Time cost: 04:46/00:00 [28:47/19:07]  Acc_iter 11136       Data time: 0.00(0.00)  Forward time: 0.15(0.15)  Batch time: 0.15(0.15)
2026-09-28 17:55:48,669   INFO  Train:    7/10 ( 70%) [   0/1856 (  0%)]  Loss: 0.6946 (0.695)  LR: 7.500e-05  Time cost: 00:00/20:34 [28:48/1:22:18]  Acc_iter 11137       Data time: 0.31(0.31)  Forward time: 0.35(0.35)  Batch time: 0.66(0.66)
2026-09-28 17:55:50,733   INFO  Train:    7/10 ( 70%) [  13/1856 (  1%)]  Loss: 0.7579 (0.661)  LR: 7.484e-05  Time cost: 00:02/05:59 [28:51/24:04]  Acc_iter 11150       Data time: 0.00(0.02)  Forward time: 0.15(0.17)  Batch time: 0.15(0.19)
2026-09-28 17:55:58,265   INFO  Train:    7/10 ( 70%) [  63/1856 (  3%)]  Loss: 0.5689 (0.645)  LR: 7.423e-05  Time cost: 00:10/04:47 [28:58/19:40]  Acc_iter 11200       Data time: 0.00(0.01)  Forward time: 0.16(0.15)  Batch time: 0.16(0.16)
2026-09-28 17:56:05,685   INFO  Train:    7/10 ( 70%) [ 113/1856 (  6%)]  Loss: 0.7221 (0.649)  LR: 7.361e-05  Time cost: 00:17/04:30 [29:06/18:53]  Acc_iter 11250       Data time: 0.00(0.00)  Forward time: 0.15(0.15)  Batch time: 0.15(0.16)
2026-09-28 17:56:05,986   INFO  ubuntu22                    Mon Sep 28 17:56:05 2026  550.78
[0] NVIDIA GeForce RTX 3090 | 53°C,  43 % |  2953 / 24576 MB | vipuser(2938M) root(4M)

2026-09-28 17:56:13,461   INFO  Train:    7/10 ( 70%) [ 163/1856 (  9%)]  Loss: 0.7577 (0.637)  LR: 7.298e-05  Time cost: 00:25/04:22 [29:13/18:47]  Acc_iter 11300       Data time: 0.00(0.01)  Forward time: 0.15(0.15)  Batch time: 0.15(0.16)
2026-09-28 17:56:20,824   INFO  Train:    7/10 ( 70%) [ 213/1856 ( 11%)]  Loss: 0.6257 (0.639)  LR: 7.235e-05  Time cost: 00:32/04:11 [29:21/18:25]  Acc_iter 11350       Data time: 0.00(0.00)  Forward time: 0.15(0.15)  Batch time: 0.15(0.15)
2026-09-28 17:56:28,275   INFO  Train:    7/10 ( 70%) [ 263/1856 ( 14%)]  Loss: 0.5633 (0.635)  LR: 7.172e-05  Time cost: 00:40/04:02 [29:28/18:12]  Acc_iter 11400       Data time: 0.00(0.00)  Forward time: 0.14(0.15)  Batch time: 0.15(0.15)
2026-09-28 17:56:28,576   INFO  ubuntu22                    Mon Sep 28 17:56:28 2026  550.78
[0] NVIDIA GeForce RTX 3090 | 53°C,  43 % |  2953 / 24576 MB | vipuser(2938M) root(4M)

2026-09-28 17:56:36,042   INFO  Train:    7/10 ( 70%) [ 313/1856 ( 17%)]  Loss: 0.6882 (0.637)  LR: 7.108e-05  Time cost: 00:48/03:56 [29:36/18:07]  Acc_iter 11450       Data time: 0.00(0.00)  Forward time: 0.15(0.15)  Batch time: 0.15(0.15)
2026-09-28 17:56:43,454   INFO  Train:    7/10 ( 70%) [ 363/1856 ( 20%)]  Loss: 0.7995 (0.636)  LR: 7.044e-05  Time cost: 00:55/03:47 [29:43/17:55]  Acc_iter 11500       Data time: 0.00(0.00)  Forward time: 0.16(0.15)  Batch time: 0.16(0.15)
2026-09-28 17:56:50,913   INFO  Train:    7/10 ( 70%) [ 413/1856 ( 22%)]  Loss: 0.6307 (0.635)  LR: 6.980e-05  Time cost: 01:02/03:39 [29:51/17:45]  Acc_iter 11550       Data time: 0.00(0.00)  Forward time: 0.14(0.15)  Batch time: 0.14(0.15)
2026-09-28 17:56:51,217   INFO  ubuntu22                    Mon Sep 28 17:56:51 2026  550.78
[0] NVIDIA GeForce RTX 3090 | 53°C,  56 % |  2953 / 24576 MB | vipuser(2938M) root(4M)

2026-09-28 17:56:58,569   INFO  Train:    7/10 ( 70%) [ 463/1856 ( 25%)]  Loss: 0.6782 (0.633)  LR: 6.915e-05  Time cost: 01:10/03:31 [29:58/17:38]  Acc_iter 11600       Data time: 0.00(0.00)  Forward time: 0.15(0.15)  Batch time: 0.15(0.15)
2026-09-28 17:57:05,979   INFO  Train:    7/10 ( 70%) [ 513/1856 ( 28%)]  Loss: 0.6325 (0.631)  LR: 6.849e-05  Time cost: 01:17/03:23 [30:06/17:28]  Acc_iter 11650       Data time: 0.00(0.00)  Forward time: 0.14(0.15)  Batch time: 0.14(0.15)
2026-09-28 17:57:13,407   INFO  Train:    7/10 ( 70%) [ 563/1856 ( 30%)]  Loss: 0.6869 (0.634)  LR: 6.784e-05  Time cost: 01:25/03:15 [30:13/17:18]  Acc_iter 11700       Data time: 0.00(0.00)  Forward time: 0.15(0.15)  Batch time: 0.16(0.15)
2026-09-28 17:57:13,708   INFO  ubuntu22                    Mon Sep 28 17:57:13 2026  550.78
[0] NVIDIA GeForce RTX 3090 | 53°C,  28 % |  2953 / 24576 MB | vipuser(2938M) root(4M)

2026-09-28 17:57:21,033   INFO  Train:    7/10 ( 70%) [ 613/1856 ( 33%)]  Loss: 0.7731 (0.634)  LR: 6.718e-05  Time cost: 01:33/03:08 [30:21/17:11]  Acc_iter 11750       Data time: 0.00(0.00)  Forward time: 0.14(0.15)  Batch time: 0.14(0.15)
2026-09-28 17:57:28,469   INFO  Train:    7/10 ( 70%) [ 663/1856 ( 36%)]  Loss: 0.4394 (0.633)  LR: 6.651e-05  Time cost: 01:40/03:00 [30:28/17:02]  Acc_iter 11800       Data time: 0.00(0.00)  Forward time: 0.15(0.15)  Batch time: 0.15(0.15)
2026-09-28 17:57:36,180   INFO  Train:    7/10 ( 70%) [ 713/1856 ( 38%)]  Loss: 0.4943 (0.633)  LR: 6.585e-05  Time cost: 01:48/02:53 [30:36/16:56]  Acc_iter 11850       Data time: 0.00(0.00)  Forward time: 0.16(0.15)  Batch time: 0.17(0.15)
2026-09-28 17:57:36,502   INFO  ubuntu22                    Mon Sep 28 17:57:36 2026  550.78
[0] NVIDIA GeForce RTX 3090 | 53°C,  19 % |  2953 / 24576 MB | vipuser(2938M) root(4M)

2026-09-28 17:57:44,092   INFO  Train:    7/10 ( 70%) [ 763/1856 ( 41%)]  Loss: 0.6465 (0.632)  LR: 6.517e-05  Time cost: 01:56/02:46 [30:44/16:52]  Acc_iter 11900       Data time: 0.00(0.00)  Forward time: 0.15(0.15)  Batch time: 0.15(0.15)
2026-09-28 17:57:51,532   INFO  Train:    7/10 ( 70%) [ 813/1856 ( 44%)]  Loss: 0.5846 (0.632)  LR: 6.450e-05  Time cost: 02:03/02:38 [30:51/16:43]  Acc_iter 11950       Data time: 0.00(0.00)  Forward time: 0.15(0.15)  Batch time: 0.16(0.15)
2026-09-28 17:57:58,984   INFO  Train:    7/10 ( 70%) [ 863/1856 ( 46%)]  Loss: 0.6730 (0.633)  LR: 6.382e-05  Time cost: 02:10/02:30 [30:59/16:34]  Acc_iter 12000       Data time: 0.00(0.00)  Forward time: 0.15(0.15)  Batch time: 0.15(0.15)
2026-09-28 17:57:59,290   INFO  ubuntu22                    Mon Sep 28 17:57:59 2026  550.78
[0] NVIDIA GeForce RTX 3090 | 53°C,  24 % |  2953 / 24576 MB | vipuser(2938M) root(4M)

2026-09-28 17:58:06,755   INFO  Train:    7/10 ( 70%) [ 913/1856 ( 49%)]  Loss: 0.5776 (0.631)  LR: 6.315e-05  Time cost: 02:18/02:23 [31:07/16:28]  Acc_iter 12050       Data time: 0.00(0.00)  Forward time: 0.15(0.15)  Batch time: 0.15(0.15)
2026-09-28 17:58:14,733   INFO  Train:    7/10 ( 70%) [ 963/1856 ( 52%)]  Loss: 0.8060 (0.632)  LR: 6.246e-05  Time cost: 02:26/02:15 [31:15/16:23]  Acc_iter 12100       Data time: 0.00(0.00)  Forward time: 0.15(0.15)  Batch time: 0.15(0.15)
2026-09-28 17:58:22,222   INFO  Train:    7/10 ( 70%) [1013/1856 ( 55%)]  Loss: 0.5085 (0.631)  LR: 6.178e-05  Time cost: 02:34/02:08 [31:22/16:15]  Acc_iter 12150       Data time: 0.00(0.00)  Forward time: 0.15(0.15)  Batch time: 0.16(0.15)
2026-09-28 17:58:22,555   INFO  ubuntu22                    Mon Sep 28 17:58:22 2026  550.78
[0] NVIDIA GeForce RTX 3090 | 53°C,  33 % |  2953 / 24576 MB | vipuser(2938M) root(4M)

2026-09-28 17:58:30,187   INFO  Train:    7/10 ( 70%) [1063/1856 ( 57%)]  Loss: 0.7113 (0.631)  LR: 6.109e-05  Time cost: 02:42/02:00 [31:30/16:09]  Acc_iter 12200       Data time: 0.00(0.00)  Forward time: 0.15(0.15)  Batch time: 0.15(0.15)
2026-09-28 17:58:37,674   INFO  Train:    7/10 ( 70%) [1113/1856 ( 60%)]  Loss: 0.6284 (0.632)  LR: 6.040e-05  Time cost: 02:49/01:53 [31:37/16:01]  Acc_iter 12250       Data time: 0.00(0.00)  Forward time: 0.14(0.15)  Batch time: 0.14(0.15)
2026-09-28 17:58:45,469   INFO  Train:    7/10 ( 70%) [1163/1856 ( 63%)]  Loss: 0.6339 (0.632)  LR: 5.971e-05  Time cost: 02:57/01:45 [31:45/15:54]  Acc_iter 12300       Data time: 0.00(0.00)  Forward time: 0.16(0.15)  Batch time: 0.16(0.15)
2026-09-28 17:58:45,792   INFO  ubuntu22                    Mon Sep 28 17:58:45 2026  550.78
[0] NVIDIA GeForce RTX 3090 | 53°C,  48 % |  2953 / 24576 MB | vipuser(2938M) root(4M)

2026-09-28 17:58:53,573   INFO  Train:    7/10 ( 70%) [1213/1856 ( 65%)]  Loss: 0.8187 (0.631)  LR: 5.902e-05  Time cost: 03:05/01:38 [31:53/15:49]  Acc_iter 12350       Data time: 0.00(0.00)  Forward time: 0.16(0.15)  Batch time: 0.16(0.15)
2026-09-28 17:59:01,285   INFO  Train:    7/10 ( 70%) [1263/1856 ( 68%)]  Loss: 0.8023 (0.632)  LR: 5.833e-05  Time cost: 03:13/01:30 [32:01/15:42]  Acc_iter 12400       Data time: 0.00(0.00)  Forward time: 0.15(0.15)  Batch time: 0.15(0.15)
2026-09-28 17:59:08,968   INFO  Train:    7/10 ( 70%) [1313/1856 ( 71%)]  Loss: 0.6564 (0.632)  LR: 5.763e-05  Time cost: 03:20/01:23 [32:09/15:34]  Acc_iter 12450       Data time: 0.00(0.00)  Forward time: 0.16(0.15)  Batch time: 0.16(0.15)
2026-09-28 17:59:09,277   INFO  ubuntu22                    Mon Sep 28 17:59:09 2026  550.78
[0] NVIDIA GeForce RTX 3090 | 53°C,  27 % |  2953 / 24576 MB | vipuser(2938M) root(4M)

2026-09-28 17:59:16,903   INFO  Train:    7/10 ( 70%) [1363/1856 ( 73%)]  Loss: 0.4790 (0.632)  LR: 5.693e-05  Time cost: 03:28/01:15 [32:17/15:28]  Acc_iter 12500       Data time: 0.00(0.00)  Forward time: 0.15(0.15)  Batch time: 0.15(0.15)
2026-09-28 17:59:24,293   INFO  Train:    7/10 ( 70%) [1413/1856 ( 76%)]  Loss: 0.5671 (0.632)  LR: 5.623e-05  Time cost: 03:36/01:07 [32:24/15:19]  Acc_iter 12550       Data time: 0.00(0.00)  Forward time: 0.14(0.15)  Batch time: 0.15(0.15)
2026-09-28 17:59:31,708   INFO  Train:    7/10 ( 70%) [1463/1856 ( 79%)]  Loss: 0.6239 (0.632)  LR: 5.553e-05  Time cost: 03:43/01:00 [32:32/15:10]  Acc_iter 12600       Data time: 0.00(0.00)  Forward time: 0.15(0.15)  Batch time: 0.15(0.15)
2026-09-28 17:59:32,016   INFO  ubuntu22                    Mon Sep 28 17:59:31 2026  550.78
[0] NVIDIA GeForce RTX 3090 | 54°C,  74 % |  2953 / 24576 MB | vipuser(2938M) root(4M)

2026-09-28 17:59:39,585   INFO  Train:    7/10 ( 70%) [1513/1856 ( 82%)]  Loss: 0.5740 (0.633)  LR: 5.483e-05  Time cost: 03:51/00:52 [32:39/15:04]  Acc_iter 12650       Data time: 0.00(0.00)  Forward time: 0.15(0.15)  Batch time: 0.15(0.15)
2026-09-28 17:59:47,111   INFO  Train:    7/10 ( 70%) [1563/1856 ( 84%)]  Loss: 0.6234 (0.633)  LR: 5.413e-05  Time cost: 03:59/00:44 [32:47/14:56]  Acc_iter 12700       Data time: 0.00(0.00)  Forward time: 0.15(0.15)  Batch time: 0.15(0.15)
2026-09-28 17:59:54,505   INFO  Train:    7/10 ( 70%) [1613/1856 ( 87%)]  Loss: 0.8557 (0.633)  LR: 5.343e-05  Time cost: 04:06/00:37 [32:54/14:47]  Acc_iter 12750       Data time: 0.00(0.00)  Forward time: 0.15(0.15)  Batch time: 0.15(0.15)
2026-09-28 17:59:54,810   INFO  ubuntu22                    Mon Sep 28 17:59:54 2026  550.78
[0] NVIDIA GeForce RTX 3090 | 54°C,  71 % |  2953 / 24576 MB | vipuser(2938M) root(4M)

2026-09-28 18:00:02,241   INFO  Train:    7/10 ( 70%) [1663/1856 ( 90%)]  Loss: 0.7116 (0.633)  LR: 5.272e-05  Time cost: 04:14/00:29 [33:02/14:40]  Acc_iter 12800       Data time: 0.00(0.00)  Forward time: 0.15(0.15)  Batch time: 0.15(0.15)
2026-09-28 18:00:09,713   INFO  Train:    7/10 ( 70%) [1713/1856 ( 92%)]  Loss: 0.5463 (0.633)  LR: 5.202e-05  Time cost: 04:21/00:21 [33:10/14:32]  Acc_iter 12850       Data time: 0.00(0.00)  Forward time: 0.14(0.15)  Batch time: 0.14(0.15)
2026-09-28 18:00:17,014   INFO  Train:    7/10 ( 70%) [1763/1856 ( 95%)]  Loss: 0.5970 (0.633)  LR: 5.131e-05  Time cost: 04:29/00:14 [33:17/14:23]  Acc_iter 12900       Data time: 0.00(0.00)  Forward time: 0.15(0.15)  Batch time: 0.15(0.15)
2026-09-28 18:00:17,321   INFO  ubuntu22                    Mon Sep 28 18:00:17 2026  550.78
[0] NVIDIA GeForce RTX 3090 | 54°C,  45 % |  2953 / 24576 MB | vipuser(2938M) root(4M)

2026-09-28 18:00:24,659   INFO  Train:    7/10 ( 70%) [1813/1856 ( 98%)]  Loss: 0.6928 (0.632)  LR: 5.061e-05  Time cost: 04:36/00:06 [33:24/14:15]  Acc_iter 12950       Data time: 0.00(0.00)  Forward time: 0.14(0.15)  Batch time: 0.14(0.15)
2026-09-28 18:00:30,843   INFO  Train:    7/10 ( 70%) [1855/1856 (100%)]  Loss: 0.6040 (0.632)  LR: 5.001e-05  Time cost: 04:42/00:00 [33:31/14:08]  Acc_iter 12992       Data time: 0.00(0.00)  Forward time: 0.15(0.15)  Batch time: 0.15(0.15)
2026-09-28 18:00:31,814   INFO  Train:    8/10 ( 80%) [   0/1856 (  0%)]  Loss: 0.7440 (0.744)  LR: 5.000e-05  Time cost: 00:00/19:49 [33:32/59:27]  Acc_iter 12993       Data time: 0.31(0.31)  Forward time: 0.33(0.33)  Batch time: 0.64(0.64)
2026-09-28 18:00:33,065   INFO  Train:    8/10 ( 80%) [   7/1856 (  0%)]  Loss: 0.5338 (0.635)  LR: 4.990e-05  Time cost: 00:01/07:17 [33:33/21:54]  Acc_iter 13000       Data time: 0.00(0.04)  Forward time: 0.14(0.20)  Batch time: 0.14(0.24)
2026-09-28 18:00:40,598   INFO  Train:    8/10 ( 80%) [  57/1856 (  3%)]  Loss: 0.5487 (0.660)  LR: 4.920e-05  Time cost: 00:09/04:52 [33:40/14:55]  Acc_iter 13050       Data time: 0.00(0.01)  Forward time: 0.14(0.16)  Batch time: 0.15(0.16)
2026-09-28 18:00:40,905   INFO  ubuntu22                    Mon Sep 28 18:00:40 2026  550.78
[0] NVIDIA GeForce RTX 3090 | 53°C,  42 % |  2953 / 24576 MB | vipuser(2938M) root(4M)

2026-09-28 18:00:48,353   INFO  Train:    8/10 ( 80%) [ 107/1856 (  6%)]  Loss: 0.5969 (0.647)  LR: 4.849e-05  Time cost: 00:17/04:38 [33:48/14:28]  Acc_iter 13100       Data time: 0.00(0.01)  Forward time: 0.14(0.15)  Batch time: 0.15(0.16)
2026-09-28 18:00:55,714   INFO  Train:    8/10 ( 80%) [ 157/1856 (  8%)]  Loss: 0.7756 (0.636)  LR: 4.779e-05  Time cost: 00:24/04:23 [33:56/14:00]  Acc_iter 13150       Data time: 0.00(0.01)  Forward time: 0.15(0.15)  Batch time: 0.15(0.16)
2026-09-28 18:01:03,331   INFO  Train:    8/10 ( 80%) [ 207/1856 ( 11%)]  Loss: 0.6063 (0.633)  LR: 4.708e-05  Time cost: 00:32/04:14 [34:03/13:48]  Acc_iter 13200       Data time: 0.00(0.00)  Forward time: 0.15(0.15)  Batch time: 0.15(0.15)
2026-09-28 18:01:03,639   INFO  ubuntu22                    Mon Sep 28 18:01:03 2026  550.78
[0] NVIDIA GeForce RTX 3090 | 53°C,  28 % |  2953 / 24576 MB | vipuser(2938M) root(4M)

2026-09-28 18:01:11,018   INFO  Train:    8/10 ( 80%) [ 257/1856 ( 14%)]  Loss: 0.7964 (0.633)  LR: 4.638e-05  Time cost: 00:39/04:06 [34:11/13:40]  Acc_iter 13250       Data time: 0.00(0.01)  Forward time: 0.14(0.15)  Batch time: 0.15(0.15)
2026-09-28 18:01:18,363   INFO  Train:    8/10 ( 80%) [ 307/1856 ( 17%)]  Loss: 0.6686 (0.630)  LR: 4.568e-05  Time cost: 00:47/03:57 [34:18/13:26]  Acc_iter 13300       Data time: 0.00(0.00)  Forward time: 0.15(0.15)  Batch time: 0.15(0.15)
2026-09-28 18:01:25,666   INFO  Train:    8/10 ( 80%) [ 357/1856 ( 19%)]  Loss: 0.6729 (0.626)  LR: 4.497e-05  Time cost: 00:54/03:48 [34:25/13:13]  Acc_iter 13350       Data time: 0.00(0.00)  Forward time: 0.14(0.15)  Batch time: 0.14(0.15)
2026-09-28 18:01:25,971   INFO  ubuntu22                    Mon Sep 28 18:01:25 2026  550.78
[0] NVIDIA GeForce RTX 3090 | 54°C,  77 % |  2953 / 24576 MB | vipuser(2938M) root(4M)

2026-09-28 18:01:33,358   INFO  Train:    8/10 ( 80%) [ 407/1856 ( 22%)]  Loss: 0.5668 (0.626)  LR: 4.427e-05  Time cost: 01:02/03:40 [34:33/13:06]  Acc_iter 13400       Data time: 0.00(0.00)  Forward time: 0.15(0.15)  Batch time: 0.15(0.15)
2026-09-28 18:01:40,787   INFO  Train:    8/10 ( 80%) [ 457/1856 ( 25%)]  Loss: 0.7554 (0.629)  LR: 4.357e-05  Time cost: 01:09/03:32 [34:41/12:56]  Acc_iter 13450       Data time: 0.00(0.00)  Forward time: 0.14(0.15)  Batch time: 0.15(0.15)
2026-09-28 18:01:48,190   INFO  Train:    8/10 ( 80%) [ 507/1856 ( 27%)]  Loss: 0.7296 (0.632)  LR: 4.287e-05  Time cost: 01:17/03:24 [34:48/12:47]  Acc_iter 13500       Data time: 0.00(0.00)  Forward time: 0.15(0.15)  Batch time: 0.15(0.15)
2026-09-28 18:01:48,494   INFO  ubuntu22                    Mon Sep 28 18:01:48 2026  550.78
[0] NVIDIA GeForce RTX 3090 | 54°C,  45 % |  2953 / 24576 MB | vipuser(2938M) root(4M)

2026-09-28 18:01:56,017   INFO  Train:    8/10 ( 80%) [ 557/1856 ( 30%)]  Loss: 0.7651 (0.632)  LR: 4.218e-05  Time cost: 01:24/03:17 [34:56/12:41]  Acc_iter 13550       Data time: 0.00(0.00)  Forward time: 0.15(0.15)  Batch time: 0.15(0.15)
2026-09-28 18:02:03,395   INFO  Train:    8/10 ( 80%) [ 607/1856 ( 33%)]  Loss: 0.7116 (0.633)  LR: 4.148e-05  Time cost: 01:32/03:09 [35:03/12:32]  Acc_iter 13600       Data time: 0.00(0.00)  Forward time: 0.16(0.15)  Batch time: 0.16(0.15)
2026-09-28 18:02:10,759   INFO  Train:    8/10 ( 80%) [ 657/1856 ( 35%)]  Loss: 0.6281 (0.630)  LR: 4.079e-05  Time cost: 01:39/03:01 [35:11/12:23]  Acc_iter 13650       Data time: 0.00(0.00)  Forward time: 0.14(0.15)  Batch time: 0.15(0.15)
2026-09-28 18:02:11,065   INFO  ubuntu22                    Mon Sep 28 18:02:11 2026  550.78
[0] NVIDIA GeForce RTX 3090 | 54°C,  40 % |  2953 / 24576 MB | vipuser(2938M) root(4M)

2026-09-28 18:02:18,570   INFO  Train:    8/10 ( 80%) [ 707/1856 ( 38%)]  Loss: 0.6450 (0.628)  LR: 4.009e-05  Time cost: 01:47/02:54 [35:18/12:17]  Acc_iter 13700       Data time: 0.00(0.00)  Forward time: 0.14(0.15)  Batch time: 0.14(0.15)
2026-09-28 18:02:25,929   INFO  Train:    8/10 ( 80%) [ 757/1856 ( 41%)]  Loss: 0.5510 (0.627)  LR: 3.940e-05  Time cost: 01:54/02:46 [35:26/12:08]  Acc_iter 13750       Data time: 0.00(0.00)  Forward time: 0.14(0.15)  Batch time: 0.14(0.15)
2026-09-28 18:02:33,354   INFO  Train:    8/10 ( 80%) [ 807/1856 ( 43%)]  Loss: 0.5117 (0.627)  LR: 3.872e-05  Time cost: 02:02/02:38 [35:33/11:59]  Acc_iter 13800       Data time: 0.00(0.00)  Forward time: 0.14(0.15)  Batch time: 0.14(0.15)
2026-09-28 18:02:33,662   INFO  ubuntu22                    Mon Sep 28 18:02:33 2026  550.78
[0] NVIDIA GeForce RTX 3090 | 54°C,  41 % |  2953 / 24576 MB | vipuser(2938M) root(4M)

2026-09-28 18:02:41,079   INFO  Train:    8/10 ( 80%) [ 857/1856 ( 46%)]  Loss: 0.6225 (0.627)  LR: 3.803e-05  Time cost: 02:09/02:31 [35:41/11:53]  Acc_iter 13850       Data time: 0.00(0.00)  Forward time: 0.14(0.15)  Batch time: 0.14(0.15)
2026-09-28 18:02:48,522   INFO  Train:    8/10 ( 80%) [ 907/1856 ( 49%)]  Loss: 0.6481 (0.627)  LR: 3.735e-05  Time cost: 02:17/02:23 [35:48/11:45]  Acc_iter 13900       Data time: 0.00(0.00)  Forward time: 0.15(0.15)  Batch time: 0.15(0.15)
2026-09-28 18:02:55,857   INFO  Train:    8/10 ( 80%) [ 957/1856 ( 52%)]  Loss: 0.5390 (0.627)  LR: 3.666e-05  Time cost: 02:24/02:15 [35:56/11:36]  Acc_iter 13950       Data time: 0.00(0.00)  Forward time: 0.15(0.15)  Batch time: 0.15(0.15)
2026-09-28 18:02:56,163   INFO  ubuntu22                    Mon Sep 28 18:02:56 2026  550.78
[0] NVIDIA GeForce RTX 3090 | 54°C,  72 % |  2953 / 24576 MB | vipuser(2938M) root(4M)

2026-09-28 18:03:03,723   INFO  Train:    8/10 ( 80%) [1007/1856 ( 54%)]  Loss: 0.5750 (0.628)  LR: 3.599e-05  Time cost: 02:32/02:08 [36:04/11:30]  Acc_iter 14000       Data time: 0.00(0.00)  Forward time: 0.15(0.15)  Batch time: 0.15(0.15)
2026-09-28 18:03:11,202   INFO  Train:    8/10 ( 80%) [1057/1856 ( 57%)]  Loss: 0.5704 (0.627)  LR: 3.531e-05  Time cost: 02:40/02:00 [36:11/11:22]  Acc_iter 14050       Data time: 0.00(0.00)  Forward time: 0.15(0.15)  Batch time: 0.15(0.15)
2026-09-28 18:03:19,028   INFO  Train:    8/10 ( 80%) [1107/1856 ( 60%)]  Loss: 0.6877 (0.628)  LR: 3.464e-05  Time cost: 02:47/01:53 [36:19/11:15]  Acc_iter 14100       Data time: 0.00(0.00)  Forward time: 0.16(0.15)  Batch time: 0.16(0.15)
2026-09-28 18:03:19,350   INFO  ubuntu22                    Mon Sep 28 18:03:19 2026  550.78
[0] NVIDIA GeForce RTX 3090 | 53°C,  60 % |  2953 / 24576 MB | vipuser(2938M) root(4M)

2026-09-28 18:03:27,195   INFO  Train:    8/10 ( 80%) [1157/1856 ( 62%)]  Loss: 0.6638 (0.627)  LR: 3.397e-05  Time cost: 02:56/01:46 [36:27/11:10]  Acc_iter 14150       Data time: 0.00(0.00)  Forward time: 0.16(0.15)  Batch time: 0.16(0.15)
2026-09-28 18:03:34,616   INFO  Train:    8/10 ( 80%) [1207/1856 ( 65%)]  Loss: 0.6576 (0.626)  LR: 3.330e-05  Time cost: 03:03/01:38 [36:34/11:02]  Acc_iter 14200       Data time: 0.00(0.00)  Forward time: 0.14(0.15)  Batch time: 0.14(0.15)
2026-09-28 18:03:42,054   INFO  Train:    8/10 ( 80%) [1257/1856 ( 68%)]  Loss: 0.7038 (0.626)  LR: 3.264e-05  Time cost: 03:10/01:30 [36:42/10:54]  Acc_iter 14250       Data time: 0.00(0.00)  Forward time: 0.14(0.15)  Batch time: 0.14(0.15)
2026-09-28 18:03:42,364   INFO  ubuntu22                    Mon Sep 28 18:03:42 2026  550.78
[0] NVIDIA GeForce RTX 3090 | 53°C,   9 % |  2953 / 24576 MB | vipuser(2938M) root(4M)

2026-09-28 18:03:49,875   INFO  Train:    8/10 ( 80%) [1307/1856 ( 70%)]  Loss: 0.7408 (0.627)  LR: 3.198e-05  Time cost: 03:18/01:23 [36:50/10:47]  Acc_iter 14300       Data time: 0.00(0.00)  Forward time: 0.15(0.15)  Batch time: 0.15(0.15)
2026-09-28 18:03:57,161   INFO  Train:    8/10 ( 80%) [1357/1856 ( 73%)]  Loss: 0.5199 (0.626)  LR: 3.132e-05  Time cost: 03:25/01:15 [36:57/10:38]  Acc_iter 14350       Data time: 0.00(0.00)  Forward time: 0.15(0.15)  Batch time: 0.15(0.15)
2026-09-28 18:04:04,550   INFO  Train:    8/10 ( 80%) [1407/1856 ( 76%)]  Loss: 0.6863 (0.625)  LR: 3.067e-05  Time cost: 03:33/01:08 [37:04/10:30]  Acc_iter 14400       Data time: 0.00(0.00)  Forward time: 0.14(0.15)  Batch time: 0.14(0.15)
2026-09-28 18:04:04,859   INFO  ubuntu22                    Mon Sep 28 18:04:04 2026  550.78
[0] NVIDIA GeForce RTX 3090 | 53°C,  45 % |  2953 / 24576 MB | vipuser(2938M) root(4M)

2026-09-28 18:04:12,188   INFO  Train:    8/10 ( 80%) [1457/1856 ( 79%)]  Loss: 0.6488 (0.624)  LR: 3.002e-05  Time cost: 03:41/01:00 [37:12/10:23]  Acc_iter 14450       Data time: 0.00(0.00)  Forward time: 0.14(0.15)  Batch time: 0.14(0.15)
2026-09-28 18:04:19,547   INFO  Train:    8/10 ( 80%) [1507/1856 ( 81%)]  Loss: 0.4658 (0.625)  LR: 2.938e-05  Time cost: 03:48/00:52 [37:19/10:15]  Acc_iter 14500       Data time: 0.00(0.00)  Forward time: 0.15(0.15)  Batch time: 0.15(0.15)
2026-09-28 18:04:26,847   INFO  Train:    8/10 ( 80%) [1557/1856 ( 84%)]  Loss: 0.8075 (0.624)  LR: 2.874e-05  Time cost: 03:55/00:45 [37:27/10:06]  Acc_iter 14550       Data time: 0.00(0.00)  Forward time: 0.14(0.15)  Batch time: 0.15(0.15)
2026-09-28 18:04:27,154   INFO  ubuntu22                    Mon Sep 28 18:04:27 2026  550.78
[0] NVIDIA GeForce RTX 3090 | 54°C,  11 % |  2953 / 24576 MB | vipuser(2938M) root(4M)

2026-09-28 18:04:34,618   INFO  Train:    8/10 ( 80%) [1607/1856 ( 87%)]  Loss: 0.5460 (0.624)  LR: 2.810e-05  Time cost: 04:03/00:37 [37:34/09:59]  Acc_iter 14600       Data time: 0.00(0.00)  Forward time: 0.14(0.15)  Batch time: 0.14(0.15)
2026-09-28 18:04:42,056   INFO  Train:    8/10 ( 80%) [1657/1856 ( 89%)]  Loss: 0.6259 (0.625)  LR: 2.747e-05  Time cost: 04:10/00:30 [37:42/09:51]  Acc_iter 14650       Data time: 0.00(0.00)  Forward time: 0.15(0.15)  Batch time: 0.15(0.15)
2026-09-28 18:04:49,461   INFO  Train:    8/10 ( 80%) [1707/1856 ( 92%)]  Loss: 0.7484 (0.625)  LR: 2.684e-05  Time cost: 04:18/00:22 [37:49/09:43]  Acc_iter 14700       Data time: 0.00(0.00)  Forward time: 0.15(0.15)  Batch time: 0.15(0.15)
2026-09-28 18:04:49,769   INFO  ubuntu22                    Mon Sep 28 18:04:49 2026  550.78
[0] NVIDIA GeForce RTX 3090 | 54°C,  20 % |  2953 / 24576 MB | vipuser(2938M) root(4M)

2026-09-28 18:04:57,139   INFO  Train:    8/10 ( 80%) [1757/1856 ( 95%)]  Loss: 0.6598 (0.625)  LR: 2.622e-05  Time cost: 04:25/00:14 [37:57/09:36]  Acc_iter 14750       Data time: 0.00(0.00)  Forward time: 0.15(0.15)  Batch time: 0.15(0.15)
2026-09-28 18:05:04,561   INFO  Train:    8/10 ( 80%) [1807/1856 ( 97%)]  Loss: 0.7645 (0.625)  LR: 2.560e-05  Time cost: 04:33/00:07 [38:04/09:28]  Acc_iter 14800       Data time: 0.00(0.00)  Forward time: 0.14(0.15)  Batch time: 0.14(0.15)
2026-09-28 18:05:11,631   INFO  Train:    8/10 ( 80%) [1855/1856 (100%)]  Loss: 0.5885 (0.626)  LR: 2.501e-05  Time cost: 04:40/00:00 [38:11/09:21]  Acc_iter 14848       Data time: 0.00(0.00)  Forward time: 0.15(0.15)  Batch time: 0.15(0.15)
2026-09-28 18:05:12,577   INFO  Train:    9/10 ( 90%) [   0/1856 (  0%)]  Loss: 0.5251 (0.525)  LR: 2.500e-05  Time cost: 00:00/19:16 [38:12/38:33]  Acc_iter 14849       Data time: 0.29(0.29)  Forward time: 0.33(0.33)  Batch time: 0.62(0.62)
2026-09-28 18:05:12,821   INFO  Train:    9/10 ( 90%) [   1/1856 (  0%)]  Loss: 0.5468 (0.536)  LR: 2.499e-05  Time cost: 00:00/13:24 [38:13/26:48]  Acc_iter 14850       Data time: 0.00(0.15)  Forward time: 0.24(0.28)  Batch time: 0.24(0.43)
2026-09-28 18:05:13,129   INFO  ubuntu22                    Mon Sep 28 18:05:13 2026  550.78
[0] NVIDIA GeForce RTX 3090 | 53°C,  40 % |  2953 / 24576 MB | vipuser(2938M) root(4M)

2026-09-28 18:05:20,987   INFO  Train:    9/10 ( 90%) [  51/1856 (  3%)]  Loss: 0.5418 (0.640)  LR: 2.438e-05  Time cost: 00:09/05:13 [38:21/10:35]  Acc_iter 14900       Data time: 0.00(0.01)  Forward time: 0.16(0.16)  Batch time: 0.16(0.17)
2026-09-28 18:05:28,502   INFO  Train:    9/10 ( 90%) [ 101/1856 (  5%)]  Loss: 0.4290 (0.630)  LR: 2.378e-05  Time cost: 00:16/04:44 [38:28/09:45]  Acc_iter 14950       Data time: 0.00(0.01)  Forward time: 0.15(0.15)  Batch time: 0.16(0.16)
2026-09-28 18:05:36,066   INFO  Train:    9/10 ( 90%) [ 151/1856 (  8%)]  Loss: 0.5678 (0.623)  LR: 2.318e-05  Time cost: 00:24/04:30 [38:36/09:24]  Acc_iter 15000       Data time: 0.00(0.01)  Forward time: 0.13(0.15)  Batch time: 0.14(0.16)
2026-09-28 18:05:36,375   INFO  ubuntu22                    Mon Sep 28 18:05:36 2026  550.78
[0] NVIDIA GeForce RTX 3090 | 53°C,  25 % |  2953 / 24576 MB | vipuser(2938M) root(4M)

2026-09-28 18:05:43,883   INFO  Train:    9/10 ( 90%) [ 201/1856 ( 11%)]  Loss: 0.5374 (0.625)  LR: 2.259e-05  Time cost: 00:31/04:21 [38:44/09:14]  Acc_iter 15050       Data time: 0.00(0.01)  Forward time: 0.14(0.15)  Batch time: 0.14(0.16)
2026-09-28 18:05:51,228   INFO  Train:    9/10 ( 90%) [ 251/1856 ( 14%)]  Loss: 0.6412 (0.630)  LR: 2.200e-05  Time cost: 00:39/04:10 [38:51/08:59]  Acc_iter 15100       Data time: 0.00(0.01)  Forward time: 0.15(0.15)  Batch time: 0.15(0.16)
2026-09-28 18:05:58,569   INFO  Train:    9/10 ( 90%) [ 301/1856 ( 16%)]  Loss: 0.6028 (0.630)  LR: 2.142e-05  Time cost: 00:46/04:00 [38:58/08:46]  Acc_iter 15150       Data time: 0.00(0.00)  Forward time: 0.14(0.15)  Batch time: 0.15(0.15)
2026-09-28 18:05:58,883   INFO  ubuntu22                    Mon Sep 28 18:05:58 2026  550.78
[0] NVIDIA GeForce RTX 3090 | 54°C,  60 % |  2953 / 24576 MB | vipuser(2938M) root(4M)

2026-09-28 18:06:06,336   INFO  Train:    9/10 ( 90%) [ 351/1856 ( 19%)]  Loss: 0.6992 (0.632)  LR: 2.084e-05  Time cost: 00:54/03:52 [39:06/08:39]  Acc_iter 15200       Data time: 0.00(0.01)  Forward time: 0.14(0.15)  Batch time: 0.14(0.15)
2026-09-28 18:06:13,717   INFO  Train:    9/10 ( 90%) [ 401/1856 ( 22%)]  Loss: 0.6628 (0.632)  LR: 2.027e-05  Time cost: 01:01/03:43 [39:14/08:28]  Acc_iter 15250       Data time: 0.00(0.00)  Forward time: 0.14(0.15)  Batch time: 0.14(0.15)
2026-09-28 18:06:21,104   INFO  Train:    9/10 ( 90%) [ 451/1856 ( 24%)]  Loss: 0.7440 (0.631)  LR: 1.971e-05  Time cost: 01:09/03:34 [39:21/08:18]  Acc_iter 15300       Data time: 0.00(0.00)  Forward time: 0.15(0.15)  Batch time: 0.15(0.15)
2026-09-28 18:06:21,412   INFO  ubuntu22                    Mon Sep 28 18:06:21 2026  550.78
[0] NVIDIA GeForce RTX 3090 | 54°C,  42 % |  2953 / 24576 MB | vipuser(2938M) root(4M)

2026-09-28 18:06:28,824   INFO  Train:    9/10 ( 90%) [ 501/1856 ( 27%)]  Loss: 0.6805 (0.631)  LR: 1.915e-05  Time cost: 01:16/03:27 [39:29/08:11]  Acc_iter 15350       Data time: 0.00(0.00)  Forward time: 0.14(0.15)  Batch time: 0.14(0.15)
2026-09-28 18:06:36,309   INFO  Train:    9/10 ( 90%) [ 551/1856 ( 30%)]  Loss: 0.5386 (0.629)  LR: 1.860e-05  Time cost: 01:24/03:19 [39:36/08:03]  Acc_iter 15400       Data time: 0.00(0.00)  Forward time: 0.15(0.15)  Batch time: 0.16(0.15)
2026-09-28 18:06:43,681   INFO  Train:    9/10 ( 90%) [ 601/1856 ( 32%)]  Loss: 0.6780 (0.629)  LR: 1.805e-05  Time cost: 01:31/03:11 [39:44/07:54]  Acc_iter 15450       Data time: 0.00(0.00)  Forward time: 0.15(0.15)  Batch time: 0.15(0.15)
2026-09-28 18:06:43,994   INFO  ubuntu22                    Mon Sep 28 18:06:43 2026  550.78
[0] NVIDIA GeForce RTX 3090 | 54°C,  33 % |  2953 / 24576 MB | vipuser(2938M) root(4M)

2026-09-28 18:06:51,493   INFO  Train:    9/10 ( 90%) [ 651/1856 ( 35%)]  Loss: 0.7205 (0.631)  LR: 1.751e-05  Time cost: 01:39/03:03 [39:51/07:47]  Acc_iter 15500       Data time: 0.00(0.00)  Forward time: 0.15(0.15)  Batch time: 0.15(0.15)
2026-09-28 18:06:58,908   INFO  Train:    9/10 ( 90%) [ 701/1856 ( 38%)]  Loss: 0.7412 (0.630)  LR: 1.698e-05  Time cost: 01:46/02:55 [39:59/07:38]  Acc_iter 15550       Data time: 0.00(0.00)  Forward time: 0.15(0.15)  Batch time: 0.15(0.15)
2026-09-28 18:07:06,275   INFO  Train:    9/10 ( 90%) [ 751/1856 ( 40%)]  Loss: 0.6744 (0.630)  LR: 1.645e-05  Time cost: 01:54/02:47 [40:06/07:30]  Acc_iter 15600       Data time: 0.00(0.00)  Forward time: 0.14(0.15)  Batch time: 0.14(0.15)
2026-09-28 18:07:06,585   INFO  ubuntu22                    Mon Sep 28 18:07:06 2026  550.78
[0] NVIDIA GeForce RTX 3090 | 54°C,  34 % |  2953 / 24576 MB | vipuser(2938M) root(4M)

2026-09-28 18:07:14,152   INFO  Train:    9/10 ( 90%) [ 801/1856 ( 43%)]  Loss: 0.7159 (0.631)  LR: 1.593e-05  Time cost: 02:02/02:40 [40:14/07:23]  Acc_iter 15650       Data time: 0.00(0.00)  Forward time: 0.14(0.15)  Batch time: 0.15(0.15)
2026-09-28 18:07:21,742   INFO  Train:    9/10 ( 90%) [ 851/1856 ( 46%)]  Loss: 0.6207 (0.630)  LR: 1.542e-05  Time cost: 02:09/02:33 [40:22/07:15]  Acc_iter 15700       Data time: 0.00(0.00)  Forward time: 0.16(0.15)  Batch time: 0.17(0.15)
2026-09-28 18:07:29,234   INFO  Train:    9/10 ( 90%) [ 901/1856 ( 49%)]  Loss: 0.6014 (0.630)  LR: 1.492e-05  Time cost: 02:17/02:25 [40:29/07:07]  Acc_iter 15750       Data time: 0.00(0.00)  Forward time: 0.16(0.15)  Batch time: 0.16(0.15)
2026-09-28 18:07:29,549   INFO  ubuntu22                    Mon Sep 28 18:07:29 2026  550.78
[0] NVIDIA GeForce RTX 3090 | 54°C,  26 % |  2953 / 24576 MB | vipuser(2938M) root(4M)

2026-09-28 18:07:37,021   INFO  Train:    9/10 ( 90%) [ 951/1856 ( 51%)]  Loss: 0.5757 (0.630)  LR: 1.442e-05  Time cost: 02:25/02:17 [40:37/07:00]  Acc_iter 15800       Data time: 0.00(0.00)  Forward time: 0.14(0.15)  Batch time: 0.14(0.15)
2026-09-28 18:07:44,380   INFO  Train:    9/10 ( 90%) [1001/1856 ( 54%)]  Loss: 0.5362 (0.631)  LR: 1.392e-05  Time cost: 02:32/02:10 [40:44/06:52]  Acc_iter 15850       Data time: 0.00(0.00)  Forward time: 0.14(0.15)  Batch time: 0.14(0.15)
2026-09-28 18:07:51,628   INFO  Train:    9/10 ( 90%) [1051/1856 ( 57%)]  Loss: 0.6192 (0.632)  LR: 1.344e-05  Time cost: 02:39/02:02 [40:51/06:43]  Acc_iter 15900       Data time: 0.00(0.00)  Forward time: 0.15(0.15)  Batch time: 0.15(0.15)
2026-09-28 18:07:51,938   INFO  ubuntu22                    Mon Sep 28 18:07:51 2026  550.78
[0] NVIDIA GeForce RTX 3090 | 54°C,  26 % |  2953 / 24576 MB | vipuser(2938M) root(4M)

2026-09-28 18:07:59,281   INFO  Train:    9/10 ( 90%) [1101/1856 ( 59%)]  Loss: 0.5136 (0.632)  LR: 1.296e-05  Time cost: 02:47/01:54 [40:59/06:36]  Acc_iter 15950       Data time: 0.00(0.00)  Forward time: 0.14(0.15)  Batch time: 0.14(0.15)
2026-09-28 18:08:06,686   INFO  Train:    9/10 ( 90%) [1151/1856 ( 62%)]  Loss: 0.8694 (0.633)  LR: 1.249e-05  Time cost: 02:54/01:46 [41:07/06:28]  Acc_iter 16000       Data time: 0.00(0.00)  Forward time: 0.14(0.15)  Batch time: 0.14(0.15)
2026-09-28 18:08:14,099   INFO  Train:    9/10 ( 90%) [1201/1856 ( 65%)]  Loss: 0.5822 (0.632)  LR: 1.203e-05  Time cost: 03:02/01:39 [41:14/06:20]  Acc_iter 16050       Data time: 0.00(0.00)  Forward time: 0.15(0.15)  Batch time: 0.15(0.15)
2026-09-28 18:08:14,413   INFO  ubuntu22                    Mon Sep 28 18:08:14 2026  550.78
[0] NVIDIA GeForce RTX 3090 | 54°C,  48 % |  2953 / 24576 MB | vipuser(2938M) root(4M)

2026-09-28 18:08:21,895   INFO  Train:    9/10 ( 90%) [1251/1856 ( 67%)]  Loss: 0.6034 (0.631)  LR: 1.158e-05  Time cost: 03:09/01:31 [41:22/06:13]  Acc_iter 16100       Data time: 0.00(0.00)  Forward time: 0.15(0.15)  Batch time: 0.15(0.15)
2026-09-28 18:08:29,358   INFO  Train:    9/10 ( 90%) [1301/1856 ( 70%)]  Loss: 0.6290 (0.630)  LR: 1.113e-05  Time cost: 03:17/01:24 [41:29/06:05]  Acc_iter 16150       Data time: 0.00(0.00)  Forward time: 0.16(0.15)  Batch time: 0.16(0.15)
2026-09-28 18:08:36,790   INFO  Train:    9/10 ( 90%) [1351/1856 ( 73%)]  Loss: 0.6303 (0.631)  LR: 1.069e-05  Time cost: 03:24/01:16 [41:37/05:57]  Acc_iter 16200       Data time: 0.00(0.00)  Forward time: 0.15(0.15)  Batch time: 0.15(0.15)
2026-09-28 18:08:37,102   INFO  ubuntu22                    Mon Sep 28 18:08:37 2026  550.78
[0] NVIDIA GeForce RTX 3090 | 54°C,  14 % |  2953 / 24576 MB | vipuser(2938M) root(4M)

2026-09-28 18:08:44,567   INFO  Train:    9/10 ( 90%) [1401/1856 ( 75%)]  Loss: 0.5463 (0.631)  LR: 1.026e-05  Time cost: 03:32/01:09 [41:44/05:50]  Acc_iter 16250       Data time: 0.00(0.00)  Forward time: 0.14(0.15)  Batch time: 0.15(0.15)
2026-09-28 18:08:51,943   INFO  Train:    9/10 ( 90%) [1451/1856 ( 78%)]  Loss: 0.7120 (0.630)  LR: 9.832e-06  Time cost: 03:39/01:01 [41:52/05:42]  Acc_iter 16300       Data time: 0.00(0.00)  Forward time: 0.15(0.15)  Batch time: 0.15(0.15)
2026-09-28 18:08:59,421   INFO  Train:    9/10 ( 90%) [1501/1856 ( 81%)]  Loss: 0.6216 (0.631)  LR: 9.416e-06  Time cost: 03:47/00:53 [41:59/05:34]  Acc_iter 16350       Data time: 0.00(0.00)  Forward time: 0.15(0.15)  Batch time: 0.15(0.15)
2026-09-28 18:08:59,735   INFO  ubuntu22                    Mon Sep 28 18:08:59 2026  550.78
[0] NVIDIA GeForce RTX 3090 | 54°C,  28 % |  2953 / 24576 MB | vipuser(2938M) root(4M)

2026-09-28 18:09:07,208   INFO  Train:    9/10 ( 90%) [1551/1856 ( 84%)]  Loss: 0.6250 (0.632)  LR: 9.008e-06  Time cost: 03:55/00:46 [42:07/05:27]  Acc_iter 16400       Data time: 0.00(0.00)  Forward time: 0.16(0.15)  Batch time: 0.16(0.15)
2026-09-28 18:09:14,683   INFO  Train:    9/10 ( 90%) [1601/1856 ( 86%)]  Loss: 0.5454 (0.631)  LR: 8.609e-06  Time cost: 04:02/00:38 [42:15/05:19]  Acc_iter 16450       Data time: 0.00(0.00)  Forward time: 0.14(0.15)  Batch time: 0.14(0.15)
2026-09-28 18:09:22,068   INFO  Train:    9/10 ( 90%) [1651/1856 ( 89%)]  Loss: 0.6106 (0.631)  LR: 8.217e-06  Time cost: 04:10/00:31 [42:22/05:12]  Acc_iter 16500       Data time: 0.00(0.00)  Forward time: 0.15(0.15)  Batch time: 0.15(0.15)
2026-09-28 18:09:22,383   INFO  ubuntu22                    Mon Sep 28 18:09:22 2026  550.78
[0] NVIDIA GeForce RTX 3090 | 54°C,  42 % |  2953 / 24576 MB | vipuser(2938M) root(4M)

2026-09-28 18:09:29,834   INFO  Train:    9/10 ( 90%) [1701/1856 ( 92%)]  Loss: 0.6517 (0.631)  LR: 7.834e-06  Time cost: 04:17/00:23 [42:30/05:04]  Acc_iter 16550       Data time: 0.00(0.00)  Forward time: 0.15(0.15)  Batch time: 0.15(0.15)
2026-09-28 18:09:37,354   INFO  Train:    9/10 ( 90%) [1751/1856 ( 94%)]  Loss: 0.5877 (0.631)  LR: 7.459e-06  Time cost: 04:25/00:15 [42:37/04:57]  Acc_iter 16600       Data time: 0.00(0.00)  Forward time: 0.15(0.15)  Batch time: 0.15(0.15)
2026-09-28 18:09:44,836   INFO  Train:    9/10 ( 90%) [1801/1856 ( 97%)]  Loss: 0.5685 (0.631)  LR: 7.093e-06  Time cost: 04:32/00:08 [42:45/04:49]  Acc_iter 16650       Data time: 0.00(0.00)  Forward time: 0.14(0.15)  Batch time: 0.14(0.15)
2026-09-28 18:09:45,152   INFO  ubuntu22                    Mon Sep 28 18:09:45 2026  550.78
[0] NVIDIA GeForce RTX 3090 | 54°C,  35 % |  2953 / 24576 MB | vipuser(2938M) root(4M)

2026-09-28 18:09:52,608   INFO  Train:    9/10 ( 90%) [1851/1856 (100%)]  Loss: 0.5464 (0.631)  LR: 6.735e-06  Time cost: 04:40/00:00 [42:52/04:42]  Acc_iter 16700       Data time: 0.00(0.00)  Forward time: 0.15(0.15)  Batch time: 0.15(0.15)
2026-09-28 18:09:53,190   INFO  Train:    9/10 ( 90%) [1855/1856 (100%)]  Loss: 0.8500 (0.631)  LR: 6.707e-06  Time cost: 04:41/00:00 [42:53/04:41]  Acc_iter 16704       Data time: 0.00(0.00)  Forward time: 0.14(0.15)  Batch time: 0.15(0.15)
2026-09-28 18:09:54,175   INFO  Train:   10/10 (100%) [   0/1856 (  0%)]  Loss: 0.4975 (0.498)  LR: 6.700e-06  Time cost: 00:00/20:21 [42:54/20:21]  Acc_iter 16705       Data time: 0.30(0.30)  Forward time: 0.36(0.36)  Batch time: 0.66(0.66)
2026-09-28 18:10:01,153   INFO  Train:   10/10 (100%) [  45/1856 (  2%)]  Loss: 0.6089 (0.640)  LR: 6.386e-06  Time cost: 00:07/05:00 [43:01/05:00]  Acc_iter 16750       Data time: 0.00(0.01)  Forward time: 0.15(0.16)  Batch time: 0.15(0.17)
2026-09-28 18:10:08,656   INFO  Train:   10/10 (100%) [  95/1856 (  5%)]  Loss: 0.6327 (0.642)  LR: 6.045e-06  Time cost: 00:15/04:37 [43:08/04:37]  Acc_iter 16800       Data time: 0.00(0.00)  Forward time: 0.15(0.15)  Batch time: 0.16(0.16)
2026-09-28 18:10:09,011   INFO  ubuntu22                    Mon Sep 28 18:10:08 2026  550.78
[0] NVIDIA GeForce RTX 3090 | 53°C,  43 % |  2953 / 24576 MB | vipuser(2938M) root(4M)

2026-09-28 18:10:16,519   INFO  Train:   10/10 (100%) [ 145/1856 (  8%)]  Loss: 0.6999 (0.646)  LR: 5.714e-06  Time cost: 00:23/04:29 [43:16/04:29]  Acc_iter 16850       Data time: 0.00(0.01)  Forward time: 0.14(0.15)  Batch time: 0.14(0.16)
2026-09-28 18:10:23,899   INFO  Train:   10/10 (100%) [ 195/1856 ( 11%)]  Loss: 0.6175 (0.642)  LR: 5.391e-06  Time cost: 00:30/04:17 [43:24/04:17]  Acc_iter 16900       Data time: 0.00(0.01)  Forward time: 0.16(0.15)  Batch time: 0.16(0.16)
2026-09-28 18:10:31,239   INFO  Train:   10/10 (100%) [ 245/1856 ( 13%)]  Loss: 0.6478 (0.638)  LR: 5.077e-06  Time cost: 00:37/04:07 [43:31/04:07]  Acc_iter 16950       Data time: 0.00(0.00)  Forward time: 0.15(0.15)  Batch time: 0.15(0.15)
2026-09-28 18:10:31,554   INFO  ubuntu22                    Mon Sep 28 18:10:31 2026  550.78
[0] NVIDIA GeForce RTX 3090 | 54°C,  37 % |  2953 / 24576 MB | vipuser(2938M) root(4M)

2026-09-28 18:10:38,881   INFO  Train:   10/10 (100%) [ 295/1856 ( 16%)]  Loss: 0.7082 (0.637)  LR: 4.771e-06  Time cost: 00:45/03:59 [43:39/03:59]  Acc_iter 17000       Data time: 0.00(0.00)  Forward time: 0.15(0.15)  Batch time: 0.15(0.15)
2026-09-28 18:10:46,230   INFO  Train:   10/10 (100%) [ 345/1856 ( 19%)]  Loss: 0.5949 (0.637)  LR: 4.475e-06  Time cost: 00:52/03:50 [43:46/03:50]  Acc_iter 17050       Data time: 0.00(0.00)  Forward time: 0.14(0.15)  Batch time: 0.15(0.15)
2026-09-28 18:10:53,617   INFO  Train:   10/10 (100%) [ 395/1856 ( 21%)]  Loss: 0.5746 (0.636)  LR: 4.188e-06  Time cost: 01:00/03:41 [43:53/03:41]  Acc_iter 17100       Data time: 0.00(0.00)  Forward time: 0.14(0.15)  Batch time: 0.15(0.15)
2026-09-28 18:10:53,929   INFO  ubuntu22                    Mon Sep 28 18:10:53 2026  550.78
[0] NVIDIA GeForce RTX 3090 | 54°C,  34 % |  2953 / 24576 MB | vipuser(2938M) root(4M)

2026-09-28 18:11:01,550   INFO  Train:   10/10 (100%) [ 445/1856 ( 24%)]  Loss: 0.4124 (0.634)  LR: 3.910e-06  Time cost: 01:08/03:35 [44:01/03:35]  Acc_iter 17150       Data time: 0.00(0.00)  Forward time: 0.15(0.15)  Batch time: 0.15(0.15)
2026-09-28 18:11:09,233   INFO  Train:   10/10 (100%) [ 495/1856 ( 27%)]  Loss: 0.5767 (0.631)  LR: 3.641e-06  Time cost: 01:15/03:27 [44:09/03:27]  Acc_iter 17200       Data time: 0.00(0.00)  Forward time: 0.14(0.15)  Batch time: 0.14(0.15)
2026-09-28 18:11:16,903   INFO  Train:   10/10 (100%) [ 545/1856 ( 29%)]  Loss: 0.5966 (0.632)  LR: 3.382e-06  Time cost: 01:23/03:20 [44:17/03:20]  Acc_iter 17250       Data time: 0.00(0.00)  Forward time: 0.15(0.15)  Batch time: 0.15(0.15)
2026-09-28 18:11:17,213   INFO  ubuntu22                    Mon Sep 28 18:11:17 2026  550.78
[0] NVIDIA GeForce RTX 3090 | 54°C,  68 % |  2953 / 24576 MB | vipuser(2938M) root(4M)

2026-09-28 18:11:24,629   INFO  Train:   10/10 (100%) [ 595/1856 ( 32%)]  Loss: 0.8846 (0.631)  LR: 3.132e-06  Time cost: 01:31/03:12 [44:24/03:12]  Acc_iter 17300       Data time: 0.00(0.00)  Forward time: 0.14(0.15)  Batch time: 0.14(0.15)
2026-09-28 18:11:32,125   INFO  Train:   10/10 (100%) [ 645/1856 ( 35%)]  Loss: 0.8835 (0.631)  LR: 2.891e-06  Time cost: 01:38/03:04 [44:32/03:04]  Acc_iter 17350       Data time: 0.00(0.00)  Forward time: 0.16(0.15)  Batch time: 0.16(0.15)
2026-09-28 18:11:39,508   INFO  Train:   10/10 (100%) [ 695/1856 ( 37%)]  Loss: 0.6368 (0.628)  LR: 2.659e-06  Time cost: 01:45/02:56 [44:39/02:56]  Acc_iter 17400       Data time: 0.00(0.00)  Forward time: 0.15(0.15)  Batch time: 0.15(0.15)
2026-09-28 18:11:39,824   INFO  ubuntu22                    Mon Sep 28 18:11:39 2026  550.78
[0] NVIDIA GeForce RTX 3090 | 54°C,  74 % |  2953 / 24576 MB | vipuser(2938M) root(4M)

2026-09-28 18:11:47,379   INFO  Train:   10/10 (100%) [ 745/1856 ( 40%)]  Loss: 0.6294 (0.629)  LR: 2.437e-06  Time cost: 01:53/02:49 [44:47/02:49]  Acc_iter 17450       Data time: 0.00(0.00)  Forward time: 0.15(0.15)  Batch time: 0.15(0.15)
2026-09-28 18:11:54,825   INFO  Train:   10/10 (100%) [ 795/1856 ( 43%)]  Loss: 0.6573 (0.628)  LR: 2.224e-06  Time cost: 02:01/02:41 [44:55/02:41]  Acc_iter 17500       Data time: 0.00(0.00)  Forward time: 0.14(0.15)  Batch time: 0.14(0.15)
2026-09-28 18:12:02,191   INFO  Train:   10/10 (100%) [ 845/1856 ( 46%)]  Loss: 0.7368 (0.628)  LR: 2.021e-06  Time cost: 02:08/02:33 [45:02/02:33]  Acc_iter 17550       Data time: 0.00(0.00)  Forward time: 0.16(0.15)  Batch time: 0.16(0.15)
2026-09-28 18:12:02,505   INFO  ubuntu22                    Mon Sep 28 18:12:02 2026  550.78
[0] NVIDIA GeForce RTX 3090 | 54°C,  33 % |  2953 / 24576 MB | vipuser(2938M) root(4M)

2026-09-28 18:12:10,075   INFO  Train:   10/10 (100%) [ 895/1856 ( 48%)]  Loss: 0.5407 (0.628)  LR: 1.827e-06  Time cost: 02:16/02:26 [45:10/02:26]  Acc_iter 17600       Data time: 0.00(0.00)  Forward time: 0.16(0.15)  Batch time: 0.17(0.15)
2026-09-28 18:12:17,705   INFO  Train:   10/10 (100%) [ 945/1856 ( 51%)]  Loss: 0.6049 (0.630)  LR: 1.643e-06  Time cost: 02:24/02:18 [45:18/02:18]  Acc_iter 17650       Data time: 0.00(0.00)  Forward time: 0.15(0.15)  Batch time: 0.16(0.15)
2026-09-28 18:12:25,192   INFO  Train:   10/10 (100%) [ 995/1856 ( 54%)]  Loss: 0.6416 (0.629)  LR: 1.469e-06  Time cost: 02:31/02:11 [45:25/02:11]  Acc_iter 17700       Data time: 0.00(0.00)  Forward time: 0.15(0.15)  Batch time: 0.15(0.15)
2026-09-28 18:12:25,507   INFO  ubuntu22                    Mon Sep 28 18:12:25 2026  550.78
[0] NVIDIA GeForce RTX 3090 | 54°C,  34 % |  2953 / 24576 MB | vipuser(2938M) root(4M)

2026-09-28 18:12:32,880   INFO  Train:   10/10 (100%) [1045/1856 ( 56%)]  Loss: 0.6062 (0.628)  LR: 1.304e-06  Time cost: 02:39/02:03 [45:33/02:03]  Acc_iter 17750       Data time: 0.00(0.00)  Forward time: 0.14(0.15)  Batch time: 0.15(0.15)
2026-09-28 18:12:40,361   INFO  Train:   10/10 (100%) [1095/1856 ( 59%)]  Loss: 0.6583 (0.628)  LR: 1.149e-06  Time cost: 02:46/01:55 [45:40/01:55]  Acc_iter 17800       Data time: 0.00(0.00)  Forward time: 0.15(0.15)  Batch time: 0.16(0.15)
2026-09-28 18:12:47,879   INFO  Train:   10/10 (100%) [1145/1856 ( 62%)]  Loss: 0.5973 (0.628)  LR: 1.003e-06  Time cost: 02:54/01:48 [45:48/01:48]  Acc_iter 17850       Data time: 0.00(0.00)  Forward time: 0.16(0.15)  Batch time: 0.16(0.15)
2026-09-28 18:12:48,222   INFO  ubuntu22                    Mon Sep 28 18:12:48 2026  550.78
[0] NVIDIA GeForce RTX 3090 | 54°C,   0 % |  2953 / 24576 MB | vipuser(2938M) root(4M)

2026-09-28 18:12:55,673   INFO  Train:   10/10 (100%) [1195/1856 ( 64%)]  Loss: 0.5687 (0.629)  LR: 8.678e-07  Time cost: 03:02/01:40 [45:55/01:40]  Acc_iter 17900       Data time: 0.00(0.00)  Forward time: 0.14(0.15)  Batch time: 0.15(0.15)
2026-09-28 18:13:03,063   INFO  Train:   10/10 (100%) [1245/1856 ( 67%)]  Loss: 0.7059 (0.628)  LR: 7.419e-07  Time cost: 03:09/01:32 [46:03/01:32]  Acc_iter 17950       Data time: 0.00(0.00)  Forward time: 0.14(0.15)  Batch time: 0.14(0.15)
2026-09-28 18:13:10,448   INFO  Train:   10/10 (100%) [1295/1856 ( 70%)]  Loss: 0.8166 (0.629)  LR: 6.259e-07  Time cost: 03:16/01:25 [46:10/01:25]  Acc_iter 18000       Data time: 0.00(0.00)  Forward time: 0.15(0.15)  Batch time: 0.15(0.15)
2026-09-28 18:13:10,769   INFO  ubuntu22                    Mon Sep 28 18:13:10 2026  550.78
[0] NVIDIA GeForce RTX 3090 | 54°C,  55 % |  2953 / 24576 MB | vipuser(2938M) root(4M)

2026-09-28 18:13:18,217   INFO  Train:   10/10 (100%) [1345/1856 ( 72%)]  Loss: 0.7213 (0.630)  LR: 5.196e-07  Time cost: 03:24/01:17 [46:18/01:17]  Acc_iter 18050       Data time: 0.00(0.00)  Forward time: 0.15(0.15)  Batch time: 0.15(0.15)
2026-09-28 18:13:25,578   INFO  Train:   10/10 (100%) [1395/1856 ( 75%)]  Loss: 0.7270 (0.629)  LR: 4.232e-07  Time cost: 03:32/01:10 [46:25/01:10]  Acc_iter 18100       Data time: 0.00(0.00)  Forward time: 0.15(0.15)  Batch time: 0.15(0.15)
2026-09-28 18:13:33,039   INFO  Train:   10/10 (100%) [1445/1856 ( 78%)]  Loss: 0.6763 (0.629)  LR: 3.367e-07  Time cost: 03:39/01:02 [46:33/01:02]  Acc_iter 18150       Data time: 0.00(0.00)  Forward time: 0.15(0.15)  Batch time: 0.15(0.15)
2026-09-28 18:13:33,357   INFO  ubuntu22                    Mon Sep 28 18:13:33 2026  550.78
[0] NVIDIA GeForce RTX 3090 | 54°C,  53 % |  2953 / 24576 MB | vipuser(2938M) root(4M)

2026-09-28 18:13:41,166   INFO  Train:   10/10 (100%) [1495/1856 ( 81%)]  Loss: 0.7430 (0.629)  LR: 2.601e-07  Time cost: 03:47/00:54 [46:41/00:54]  Acc_iter 18200       Data time: 0.00(0.00)  Forward time: 0.15(0.15)  Batch time: 0.15(0.15)
2026-09-28 18:13:48,912   INFO  Train:   10/10 (100%) [1545/1856 ( 83%)]  Loss: 0.6062 (0.628)  LR: 1.933e-07  Time cost: 03:55/00:47 [46:49/00:47]  Acc_iter 18250       Data time: 0.00(0.00)  Forward time: 0.15(0.15)  Batch time: 0.15(0.15)
2026-09-28 18:13:56,401   INFO  Train:   10/10 (100%) [1595/1856 ( 86%)]  Loss: 0.3978 (0.627)  LR: 1.365e-07  Time cost: 04:02/00:39 [46:56/00:39]  Acc_iter 18300       Data time: 0.00(0.00)  Forward time: 0.15(0.15)  Batch time: 0.15(0.15)
2026-09-28 18:13:56,725   INFO  ubuntu22                    Mon Sep 28 18:13:56 2026  550.78
[0] NVIDIA GeForce RTX 3090 | 54°C,  45 % |  2953 / 24576 MB | vipuser(2938M) root(4M)

2026-09-28 18:14:04,444   INFO  Train:   10/10 (100%) [1645/1856 ( 89%)]  Loss: 0.7931 (0.627)  LR: 8.956e-08  Time cost: 04:10/00:32 [47:04/00:32]  Acc_iter 18350       Data time: 0.00(0.00)  Forward time: 0.15(0.15)  Batch time: 0.15(0.15)
2026-09-28 18:14:11,896   INFO  Train:   10/10 (100%) [1695/1856 ( 91%)]  Loss: 0.4749 (0.627)  LR: 5.256e-08  Time cost: 04:18/00:24 [47:12/00:24]  Acc_iter 18400       Data time: 0.00(0.00)  Forward time: 0.15(0.15)  Batch time: 0.16(0.15)
2026-09-28 18:14:19,443   INFO  Train:   10/10 (100%) [1745/1856 ( 94%)]  Loss: 0.6828 (0.627)  LR: 2.551e-08  Time cost: 04:25/00:16 [47:19/00:16]  Acc_iter 18450       Data time: 0.00(0.00)  Forward time: 0.15(0.15)  Batch time: 0.15(0.15)
2026-09-28 18:14:19,763   INFO  ubuntu22                    Mon Sep 28 18:14:19 2026  550.78
[0] NVIDIA GeForce RTX 3090 | 54°C,  61 % |  2953 / 24576 MB | vipuser(2938M) root(4M)

2026-09-28 18:14:27,446   INFO  Train:   10/10 (100%) [1795/1856 ( 97%)]  Loss: 0.3603 (0.627)  LR: 8.403e-09  Time cost: 04:33/00:09 [47:27/00:09]  Acc_iter 18500       Data time: 0.00(0.00)  Forward time: 0.15(0.15)  Batch time: 0.15(0.15)
2026-09-28 18:14:34,822   INFO  Train:   10/10 (100%) [1845/1856 ( 99%)]  Loss: 0.5617 (0.628)  LR: 1.241e-09  Time cost: 04:41/00:01 [47:35/00:01]  Acc_iter 18550       Data time: 0.00(0.00)  Forward time: 0.14(0.15)  Batch time: 0.14(0.15)
2026-09-28 18:14:36,346   INFO  Train:   10/10 (100%) [1855/1856 (100%)]  Loss: 0.5424 (0.628)  LR: 1.002e-09  Time cost: 04:42/00:00 [47:36/00:00]  Acc_iter 18560       Data time: 0.00(0.00)  Forward time: 0.16(0.15)  Batch time: 0.16(0.15)
2026-09-28 18:14:36,790   INFO  Exported HW-QAT training qparams to /home/vipuser/桌面/OpenPCDet/output/kitti_models/voxel_rcnn_car_hw_qat/hw_qat_10ep/hw_qparams
2026-09-28 18:14:36,790   INFO  **********************End HW-QAT training kitti_models/voxel_rcnn_car_hw_qat(hw_qat_10ep)**********************



2026-09-28 18:14:36,790   INFO  **********************Start evaluation kitti_models/voxel_rcnn_car_hw_qat(hw_qat_10ep)**********************
2026-09-28 18:14:36,791   INFO  Loading KITTI dataset
2026-09-28 18:14:36,906   INFO  Total samples for KITTI dataset: 3769
2026-09-28 18:14:36,910   INFO  ==> Loading parameters from checkpoint /home/vipuser/桌面/OpenPCDet/output/kitti_models/voxel_rcnn_car_hw_qat/hw_qat_10ep/ckpt/checkpoint_epoch_10.pth to GPU
2026-09-28 18:14:36,978   INFO  ==> Checkpoint trained from version: pcdet+0.6.0+233f849+py85c01ad
2026-09-28 18:14:36,986   INFO  ==> Done (loaded 283/283)
2026-09-28 18:14:36,990   INFO  *************** EPOCH 10 EVALUATION *****************
2026-09-28 18:16:03,627   INFO  *************** Performance of EPOCH 10 *****************
2026-09-28 18:16:03,628   INFO  Generate label finished(sec_per_example: 0.0230 second).
2026-09-28 18:16:03,628   INFO  recall_roi_0.3: 0.976642
2026-09-28 18:16:03,628   INFO  recall_rcnn_0.3: 0.976295
2026-09-28 18:16:03,628   INFO  recall_roi_0.5: 0.969135
2026-09-28 18:16:03,628   INFO  recall_rcnn_0.5: 0.970525
2026-09-28 18:16:03,628   INFO  recall_roi_0.7: 0.827668
2026-09-28 18:16:03,628   INFO  recall_rcnn_0.7: 0.867779
2026-09-28 18:16:03,631   INFO  Average predicted number of objects(3769 samples): 5.808
2026-09-28 18:16:22,906   INFO  Car AP@0.70, 0.70, 0.70:
bbox AP:97.8727, 89.7923, 89.3797
bev  AP:90.0935, 88.1913, 87.7065
3d   AP:88.8981, 84.1120, 78.5906
aos  AP:97.82, 89.68, 89.21
Car AP_R40@0.70, 0.70, 0.70:
bbox AP:99.0184, 95.0663, 94.4280
bev  AP:95.4720, 91.1345, 88.8643
3d   AP:92.0146, 84.7950, 82.4518
aos  AP:98.98, 94.91, 94.20
Car AP@0.70, 0.50, 0.50:
bbox AP:97.8727, 89.7923, 89.3797
bev  AP:97.8693, 95.4588, 89.3879
3d   AP:97.8389, 89.7512, 89.3735
aos  AP:97.82, 89.68, 89.21
Car AP_R40@0.70, 0.50, 0.50:
bbox AP:99.0184, 95.0663, 94.4280
bev  AP:98.9469, 96.6663, 94.7521
3d   AP:98.9225, 95.0031, 94.6750
aos  AP:98.98, 94.91, 94.20

2026-09-28 18:16:22,913   INFO  Result is saved to /home/vipuser/桌面/OpenPCDet/output/kitti_models/voxel_rcnn_car_hw_qat/hw_qat_10ep/eval/eval_with_train/epoch_10/val
2026-09-28 18:16:22,913   INFO  ****************Evaluation done.*****************
2026-09-28 18:16:22,933   INFO  Epoch 10 has been evaluated
2026-09-28 18:16:52,962   INFO  **********************End evaluation kitti_models/voxel_rcnn_car_hw_qat(hw_qat_10ep)**********************
