2026-09-29 13:24:56,065   INFO  **********************Start logging**********************
2026-09-29 13:24:56,065   INFO  CUDA_VISIBLE_DEVICES=ALL
2026-09-29 13:24:56,065   INFO  Training with a single process
2026-09-29 13:24:56,065   INFO  cfg_file         cfgs/once_models/second.yaml
2026-09-29 13:24:56,065   INFO  batch_size       4
2026-09-29 13:24:56,065   INFO  epochs           40
2026-09-29 13:24:56,065   INFO  workers          4
2026-09-29 13:24:56,065   INFO  extra_tag        ep40
2026-09-29 13:24:56,065   INFO  ckpt             None
2026-09-29 13:24:56,065   INFO  pretrained_model None
2026-09-29 13:24:56,065   INFO  launcher         none
2026-09-29 13:24:56,065   INFO  tcp_port         18888
2026-09-29 13:24:56,065   INFO  sync_bn          False
2026-09-29 13:24:56,065   INFO  fix_random_seed  False
2026-09-29 13:24:56,065   INFO  ckpt_save_interval 1
2026-09-29 13:24:56,065   INFO  local_rank       None
2026-09-29 13:24:56,065   INFO  max_ckpt_save_num 30
2026-09-29 13:24:56,065   INFO  merge_all_iters_to_one_epoch False
2026-09-29 13:24:56,065   INFO  set_cfgs         None
2026-09-29 13:24:56,065   INFO  max_waiting_mins 0
2026-09-29 13:24:56,065   INFO  start_epoch      0
2026-09-29 13:24:56,065   INFO  num_epochs_to_eval 0
2026-09-29 13:24:56,065   INFO  save_to_file     False
2026-09-29 13:24:56,065   INFO  use_tqdm_to_record False
2026-09-29 13:24:56,065   INFO  logger_iter_interval 50
2026-09-29 13:24:56,065   INFO  ckpt_save_time_interval 300
2026-09-29 13:24:56,065   INFO  wo_gpu_stat      False
2026-09-29 13:24:56,065   INFO  use_amp          False
2026-09-29 13:24:56,066   INFO  cfg.ROOT_DIR: /home/vipuser/桌面/OpenPCDet
2026-09-29 13:24:56,066   INFO  cfg.LOCAL_RANK: 0
2026-09-29 13:24:56,066   INFO  cfg.CLASS_NAMES: ['Car', 'Bus', 'Truck', 'Pedestrian', 'Cyclist']
2026-09-29 13:24:56,066   INFO  ----------- DATA_CONFIG -----------
2026-09-29 13:24:56,066   INFO  cfg.DATA_CONFIG.DATASET: ONCEDataset
2026-09-29 13:24:56,066   INFO  cfg.DATA_CONFIG.DATA_PATH: ../data/once
2026-09-29 13:24:56,066   INFO  cfg.DATA_CONFIG.CLOUD_DATA_PATH: /cache/once
2026-09-29 13:24:56,066   INFO  cfg.DATA_CONFIG.POINT_CLOUD_RANGE: [-75.2, -75.2, -5.0, 75.2, 75.2, 3.0]
2026-09-29 13:24:56,066   INFO  ----------- INFO_PATH -----------
2026-09-29 13:24:56,066   INFO  cfg.DATA_CONFIG.INFO_PATH.train: ['once_infos_train.pkl']
2026-09-29 13:24:56,066   INFO  cfg.DATA_CONFIG.INFO_PATH.val: ['once_infos_val.pkl']
2026-09-29 13:24:56,066   INFO  cfg.DATA_CONFIG.INFO_PATH.test: ['once_infos_test.pkl']
2026-09-29 13:24:56,066   INFO  ----------- DATA_SPLIT -----------
2026-09-29 13:24:56,066   INFO  cfg.DATA_CONFIG.DATA_SPLIT.train: train
2026-09-29 13:24:56,066   INFO  cfg.DATA_CONFIG.DATA_SPLIT.test: val
2026-09-29 13:24:56,066   INFO  ----------- DATA_AUGMENTOR -----------
2026-09-29 13:24:56,066   INFO  cfg.DATA_CONFIG.DATA_AUGMENTOR.DISABLE_AUG_LIST: ['placeholder']
2026-09-29 13:24:56,066   INFO  cfg.DATA_CONFIG.DATA_AUGMENTOR.AUG_CONFIG_LIST: [{'NAME': 'gt_sampling', 'USE_ROAD_PLANE': False, 'DB_INFO_PATH': ['once_dbinfos_train.pkl'], 'PREPARE': {'filter_by_min_points': ['Car:5', 'Bus:5', 'Truck:5', 'Pedestrian:5', 'Cyclist:5']}, 'SAMPLE_GROUPS': ['Car:1', 'Bus:4', 'Truck:3', 'Pedestrian:2', 'Cyclist:2'], 'NUM_POINT_FEATURES': 4, 'REMOVE_EXTRA_WIDTH': [0.0, 0.0, 0.0], 'LIMIT_WHOLE_SCENE': True}, {'NAME': 'random_world_flip', 'ALONG_AXIS_LIST': ['x', 'y']}, {'NAME': 'random_world_rotation', 'WORLD_ROT_ANGLE': [-0.78539816, 0.78539816]}, {'NAME': 'random_world_scaling', 'WORLD_SCALE_RANGE': [0.95, 1.05]}]
2026-09-29 13:24:56,066   INFO  ----------- POINT_FEATURE_ENCODING -----------
2026-09-29 13:24:56,066   INFO  cfg.DATA_CONFIG.POINT_FEATURE_ENCODING.encoding_type: absolute_coordinates_encoding
2026-09-29 13:24:56,066   INFO  cfg.DATA_CONFIG.POINT_FEATURE_ENCODING.used_feature_list: ['x', 'y', 'z', 'intensity']
2026-09-29 13:24:56,066   INFO  cfg.DATA_CONFIG.POINT_FEATURE_ENCODING.src_feature_list: ['x', 'y', 'z', 'intensity']
2026-09-29 13:24:56,066   INFO  cfg.DATA_CONFIG.DATA_PROCESSOR: [{'NAME': 'mask_points_and_boxes_outside_range', 'REMOVE_OUTSIDE_BOXES': True}, {'NAME': 'shuffle_points', 'SHUFFLE_ENABLED': {'train': True, 'test': False}}, {'NAME': 'transform_points_to_voxels', 'VOXEL_SIZE': [0.1, 0.1, 0.2], 'MAX_POINTS_PER_VOXEL': 5, 'MAX_NUMBER_OF_VOXELS': {'train': 60000, 'test': 60000}}]
2026-09-29 13:24:56,066   INFO  cfg.DATA_CONFIG._BASE_CONFIG_: cfgs/dataset_configs/once_dataset.yaml
2026-09-29 13:24:56,066   INFO  ----------- MODEL -----------
2026-09-29 13:24:56,066   INFO  cfg.MODEL.NAME: SECONDNet
2026-09-29 13:24:56,066   INFO  ----------- VFE -----------
2026-09-29 13:24:56,066   INFO  cfg.MODEL.VFE.NAME: MeanVFE
2026-09-29 13:24:56,066   INFO  ----------- BACKBONE_3D -----------
2026-09-29 13:24:56,066   INFO  cfg.MODEL.BACKBONE_3D.NAME: VoxelBackBone8x
2026-09-29 13:24:56,066   INFO  ----------- MAP_TO_BEV -----------
2026-09-29 13:24:56,066   INFO  cfg.MODEL.MAP_TO_BEV.NAME: HeightCompression
2026-09-29 13:24:56,066   INFO  cfg.MODEL.MAP_TO_BEV.NUM_BEV_FEATURES: 256
2026-09-29 13:24:56,066   INFO  ----------- BACKBONE_2D -----------
2026-09-29 13:24:56,066   INFO  cfg.MODEL.BACKBONE_2D.NAME: BaseBEVBackbone
2026-09-29 13:24:56,066   INFO  cfg.MODEL.BACKBONE_2D.LAYER_NUMS: [5, 5]
2026-09-29 13:24:56,066   INFO  cfg.MODEL.BACKBONE_2D.LAYER_STRIDES: [1, 2]
2026-09-29 13:24:56,066   INFO  cfg.MODEL.BACKBONE_2D.NUM_FILTERS: [128, 256]
2026-09-29 13:24:56,067   INFO  cfg.MODEL.BACKBONE_2D.UPSAMPLE_STRIDES: [1, 2]
2026-09-29 13:24:56,067   INFO  cfg.MODEL.BACKBONE_2D.NUM_UPSAMPLE_FILTERS: [256, 256]
2026-09-29 13:24:56,067   INFO  ----------- DENSE_HEAD -----------
2026-09-29 13:24:56,067   INFO  cfg.MODEL.DENSE_HEAD.NAME: AnchorHeadSingle
2026-09-29 13:24:56,067   INFO  cfg.MODEL.DENSE_HEAD.CLASS_AGNOSTIC: False
2026-09-29 13:24:56,067   INFO  cfg.MODEL.DENSE_HEAD.USE_DIRECTION_CLASSIFIER: True
2026-09-29 13:24:56,067   INFO  cfg.MODEL.DENSE_HEAD.DIR_OFFSET: 0.78539
2026-09-29 13:24:56,067   INFO  cfg.MODEL.DENSE_HEAD.DIR_LIMIT_OFFSET: 0.0
2026-09-29 13:24:56,067   INFO  cfg.MODEL.DENSE_HEAD.NUM_DIR_BINS: 2
2026-09-29 13:24:56,067   INFO  cfg.MODEL.DENSE_HEAD.ANCHOR_GENERATOR_CONFIG: [{'class_name': 'Car', 'anchor_sizes': [[4.38, 1.87, 1.59]], 'anchor_rotations': [0, 1.57], 'anchor_bottom_heights': [-1.71], 'align_center': False, 'feature_map_stride': 8, 'matched_threshold': 0.6, 'unmatched_threshold': 0.45}, {'class_name': 'Bus', 'anchor_sizes': [[11.11, 2.88, 3.41]], 'anchor_rotations': [0, 1.57], 'anchor_bottom_heights': [-1.74], 'align_center': False, 'feature_map_stride': 8, 'matched_threshold': 0.55, 'unmatched_threshold': 0.4}, {'class_name': 'Truck', 'anchor_sizes': [[7.52, 2.5, 2.62]], 'anchor_rotations': [0, 1.57], 'anchor_bottom_heights': [-1.55], 'align_center': False, 'feature_map_stride': 8, 'matched_threshold': 0.55, 'unmatched_threshold': 0.4}, {'class_name': 'Pedestrian', 'anchor_sizes': [[0.75, 0.76, 1.69]], 'anchor_rotations': [0, 1.57], 'anchor_bottom_heights': [-1.62], 'align_center': False, 'feature_map_stride': 8, 'matched_threshold': 0.3, 'unmatched_threshold': 0.15}, {'class_name': 'Cyclist', 'anchor_sizes': [[2.18, 0.79, 1.43]], 'anchor_rotations': [0, 1.57], 'anchor_bottom_heights': [-1.65], 'align_center': False, 'feature_map_stride': 8, 'matched_threshold': 0.5, 'unmatched_threshold': 0.35}]
2026-09-29 13:24:56,067   INFO  ----------- TARGET_ASSIGNER_CONFIG -----------
2026-09-29 13:24:56,067   INFO  cfg.MODEL.DENSE_HEAD.TARGET_ASSIGNER_CONFIG.NAME: AxisAlignedTargetAssigner
2026-09-29 13:24:56,067   INFO  cfg.MODEL.DENSE_HEAD.TARGET_ASSIGNER_CONFIG.POS_FRACTION: -1.0
2026-09-29 13:24:56,067   INFO  cfg.MODEL.DENSE_HEAD.TARGET_ASSIGNER_CONFIG.SAMPLE_SIZE: 512
2026-09-29 13:24:56,067   INFO  cfg.MODEL.DENSE_HEAD.TARGET_ASSIGNER_CONFIG.NORM_BY_NUM_EXAMPLES: False
2026-09-29 13:24:56,067   INFO  cfg.MODEL.DENSE_HEAD.TARGET_ASSIGNER_CONFIG.MATCH_HEIGHT: False
2026-09-29 13:24:56,067   INFO  cfg.MODEL.DENSE_HEAD.TARGET_ASSIGNER_CONFIG.BOX_CODER: ResidualCoder
2026-09-29 13:24:56,067   INFO  ----------- LOSS_CONFIG -----------
2026-09-29 13:24:56,067   INFO  ----------- LOSS_WEIGHTS -----------
2026-09-29 13:24:56,067   INFO  cfg.MODEL.DENSE_HEAD.LOSS_CONFIG.LOSS_WEIGHTS.cls_weight: 1.0
2026-09-29 13:24:56,067   INFO  cfg.MODEL.DENSE_HEAD.LOSS_CONFIG.LOSS_WEIGHTS.loc_weight: 2.0
2026-09-29 13:24:56,067   INFO  cfg.MODEL.DENSE_HEAD.LOSS_CONFIG.LOSS_WEIGHTS.dir_weight: 0.2
2026-09-29 13:24:56,067   INFO  cfg.MODEL.DENSE_HEAD.LOSS_CONFIG.LOSS_WEIGHTS.code_weights: [1.0, 1.0, 1.0, 1.0, 1.0, 1.0, 1.0]
2026-09-29 13:24:56,067   INFO  ----------- POST_PROCESSING -----------
2026-09-29 13:24:56,067   INFO  cfg.MODEL.POST_PROCESSING.RECALL_THRESH_LIST: [0.3, 0.5, 0.7]
2026-09-29 13:24:56,067   INFO  cfg.MODEL.POST_PROCESSING.SCORE_THRESH: 0.1
2026-09-29 13:24:56,067   INFO  cfg.MODEL.POST_PROCESSING.OUTPUT_RAW_SCORE: False
2026-09-29 13:24:56,067   INFO  cfg.MODEL.POST_PROCESSING.EVAL_METRIC: once
2026-09-29 13:24:56,067   INFO  ----------- NMS_CONFIG -----------
2026-09-29 13:24:56,067   INFO  cfg.MODEL.POST_PROCESSING.NMS_CONFIG.MULTI_CLASSES_NMS: False
2026-09-29 13:24:56,067   INFO  cfg.MODEL.POST_PROCESSING.NMS_CONFIG.NMS_TYPE: nms_gpu
2026-09-29 13:24:56,067   INFO  cfg.MODEL.POST_PROCESSING.NMS_CONFIG.NMS_THRESH: 0.01
2026-09-29 13:24:56,067   INFO  cfg.MODEL.POST_PROCESSING.NMS_CONFIG.NMS_PRE_MAXSIZE: 4096
2026-09-29 13:24:56,067   INFO  cfg.MODEL.POST_PROCESSING.NMS_CONFIG.NMS_POST_MAXSIZE: 500
2026-09-29 13:24:56,067   INFO  ----------- OPTIMIZATION -----------
2026-09-29 13:24:56,067   INFO  cfg.OPTIMIZATION.BATCH_SIZE_PER_GPU: 4
2026-09-29 13:24:56,067   INFO  cfg.OPTIMIZATION.NUM_EPOCHS: 80
2026-09-29 13:24:56,067   INFO  cfg.OPTIMIZATION.OPTIMIZER: adam_onecycle
2026-09-29 13:24:56,067   INFO  cfg.OPTIMIZATION.LR: 0.003
2026-09-29 13:24:56,068   INFO  cfg.OPTIMIZATION.WEIGHT_DECAY: 0.01
2026-09-29 13:24:56,068   INFO  cfg.OPTIMIZATION.MOMENTUM: 0.9
2026-09-29 13:24:56,068   INFO  cfg.OPTIMIZATION.MOMS: [0.95, 0.85]
2026-09-29 13:24:56,068   INFO  cfg.OPTIMIZATION.PCT_START: 0.4
2026-09-29 13:24:56,068   INFO  cfg.OPTIMIZATION.DIV_FACTOR: 10
2026-09-29 13:24:56,068   INFO  cfg.OPTIMIZATION.DECAY_STEP_LIST: [35, 45]
2026-09-29 13:24:56,068   INFO  cfg.OPTIMIZATION.LR_DECAY: 0.1
2026-09-29 13:24:56,068   INFO  cfg.OPTIMIZATION.LR_CLIP: 1e-07
2026-09-29 13:24:56,068   INFO  cfg.OPTIMIZATION.LR_WARMUP: False
2026-09-29 13:24:56,068   INFO  cfg.OPTIMIZATION.WARMUP_EPOCH: 1
2026-09-29 13:24:56,068   INFO  cfg.OPTIMIZATION.GRAD_NORM_CLIP: 10
2026-09-29 13:24:56,068   INFO  cfg.TAG: second
2026-09-29 13:24:56,068   INFO  cfg.EXP_GROUP_PATH: once_models
2026-09-29 13:24:56,079   INFO  ----------- Create dataloader & network & optimizer -----------
2026-09-29 13:24:56,689   INFO  Database filter by min points Car: 98140 => 97612
2026-09-29 13:24:56,691   INFO  Database filter by min points Bus: 2263 => 2263
2026-09-29 13:24:56,692   INFO  Database filter by min points Truck: 5048 => 5046
2026-09-29 13:24:56,695   INFO  Database filter by min points Pedestrian: 14320 => 14128
2026-09-29 13:24:56,700   INFO  Database filter by min points Cyclist: 31386 => 31121
2026-09-29 13:24:56,703   INFO  Loading ONCE dataset
2026-09-29 13:24:57,375   INFO  Total samples for ONCE dataset: 4961
2026-09-29 13:24:57,819   INFO  ----------- Model SECONDNet created, param count: 5360460 -----------
2026-09-29 13:24:57,819   INFO  SECONDNet(
  (vfe): MeanVFE()
  (backbone_3d): VoxelBackBone8x(
    (conv_input): SparseSequential(
      (0): SubMConv3d(4, 16, kernel_size=[3, 3, 3], stride=[1, 1, 1], padding=[1, 1, 1], dilation=[1, 1, 1], output_padding=[0, 0, 0], bias=False, algo=ConvAlgo.MaskImplicitGemm)
      (1): BatchNorm1d(16, eps=0.001, momentum=0.01, affine=True, track_running_stats=True)
      (2): ReLU()
    )
    (conv1): SparseSequential(
      (0): SparseSequential(
        (0): SubMConv3d(16, 16, kernel_size=[3, 3, 3], stride=[1, 1, 1], padding=[0, 0, 0], dilation=[1, 1, 1], output_padding=[0, 0, 0], bias=False, algo=ConvAlgo.MaskImplicitGemm)
        (1): BatchNorm1d(16, eps=0.001, momentum=0.01, affine=True, track_running_stats=True)
        (2): ReLU()
      )
    )
    (conv2): SparseSequential(
      (0): SparseSequential(
        (0): SparseConv3d(16, 32, kernel_size=[3, 3, 3], stride=[2, 2, 2], padding=[1, 1, 1], dilation=[1, 1, 1], output_padding=[0, 0, 0], bias=False, algo=ConvAlgo.MaskImplicitGemm)
        (1): BatchNorm1d(32, eps=0.001, momentum=0.01, affine=True, track_running_stats=True)
        (2): ReLU()
      )
      (1): SparseSequential(
        (0): SubMConv3d(32, 32, kernel_size=[3, 3, 3], stride=[1, 1, 1], padding=[0, 0, 0], dilation=[1, 1, 1], output_padding=[0, 0, 0], bias=False, algo=ConvAlgo.MaskImplicitGemm)
        (1): BatchNorm1d(32, eps=0.001, momentum=0.01, affine=True, track_running_stats=True)
        (2): ReLU()
      )
      (2): SparseSequential(
        (0): SubMConv3d(32, 32, kernel_size=[3, 3, 3], stride=[1, 1, 1], padding=[0, 0, 0], dilation=[1, 1, 1], output_padding=[0, 0, 0], bias=False, algo=ConvAlgo.MaskImplicitGemm)
        (1): BatchNorm1d(32, eps=0.001, momentum=0.01, affine=True, track_running_stats=True)
        (2): ReLU()
      )
    )
    (conv3): SparseSequential(
      (0): SparseSequential(
        (0): SparseConv3d(32, 64, kernel_size=[3, 3, 3], stride=[2, 2, 2], padding=[1, 1, 1], dilation=[1, 1, 1], output_padding=[0, 0, 0], bias=False, algo=ConvAlgo.MaskImplicitGemm)
        (1): BatchNorm1d(64, eps=0.001, momentum=0.01, affine=True, track_running_stats=True)
        (2): ReLU()
      )
      (1): SparseSequential(
        (0): SubMConv3d(64, 64, kernel_size=[3, 3, 3], stride=[1, 1, 1], padding=[0, 0, 0], dilation=[1, 1, 1], output_padding=[0, 0, 0], bias=False, algo=ConvAlgo.MaskImplicitGemm)
        (1): BatchNorm1d(64, eps=0.001, momentum=0.01, affine=True, track_running_stats=True)
        (2): ReLU()
      )
      (2): SparseSequential(
        (0): SubMConv3d(64, 64, kernel_size=[3, 3, 3], stride=[1, 1, 1], padding=[0, 0, 0], dilation=[1, 1, 1], output_padding=[0, 0, 0], bias=False, algo=ConvAlgo.MaskImplicitGemm)
        (1): BatchNorm1d(64, eps=0.001, momentum=0.01, affine=True, track_running_stats=True)
        (2): ReLU()
      )
    )
    (conv4): SparseSequential(
      (0): SparseSequential(
        (0): SparseConv3d(64, 64, kernel_size=[3, 3, 3], stride=[2, 2, 2], padding=[0, 1, 1], dilation=[1, 1, 1], output_padding=[0, 0, 0], bias=False, algo=ConvAlgo.MaskImplicitGemm)
        (1): BatchNorm1d(64, eps=0.001, momentum=0.01, affine=True, track_running_stats=True)
        (2): ReLU()
      )
      (1): SparseSequential(
        (0): SubMConv3d(64, 64, kernel_size=[3, 3, 3], stride=[1, 1, 1], padding=[0, 0, 0], dilation=[1, 1, 1], output_padding=[0, 0, 0], bias=False, algo=ConvAlgo.MaskImplicitGemm)
        (1): BatchNorm1d(64, eps=0.001, momentum=0.01, affine=True, track_running_stats=True)
        (2): ReLU()
      )
      (2): SparseSequential(
        (0): SubMConv3d(64, 64, kernel_size=[3, 3, 3], stride=[1, 1, 1], padding=[0, 0, 0], dilation=[1, 1, 1], output_padding=[0, 0, 0], bias=False, algo=ConvAlgo.MaskImplicitGemm)
        (1): BatchNorm1d(64, eps=0.001, momentum=0.01, affine=True, track_running_stats=True)
        (2): ReLU()
      )
    )
    (conv_out): SparseSequential(
      (0): SparseConv3d(64, 128, kernel_size=[3, 1, 1], stride=[2, 1, 1], padding=[0, 0, 0], dilation=[1, 1, 1], output_padding=[0, 0, 0], bias=False, algo=ConvAlgo.MaskImplicitGemm)
      (1): BatchNorm1d(128, eps=0.001, momentum=0.01, affine=True, track_running_stats=True)
      (2): ReLU()
    )
  )
  (map_to_bev_module): HeightCompression()
  (pfe): None
  (backbone_2d): BaseBEVBackbone(
    (blocks): ModuleList(
      (0): Sequential(
        (0): ZeroPad2d((1, 1, 1, 1))
        (1): Conv2d(256, 128, kernel_size=(3, 3), stride=(1, 1), bias=False)
        (2): BatchNorm2d(128, eps=0.001, momentum=0.01, affine=True, track_running_stats=True)
        (3): ReLU()
        (4): Conv2d(128, 128, kernel_size=(3, 3), stride=(1, 1), padding=(1, 1), bias=False)
        (5): BatchNorm2d(128, eps=0.001, momentum=0.01, affine=True, track_running_stats=True)
        (6): ReLU()
        (7): Conv2d(128, 128, kernel_size=(3, 3), stride=(1, 1), padding=(1, 1), bias=False)
        (8): BatchNorm2d(128, eps=0.001, momentum=0.01, affine=True, track_running_stats=True)
        (9): ReLU()
        (10): Conv2d(128, 128, kernel_size=(3, 3), stride=(1, 1), padding=(1, 1), bias=False)
        (11): BatchNorm2d(128, eps=0.001, momentum=0.01, affine=True, track_running_stats=True)
        (12): ReLU()
        (13): Conv2d(128, 128, kernel_size=(3, 3), stride=(1, 1), padding=(1, 1), bias=False)
        (14): BatchNorm2d(128, eps=0.001, momentum=0.01, affine=True, track_running_stats=True)
        (15): ReLU()
        (16): Conv2d(128, 128, kernel_size=(3, 3), stride=(1, 1), padding=(1, 1), bias=False)
        (17): BatchNorm2d(128, eps=0.001, momentum=0.01, affine=True, track_running_stats=True)
        (18): ReLU()
      )
      (1): Sequential(
        (0): ZeroPad2d((1, 1, 1, 1))
        (1): Conv2d(128, 256, kernel_size=(3, 3), stride=(2, 2), bias=False)
        (2): BatchNorm2d(256, eps=0.001, momentum=0.01, affine=True, track_running_stats=True)
        (3): ReLU()
        (4): Conv2d(256, 256, kernel_size=(3, 3), stride=(1, 1), padding=(1, 1), bias=False)
        (5): BatchNorm2d(256, eps=0.001, momentum=0.01, affine=True, track_running_stats=True)
        (6): ReLU()
        (7): Conv2d(256, 256, kernel_size=(3, 3), stride=(1, 1), padding=(1, 1), bias=False)
        (8): BatchNorm2d(256, eps=0.001, momentum=0.01, affine=True, track_running_stats=True)
        (9): ReLU()
        (10): Conv2d(256, 256, kernel_size=(3, 3), stride=(1, 1), padding=(1, 1), bias=False)
        (11): BatchNorm2d(256, eps=0.001, momentum=0.01, affine=True, track_running_stats=True)
        (12): ReLU()
        (13): Conv2d(256, 256, kernel_size=(3, 3), stride=(1, 1), padding=(1, 1), bias=False)
        (14): BatchNorm2d(256, eps=0.001, momentum=0.01, affine=True, track_running_stats=True)
        (15): ReLU()
        (16): Conv2d(256, 256, kernel_size=(3, 3), stride=(1, 1), padding=(1, 1), bias=False)
        (17): BatchNorm2d(256, eps=0.001, momentum=0.01, affine=True, track_running_stats=True)
        (18): ReLU()
      )
    )
    (deblocks): ModuleList(
      (0): Sequential(
        (0): ConvTranspose2d(128, 256, kernel_size=(1, 1), stride=(1, 1), bias=False)
        (1): BatchNorm2d(256, eps=0.001, momentum=0.01, affine=True, track_running_stats=True)
        (2): ReLU()
      )
      (1): Sequential(
        (0): ConvTranspose2d(256, 256, kernel_size=(2, 2), stride=(2, 2), bias=False)
        (1): BatchNorm2d(256, eps=0.001, momentum=0.01, affine=True, track_running_stats=True)
        (2): ReLU()
      )
    )
  )
  (dense_head): AnchorHeadSingle(
    (cls_loss_func): SigmoidFocalClassificationLoss()
    (reg_loss_func): WeightedSmoothL1Loss()
    (dir_loss_func): WeightedCrossEntropyLoss()
    (conv_cls): Conv2d(512, 50, kernel_size=(1, 1), stride=(1, 1))
    (conv_box): Conv2d(512, 70, kernel_size=(1, 1), stride=(1, 1))
    (conv_dir_cls): Conv2d(512, 20, kernel_size=(1, 1), stride=(1, 1))
  )
  (point_head): None
  (roi_head): None
)
2026-09-29 13:24:57,821   INFO  **********************Start training once_models/second(ep40)**********************
2026-09-29 13:25:14,094   INFO  Train:    1/40 (  2%) [   0/1241 (  0%)]  Loss: 9.818 (9.82)  LR: 3.000e-04  Time cost: 00:16/5:32:47 [00:16/221:51:24]  Acc_iter 1           Data time: 2.72(2.72)  Forward time: 13.37(13.37)  Batch time: 16.09(16.09)
2026-09-29 13:25:24,303   INFO  Train:    1/40 (  2%) [  49/1241 (  4%)]  Loss: 1.805 (2.44)  LR: 3.000e-04  Time cost: 00:26/10:26 [00:26/7:14:42]  Acc_iter 50          Data time: 0.00(0.06)  Forward time: 0.19(0.47)  Batch time: 0.19(0.53)
2026-09-29 13:25:34,276   INFO  Train:    1/40 (  2%) [  99/1241 (  8%)]  Loss: 1.427 (2.19)  LR: 3.002e-04  Time cost: 00:36/06:54 [00:36/4:59:29]  Acc_iter 100         Data time: 0.00(0.03)  Forward time: 0.20(0.33)  Batch time: 0.20(0.36)
2026-09-29 13:25:43,860   INFO  Train:    1/40 (  2%) [ 149/1241 ( 12%)]  Loss: 1.593 (2.03)  LR: 3.004e-04  Time cost: 00:45/05:33 [00:46/4:12:09]  Acc_iter 150         Data time: 0.00(0.02)  Forward time: 0.21(0.29)  Batch time: 0.21(0.31)
2026-09-29 13:25:43,923   INFO  
2026-09-29 13:25:53,693   INFO  Train:    1/40 (  2%) [ 199/1241 ( 16%)]  Loss: 1.350 (1.92)  LR: 3.007e-04  Time cost: 00:55/04:50 [00:55/3:49:26]  Acc_iter 200         Data time: 0.00(0.02)  Forward time: 0.19(0.26)  Batch time: 0.19(0.28)
2026-09-29 13:26:03,429   INFO  Train:    1/40 (  2%) [ 249/1241 ( 20%)]  Loss: 1.221 (1.83)  LR: 3.010e-04  Time cost: 01:05/04:19 [01:05/3:35:25]  Acc_iter 250         Data time: 0.00(0.01)  Forward time: 0.20(0.25)  Batch time: 0.21(0.26)
2026-09-29 13:26:13,146   INFO  Train:    1/40 (  2%) [ 299/1241 ( 24%)]  Loss: 1.286 (1.75)  LR: 3.015e-04  Time cost: 01:15/03:55 [01:15/3:25:58]  Acc_iter 300         Data time: 0.00(0.01)  Forward time: 0.19(0.24)  Batch time: 0.19(0.25)
2026-09-29 13:26:13,216   INFO  
2026-09-29 13:26:23,004   INFO  Train:    1/40 (  2%) [ 349/1241 ( 28%)]  Loss: 1.137 (1.69)  LR: 3.021e-04  Time cost: 01:24/03:36 [01:25/3:19:30]  Acc_iter 350         Data time: 0.00(0.01)  Forward time: 0.20(0.23)  Batch time: 0.20(0.24)
2026-09-29 13:26:32,722   INFO  Train:    1/40 (  2%) [ 399/1241 ( 32%)]  Loss: 1.157 (1.64)  LR: 3.027e-04  Time cost: 01:34/03:19 [01:34/3:14:19]  Acc_iter 400         Data time: 0.00(0.01)  Forward time: 0.18(0.23)  Batch time: 0.19(0.24)
2026-09-29 13:26:42,554   INFO  Train:    1/40 (  2%) [ 449/1241 ( 36%)]  Loss: 1.100 (1.59)  LR: 3.034e-04  Time cost: 01:44/03:04 [01:44/3:10:28]  Acc_iter 450         Data time: 0.00(0.01)  Forward time: 0.20(0.22)  Batch time: 0.21(0.23)
2026-09-29 13:26:42,615   INFO  
2026-09-29 13:26:52,404   INFO  Train:    1/40 (  2%) [ 499/1241 ( 40%)]  Loss: 1.053 (1.56)  LR: 3.042e-04  Time cost: 01:54/02:49 [01:54/3:07:23]  Acc_iter 500         Data time: 0.00(0.01)  Forward time: 0.21(0.22)  Batch time: 0.21(0.23)
2026-09-29 13:27:02,543   INFO  Train:    1/40 (  2%) [ 549/1241 ( 44%)]  Loss: 1.012 (1.52)  LR: 3.051e-04  Time cost: 02:04/02:36 [02:04/3:05:15]  Acc_iter 550         Data time: 0.00(0.01)  Forward time: 0.20(0.22)  Batch time: 0.20(0.23)
2026-09-29 13:27:12,288   INFO  Train:    1/40 (  2%) [ 599/1241 ( 48%)]  Loss: 1.105 (1.50)  LR: 3.061e-04  Time cost: 02:14/02:23 [02:14/3:02:55]  Acc_iter 600         Data time: 0.00(0.01)  Forward time: 0.20(0.22)  Batch time: 0.20(0.22)
2026-09-29 13:27:12,427   INFO  
2026-09-29 13:27:22,343   INFO  Train:    1/40 (  2%) [ 649/1241 ( 52%)]  Loss: 1.147 (1.47)  LR: 3.071e-04  Time cost: 02:24/02:11 [02:24/3:01:18]  Acc_iter 650         Data time: 0.00(0.01)  Forward time: 0.19(0.22)  Batch time: 0.19(0.22)
2026-09-29 13:27:32,168   INFO  Train:    1/40 (  2%) [ 699/1241 ( 56%)]  Loss: 0.9472 (1.44)  LR: 3.082e-04  Time cost: 02:34/01:59 [02:34/2:59:38]  Acc_iter 700         Data time: 0.00(0.01)  Forward time: 0.22(0.21)  Batch time: 0.22(0.22)
2026-09-29 13:27:41,857   INFO  Train:    1/40 (  2%) [ 749/1241 ( 60%)]  Loss: 1.036 (1.41)  LR: 3.095e-04  Time cost: 02:43/01:47 [02:44/2:58:01]  Acc_iter 750         Data time: 0.00(0.01)  Forward time: 0.18(0.21)  Batch time: 0.19(0.22)
2026-09-29 13:27:41,926   INFO  
2026-09-29 13:27:51,966   INFO  Train:    1/40 (  2%) [ 799/1241 ( 64%)]  Loss: 2.052 (1.39)  LR: 3.108e-04  Time cost: 02:53/01:36 [02:54/2:57:00]  Acc_iter 800         Data time: 0.00(0.01)  Forward time: 0.22(0.21)  Batch time: 0.22(0.22)
2026-09-29 13:28:01,949   INFO  Train:    1/40 (  2%) [ 849/1241 ( 68%)]  Loss: 0.9414 (1.37)  LR: 3.122e-04  Time cost: 03:03/01:24 [03:04/2:55:58]  Acc_iter 850         Data time: 0.00(0.01)  Forward time: 0.19(0.21)  Batch time: 0.19(0.22)
2026-09-29 13:28:12,051   INFO  Train:    1/40 (  2%) [ 899/1241 ( 72%)]  Loss: 0.8363 (1.35)  LR: 3.136e-04  Time cost: 03:14/01:13 [03:14/2:55:08]  Acc_iter 900         Data time: 0.00(0.01)  Forward time: 0.18(0.21)  Batch time: 0.18(0.22)
2026-09-29 13:28:12,147   INFO  
2026-09-29 13:28:22,150   INFO  Train:    1/40 (  2%) [ 949/1241 ( 76%)]  Loss: 0.9462 (1.34)  LR: 3.152e-04  Time cost: 03:24/01:02 [03:24/2:54:23]  Acc_iter 950         Data time: 0.00(0.01)  Forward time: 0.18(0.21)  Batch time: 0.18(0.21)
2026-09-29 13:28:32,168   INFO  Train:    1/40 (  2%) [ 999/1241 ( 80%)]  Loss: 1.101 (1.32)  LR: 3.168e-04  Time cost: 03:34/00:51 [03:34/2:53:37]  Acc_iter 1000        Data time: 0.00(0.01)  Forward time: 0.18(0.21)  Batch time: 0.19(0.21)
2026-09-29 13:28:42,343   INFO  Train:    1/40 (  2%) [1049/1241 ( 85%)]  Loss: 1.171 (1.31)  LR: 3.186e-04  Time cost: 03:44/00:41 [03:44/2:53:01]  Acc_iter 1050        Data time: 0.00(0.01)  Forward time: 0.19(0.21)  Batch time: 0.19(0.21)
2026-09-29 13:28:42,410   INFO  
2026-09-29 13:28:52,447   INFO  Train:    1/40 (  2%) [1099/1241 ( 89%)]  Loss: 0.9563 (1.29)  LR: 3.204e-04  Time cost: 03:54/00:30 [03:54/2:52:25]  Acc_iter 1100        Data time: 0.00(0.01)  Forward time: 0.18(0.21)  Batch time: 0.18(0.21)
2026-09-29 13:29:02,333   INFO  Train:    1/40 (  2%) [1149/1241 ( 93%)]  Loss: 1.052 (1.28)  LR: 3.222e-04  Time cost: 04:04/00:19 [04:04/2:51:42]  Acc_iter 1150        Data time: 0.00(0.00)  Forward time: 0.19(0.21)  Batch time: 0.19(0.21)
2026-09-29 13:29:11,986   INFO  Train:    1/40 (  2%) [1199/1241 ( 97%)]  Loss: 1.077 (1.26)  LR: 3.242e-04  Time cost: 04:13/00:08 [04:14/2:50:52]  Acc_iter 1200        Data time: 0.00(0.00)  Forward time: 0.20(0.21)  Batch time: 0.20(0.21)
2026-09-29 13:29:12,066   INFO  
2026-09-29 13:29:20,063   INFO  Train:    1/40 (  2%) [1240/1241 (100%)]  Loss: 1.156 (1.26)  LR: 3.259e-04  Time cost: 04:22/00:00 [04:22/2:50:20]  Acc_iter 1241        Data time: 0.00(0.00)  Forward time: 0.15(0.21)  Batch time: 0.15(0.21)
2026-09-29 13:29:21,802   INFO  Train:    2/40 (  5%) [   0/1241 (  0%)]  Loss: 1.038 (1.04)  LR: 3.259e-04  Time cost: 00:01/28:24 [04:23/18:27:39]  Acc_iter 1242        Data time: 1.07(1.07)  Forward time: 0.30(0.30)  Batch time: 1.37(1.37)
2026-09-29 13:29:23,480   INFO  Train:    2/40 (  5%) [   8/1241 (  1%)]  Loss: 0.9092 (0.913)  LR: 3.263e-04  Time cost: 00:03/06:58 [04:25/4:33:30]  Acc_iter 1250        Data time: 0.00(0.12)  Forward time: 0.21(0.22)  Batch time: 0.21(0.34)
2026-09-29 13:29:33,331   INFO  Train:    2/40 (  5%) [  58/1241 (  5%)]  Loss: 1.665 (0.966)  LR: 3.284e-04  Time cost: 00:12/04:18 [04:35/2:56:11]  Acc_iter 1300        Data time: 0.00(0.02)  Forward time: 0.20(0.20)  Batch time: 0.20(0.22)
2026-09-29 13:29:43,301   INFO  Train:    2/40 (  5%) [ 108/1241 (  9%)]  Loss: 1.027 (0.964)  LR: 3.306e-04  Time cost: 00:22/03:57 [04:45/2:48:53]  Acc_iter 1350        Data time: 0.00(0.01)  Forward time: 0.22(0.20)  Batch time: 0.22(0.21)
2026-09-29 13:29:43,372   INFO  
2026-09-29 13:29:53,638   INFO  Train:    2/40 (  5%) [ 158/1241 ( 13%)]  Loss: 0.8548 (0.943)  LR: 3.329e-04  Time cost: 00:33/03:46 [04:55/2:47:55]  Acc_iter 1400        Data time: 0.00(0.01)  Forward time: 0.19(0.20)  Batch time: 0.20(0.21)
2026-09-29 13:30:03,115   INFO  Train:    2/40 (  5%) [ 208/1241 ( 17%)]  Loss: 0.8139 (0.938)  LR: 3.353e-04  Time cost: 00:42/03:30 [05:05/2:44:02]  Acc_iter 1450        Data time: 0.00(0.01)  Forward time: 0.18(0.20)  Batch time: 0.18(0.20)
2026-09-29 13:30:13,210   INFO  Train:    2/40 (  5%) [ 258/1241 ( 21%)]  Loss: 0.8918 (0.937)  LR: 3.378e-04  Time cost: 00:52/03:20 [05:15/2:43:30]  Acc_iter 1500        Data time: 0.00(0.01)  Forward time: 0.18(0.20)  Batch time: 0.19(0.20)
2026-09-29 13:30:13,297   INFO  
2026-09-29 13:30:22,899   INFO  Train:    2/40 (  5%) [ 308/1241 ( 25%)]  Loss: 0.8482 (0.940)  LR: 3.403e-04  Time cost: 01:02/03:08 [05:25/2:42:02]  Acc_iter 1550        Data time: 0.00(0.01)  Forward time: 0.20(0.20)  Batch time: 0.20(0.20)
2026-09-29 13:30:32,610   INFO  Train:    2/40 (  5%) [ 358/1241 ( 29%)]  Loss: 0.7693 (0.940)  LR: 3.430e-04  Time cost: 01:12/02:57 [05:34/2:40:59]  Acc_iter 1600        Data time: 0.00(0.01)  Forward time: 0.20(0.20)  Batch time: 0.20(0.20)
2026-09-29 13:30:42,618   INFO  Train:    2/40 (  5%) [ 408/1241 ( 33%)]  Loss: 0.6384 (0.941)  LR: 3.457e-04  Time cost: 01:22/02:47 [05:44/2:40:43]  Acc_iter 1650        Data time: 0.00(0.00)  Forward time: 0.18(0.20)  Batch time: 0.19(0.20)
2026-09-29 13:30:42,683   INFO  
2026-09-29 13:30:52,659   INFO  Train:    2/40 (  5%) [ 458/1241 ( 37%)]  Loss: 0.7898 (0.934)  LR: 3.485e-04  Time cost: 01:32/02:37 [05:54/2:40:33]  Acc_iter 1700        Data time: 0.00(0.00)  Forward time: 0.19(0.20)  Batch time: 0.19(0.20)
2026-09-29 13:31:02,432   INFO  Train:    2/40 (  5%) [ 508/1241 ( 41%)]  Loss: 0.9484 (0.929)  LR: 3.514e-04  Time cost: 01:42/02:26 [06:04/2:39:57]  Acc_iter 1750        Data time: 0.00(0.00)  Forward time: 0.18(0.20)  Batch time: 0.18(0.20)
2026-09-29 13:31:11,857   INFO  Train:    2/40 (  5%) [ 558/1241 ( 45%)]  Loss: 0.8901 (0.922)  LR: 3.543e-04  Time cost: 01:51/02:16 [06:14/2:38:56]  Acc_iter 1800        Data time: 0.00(0.00)  Forward time: 0.19(0.20)  Batch time: 0.19(0.20)
2026-09-29 13:31:11,930   INFO  
2026-09-29 13:31:21,621   INFO  Train:    2/40 (  5%) [ 608/1241 ( 49%)]  Loss: 1.009 (0.921)  LR: 3.574e-04  Time cost: 02:01/02:05 [06:23/2:38:30]  Acc_iter 1850        Data time: 0.00(0.00)  Forward time: 0.19(0.19)  Batch time: 0.20(0.20)
2026-09-29 13:31:31,249   INFO  Train:    2/40 (  5%) [ 658/1241 ( 53%)]  Loss: 0.9366 (0.918)  LR: 3.605e-04  Time cost: 02:10/01:55 [06:33/2:37:57]  Acc_iter 1900        Data time: 0.00(0.00)  Forward time: 0.19(0.19)  Batch time: 0.19(0.20)
2026-09-29 13:31:40,980   INFO  Train:    2/40 (  5%) [ 708/1241 ( 57%)]  Loss: 1.012 (0.912)  LR: 3.637e-04  Time cost: 02:20/01:45 [06:43/2:37:34]  Acc_iter 1950        Data time: 0.00(0.00)  Forward time: 0.19(0.19)  Batch time: 0.19(0.20)
2026-09-29 13:31:41,078   INFO  
2026-09-29 13:31:50,781   INFO  Train:    2/40 (  5%) [ 758/1241 ( 61%)]  Loss: 0.6679 (0.911)  LR: 3.670e-04  Time cost: 02:30/01:35 [06:52/2:37:17]  Acc_iter 2000        Data time: 0.00(0.00)  Forward time: 0.19(0.19)  Batch time: 0.20(0.20)
2026-09-29 13:32:00,640   INFO  Train:    2/40 (  5%) [ 808/1241 ( 65%)]  Loss: 0.7231 (0.907)  LR: 3.703e-04  Time cost: 02:40/01:25 [07:02/2:37:04]  Acc_iter 2050        Data time: 0.00(0.00)  Forward time: 0.18(0.19)  Batch time: 0.18(0.20)
2026-09-29 13:32:10,218   INFO  Train:    2/40 (  5%) [ 858/1241 ( 69%)]  Loss: 0.8704 (0.902)  LR: 3.738e-04  Time cost: 02:49/01:15 [07:12/2:36:36]  Acc_iter 2100        Data time: 0.00(0.00)  Forward time: 0.19(0.19)  Batch time: 0.19(0.20)
2026-09-29 13:32:10,291   INFO  
2026-09-29 13:32:19,932   INFO  Train:    2/40 (  5%) [ 908/1241 ( 73%)]  Loss: 0.7158 (0.897)  LR: 3.773e-04  Time cost: 02:59/01:05 [07:22/2:36:18]  Acc_iter 2150        Data time: 0.00(0.00)  Forward time: 0.19(0.19)  Batch time: 0.19(0.20)
2026-09-29 13:32:29,643   INFO  Train:    2/40 (  5%) [ 958/1241 ( 77%)]  Loss: 0.9667 (0.896)  LR: 3.809e-04  Time cost: 03:09/00:55 [07:31/2:36:00]  Acc_iter 2200        Data time: 0.00(0.00)  Forward time: 0.18(0.19)  Batch time: 0.18(0.20)
2026-09-29 13:32:39,282   INFO  Train:    2/40 (  5%) [1008/1241 ( 81%)]  Loss: 0.7376 (0.893)  LR: 3.846e-04  Time cost: 03:18/00:45 [07:41/2:35:39]  Acc_iter 2250        Data time: 0.00(0.00)  Forward time: 0.18(0.19)  Batch time: 0.19(0.20)
2026-09-29 13:32:39,358   INFO  
2026-09-29 13:32:49,205   INFO  Train:    2/40 (  5%) [1058/1241 ( 85%)]  Loss: 0.8072 (0.892)  LR: 3.883e-04  Time cost: 03:28/00:36 [07:51/2:35:33]  Acc_iter 2300        Data time: 0.00(0.00)  Forward time: 0.20(0.19)  Batch time: 0.20(0.20)
2026-09-29 13:32:58,686   INFO  Train:    2/40 (  5%) [1108/1241 ( 89%)]  Loss: 0.7818 (0.890)  LR: 3.922e-04  Time cost: 03:38/00:26 [08:00/2:35:07]  Acc_iter 2350        Data time: 0.00(0.00)  Forward time: 0.19(0.19)  Batch time: 0.19(0.20)
2026-09-29 13:33:08,451   INFO  Train:    2/40 (  5%) [1158/1241 ( 93%)]  Loss: 0.8452 (0.887)  LR: 3.961e-04  Time cost: 03:48/00:16 [08:10/2:34:54]  Acc_iter 2400        Data time: 0.00(0.00)  Forward time: 0.20(0.19)  Batch time: 0.20(0.20)
2026-09-29 13:33:08,525   INFO  
2026-09-29 13:33:18,268   INFO  Train:    2/40 (  5%) [1208/1241 ( 97%)]  Loss: 1.000 (0.884)  LR: 4.001e-04  Time cost: 03:57/00:06 [08:20/2:34:43]  Acc_iter 2450        Data time: 0.00(0.00)  Forward time: 0.18(0.19)  Batch time: 0.18(0.20)
2026-09-29 13:33:24,229   INFO  Train:    2/40 (  5%) [1240/1241 (100%)]  Loss: 0.6788 (0.882)  LR: 4.027e-04  Time cost: 04:03/00:00 [08:26/2:34:24]  Acc_iter 2482        Data time: 0.00(0.00)  Forward time: 0.06(0.19)  Batch time: 0.06(0.20)
2026-09-29 13:33:25,893   INFO  Train:    3/40 (  8%) [   0/1241 (  0%)]  Loss: 0.8103 (0.810)  LR: 4.028e-04  Time cost: 00:01/28:39 [08:28/18:08:48]  Acc_iter 2483        Data time: 1.02(1.02)  Forward time: 0.37(0.37)  Batch time: 1.38(1.38)
2026-09-29 13:33:29,269   INFO  Train:    3/40 (  8%) [  17/1241 (  1%)]  Loss: 0.7869 (0.833)  LR: 4.042e-04  Time cost: 00:04/05:23 [08:31/3:27:49]  Acc_iter 2500        Data time: 0.00(0.06)  Forward time: 0.20(0.21)  Batch time: 0.20(0.26)
2026-09-29 13:33:39,047   INFO  Train:    3/40 (  8%) [  67/1241 (  5%)]  Loss: 0.8971 (0.812)  LR: 4.083e-04  Time cost: 00:14/04:11 [08:41/2:47:48]  Acc_iter 2550        Data time: 0.00(0.02)  Forward time: 0.19(0.20)  Batch time: 0.20(0.21)
2026-09-29 13:33:39,116   INFO  
2026-09-29 13:33:48,785   INFO  Train:    3/40 (  8%) [ 117/1241 (  9%)]  Loss: 0.9469 (0.814)  LR: 4.125e-04  Time cost: 00:24/03:51 [08:50/2:41:18]  Acc_iter 2600        Data time: 0.00(0.01)  Forward time: 0.20(0.19)  Batch time: 0.20(0.21)
2026-09-29 13:33:58,587   INFO  Train:    3/40 (  8%) [ 167/1241 ( 13%)]  Loss: 0.7101 (0.818)  LR: 4.168e-04  Time cost: 00:34/03:37 [09:00/2:38:52]  Acc_iter 2650        Data time: 0.00(0.01)  Forward time: 0.18(0.19)  Batch time: 0.18(0.20)
2026-09-29 13:34:08,096   INFO  Train:    3/40 (  8%) [ 217/1241 ( 17%)]  Loss: 0.6920 (0.817)  LR: 4.212e-04  Time cost: 00:43/03:24 [09:10/2:36:25]  Acc_iter 2700        Data time: 0.00(0.01)  Forward time: 0.20(0.19)  Batch time: 0.20(0.20)
2026-09-29 13:34:08,167   INFO  
2026-09-29 13:34:17,728   INFO  Train:    3/40 (  8%) [ 267/1241 ( 22%)]  Loss: 0.8049 (0.815)  LR: 4.257e-04  Time cost: 00:53/03:13 [09:19/2:35:11]  Acc_iter 2750        Data time: 0.00(0.01)  Forward time: 0.20(0.19)  Batch time: 0.20(0.20)
2026-09-29 13:34:27,234   INFO  Train:    3/40 (  8%) [ 317/1241 ( 26%)]  Loss: 0.7020 (0.814)  LR: 4.302e-04  Time cost: 01:02/03:02 [09:29/2:33:59]  Acc_iter 2800        Data time: 0.00(0.01)  Forward time: 0.18(0.19)  Batch time: 0.19(0.20)
2026-09-29 13:34:36,909   INFO  Train:    3/40 (  8%) [ 367/1241 ( 30%)]  Loss: 0.9265 (0.811)  LR: 4.348e-04  Time cost: 01:12/02:51 [09:39/2:33:25]  Acc_iter 2850        Data time: 0.00(0.00)  Forward time: 0.19(0.19)  Batch time: 0.19(0.20)
2026-09-29 13:34:36,990   INFO  
2026-09-29 13:34:46,631   INFO  Train:    3/40 (  8%) [ 417/1241 ( 34%)]  Loss: 0.9107 (0.817)  LR: 4.395e-04  Time cost: 01:22/02:41 [09:48/2:33:02]  Acc_iter 2900        Data time: 0.00(0.00)  Forward time: 0.20(0.19)  Batch time: 0.20(0.20)
2026-09-29 13:34:56,300   INFO  Train:    3/40 (  8%) [ 467/1241 ( 38%)]  Loss: 0.6975 (0.814)  LR: 4.443e-04  Time cost: 01:31/02:31 [09:58/2:32:37]  Acc_iter 2950        Data time: 0.00(0.00)  Forward time: 0.19(0.19)  Batch time: 0.19(0.20)
2026-09-29 13:35:05,863   INFO  Train:    3/40 (  8%) [ 517/1241 ( 42%)]  Loss: 0.7389 (0.808)  LR: 4.491e-04  Time cost: 01:41/02:21 [10:08/2:32:06]  Acc_iter 3000        Data time: 0.00(0.00)  Forward time: 0.18(0.19)  Batch time: 0.18(0.20)
2026-09-29 13:35:05,938   INFO  
2026-09-29 13:35:15,500   INFO  Train:    3/40 (  8%) [ 567/1241 ( 46%)]  Loss: 0.7077 (0.804)  LR: 4.541e-04  Time cost: 01:50/02:11 [10:17/2:31:44]  Acc_iter 3050        Data time: 0.00(0.00)  Forward time: 0.19(0.19)  Batch time: 0.19(0.20)
2026-09-29 13:35:25,162   INFO  Train:    3/40 (  8%) [ 617/1241 ( 50%)]  Loss: 0.7318 (0.803)  LR: 4.591e-04  Time cost: 02:00/02:01 [10:27/2:31:26]  Acc_iter 3100        Data time: 0.00(0.00)  Forward time: 0.18(0.19)  Batch time: 0.18(0.20)
2026-09-29 13:35:34,963   INFO  Train:    3/40 (  8%) [ 667/1241 ( 54%)]  Loss: 0.8333 (0.803)  LR: 4.641e-04  Time cost: 02:10/01:52 [10:37/2:31:19]  Acc_iter 3150        Data time: 0.00(0.00)  Forward time: 0.18(0.19)  Batch time: 0.19(0.20)
2026-09-29 13:35:35,041   INFO  
2026-09-29 13:35:44,799   INFO  Train:    3/40 (  8%) [ 717/1241 ( 58%)]  Loss: 0.6790 (0.801)  LR: 4.693e-04  Time cost: 02:20/01:42 [10:46/2:31:14]  Acc_iter 3200        Data time: 0.00(0.00)  Forward time: 0.19(0.19)  Batch time: 0.19(0.20)
2026-09-29 13:35:54,850   INFO  Train:    3/40 (  8%) [ 767/1241 ( 62%)]  Loss: 0.6980 (0.800)  LR: 4.745e-04  Time cost: 02:30/01:32 [10:57/2:31:21]  Acc_iter 3250        Data time: 0.00(0.00)  Forward time: 0.19(0.19)  Batch time: 0.19(0.20)
2026-09-29 13:36:04,657   INFO  Train:    3/40 (  8%) [ 817/1241 ( 66%)]  Loss: 0.7589 (0.801)  LR: 4.798e-04  Time cost: 02:40/01:23 [11:06/2:31:12]  Acc_iter 3300        Data time: 0.00(0.00)  Forward time: 0.21(0.19)  Batch time: 0.21(0.20)
2026-09-29 13:36:04,750   INFO  
2026-09-29 13:36:14,585   INFO  Train:    3/40 (  8%) [ 867/1241 ( 70%)]  Loss: 0.7067 (0.798)  LR: 4.851e-04  Time cost: 02:50/01:13 [11:16/2:31:10]  Acc_iter 3350        Data time: 0.00(0.00)  Forward time: 0.17(0.19)  Batch time: 0.17(0.20)
2026-09-29 13:36:24,134   INFO  Train:    3/40 (  8%) [ 917/1241 ( 74%)]  Loss: 0.8270 (0.796)  LR: 4.906e-04  Time cost: 02:59/01:03 [11:26/2:30:48]  Acc_iter 3400        Data time: 0.00(0.00)  Forward time: 0.19(0.19)  Batch time: 0.19(0.20)
2026-09-29 13:36:34,007   INFO  Train:    3/40 (  8%) [ 967/1241 ( 78%)]  Loss: 0.7673 (0.796)  LR: 4.961e-04  Time cost: 03:09/00:53 [11:36/2:30:42]  Acc_iter 3450        Data time: 0.00(0.00)  Forward time: 0.20(0.19)  Batch time: 0.20(0.20)
2026-09-29 13:36:34,085   INFO  
2026-09-29 13:36:43,592   INFO  Train:    3/40 (  8%) [1017/1241 ( 82%)]  Loss: 0.8007 (0.796)  LR: 5.016e-04  Time cost: 03:19/00:43 [11:45/2:30:23]  Acc_iter 3500        Data time: 0.00(0.00)  Forward time: 0.20(0.19)  Batch time: 0.20(0.20)
2026-09-29 13:36:53,322   INFO  Train:    3/40 (  8%) [1067/1241 ( 86%)]  Loss: 0.8426 (0.793)  LR: 5.073e-04  Time cost: 03:28/00:34 [11:55/2:30:11]  Acc_iter 3550        Data time: 0.00(0.00)  Forward time: 0.20(0.19)  Batch time: 0.20(0.20)
2026-09-29 13:37:03,029   INFO  Train:    3/40 (  8%) [1117/1241 ( 90%)]  Loss: 0.7868 (0.791)  LR: 5.130e-04  Time cost: 03:38/00:24 [12:05/2:29:59]  Acc_iter 3600        Data time: 0.00(0.00)  Forward time: 0.21(0.19)  Batch time: 0.21(0.20)
2026-09-29 13:37:03,094   INFO  
2026-09-29 13:37:12,675   INFO  Train:    3/40 (  8%) [1167/1241 ( 94%)]  Loss: 0.7459 (0.790)  LR: 5.188e-04  Time cost: 03:48/00:14 [12:14/2:29:44]  Acc_iter 3650        Data time: 0.00(0.00)  Forward time: 0.18(0.19)  Batch time: 0.18(0.20)
2026-09-29 13:37:22,320   INFO  Train:    3/40 (  8%) [1217/1241 ( 98%)]  Loss: 0.6877 (0.790)  LR: 5.247e-04  Time cost: 03:57/00:04 [12:24/2:29:29]  Acc_iter 3700        Data time: 0.00(0.00)  Forward time: 0.19(0.19)  Batch time: 0.19(0.20)
2026-09-29 13:37:26,502   INFO  Train:    3/40 (  8%) [1240/1241 (100%)]  Loss: 0.7520 (0.790)  LR: 5.274e-04  Time cost: 04:01/00:00 [12:28/2:29:13]  Acc_iter 3723        Data time: 0.00(0.00)  Forward time: 0.06(0.19)  Batch time: 0.06(0.19)
2026-09-29 13:37:27,751   INFO  Train:    4/40 ( 10%) [   0/1241 (  0%)]  Loss: 0.7500 (0.750)  LR: 5.275e-04  Time cost: 00:00/18:51 [12:29/11:37:52]  Acc_iter 3724        Data time: 0.60(0.60)  Forward time: 0.31(0.31)  Batch time: 0.91(0.91)
2026-09-29 13:37:32,775   INFO  Train:    4/40 ( 10%) [  26/1241 (  2%)]  Loss: 0.6417 (0.736)  LR: 5.306e-04  Time cost: 00:05/04:27 [12:34/2:48:08]  Acc_iter 3750        Data time: 0.00(0.02)  Forward time: 0.20(0.20)  Batch time: 0.21(0.22)
2026-09-29 13:37:32,839   INFO  
2026-09-29 13:37:42,495   INFO  Train:    4/40 ( 10%) [  76/1241 (  6%)]  Loss: 0.7463 (0.756)  LR: 5.366e-04  Time cost: 00:15/03:56 [12:44/2:35:20]  Acc_iter 3800        Data time: 0.00(0.01)  Forward time: 0.18(0.19)  Batch time: 0.18(0.20)
2026-09-29 13:37:52,293   INFO  Train:    4/40 ( 10%) [ 126/1241 ( 10%)]  Loss: 0.7121 (0.753)  LR: 5.427e-04  Time cost: 00:25/03:43 [12:54/2:32:57]  Acc_iter 3850        Data time: 0.00(0.01)  Forward time: 0.20(0.19)  Batch time: 0.20(0.20)
2026-09-29 13:38:01,829   INFO  Train:    4/40 ( 10%) [ 176/1241 ( 14%)]  Loss: 0.7443 (0.749)  LR: 5.488e-04  Time cost: 00:34/03:30 [13:04/2:30:42]  Acc_iter 3900        Data time: 0.00(0.01)  Forward time: 0.19(0.19)  Batch time: 0.19(0.20)
2026-09-29 13:38:01,886   INFO  
2026-09-29 13:38:11,518   INFO  Train:    4/40 ( 10%) [ 226/1241 ( 18%)]  Loss: 0.6274 (0.752)  LR: 5.550e-04  Time cost: 00:44/03:19 [13:13/2:29:53]  Acc_iter 3950        Data time: 0.00(0.00)  Forward time: 0.18(0.19)  Batch time: 0.18(0.20)
2026-09-29 13:38:21,235   INFO  Train:    4/40 ( 10%) [ 276/1241 ( 22%)]  Loss: 0.8032 (0.754)  LR: 5.613e-04  Time cost: 00:54/03:09 [13:23/2:29:22]  Acc_iter 4000        Data time: 0.00(0.00)  Forward time: 0.21(0.19)  Batch time: 0.21(0.20)
2026-09-29 13:38:30,901   INFO  Train:    4/40 ( 10%) [ 326/1241 ( 26%)]  Loss: 0.7422 (0.755)  LR: 5.677e-04  Time cost: 01:04/02:59 [13:33/2:28:51]  Acc_iter 4050        Data time: 0.00(0.00)  Forward time: 0.19(0.19)  Batch time: 0.19(0.20)
2026-09-29 13:38:31,006   INFO  
2026-09-29 13:38:40,860   INFO  Train:    4/40 ( 10%) [ 376/1241 ( 30%)]  Loss: 0.7044 (0.759)  LR: 5.741e-04  Time cost: 01:14/02:49 [13:43/2:29:01]  Acc_iter 4100        Data time: 0.00(0.00)  Forward time: 0.19(0.19)  Batch time: 0.19(0.20)
2026-09-29 13:38:50,545   INFO  Train:    4/40 ( 10%) [ 426/1241 ( 34%)]  Loss: 0.7917 (0.758)  LR: 5.806e-04  Time cost: 01:23/02:39 [13:52/2:28:37]  Acc_iter 4150        Data time: 0.00(0.00)  Forward time: 0.20(0.19)  Batch time: 0.20(0.20)
2026-09-29 13:39:00,374   INFO  Train:    4/40 ( 10%) [ 476/1241 ( 38%)]  Loss: 0.6488 (0.753)  LR: 5.871e-04  Time cost: 01:33/02:30 [14:02/2:28:30]  Acc_iter 4200        Data time: 0.00(0.00)  Forward time: 0.22(0.19)  Batch time: 0.22(0.20)
2026-09-29 13:39:00,461   INFO  
2026-09-29 13:39:10,132   INFO  Train:    4/40 ( 10%) [ 526/1241 ( 42%)]  Loss: 0.7364 (0.750)  LR: 5.937e-04  Time cost: 01:43/02:20 [14:12/2:28:16]  Acc_iter 4250        Data time: 0.00(0.00)  Forward time: 0.20(0.19)  Batch time: 0.20(0.20)
2026-09-29 13:39:19,988   INFO  Train:    4/40 ( 10%) [ 576/1241 ( 46%)]  Loss: 0.7637 (0.748)  LR: 6.004e-04  Time cost: 01:53/02:10 [14:22/2:28:11]  Acc_iter 4300        Data time: 0.00(0.00)  Forward time: 0.18(0.19)  Batch time: 0.18(0.20)
2026-09-29 13:39:29,630   INFO  Train:    4/40 ( 10%) [ 626/1241 ( 50%)]  Loss: 0.6644 (0.746)  LR: 6.072e-04  Time cost: 02:02/02:00 [14:31/2:27:49]  Acc_iter 4350        Data time: 0.00(0.00)  Forward time: 0.20(0.19)  Batch time: 0.20(0.20)
2026-09-29 13:39:29,725   INFO  
2026-09-29 13:39:39,619   INFO  Train:    4/40 ( 10%) [ 676/1241 ( 54%)]  Loss: 0.8464 (0.745)  LR: 6.140e-04  Time cost: 02:12/01:50 [14:41/2:27:53]  Acc_iter 4400        Data time: 0.00(0.00)  Forward time: 0.19(0.19)  Batch time: 0.19(0.20)
2026-09-29 13:39:49,308   INFO  Train:    4/40 ( 10%) [ 726/1241 ( 59%)]  Loss: 0.8495 (0.744)  LR: 6.209e-04  Time cost: 02:22/01:40 [14:51/2:27:36]  Acc_iter 4450        Data time: 0.00(0.00)  Forward time: 0.19(0.19)  Batch time: 0.19(0.20)
2026-09-29 13:39:59,189   INFO  Train:    4/40 ( 10%) [ 776/1241 ( 63%)]  Loss: 0.6235 (0.745)  LR: 6.278e-04  Time cost: 02:32/01:31 [15:01/2:27:31]  Acc_iter 4500        Data time: 0.00(0.00)  Forward time: 0.19(0.19)  Batch time: 0.19(0.20)
2026-09-29 13:39:59,384   INFO  
2026-09-29 13:40:09,114   INFO  Train:    4/40 ( 10%) [ 826/1241 ( 67%)]  Loss: 0.7642 (0.745)  LR: 6.348e-04  Time cost: 02:42/01:21 [15:11/2:27:27]  Acc_iter 4550        Data time: 0.00(0.00)  Forward time: 0.21(0.19)  Batch time: 0.21(0.20)
2026-09-29 13:40:19,295   INFO  Train:    4/40 ( 10%) [ 876/1241 ( 71%)]  Loss: 0.6952 (0.745)  LR: 6.419e-04  Time cost: 02:52/01:11 [15:21/2:27:37]  Acc_iter 4600        Data time: 0.00(0.00)  Forward time: 0.22(0.19)  Batch time: 0.22(0.20)
2026-09-29 13:40:29,117   INFO  Train:    4/40 ( 10%) [ 926/1241 ( 75%)]  Loss: 0.8141 (0.743)  LR: 6.490e-04  Time cost: 03:02/01:01 [15:31/2:27:26]  Acc_iter 4650        Data time: 0.00(0.00)  Forward time: 0.22(0.19)  Batch time: 0.22(0.20)
2026-09-29 13:40:29,235   INFO  
2026-09-29 13:40:38,875   INFO  Train:    4/40 ( 10%) [ 976/1241 ( 79%)]  Loss: 0.6678 (0.744)  LR: 6.562e-04  Time cost: 03:12/00:52 [15:41/2:27:13]  Acc_iter 4700        Data time: 0.00(0.00)  Forward time: 0.20(0.19)  Batch time: 0.20(0.20)
2026-09-29 13:40:48,756   INFO  Train:    4/40 ( 10%) [1026/1241 ( 83%)]  Loss: 1.011 (0.745)  LR: 6.635e-04  Time cost: 03:21/00:42 [15:50/2:27:05]  Acc_iter 4750        Data time: 0.00(0.00)  Forward time: 0.20(0.19)  Batch time: 0.20(0.20)
2026-09-29 13:40:58,524   INFO  Train:    4/40 ( 10%) [1076/1241 ( 87%)]  Loss: 0.7974 (0.746)  LR: 6.708e-04  Time cost: 03:31/00:32 [16:00/2:26:53]  Acc_iter 4800        Data time: 0.00(0.00)  Forward time: 0.20(0.19)  Batch time: 0.20(0.20)
2026-09-29 13:40:58,618   INFO  
2026-09-29 13:41:08,479   INFO  Train:    4/40 ( 10%) [1126/1241 ( 91%)]  Loss: 1.088 (0.744)  LR: 6.782e-04  Time cost: 03:41/00:22 [16:10/2:26:48]  Acc_iter 4850        Data time: 0.00(0.00)  Forward time: 0.20(0.19)  Batch time: 0.20(0.20)
2026-09-29 13:41:18,025   INFO  Train:    4/40 ( 10%) [1176/1241 ( 95%)]  Loss: 0.6098 (0.743)  LR: 6.856e-04  Time cost: 03:51/00:12 [16:20/2:26:28]  Acc_iter 4900        Data time: 0.00(0.00)  Forward time: 0.19(0.19)  Batch time: 0.20(0.20)
2026-09-29 13:41:27,995   INFO  Train:    4/40 ( 10%) [1226/1241 ( 99%)]  Loss: 0.7758 (0.742)  LR: 6.931e-04  Time cost: 04:01/00:02 [16:30/2:26:23]  Acc_iter 4950        Data time: 0.00(0.00)  Forward time: 0.18(0.19)  Batch time: 0.18(0.20)
2026-09-29 13:41:28,061   INFO  
2026-09-29 13:41:30,556   INFO  Train:    4/40 ( 10%) [1240/1241 (100%)]  Loss: 0.7898 (0.742)  LR: 6.953e-04  Time cost: 04:03/00:00 [16:32/2:26:14]  Acc_iter 4964        Data time: 0.00(0.00)  Forward time: 0.06(0.19)  Batch time: 0.06(0.20)
2026-09-29 13:41:32,226   INFO  Train:    5/40 ( 12%) [   0/1241 (  0%)]  Loss: 0.6985 (0.699)  LR: 6.954e-04  Time cost: 00:01/26:38 [16:34/15:59:18]  Acc_iter 4965        Data time: 0.95(0.95)  Forward time: 0.34(0.34)  Batch time: 1.29(1.29)
2026-09-29 13:41:39,039   INFO  Train:    5/40 ( 12%) [  35/1241 (  3%)]  Loss: 0.7626 (0.754)  LR: 7.007e-04  Time cost: 00:08/04:31 [16:41/2:47:25]  Acc_iter 5000        Data time: 0.00(0.03)  Forward time: 0.20(0.20)  Batch time: 0.21(0.23)
2026-09-29 13:41:48,923   INFO  Train:    5/40 ( 12%) [  85/1241 (  7%)]  Loss: 0.5742 (0.711)  LR: 7.083e-04  Time cost: 00:17/04:01 [16:51/2:35:25]  Acc_iter 5050        Data time: 0.00(0.01)  Forward time: 0.19(0.20)  Batch time: 0.20(0.21)
2026-09-29 13:41:58,424   INFO  Train:    5/40 ( 12%) [ 135/1241 ( 11%)]  Loss: 0.7377 (0.716)  LR: 7.160e-04  Time cost: 00:27/03:43 [17:00/2:30:01]  Acc_iter 5100        Data time: 0.00(0.01)  Forward time: 0.18(0.19)  Batch time: 0.18(0.20)
2026-09-29 13:41:58,484   INFO  
2026-09-29 13:42:08,173   INFO  Train:    5/40 ( 12%) [ 185/1241 ( 15%)]  Loss: 0.7130 (0.709)  LR: 7.238e-04  Time cost: 00:37/03:31 [17:10/2:28:26]  Acc_iter 5150        Data time: 0.00(0.01)  Forward time: 0.18(0.19)  Batch time: 0.19(0.20)
2026-09-29 13:42:17,702   INFO  Train:    5/40 ( 12%) [ 235/1241 ( 19%)]  Loss: 0.6117 (0.714)  LR: 7.316e-04  Time cost: 00:46/03:19 [17:19/2:26:46]  Acc_iter 5200        Data time: 0.00(0.01)  Forward time: 0.19(0.19)  Batch time: 0.19(0.20)
2026-09-29 13:42:27,164   INFO  Train:    5/40 ( 12%) [ 285/1241 ( 23%)]  Loss: 0.8371 (0.723)  LR: 7.394e-04  Time cost: 00:56/03:07 [17:29/2:25:27]  Acc_iter 5250        Data time: 0.00(0.01)  Forward time: 0.19(0.19)  Batch time: 0.19(0.20)
2026-09-29 13:42:27,248   INFO  
2026-09-29 13:42:36,944   INFO  Train:    5/40 ( 12%) [ 335/1241 ( 27%)]  Loss: 0.6063 (0.718)  LR: 7.473e-04  Time cost: 01:06/02:57 [17:39/2:25:10]  Acc_iter 5300        Data time: 0.00(0.01)  Forward time: 0.19(0.19)  Batch time: 0.20(0.20)
2026-09-29 13:42:46,674   INFO  Train:    5/40 ( 12%) [ 385/1241 ( 31%)]  Loss: 0.6910 (0.722)  LR: 7.553e-04  Time cost: 01:15/02:47 [17:48/2:24:50]  Acc_iter 5350        Data time: 0.00(0.00)  Forward time: 0.19(0.19)  Batch time: 0.19(0.20)
2026-09-29 13:42:56,392   INFO  Train:    5/40 ( 12%) [ 435/1241 ( 35%)]  Loss: 0.5994 (0.721)  LR: 7.633e-04  Time cost: 01:25/02:37 [17:58/2:24:31]  Acc_iter 5400        Data time: 0.00(0.00)  Forward time: 0.19(0.19)  Batch time: 0.19(0.20)
2026-09-29 13:42:56,483   INFO  
2026-09-29 13:43:06,268   INFO  Train:    5/40 ( 12%) [ 485/1241 ( 39%)]  Loss: 0.6158 (0.719)  LR: 7.714e-04  Time cost: 01:35/02:28 [18:08/2:24:28]  Acc_iter 5450        Data time: 0.00(0.00)  Forward time: 0.19(0.19)  Batch time: 0.19(0.20)
2026-09-29 13:43:15,908   INFO  Train:    5/40 ( 12%) [ 535/1241 ( 43%)]  Loss: 0.6015 (0.718)  LR: 7.795e-04  Time cost: 01:44/02:18 [18:18/2:24:04]  Acc_iter 5500        Data time: 0.00(0.00)  Forward time: 0.19(0.19)  Batch time: 0.19(0.20)
2026-09-29 13:43:25,638   INFO  Train:    5/40 ( 12%) [ 585/1241 ( 47%)]  Loss: 0.5493 (0.721)  LR: 7.877e-04  Time cost: 01:54/02:08 [18:27/2:23:50]  Acc_iter 5550        Data time: 0.00(0.00)  Forward time: 0.18(0.19)  Batch time: 0.18(0.20)
2026-09-29 13:43:25,731   INFO  
2026-09-29 13:43:35,641   INFO  Train:    5/40 ( 12%) [ 635/1241 ( 51%)]  Loss: 0.7846 (0.721)  LR: 7.960e-04  Time cost: 02:04/01:58 [18:37/2:23:55]  Acc_iter 5600        Data time: 0.00(0.00)  Forward time: 0.20(0.19)  Batch time: 0.20(0.20)
2026-09-29 13:43:45,446   INFO  Train:    5/40 ( 12%) [ 685/1241 ( 55%)]  Loss: 0.7366 (0.721)  LR: 8.043e-04  Time cost: 02:14/01:49 [18:47/2:23:45]  Acc_iter 5650        Data time: 0.00(0.00)  Forward time: 0.20(0.19)  Batch time: 0.20(0.20)
2026-09-29 13:43:55,273   INFO  Train:    5/40 ( 12%) [ 735/1241 ( 59%)]  Loss: 0.6547 (0.719)  LR: 8.126e-04  Time cost: 02:24/01:39 [18:57/2:23:37]  Acc_iter 5700        Data time: 0.00(0.00)  Forward time: 0.19(0.19)  Batch time: 0.19(0.20)
2026-09-29 13:43:55,367   INFO  
2026-09-29 13:44:05,161   INFO  Train:    5/40 ( 12%) [ 785/1241 ( 63%)]  Loss: 0.6312 (0.719)  LR: 8.210e-04  Time cost: 02:34/01:29 [19:07/2:23:31]  Acc_iter 5750        Data time: 0.00(0.00)  Forward time: 0.20(0.19)  Batch time: 0.21(0.20)
2026-09-29 13:44:15,052   INFO  Train:    5/40 ( 12%) [ 835/1241 ( 67%)]  Loss: 0.6774 (0.719)  LR: 8.295e-04  Time cost: 02:44/01:19 [19:17/2:23:26]  Acc_iter 5800        Data time: 0.00(0.00)  Forward time: 0.20(0.19)  Batch time: 0.20(0.20)
2026-09-29 13:44:24,681   INFO  Train:    5/40 ( 12%) [ 885/1241 ( 71%)]  Loss: 0.8599 (0.719)  LR: 8.380e-04  Time cost: 02:53/01:09 [19:26/2:23:07]  Acc_iter 5850        Data time: 0.00(0.00)  Forward time: 0.17(0.19)  Batch time: 0.17(0.20)
2026-09-29 13:44:24,760   INFO  
2026-09-29 13:44:34,776   INFO  Train:    5/40 ( 12%) [ 935/1241 ( 75%)]  Loss: 0.6922 (0.717)  LR: 8.465e-04  Time cost: 03:03/01:00 [19:36/2:23:11]  Acc_iter 5900        Data time: 0.00(0.00)  Forward time: 0.20(0.19)  Batch time: 0.20(0.20)
2026-09-29 13:44:44,570   INFO  Train:    5/40 ( 12%) [ 985/1241 ( 79%)]  Loss: 0.7765 (0.719)  LR: 8.551e-04  Time cost: 03:13/00:50 [19:46/2:23:00]  Acc_iter 5950        Data time: 0.00(0.00)  Forward time: 0.19(0.19)  Batch time: 0.19(0.20)
2026-09-29 13:44:54,896   INFO  Train:    5/40 ( 12%) [1035/1241 ( 83%)]  Loss: 0.6167 (0.719)  LR: 8.638e-04  Time cost: 03:23/00:40 [19:57/2:23:11]  Acc_iter 6000        Data time: 0.00(0.00)  Forward time: 0.19(0.19)  Batch time: 0.19(0.20)
2026-09-29 13:44:54,986   INFO  
2026-09-29 13:45:04,779   INFO  Train:    5/40 ( 12%) [1085/1241 ( 87%)]  Loss: 0.7482 (0.718)  LR: 8.725e-04  Time cost: 03:33/00:30 [20:06/2:23:03]  Acc_iter 6050        Data time: 0.00(0.00)  Forward time: 0.20(0.19)  Batch time: 0.20(0.20)
2026-09-29 13:45:14,700   INFO  Train:    5/40 ( 12%) [1135/1241 ( 91%)]  Loss: 0.6952 (0.717)  LR: 8.813e-04  Time cost: 03:43/00:20 [20:16/2:22:56]  Acc_iter 6100        Data time: 0.00(0.00)  Forward time: 0.20(0.19)  Batch time: 0.21(0.20)
2026-09-29 13:45:24,557   INFO  Train:    5/40 ( 12%) [1185/1241 ( 95%)]  Loss: 0.6686 (0.717)  LR: 8.901e-04  Time cost: 03:53/00:11 [20:26/2:22:46]  Acc_iter 6150        Data time: 0.00(0.00)  Forward time: 0.20(0.19)  Batch time: 0.20(0.20)
2026-09-29 13:45:24,618   INFO  
2026-09-29 13:45:34,353   INFO  Train:    5/40 ( 12%) [1235/1241 (100%)]  Loss: 0.5485 (0.716)  LR: 8.989e-04  Time cost: 04:03/00:01 [20:36/2:22:35]  Acc_iter 6200        Data time: 0.00(0.00)  Forward time: 0.17(0.19)  Batch time: 0.18(0.20)
2026-09-29 13:45:35,129   INFO  Train:    5/40 ( 12%) [1240/1241 (100%)]  Loss: 0.8869 (0.716)  LR: 8.998e-04  Time cost: 04:04/00:00 [20:37/2:22:26]  Acc_iter 6205        Data time: 0.00(0.00)  Forward time: 0.06(0.19)  Batch time: 0.06(0.20)
2026-09-29 13:45:36,602   INFO  Train:    6/40 ( 15%) [   0/1241 (  0%)]  Loss: 0.5813 (0.581)  LR: 9.000e-04  Time cost: 00:01/24:24 [20:38/14:14:01]  Acc_iter 6206        Data time: 0.81(0.81)  Forward time: 0.37(0.37)  Batch time: 1.18(1.18)
2026-09-29 13:45:45,403   INFO  Train:    6/40 ( 15%) [  44/1241 (  4%)]  Loss: 0.6199 (0.738)  LR: 9.078e-04  Time cost: 00:09/04:25 [20:47/2:40:24]  Acc_iter 6250        Data time: 0.00(0.02)  Forward time: 0.18(0.20)  Batch time: 0.19(0.22)
2026-09-29 13:45:55,604   INFO  Train:    6/40 ( 15%) [  94/1241 (  8%)]  Loss: 0.7934 (0.712)  LR: 9.168e-04  Time cost: 00:20/04:03 [20:57/2:33:27]  Acc_iter 6300        Data time: 0.00(0.01)  Forward time: 0.22(0.20)  Batch time: 0.22(0.21)
2026-09-29 13:45:55,677   INFO  
2026-09-29 13:46:05,728   INFO  Train:    6/40 ( 15%) [ 144/1241 ( 12%)]  Loss: 0.6421 (0.705)  LR: 9.257e-04  Time cost: 00:30/03:49 [21:07/2:30:47]  Acc_iter 6350        Data time: 0.00(0.01)  Forward time: 0.19(0.20)  Batch time: 0.19(0.21)
2026-09-29 13:46:15,789   INFO  Train:    6/40 ( 15%) [ 194/1241 ( 16%)]  Loss: 0.7400 (0.706)  LR: 9.348e-04  Time cost: 00:40/03:36 [21:17/2:29:11]  Acc_iter 6400        Data time: 0.00(0.01)  Forward time: 0.19(0.20)  Batch time: 0.19(0.21)
2026-09-29 13:46:26,258   INFO  Train:    6/40 ( 15%) [ 244/1241 ( 20%)]  Loss: 0.6968 (0.703)  LR: 9.439e-04  Time cost: 00:50/03:26 [21:28/2:29:21]  Acc_iter 6450        Data time: 0.00(0.01)  Forward time: 0.20(0.20)  Batch time: 0.21(0.21)
2026-09-29 13:46:26,340   INFO  
2026-09-29 13:46:36,457   INFO  Train:    6/40 ( 15%) [ 294/1241 ( 24%)]  Loss: 0.6453 (0.706)  LR: 9.530e-04  Time cost: 01:01/03:15 [21:38/2:28:45]  Acc_iter 6500        Data time: 0.00(0.01)  Forward time: 0.22(0.20)  Batch time: 0.22(0.21)
2026-09-29 13:46:46,455   INFO  Train:    6/40 ( 15%) [ 344/1241 ( 28%)]  Loss: 0.7133 (0.704)  LR: 9.622e-04  Time cost: 01:11/03:04 [21:48/2:27:52]  Acc_iter 6550        Data time: 0.00(0.00)  Forward time: 0.19(0.20)  Batch time: 0.19(0.21)
2026-09-29 13:46:56,507   INFO  Train:    6/40 ( 15%) [ 394/1241 ( 32%)]  Loss: 0.6442 (0.705)  LR: 9.714e-04  Time cost: 01:21/02:53 [21:58/2:27:15]  Acc_iter 6600        Data time: 0.00(0.00)  Forward time: 0.19(0.20)  Batch time: 0.19(0.21)
2026-09-29 13:46:56,588   INFO  
2026-09-29 13:47:06,747   INFO  Train:    6/40 ( 15%) [ 444/1241 ( 36%)]  Loss: 0.7178 (0.702)  LR: 9.806e-04  Time cost: 01:31/02:43 [22:08/2:27:02]  Acc_iter 6650        Data time: 0.00(0.00)  Forward time: 0.19(0.20)  Batch time: 0.19(0.21)
2026-09-29 13:47:16,596   INFO  Train:    6/40 ( 15%) [ 494/1241 ( 40%)]  Loss: 0.6439 (0.699)  LR: 9.899e-04  Time cost: 01:41/02:32 [22:18/2:26:16]  Acc_iter 6700        Data time: 0.00(0.00)  Forward time: 0.19(0.20)  Batch time: 0.19(0.20)
2026-09-29 13:47:26,615   INFO  Train:    6/40 ( 15%) [ 544/1241 ( 44%)]  Loss: 0.6371 (0.697)  LR: 9.993e-04  Time cost: 01:51/02:22 [22:28/2:25:50]  Acc_iter 6750        Data time: 0.00(0.00)  Forward time: 0.22(0.20)  Batch time: 0.22(0.20)
2026-09-29 13:47:26,717   INFO  
2026-09-29 13:47:36,534   INFO  Train:    6/40 ( 15%) [ 594/1241 ( 48%)]  Loss: 0.6064 (0.697)  LR: 1.009e-03  Time cost: 02:01/02:11 [22:38/2:25:20]  Acc_iter 6800        Data time: 0.00(0.00)  Forward time: 0.18(0.20)  Batch time: 0.18(0.20)
2026-09-29 13:47:46,238   INFO  Train:    6/40 ( 15%) [ 644/1241 ( 52%)]  Loss: 0.7396 (0.697)  LR: 1.018e-03  Time cost: 02:10/02:01 [22:48/2:24:38]  Acc_iter 6850        Data time: 0.00(0.00)  Forward time: 0.20(0.20)  Batch time: 0.21(0.20)
2026-09-29 13:47:56,387   INFO  Train:    6/40 ( 15%) [ 694/1241 ( 56%)]  Loss: 0.5501 (0.696)  LR: 1.028e-03  Time cost: 02:20/01:50 [22:58/2:24:29]  Acc_iter 6900        Data time: 0.00(0.00)  Forward time: 0.21(0.20)  Batch time: 0.22(0.20)
2026-09-29 13:47:56,576   INFO  
2026-09-29 13:48:06,441   INFO  Train:    6/40 ( 15%) [ 744/1241 ( 60%)]  Loss: 0.6028 (0.694)  LR: 1.037e-03  Time cost: 02:31/01:40 [23:08/2:24:13]  Acc_iter 6950        Data time: 0.00(0.00)  Forward time: 0.19(0.20)  Batch time: 0.20(0.20)
2026-09-29 13:48:16,313   INFO  Train:    6/40 ( 15%) [ 794/1241 ( 64%)]  Loss: 0.6510 (0.692)  LR: 1.047e-03  Time cost: 02:40/01:30 [23:18/2:23:49]  Acc_iter 7000        Data time: 0.00(0.00)  Forward time: 0.21(0.20)  Batch time: 0.21(0.20)
2026-09-29 13:48:26,448   INFO  Train:    6/40 ( 15%) [ 844/1241 ( 68%)]  Loss: 0.7773 (0.690)  LR: 1.056e-03  Time cost: 02:51/01:20 [23:28/2:23:40]  Acc_iter 7050        Data time: 0.00(0.00)  Forward time: 0.21(0.20)  Batch time: 0.21(0.20)
2026-09-29 13:48:26,499   INFO  
2026-09-29 13:48:36,858   INFO  Train:    6/40 ( 15%) [ 894/1241 ( 72%)]  Loss: 0.7892 (0.692)  LR: 1.066e-03  Time cost: 03:01/01:10 [23:39/2:23:43]  Acc_iter 7100        Data time: 0.00(0.00)  Forward time: 0.21(0.20)  Batch time: 0.21(0.20)
2026-09-29 13:48:46,678   INFO  Train:    6/40 ( 15%) [ 944/1241 ( 76%)]  Loss: 0.5813 (0.689)  LR: 1.075e-03  Time cost: 03:11/01:00 [23:48/2:23:19]  Acc_iter 7150        Data time: 0.00(0.00)  Forward time: 0.19(0.20)  Batch time: 0.19(0.20)
2026-09-29 13:48:56,116   INFO  Train:    6/40 ( 15%) [ 994/1241 ( 80%)]  Loss: 0.6339 (0.692)  LR: 1.085e-03  Time cost: 03:20/00:49 [23:58/2:22:40]  Acc_iter 7200        Data time: 0.00(0.00)  Forward time: 0.18(0.20)  Batch time: 0.18(0.20)
2026-09-29 13:48:56,198   INFO  
2026-09-29 13:49:05,964   INFO  Train:    6/40 ( 15%) [1044/1241 ( 84%)]  Loss: 0.6197 (0.689)  LR: 1.095e-03  Time cost: 03:30/00:39 [24:08/2:22:20]  Acc_iter 7250        Data time: 0.00(0.00)  Forward time: 0.19(0.20)  Batch time: 0.20(0.20)
2026-09-29 13:49:15,930   INFO  Train:    6/40 ( 15%) [1094/1241 ( 88%)]  Loss: 0.8521 (0.690)  LR: 1.105e-03  Time cost: 03:40/00:29 [24:18/2:22:06]  Acc_iter 7300        Data time: 0.00(0.00)  Forward time: 0.19(0.20)  Batch time: 0.19(0.20)
2026-09-29 13:49:25,748   INFO  Train:    6/40 ( 15%) [1144/1241 ( 92%)]  Loss: 0.6663 (0.689)  LR: 1.114e-03  Time cost: 03:50/00:19 [24:27/2:21:47]  Acc_iter 7350        Data time: 0.00(0.00)  Forward time: 0.22(0.20)  Batch time: 0.22(0.20)
2026-09-29 13:49:25,821   INFO  
2026-09-29 13:49:35,825   INFO  Train:    6/40 ( 15%) [1194/1241 ( 96%)]  Loss: 0.6283 (0.688)  LR: 1.124e-03  Time cost: 04:00/00:09 [24:37/2:21:37]  Acc_iter 7400        Data time: 0.00(0.00)  Forward time: 0.21(0.20)  Batch time: 0.21(0.20)
2026-09-29 13:49:44,546   INFO  Train:    6/40 ( 15%) [1240/1241 (100%)]  Loss: 0.7214 (0.687)  LR: 1.133e-03  Time cost: 04:09/00:00 [24:46/2:21:10]  Acc_iter 7446        Data time: 0.00(0.00)  Forward time: 0.06(0.20)  Batch time: 0.06(0.20)
2026-09-29 13:49:46,003   INFO  Train:    7/40 ( 18%) [   0/1241 (  0%)]  Loss: 0.7313 (0.731)  LR: 1.133e-03  Time cost: 00:01/22:37 [24:48/12:49:19]  Acc_iter 7447        Data time: 0.88(0.88)  Forward time: 0.21(0.21)  Batch time: 1.09(1.09)
2026-09-29 13:49:46,621   INFO  Train:    7/40 ( 18%) [   3/1241 (  0%)]  Loss: 0.6185 (0.644)  LR: 1.134e-03  Time cost: 00:01/08:50 [24:48/5:01:05]  Acc_iter 7450        Data time: 0.00(0.22)  Forward time: 0.23(0.21)  Batch time: 0.23(0.43)
2026-09-29 13:49:56,677   INFO  Train:    7/40 ( 18%) [  53/1241 (  4%)]  Loss: 0.6964 (0.685)  LR: 1.144e-03  Time cost: 00:11/04:18 [24:58/2:33:04]  Acc_iter 7500        Data time: 0.00(0.02)  Forward time: 0.20(0.20)  Batch time: 0.21(0.22)
2026-09-29 13:49:56,747   INFO  
2026-09-29 13:50:06,502   INFO  Train:    7/40 ( 18%) [ 103/1241 (  8%)]  Loss: 0.7460 (0.687)  LR: 1.154e-03  Time cost: 00:21/03:56 [25:08/2:25:39]  Acc_iter 7550        Data time: 0.00(0.01)  Forward time: 0.18(0.20)  Batch time: 0.19(0.21)
2026-09-29 13:50:16,460   INFO  Train:    7/40 ( 18%) [ 153/1241 ( 12%)]  Loss: 0.6976 (0.681)  LR: 1.164e-03  Time cost: 00:31/03:42 [25:18/2:23:33]  Acc_iter 7600        Data time: 0.00(0.01)  Forward time: 0.19(0.20)  Batch time: 0.19(0.20)
2026-09-29 13:50:26,137   INFO  Train:    7/40 ( 18%) [ 203/1241 ( 16%)]  Loss: 0.5960 (0.677)  LR: 1.174e-03  Time cost: 00:41/03:29 [25:28/2:21:26]  Acc_iter 7650        Data time: 0.00(0.01)  Forward time: 0.19(0.20)  Batch time: 0.19(0.20)
2026-09-29 13:50:26,220   INFO  
2026-09-29 13:50:36,367   INFO  Train:    7/40 ( 18%) [ 253/1241 ( 20%)]  Loss: 0.8319 (0.680)  LR: 1.184e-03  Time cost: 00:51/03:20 [25:38/2:21:36]  Acc_iter 7700        Data time: 0.00(0.01)  Forward time: 0.22(0.20)  Batch time: 0.22(0.20)
2026-09-29 13:50:46,479   INFO  Train:    7/40 ( 18%) [ 303/1241 ( 24%)]  Loss: 0.6350 (0.681)  LR: 1.194e-03  Time cost: 01:01/03:09 [25:48/2:21:24]  Acc_iter 7750        Data time: 0.00(0.01)  Forward time: 0.20(0.20)  Batch time: 0.20(0.20)
2026-09-29 13:50:56,311   INFO  Train:    7/40 ( 18%) [ 353/1241 ( 28%)]  Loss: 0.6342 (0.684)  LR: 1.204e-03  Time cost: 01:11/02:59 [25:58/2:20:39]  Acc_iter 7800        Data time: 0.00(0.00)  Forward time: 0.21(0.20)  Batch time: 0.21(0.20)
2026-09-29 13:50:56,393   INFO  
2026-09-29 13:51:06,817   INFO  Train:    7/40 ( 18%) [ 403/1241 ( 32%)]  Loss: 0.7147 (0.688)  LR: 1.214e-03  Time cost: 01:21/02:49 [26:08/2:21:12]  Acc_iter 7850        Data time: 0.00(0.00)  Forward time: 0.20(0.20)  Batch time: 0.21(0.20)
2026-09-29 13:51:16,326   INFO  Train:    7/40 ( 18%) [ 453/1241 ( 37%)]  Loss: 0.5831 (0.683)  LR: 1.224e-03  Time cost: 01:31/02:38 [26:18/2:20:05]  Acc_iter 7900        Data time: 0.00(0.00)  Forward time: 0.18(0.20)  Batch time: 0.18(0.20)
2026-09-29 13:51:26,319   INFO  Train:    7/40 ( 18%) [ 503/1241 ( 41%)]  Loss: 0.7385 (0.685)  LR: 1.234e-03  Time cost: 01:41/02:28 [26:28/2:19:48]  Acc_iter 7950        Data time: 0.00(0.00)  Forward time: 0.19(0.20)  Batch time: 0.19(0.20)
2026-09-29 13:51:26,388   INFO  
2026-09-29 13:51:36,287   INFO  Train:    7/40 ( 18%) [ 553/1241 ( 45%)]  Loss: 0.6576 (0.683)  LR: 1.244e-03  Time cost: 01:51/02:18 [26:38/2:19:31]  Acc_iter 8000        Data time: 0.00(0.00)  Forward time: 0.21(0.20)  Batch time: 0.21(0.20)
2026-09-29 13:51:46,084   INFO  Train:    7/40 ( 18%) [ 603/1241 ( 49%)]  Loss: 0.7098 (0.681)  LR: 1.255e-03  Time cost: 02:01/02:07 [26:48/2:19:04]  Acc_iter 8050        Data time: 0.00(0.00)  Forward time: 0.20(0.20)  Batch time: 0.20(0.20)
2026-09-29 13:51:55,941   INFO  Train:    7/40 ( 18%) [ 653/1241 ( 53%)]  Loss: 0.5086 (0.678)  LR: 1.265e-03  Time cost: 02:11/01:57 [26:58/2:18:42]  Acc_iter 8100        Data time: 0.00(0.00)  Forward time: 0.18(0.20)  Batch time: 0.18(0.20)
2026-09-29 13:51:56,025   INFO  
2026-09-29 13:52:05,929   INFO  Train:    7/40 ( 18%) [ 703/1241 ( 57%)]  Loss: 0.6647 (0.680)  LR: 1.275e-03  Time cost: 02:21/01:47 [27:08/2:18:31]  Acc_iter 8150        Data time: 0.00(0.00)  Forward time: 0.22(0.20)  Batch time: 0.22(0.20)
2026-09-29 13:52:15,631   INFO  Train:    7/40 ( 18%) [ 753/1241 ( 61%)]  Loss: 0.6581 (0.679)  LR: 1.285e-03  Time cost: 02:30/01:37 [27:17/2:18:03]  Acc_iter 8200        Data time: 0.00(0.00)  Forward time: 0.18(0.20)  Batch time: 0.19(0.20)
2026-09-29 13:52:25,345   INFO  Train:    7/40 ( 18%) [ 803/1241 ( 65%)]  Loss: 0.6787 (0.680)  LR: 1.296e-03  Time cost: 02:40/01:27 [27:27/2:17:39]  Acc_iter 8250        Data time: 0.00(0.00)  Forward time: 0.20(0.20)  Batch time: 0.20(0.20)
2026-09-29 13:52:25,443   INFO  
2026-09-29 13:52:35,373   INFO  Train:    7/40 ( 18%) [ 853/1241 ( 69%)]  Loss: 0.7136 (0.677)  LR: 1.306e-03  Time cost: 02:50/01:17 [27:37/2:17:31]  Acc_iter 8300        Data time: 0.00(0.00)  Forward time: 0.20(0.20)  Batch time: 0.20(0.20)
2026-09-29 13:52:45,407   INFO  Train:    7/40 ( 18%) [ 903/1241 ( 73%)]  Loss: 0.6262 (0.678)  LR: 1.316e-03  Time cost: 03:00/01:07 [27:47/2:17:24]  Acc_iter 8350        Data time: 0.00(0.00)  Forward time: 0.19(0.20)  Batch time: 0.19(0.20)
2026-09-29 13:52:55,210   INFO  Train:    7/40 ( 18%) [ 953/1241 ( 77%)]  Loss: 0.7658 (0.675)  LR: 1.327e-03  Time cost: 03:10/00:57 [27:57/2:17:06]  Acc_iter 8400        Data time: 0.00(0.00)  Forward time: 0.21(0.20)  Batch time: 0.21(0.20)
2026-09-29 13:52:55,301   INFO  
2026-09-29 13:53:05,319   INFO  Train:    7/40 ( 18%) [1003/1241 ( 81%)]  Loss: 0.6950 (0.674)  LR: 1.337e-03  Time cost: 03:20/00:47 [28:07/2:17:02]  Acc_iter 8450        Data time: 0.00(0.00)  Forward time: 0.18(0.20)  Batch time: 0.18(0.20)
2026-09-29 13:53:14,980   INFO  Train:    7/40 ( 18%) [1053/1241 ( 85%)]  Loss: 0.7684 (0.672)  LR: 1.347e-03  Time cost: 03:30/00:37 [28:17/2:16:39]  Acc_iter 8500        Data time: 0.00(0.00)  Forward time: 0.19(0.20)  Batch time: 0.19(0.20)
2026-09-29 13:53:24,933   INFO  Train:    7/40 ( 18%) [1103/1241 ( 89%)]  Loss: 0.5880 (0.671)  LR: 1.358e-03  Time cost: 03:40/00:27 [28:27/2:16:29]  Acc_iter 8550        Data time: 0.00(0.00)  Forward time: 0.20(0.20)  Batch time: 0.21(0.20)
2026-09-29 13:53:25,031   INFO  
2026-09-29 13:53:34,810   INFO  Train:    7/40 ( 18%) [1153/1241 ( 93%)]  Loss: 0.5879 (0.670)  LR: 1.368e-03  Time cost: 03:49/00:17 [28:36/2:16:16]  Acc_iter 8600        Data time: 0.00(0.00)  Forward time: 0.19(0.20)  Batch time: 0.19(0.20)
2026-09-29 13:53:44,414   INFO  Train:    7/40 ( 18%) [1203/1241 ( 97%)]  Loss: 0.5693 (0.671)  LR: 1.379e-03  Time cost: 03:59/00:07 [28:46/2:15:54]  Acc_iter 8650        Data time: 0.00(0.00)  Forward time: 0.18(0.20)  Batch time: 0.18(0.20)
2026-09-29 13:53:51,406   INFO  Train:    7/40 ( 18%) [1240/1241 (100%)]  Loss: 0.4064 (0.671)  LR: 1.386e-03  Time cost: 04:06/00:00 [28:53/2:15:34]  Acc_iter 8687        Data time: 0.00(0.00)  Forward time: 0.06(0.20)  Batch time: 0.06(0.20)
2026-09-29 13:53:52,898   INFO  Train:    8/40 ( 20%) [   0/1241 (  0%)]  Loss: 0.6687 (0.669)  LR: 1.387e-03  Time cost: 00:01/24:13 [28:55/13:19:11]  Acc_iter 8688        Data time: 0.80(0.80)  Forward time: 0.37(0.37)  Batch time: 1.17(1.17)
2026-09-29 13:53:55,297   INFO  Train:    8/40 ( 20%) [  12/1241 (  1%)]  Loss: 0.7568 (0.649)  LR: 1.389e-03  Time cost: 00:03/05:37 [28:57/3:07:24]  Acc_iter 8700        Data time: 0.00(0.06)  Forward time: 0.21(0.21)  Batch time: 0.21(0.27)
2026-09-29 13:53:55,377   INFO  
2026-09-29 13:54:05,186   INFO  Train:    8/40 ( 20%) [  62/1241 (  5%)]  Loss: 0.7216 (0.628)  LR: 1.400e-03  Time cost: 00:13/04:11 [29:07/2:25:35]  Acc_iter 8750        Data time: 0.00(0.02)  Forward time: 0.19(0.20)  Batch time: 0.19(0.21)
2026-09-29 13:54:14,656   INFO  Train:    8/40 ( 20%) [ 112/1241 (  9%)]  Loss: 0.7225 (0.652)  LR: 1.410e-03  Time cost: 00:22/03:49 [29:16/2:18:06]  Acc_iter 8800        Data time: 0.00(0.01)  Forward time: 0.19(0.19)  Batch time: 0.19(0.20)
2026-09-29 13:54:24,090   INFO  Train:    8/40 ( 20%) [ 162/1241 ( 13%)]  Loss: 0.7737 (0.649)  LR: 1.421e-03  Time cost: 00:32/03:34 [29:26/2:14:58]  Acc_iter 8850        Data time: 0.00(0.01)  Forward time: 0.18(0.19)  Batch time: 0.18(0.20)
2026-09-29 13:54:24,168   INFO  
2026-09-29 13:54:33,742   INFO  Train:    8/40 ( 20%) [ 212/1241 ( 17%)]  Loss: 0.7076 (0.651)  LR: 1.431e-03  Time cost: 00:42/03:22 [29:35/2:13:56]  Acc_iter 8900        Data time: 0.00(0.01)  Forward time: 0.19(0.19)  Batch time: 0.19(0.20)
2026-09-29 13:54:43,140   INFO  Train:    8/40 ( 20%) [ 262/1241 ( 21%)]  Loss: 0.6257 (0.652)  LR: 1.442e-03  Time cost: 00:51/03:11 [29:45/2:12:34]  Acc_iter 8950        Data time: 0.00(0.01)  Forward time: 0.17(0.19)  Batch time: 0.18(0.20)
2026-09-29 13:54:52,825   INFO  Train:    8/40 ( 20%) [ 312/1241 ( 25%)]  Loss: 0.6285 (0.650)  LR: 1.452e-03  Time cost: 01:01/03:01 [29:54/2:12:13]  Acc_iter 9000        Data time: 0.00(0.00)  Forward time: 0.19(0.19)  Batch time: 0.19(0.20)
2026-09-29 13:54:52,899   INFO  
2026-09-29 13:55:02,511   INFO  Train:    8/40 ( 20%) [ 362/1241 ( 29%)]  Loss: 0.5471 (0.656)  LR: 1.463e-03  Time cost: 01:10/02:51 [30:04/2:11:55]  Acc_iter 9050        Data time: 0.00(0.00)  Forward time: 0.20(0.19)  Batch time: 0.20(0.19)
2026-09-29 13:55:11,940   INFO  Train:    8/40 ( 20%) [ 412/1241 ( 33%)]  Loss: 0.5205 (0.658)  LR: 1.473e-03  Time cost: 01:20/02:41 [30:14/2:11:13]  Acc_iter 9100        Data time: 0.00(0.00)  Forward time: 0.19(0.19)  Batch time: 0.19(0.19)
2026-09-29 13:55:21,482   INFO  Train:    8/40 ( 20%) [ 462/1241 ( 37%)]  Loss: 0.7837 (0.661)  LR: 1.484e-03  Time cost: 01:29/02:31 [30:23/2:10:49]  Acc_iter 9150        Data time: 0.00(0.00)  Forward time: 0.17(0.19)  Batch time: 0.17(0.19)
2026-09-29 13:55:21,581   INFO  
2026-09-29 13:55:31,348   INFO  Train:    8/40 ( 20%) [ 512/1241 ( 41%)]  Loss: 0.5419 (0.657)  LR: 1.495e-03  Time cost: 01:39/02:21 [30:33/2:10:53]  Acc_iter 9200        Data time: 0.00(0.00)  Forward time: 0.17(0.19)  Batch time: 0.18(0.19)
2026-09-29 13:55:41,180   INFO  Train:    8/40 ( 20%) [ 562/1241 ( 45%)]  Loss: 0.5119 (0.655)  LR: 1.505e-03  Time cost: 01:49/02:12 [30:43/2:10:52]  Acc_iter 9250        Data time: 0.00(0.00)  Forward time: 0.19(0.19)  Batch time: 0.19(0.19)
2026-09-29 13:55:50,657   INFO  Train:    8/40 ( 20%) [ 612/1241 ( 49%)]  Loss: 0.6658 (0.654)  LR: 1.516e-03  Time cost: 01:58/02:02 [30:52/2:10:26]  Acc_iter 9300        Data time: 0.00(0.00)  Forward time: 0.19(0.19)  Batch time: 0.19(0.19)
2026-09-29 13:55:50,743   INFO  
2026-09-29 13:56:00,291   INFO  Train:    8/40 ( 20%) [ 662/1241 ( 53%)]  Loss: 0.7190 (0.653)  LR: 1.527e-03  Time cost: 02:08/01:52 [31:02/2:10:12]  Acc_iter 9350        Data time: 0.00(0.00)  Forward time: 0.20(0.19)  Batch time: 0.20(0.19)
2026-09-29 13:56:09,824   INFO  Train:    8/40 ( 20%) [ 712/1241 ( 57%)]  Loss: 0.5891 (0.652)  LR: 1.537e-03  Time cost: 02:18/01:42 [31:11/2:09:54]  Acc_iter 9400        Data time: 0.00(0.00)  Forward time: 0.18(0.19)  Batch time: 0.18(0.19)
2026-09-29 13:56:19,473   INFO  Train:    8/40 ( 20%) [ 762/1241 ( 61%)]  Loss: 0.5676 (0.654)  LR: 1.548e-03  Time cost: 02:27/01:32 [31:21/2:09:42]  Acc_iter 9450        Data time: 0.00(0.00)  Forward time: 0.18(0.19)  Batch time: 0.19(0.19)
2026-09-29 13:56:19,547   INFO  
2026-09-29 13:56:29,278   INFO  Train:    8/40 ( 20%) [ 812/1241 ( 65%)]  Loss: 0.6541 (0.654)  LR: 1.558e-03  Time cost: 02:37/01:23 [31:31/2:09:38]  Acc_iter 9500        Data time: 0.00(0.00)  Forward time: 0.18(0.19)  Batch time: 0.18(0.19)
2026-09-29 13:56:38,974   INFO  Train:    8/40 ( 20%) [ 862/1241 ( 69%)]  Loss: 0.5476 (0.652)  LR: 1.569e-03  Time cost: 02:47/01:13 [31:41/2:09:29]  Acc_iter 9550        Data time: 0.00(0.00)  Forward time: 0.20(0.19)  Batch time: 0.20(0.19)
2026-09-29 13:56:48,622   INFO  Train:    8/40 ( 20%) [ 912/1241 ( 73%)]  Loss: 0.4322 (0.652)  LR: 1.580e-03  Time cost: 02:56/01:03 [31:50/2:09:18]  Acc_iter 9600        Data time: 0.00(0.00)  Forward time: 0.19(0.19)  Batch time: 0.19(0.19)
2026-09-29 13:56:48,713   INFO  
2026-09-29 13:56:58,621   INFO  Train:    8/40 ( 20%) [ 962/1241 ( 78%)]  Loss: 0.8885 (0.652)  LR: 1.590e-03  Time cost: 03:06/00:54 [32:00/2:09:21]  Acc_iter 9650        Data time: 0.00(0.00)  Forward time: 0.20(0.19)  Batch time: 0.20(0.19)
2026-09-29 13:57:08,256   INFO  Train:    8/40 ( 20%) [1012/1241 ( 82%)]  Loss: 0.6645 (0.652)  LR: 1.601e-03  Time cost: 03:16/00:44 [32:10/2:09:08]  Acc_iter 9700        Data time: 0.00(0.00)  Forward time: 0.18(0.19)  Batch time: 0.19(0.19)
2026-09-29 13:57:17,955   INFO  Train:    8/40 ( 20%) [1062/1241 ( 86%)]  Loss: 0.5797 (0.652)  LR: 1.612e-03  Time cost: 03:26/00:34 [32:20/2:08:59]  Acc_iter 9750        Data time: 0.00(0.00)  Forward time: 0.20(0.19)  Batch time: 0.21(0.19)
2026-09-29 13:57:18,036   INFO  
2026-09-29 13:57:27,819   INFO  Train:    8/40 ( 20%) [1112/1241 ( 90%)]  Loss: 0.7041 (0.651)  LR: 1.622e-03  Time cost: 03:36/00:25 [32:29/2:08:55]  Acc_iter 9800        Data time: 0.00(0.00)  Forward time: 0.18(0.19)  Batch time: 0.18(0.19)
2026-09-29 13:57:37,461   INFO  Train:    8/40 ( 20%) [1162/1241 ( 94%)]  Loss: 0.6576 (0.650)  LR: 1.633e-03  Time cost: 03:45/00:15 [32:39/2:08:43]  Acc_iter 9850        Data time: 0.00(0.00)  Forward time: 0.18(0.19)  Batch time: 0.18(0.19)
2026-09-29 13:57:47,133   INFO  Train:    8/40 ( 20%) [1212/1241 ( 98%)]  Loss: 0.5932 (0.650)  LR: 1.644e-03  Time cost: 03:55/00:05 [32:49/2:08:32]  Acc_iter 9900        Data time: 0.00(0.00)  Forward time: 0.18(0.19)  Batch time: 0.18(0.19)
2026-09-29 13:57:47,236   INFO  
2026-09-29 13:57:52,625   INFO  Train:    8/40 ( 20%) [1240/1241 (100%)]  Loss: 0.7544 (0.651)  LR: 1.650e-03  Time cost: 04:00/00:00 [32:54/2:08:28]  Acc_iter 9928        Data time: 0.00(0.00)  Forward time: 0.06(0.19)  Batch time: 0.06(0.19)
2026-09-29 13:57:53,893   INFO  Train:    9/40 ( 22%) [   0/1241 (  0%)]  Loss: 0.9239 (0.924)  LR: 1.650e-03  Time cost: 00:00/20:18 [32:56/10:49:44]  Acc_iter 9929        Data time: 0.64(0.64)  Forward time: 0.34(0.34)  Batch time: 0.98(0.98)
2026-09-29 13:57:58,028   INFO  Train:    9/40 ( 22%) [  21/1241 (  2%)]  Loss: 0.6875 (0.673)  LR: 1.654e-03  Time cost: 00:05/04:43 [33:00/2:33:51]  Acc_iter 9950        Data time: 0.00(0.03)  Forward time: 0.22(0.20)  Batch time: 0.22(0.23)
2026-09-29 13:58:07,589   INFO  Train:    9/40 ( 22%) [  71/1241 (  6%)]  Loss: 0.5934 (0.648)  LR: 1.665e-03  Time cost: 00:14/03:58 [33:09/2:14:40]  Acc_iter 10000       Data time: 0.00(0.01)  Forward time: 0.18(0.19)  Batch time: 0.18(0.20)
2026-09-29 13:58:17,315   INFO  Train:    9/40 ( 22%) [ 121/1241 ( 10%)]  Loss: 0.6803 (0.640)  LR: 1.676e-03  Time cost: 00:24/03:44 [33:19/2:11:59]  Acc_iter 10050       Data time: 0.00(0.01)  Forward time: 0.18(0.19)  Batch time: 0.18(0.20)
2026-09-29 13:58:17,418   INFO  
2026-09-29 13:58:27,119   INFO  Train:    9/40 ( 22%) [ 171/1241 ( 14%)]  Loss: 0.7682 (0.653)  LR: 1.687e-03  Time cost: 00:34/03:32 [33:29/2:11:03]  Acc_iter 10100       Data time: 0.00(0.01)  Forward time: 0.18(0.19)  Batch time: 0.19(0.20)
2026-09-29 13:58:36,756   INFO  Train:    9/40 ( 22%) [ 221/1241 ( 18%)]  Loss: 0.6309 (0.653)  LR: 1.697e-03  Time cost: 00:43/03:21 [33:38/2:09:59]  Acc_iter 10150       Data time: 0.00(0.01)  Forward time: 0.19(0.19)  Batch time: 0.19(0.20)
2026-09-29 13:58:46,497   INFO  Train:    9/40 ( 22%) [ 271/1241 ( 22%)]  Loss: 0.7796 (0.657)  LR: 1.708e-03  Time cost: 00:53/03:11 [33:48/2:09:30]  Acc_iter 10200       Data time: 0.00(0.00)  Forward time: 0.19(0.19)  Batch time: 0.19(0.20)
2026-09-29 13:58:46,569   INFO  
2026-09-29 13:58:56,128   INFO  Train:    9/40 ( 22%) [ 321/1241 ( 26%)]  Loss: 0.6599 (0.659)  LR: 1.719e-03  Time cost: 01:03/03:00 [33:58/2:08:53]  Acc_iter 10250       Data time: 0.00(0.00)  Forward time: 0.19(0.19)  Batch time: 0.19(0.20)
2026-09-29 13:59:05,752   INFO  Train:    9/40 ( 22%) [ 371/1241 ( 30%)]  Loss: 0.5166 (0.652)  LR: 1.729e-03  Time cost: 01:12/02:50 [34:07/2:08:23]  Acc_iter 10300       Data time: 0.00(0.00)  Forward time: 0.18(0.19)  Batch time: 0.19(0.20)
2026-09-29 13:59:15,458   INFO  Train:    9/40 ( 22%) [ 421/1241 ( 34%)]  Loss: 0.6238 (0.647)  LR: 1.740e-03  Time cost: 01:22/02:40 [34:17/2:08:05]  Acc_iter 10350       Data time: 0.00(0.00)  Forward time: 0.20(0.19)  Batch time: 0.21(0.20)
2026-09-29 13:59:15,559   INFO  
2026-09-29 13:59:25,277   INFO  Train:    9/40 ( 22%) [ 471/1241 ( 38%)]  Loss: 0.6245 (0.647)  LR: 1.751e-03  Time cost: 01:32/02:30 [34:27/2:07:59]  Acc_iter 10400       Data time: 0.00(0.00)  Forward time: 0.19(0.19)  Batch time: 0.19(0.20)
2026-09-29 13:59:34,989   INFO  Train:    9/40 ( 22%) [ 521/1241 ( 42%)]  Loss: 0.7429 (0.651)  LR: 1.761e-03  Time cost: 01:42/02:20 [34:37/2:07:43]  Acc_iter 10450       Data time: 0.00(0.00)  Forward time: 0.19(0.19)  Batch time: 0.19(0.20)
2026-09-29 13:59:44,705   INFO  Train:    9/40 ( 22%) [ 571/1241 ( 46%)]  Loss: 0.5659 (0.651)  LR: 1.772e-03  Time cost: 01:51/02:10 [34:46/2:07:29]  Acc_iter 10500       Data time: 0.00(0.00)  Forward time: 0.20(0.19)  Batch time: 0.20(0.20)
2026-09-29 13:59:44,818   INFO  
2026-09-29 13:59:54,516   INFO  Train:    9/40 ( 22%) [ 621/1241 ( 50%)]  Loss: 0.7547 (0.647)  LR: 1.782e-03  Time cost: 02:01/02:01 [34:56/2:07:22]  Acc_iter 10550       Data time: 0.00(0.00)  Forward time: 0.19(0.19)  Batch time: 0.19(0.20)
2026-09-29 14:00:04,274   INFO  Train:    9/40 ( 22%) [ 671/1241 ( 54%)]  Loss: 0.5781 (0.645)  LR: 1.793e-03  Time cost: 02:11/01:51 [35:06/2:07:11]  Acc_iter 10600       Data time: 0.00(0.00)  Forward time: 0.20(0.19)  Batch time: 0.20(0.20)
2026-09-29 14:00:14,161   INFO  Train:    9/40 ( 22%) [ 721/1241 ( 58%)]  Loss: 0.6646 (0.643)  LR: 1.804e-03  Time cost: 02:21/01:41 [35:16/2:07:08]  Acc_iter 10650       Data time: 0.00(0.00)  Forward time: 0.17(0.19)  Batch time: 0.17(0.20)
2026-09-29 14:00:14,223   INFO  
2026-09-29 14:00:23,975   INFO  Train:    9/40 ( 22%) [ 771/1241 ( 62%)]  Loss: 0.5839 (0.642)  LR: 1.814e-03  Time cost: 02:31/01:31 [35:26/2:06:59]  Acc_iter 10700       Data time: 0.00(0.00)  Forward time: 0.22(0.19)  Batch time: 0.22(0.20)
2026-09-29 14:00:33,717   INFO  Train:    9/40 ( 22%) [ 821/1241 ( 66%)]  Loss: 0.5553 (0.642)  LR: 1.825e-03  Time cost: 02:40/01:22 [35:35/2:06:48]  Acc_iter 10750       Data time: 0.00(0.00)  Forward time: 0.19(0.19)  Batch time: 0.19(0.20)
2026-09-29 14:00:43,580   INFO  Train:    9/40 ( 22%) [ 871/1241 ( 70%)]  Loss: 0.6923 (0.640)  LR: 1.835e-03  Time cost: 02:50/01:12 [35:45/2:06:41]  Acc_iter 10800       Data time: 0.00(0.00)  Forward time: 0.21(0.19)  Batch time: 0.21(0.20)
2026-09-29 14:00:43,654   INFO  
2026-09-29 14:00:53,380   INFO  Train:    9/40 ( 22%) [ 921/1241 ( 74%)]  Loss: 0.8778 (0.639)  LR: 1.846e-03  Time cost: 03:00/01:02 [35:55/2:06:32]  Acc_iter 10850       Data time: 0.00(0.00)  Forward time: 0.20(0.19)  Batch time: 0.20(0.20)
2026-09-29 14:01:03,167   INFO  Train:    9/40 ( 22%) [ 971/1241 ( 78%)]  Loss: 0.5427 (0.638)  LR: 1.857e-03  Time cost: 03:10/00:52 [36:05/2:06:23]  Acc_iter 10900       Data time: 0.00(0.00)  Forward time: 0.20(0.19)  Batch time: 0.20(0.20)
2026-09-29 14:01:12,848   INFO  Train:    9/40 ( 22%) [1021/1241 ( 82%)]  Loss: 0.9019 (0.638)  LR: 1.867e-03  Time cost: 03:19/00:43 [36:15/2:06:09]  Acc_iter 10950       Data time: 0.00(0.00)  Forward time: 0.19(0.19)  Batch time: 0.19(0.20)
2026-09-29 14:01:12,927   INFO  
2026-09-29 14:01:22,789   INFO  Train:    9/40 ( 22%) [1071/1241 ( 86%)]  Loss: 0.5089 (0.639)  LR: 1.878e-03  Time cost: 03:29/00:33 [36:24/2:06:05]  Acc_iter 11000       Data time: 0.00(0.00)  Forward time: 0.18(0.19)  Batch time: 0.18(0.20)
2026-09-29 14:01:32,484   INFO  Train:    9/40 ( 22%) [1121/1241 ( 90%)]  Loss: 0.6191 (0.637)  LR: 1.888e-03  Time cost: 03:39/00:23 [36:34/2:05:52]  Acc_iter 11050       Data time: 0.00(0.00)  Forward time: 0.21(0.19)  Batch time: 0.21(0.20)
2026-09-29 14:01:42,199   INFO  Train:    9/40 ( 22%) [1171/1241 ( 94%)]  Loss: 0.4837 (0.636)  LR: 1.899e-03  Time cost: 03:49/00:13 [36:44/2:05:40]  Acc_iter 11100       Data time: 0.00(0.00)  Forward time: 0.18(0.19)  Batch time: 0.18(0.20)
2026-09-29 14:01:42,298   INFO  
2026-09-29 14:01:52,095   INFO  Train:    9/40 ( 22%) [1221/1241 ( 98%)]  Loss: 0.4938 (0.639)  LR: 1.909e-03  Time cost: 03:59/00:03 [36:54/2:05:33]  Acc_iter 11150       Data time: 0.00(0.00)  Forward time: 0.20(0.19)  Batch time: 0.20(0.20)
2026-09-29 14:01:55,625   INFO  Train:    9/40 ( 22%) [1240/1241 (100%)]  Loss: 0.5921 (0.639)  LR: 1.913e-03  Time cost: 04:02/00:00 [36:57/2:05:24]  Acc_iter 11169       Data time: 0.00(0.00)  Forward time: 0.06(0.19)  Batch time: 0.06(0.20)
2026-09-29 14:01:56,921   INFO  Train:   10/40 ( 25%) [   0/1241 (  0%)]  Loss: 0.7346 (0.735)  LR: 1.913e-03  Time cost: 00:00/18:23 [36:59/9:30:17]  Acc_iter 11170       Data time: 0.60(0.60)  Forward time: 0.28(0.28)  Batch time: 0.89(0.89)
2026-09-29 14:02:02,801   INFO  Train:   10/40 ( 25%) [  30/1241 (  2%)]  Loss: 0.7134 (0.661)  LR: 1.920e-03  Time cost: 00:06/04:24 [37:04/2:19:54]  Acc_iter 11200       Data time: 0.00(0.02)  Forward time: 0.19(0.20)  Batch time: 0.19(0.22)
2026-09-29 14:02:12,473   INFO  Train:   10/40 ( 25%) [  80/1241 (  6%)]  Loss: 0.5913 (0.626)  LR: 1.930e-03  Time cost: 00:16/03:55 [37:14/2:09:52]  Acc_iter 11250       Data time: 0.00(0.01)  Forward time: 0.19(0.19)  Batch time: 0.19(0.20)
2026-09-29 14:02:12,546   INFO  
2026-09-29 14:02:22,505   INFO  Train:   10/40 ( 25%) [ 130/1241 ( 10%)]  Loss: 0.5998 (0.619)  LR: 1.941e-03  Time cost: 00:26/03:44 [37:24/2:09:08]  Acc_iter 11300       Data time: 0.00(0.01)  Forward time: 0.21(0.20)  Batch time: 0.21(0.20)
2026-09-29 14:02:32,345   INFO  Train:   10/40 ( 25%) [ 180/1241 ( 15%)]  Loss: 0.5830 (0.622)  LR: 1.951e-03  Time cost: 00:36/03:32 [37:34/2:08:02]  Acc_iter 11350       Data time: 0.00(0.01)  Forward time: 0.18(0.20)  Batch time: 0.18(0.20)
2026-09-29 14:02:41,912   INFO  Train:   10/40 ( 25%) [ 230/1241 ( 19%)]  Loss: 0.6081 (0.624)  LR: 1.961e-03  Time cost: 00:45/03:20 [37:44/2:06:35]  Acc_iter 11400       Data time: 0.00(0.00)  Forward time: 0.20(0.19)  Batch time: 0.20(0.20)
2026-09-29 14:02:41,998   INFO  
2026-09-29 14:02:51,992   INFO  Train:   10/40 ( 25%) [ 280/1241 ( 23%)]  Loss: 0.5087 (0.624)  LR: 1.972e-03  Time cost: 00:55/03:11 [37:54/2:06:45]  Acc_iter 11450       Data time: 0.00(0.00)  Forward time: 0.20(0.19)  Batch time: 0.20(0.20)
2026-09-29 14:03:01,742   INFO  Train:   10/40 ( 25%) [ 330/1241 ( 27%)]  Loss: 0.8586 (0.622)  LR: 1.982e-03  Time cost: 01:05/03:00 [38:03/2:06:11]  Acc_iter 11500       Data time: 0.00(0.00)  Forward time: 0.20(0.19)  Batch time: 0.20(0.20)
2026-09-29 14:03:11,585   INFO  Train:   10/40 ( 25%) [ 380/1241 ( 31%)]  Loss: 0.6390 (0.619)  LR: 1.992e-03  Time cost: 01:15/02:50 [38:13/2:05:53]  Acc_iter 11550       Data time: 0.01(0.00)  Forward time: 0.20(0.19)  Batch time: 0.21(0.20)
2026-09-29 14:03:11,669   INFO  
2026-09-29 14:03:21,492   INFO  Train:   10/40 ( 25%) [ 430/1241 ( 35%)]  Loss: 0.5945 (0.621)  LR: 2.003e-03  Time cost: 01:25/02:40 [38:23/2:05:42]  Acc_iter 11600       Data time: 0.00(0.00)  Forward time: 0.19(0.19)  Batch time: 0.19(0.20)
2026-09-29 14:03:31,258   INFO  Train:   10/40 ( 25%) [ 480/1241 ( 39%)]  Loss: 0.6537 (0.620)  LR: 2.013e-03  Time cost: 01:35/02:30 [38:33/2:05:21]  Acc_iter 11650       Data time: 0.00(0.00)  Forward time: 0.18(0.19)  Batch time: 0.18(0.20)
2026-09-29 14:03:40,972   INFO  Train:   10/40 ( 25%) [ 530/1241 ( 43%)]  Loss: 0.5805 (0.618)  LR: 2.023e-03  Time cost: 01:44/02:20 [38:43/2:04:58]  Acc_iter 11700       Data time: 0.00(0.00)  Forward time: 0.19(0.19)  Batch time: 0.19(0.20)
2026-09-29 14:03:41,051   INFO  
2026-09-29 14:03:50,664   INFO  Train:   10/40 ( 25%) [ 580/1241 ( 47%)]  Loss: 0.7095 (0.617)  LR: 2.034e-03  Time cost: 01:54/02:10 [38:52/2:04:35]  Acc_iter 11750       Data time: 0.00(0.00)  Forward time: 0.18(0.19)  Batch time: 0.18(0.20)
2026-09-29 14:04:00,417   INFO  Train:   10/40 ( 25%) [ 630/1241 ( 51%)]  Loss: 0.5285 (0.619)  LR: 2.044e-03  Time cost: 02:04/02:00 [39:02/2:04:19]  Acc_iter 11800       Data time: 0.00(0.00)  Forward time: 0.19(0.19)  Batch time: 0.19(0.20)
2026-09-29 14:04:10,211   INFO  Train:   10/40 ( 25%) [ 680/1241 ( 55%)]  Loss: 0.7986 (0.618)  LR: 2.054e-03  Time cost: 02:14/01:50 [39:12/2:04:06]  Acc_iter 11850       Data time: 0.00(0.00)  Forward time: 0.21(0.19)  Batch time: 0.22(0.20)
2026-09-29 14:04:10,299   INFO  
2026-09-29 14:04:20,238   INFO  Train:   10/40 ( 25%) [ 730/1241 ( 59%)]  Loss: 0.6173 (0.616)  LR: 2.064e-03  Time cost: 02:24/01:40 [39:22/2:04:05]  Acc_iter 11900       Data time: 0.00(0.00)  Forward time: 0.18(0.19)  Batch time: 0.19(0.20)
2026-09-29 14:04:29,860   INFO  Train:   10/40 ( 25%) [ 780/1241 ( 63%)]  Loss: 0.5488 (0.617)  LR: 2.074e-03  Time cost: 02:33/01:30 [39:32/2:03:43]  Acc_iter 11950       Data time: 0.00(0.00)  Forward time: 0.19(0.19)  Batch time: 0.19(0.20)
2026-09-29 14:04:39,531   INFO  Train:   10/40 ( 25%) [ 830/1241 ( 67%)]  Loss: 0.6917 (0.617)  LR: 2.084e-03  Time cost: 02:43/01:20 [39:41/2:03:25]  Acc_iter 12000       Data time: 0.00(0.00)  Forward time: 0.19(0.19)  Batch time: 0.19(0.20)
2026-09-29 14:04:39,617   INFO  
2026-09-29 14:04:49,266   INFO  Train:   10/40 ( 25%) [ 880/1241 ( 71%)]  Loss: 0.4436 (0.617)  LR: 2.095e-03  Time cost: 02:53/01:10 [39:51/2:03:11]  Acc_iter 12050       Data time: 0.00(0.00)  Forward time: 0.19(0.19)  Batch time: 0.19(0.20)
2026-09-29 14:04:58,827   INFO  Train:   10/40 ( 25%) [ 930/1241 ( 75%)]  Loss: 0.6449 (0.619)  LR: 2.105e-03  Time cost: 03:02/01:01 [40:01/2:02:50]  Acc_iter 12100       Data time: 0.00(0.00)  Forward time: 0.22(0.19)  Batch time: 0.22(0.20)
2026-09-29 14:05:08,436   INFO  Train:   10/40 ( 25%) [ 980/1241 ( 79%)]  Loss: 0.7913 (0.619)  LR: 2.115e-03  Time cost: 03:12/00:51 [40:10/2:02:33]  Acc_iter 12150       Data time: 0.00(0.00)  Forward time: 0.19(0.19)  Batch time: 0.19(0.20)
2026-09-29 14:05:08,523   INFO  
2026-09-29 14:05:18,178   INFO  Train:   10/40 ( 25%) [1030/1241 ( 83%)]  Loss: 0.6463 (0.618)  LR: 2.125e-03  Time cost: 03:22/00:41 [40:20/2:02:20]  Acc_iter 12200       Data time: 0.00(0.00)  Forward time: 0.19(0.19)  Batch time: 0.19(0.20)
2026-09-29 14:05:28,028   INFO  Train:   10/40 ( 25%) [1080/1241 ( 87%)]  Loss: 0.7501 (0.618)  LR: 2.135e-03  Time cost: 03:31/00:31 [40:30/2:02:12]  Acc_iter 12250       Data time: 0.00(0.00)  Forward time: 0.19(0.19)  Batch time: 0.19(0.20)
2026-09-29 14:05:37,873   INFO  Train:   10/40 ( 25%) [1130/1241 ( 91%)]  Loss: 0.6501 (0.618)  LR: 2.145e-03  Time cost: 03:41/00:21 [40:40/2:02:04]  Acc_iter 12300       Data time: 0.00(0.00)  Forward time: 0.21(0.19)  Batch time: 0.21(0.20)
2026-09-29 14:05:37,971   INFO  
2026-09-29 14:05:47,711   INFO  Train:   10/40 ( 25%) [1180/1241 ( 95%)]  Loss: 0.6487 (0.619)  LR: 2.155e-03  Time cost: 03:51/00:11 [40:49/2:01:55]  Acc_iter 12350       Data time: 0.00(0.00)  Forward time: 0.19(0.19)  Batch time: 0.19(0.20)
2026-09-29 14:05:57,545   INFO  Train:   10/40 ( 25%) [1230/1241 ( 99%)]  Loss: 0.6437 (0.619)  LR: 2.164e-03  Time cost: 04:01/00:02 [40:59/2:01:46]  Acc_iter 12400       Data time: 0.00(0.00)  Forward time: 0.25(0.19)  Batch time: 0.25(0.20)
2026-09-29 14:05:59,280   INFO  Train:   10/40 ( 25%) [1240/1241 (100%)]  Loss: 1.096 (0.619)  LR: 2.166e-03  Time cost: 04:03/00:00 [41:01/2:01:37]  Acc_iter 12410       Data time: 0.00(0.00)  Forward time: 0.06(0.19)  Batch time: 0.06(0.20)
2026-09-29 14:06:00,763   INFO  Train:   11/40 ( 28%) [   0/1241 (  0%)]  Loss: 0.5662 (0.566)  LR: 2.167e-03  Time cost: 00:01/22:44 [41:02/11:22:24]  Acc_iter 12411       Data time: 0.78(0.78)  Forward time: 0.32(0.32)  Batch time: 1.10(1.10)
2026-09-29 14:06:08,349   INFO  Train:   11/40 ( 28%) [  39/1241 (  3%)]  Loss: 0.6855 (0.606)  LR: 2.174e-03  Time cost: 00:08/04:20 [41:10/2:14:35]  Acc_iter 12450       Data time: 0.00(0.02)  Forward time: 0.18(0.20)  Batch time: 0.18(0.22)
2026-09-29 14:06:08,443   INFO  
2026-09-29 14:06:18,296   INFO  Train:   11/40 ( 28%) [  89/1241 (  7%)]  Loss: 0.6217 (0.606)  LR: 2.184e-03  Time cost: 00:18/03:58 [41:20/2:08:09]  Acc_iter 12500       Data time: 0.00(0.01)  Forward time: 0.18(0.20)  Batch time: 0.18(0.21)
2026-09-29 14:06:28,164   INFO  Train:   11/40 ( 28%) [ 139/1241 ( 11%)]  Loss: 0.5865 (0.599)  LR: 2.194e-03  Time cost: 00:28/03:44 [41:30/2:05:50]  Acc_iter 12550       Data time: 0.00(0.01)  Forward time: 0.19(0.20)  Batch time: 0.19(0.20)
2026-09-29 14:06:38,056   INFO  Train:   11/40 ( 28%) [ 189/1241 ( 15%)]  Loss: 0.7423 (0.607)  LR: 2.204e-03  Time cost: 00:38/03:32 [41:40/2:04:44]  Acc_iter 12600       Data time: 0.00(0.01)  Forward time: 0.20(0.20)  Batch time: 0.20(0.20)
2026-09-29 14:06:38,131   INFO  
2026-09-29 14:06:47,848   INFO  Train:   11/40 ( 28%) [ 239/1241 ( 19%)]  Loss: 0.7648 (0.610)  LR: 2.213e-03  Time cost: 00:48/03:21 [41:50/2:03:46]  Acc_iter 12650       Data time: 0.00(0.01)  Forward time: 0.21(0.19)  Batch time: 0.21(0.20)
2026-09-29 14:06:58,052   INFO  Train:   11/40 ( 28%) [ 289/1241 ( 23%)]  Loss: 0.5263 (0.606)  LR: 2.223e-03  Time cost: 00:58/03:11 [42:00/2:03:57]  Acc_iter 12700       Data time: 0.00(0.01)  Forward time: 0.19(0.20)  Batch time: 0.19(0.20)
2026-09-29 14:07:07,918   INFO  Train:   11/40 ( 28%) [ 339/1241 ( 27%)]  Loss: 0.6355 (0.610)  LR: 2.233e-03  Time cost: 01:08/03:01 [42:10/2:03:25]  Acc_iter 12750       Data time: 0.00(0.00)  Forward time: 0.19(0.20)  Batch time: 0.19(0.20)
2026-09-29 14:07:07,980   INFO  
2026-09-29 14:07:17,813   INFO  Train:   11/40 ( 28%) [ 389/1241 ( 31%)]  Loss: 0.6118 (0.612)  LR: 2.242e-03  Time cost: 01:18/02:50 [42:19/2:03:02]  Acc_iter 12800       Data time: 0.00(0.00)  Forward time: 0.19(0.20)  Batch time: 0.20(0.20)
2026-09-29 14:07:27,670   INFO  Train:   11/40 ( 28%) [ 439/1241 ( 35%)]  Loss: 0.8131 (0.611)  LR: 2.252e-03  Time cost: 01:28/02:40 [42:29/2:02:38]  Acc_iter 12850       Data time: 0.00(0.00)  Forward time: 0.19(0.20)  Batch time: 0.20(0.20)
2026-09-29 14:07:37,456   INFO  Train:   11/40 ( 28%) [ 489/1241 ( 39%)]  Loss: 0.6642 (0.611)  LR: 2.261e-03  Time cost: 01:37/02:30 [42:39/2:02:12]  Acc_iter 12900       Data time: 0.00(0.00)  Forward time: 0.22(0.20)  Batch time: 0.22(0.20)
2026-09-29 14:07:37,553   INFO  
2026-09-29 14:07:47,633   INFO  Train:   11/40 ( 28%) [ 539/1241 ( 43%)]  Loss: 0.5561 (0.610)  LR: 2.271e-03  Time cost: 01:47/02:20 [42:49/2:02:16]  Acc_iter 12950       Data time: 0.00(0.00)  Forward time: 0.19(0.20)  Batch time: 0.20(0.20)
2026-09-29 14:07:57,059   INFO  Train:   11/40 ( 28%) [ 589/1241 ( 47%)]  Loss: 0.4271 (0.608)  LR: 2.280e-03  Time cost: 01:57/02:09 [42:59/2:01:30]  Acc_iter 13000       Data time: 0.00(0.00)  Forward time: 0.18(0.20)  Batch time: 0.18(0.20)
2026-09-29 14:08:06,871   INFO  Train:   11/40 ( 28%) [ 639/1241 ( 51%)]  Loss: 0.4934 (0.608)  LR: 2.290e-03  Time cost: 02:07/01:59 [43:09/2:01:12]  Acc_iter 13050       Data time: 0.00(0.00)  Forward time: 0.19(0.20)  Batch time: 0.19(0.20)
2026-09-29 14:08:06,985   INFO  
2026-09-29 14:08:16,779   INFO  Train:   11/40 ( 28%) [ 689/1241 ( 56%)]  Loss: 0.5286 (0.608)  LR: 2.299e-03  Time cost: 02:17/01:49 [43:18/2:01:01]  Acc_iter 13100       Data time: 0.00(0.00)  Forward time: 0.18(0.20)  Batch time: 0.18(0.20)
2026-09-29 14:08:26,792   INFO  Train:   11/40 ( 28%) [ 739/1241 ( 60%)]  Loss: 0.5851 (0.608)  LR: 2.309e-03  Time cost: 02:27/01:39 [43:28/2:00:55]  Acc_iter 13150       Data time: 0.00(0.00)  Forward time: 0.18(0.20)  Batch time: 0.18(0.20)
2026-09-29 14:08:36,696   INFO  Train:   11/40 ( 28%) [ 789/1241 ( 64%)]  Loss: 0.5297 (0.606)  LR: 2.318e-03  Time cost: 02:37/01:29 [43:38/2:00:43]  Acc_iter 13200       Data time: 0.00(0.00)  Forward time: 0.20(0.20)  Batch time: 0.20(0.20)
2026-09-29 14:08:36,813   INFO  
2026-09-29 14:08:46,477   INFO  Train:   11/40 ( 28%) [ 839/1241 ( 68%)]  Loss: 0.6367 (0.608)  LR: 2.327e-03  Time cost: 02:46/01:19 [43:48/2:00:26]  Acc_iter 13250       Data time: 0.00(0.00)  Forward time: 0.18(0.20)  Batch time: 0.18(0.20)
2026-09-29 14:08:56,404   INFO  Train:   11/40 ( 28%) [ 889/1241 ( 72%)]  Loss: 0.6816 (0.607)  LR: 2.336e-03  Time cost: 02:56/01:09 [43:58/2:00:16]  Acc_iter 13300       Data time: 0.00(0.00)  Forward time: 0.19(0.20)  Batch time: 0.19(0.20)
2026-09-29 14:09:06,352   INFO  Train:   11/40 ( 28%) [ 939/1241 ( 76%)]  Loss: 0.5236 (0.606)  LR: 2.346e-03  Time cost: 03:06/00:59 [44:08/2:00:07]  Acc_iter 13350       Data time: 0.00(0.00)  Forward time: 0.20(0.20)  Batch time: 0.20(0.20)
2026-09-29 14:09:06,458   INFO  
2026-09-29 14:09:16,359   INFO  Train:   11/40 ( 28%) [ 989/1241 ( 80%)]  Loss: 0.4545 (0.607)  LR: 2.355e-03  Time cost: 03:16/00:50 [44:18/2:00:00]  Acc_iter 13400       Data time: 0.00(0.00)  Forward time: 0.21(0.20)  Batch time: 0.21(0.20)
2026-09-29 14:09:26,471   INFO  Train:   11/40 ( 28%) [1039/1241 ( 84%)]  Loss: 0.6422 (0.607)  LR: 2.364e-03  Time cost: 03:26/00:40 [44:28/1:59:56]  Acc_iter 13450       Data time: 0.00(0.00)  Forward time: 0.21(0.20)  Batch time: 0.21(0.20)
2026-09-29 14:09:36,457   INFO  Train:   11/40 ( 28%) [1089/1241 ( 88%)]  Loss: 0.4966 (0.607)  LR: 2.373e-03  Time cost: 03:36/00:30 [44:38/1:59:48]  Acc_iter 13500       Data time: 0.00(0.00)  Forward time: 0.19(0.20)  Batch time: 0.19(0.20)
2026-09-29 14:09:36,557   INFO  
2026-09-29 14:09:46,369   INFO  Train:   11/40 ( 28%) [1139/1241 ( 92%)]  Loss: 0.5923 (0.607)  LR: 2.382e-03  Time cost: 03:46/00:20 [44:48/1:59:37]  Acc_iter 13550       Data time: 0.00(0.00)  Forward time: 0.20(0.20)  Batch time: 0.20(0.20)
2026-09-29 14:09:56,213   INFO  Train:   11/40 ( 28%) [1189/1241 ( 96%)]  Loss: 1.163 (0.606)  LR: 2.391e-03  Time cost: 03:56/00:10 [44:58/1:59:24]  Acc_iter 13600       Data time: 0.00(0.00)  Forward time: 0.22(0.20)  Batch time: 0.22(0.20)
2026-09-29 14:10:05,871   INFO  Train:   11/40 ( 28%) [1239/1241 (100%)]  Loss: 0.5539 (0.605)  LR: 2.400e-03  Time cost: 04:06/00:00 [45:08/1:59:06]  Acc_iter 13650       Data time: 0.00(0.00)  Forward time: 0.18(0.20)  Batch time: 0.18(0.20)
2026-09-29 14:10:05,943   INFO  
2026-09-29 14:10:06,007   INFO  Train:   11/40 ( 28%) [1240/1241 (100%)]  Loss: 1.527 (0.606)  LR: 2.400e-03  Time cost: 04:06/00:00 [45:08/1:59:04]  Acc_iter 13651       Data time: 0.07(0.00)  Forward time: 0.06(0.20)  Batch time: 0.14(0.20)
2026-09-29 14:10:07,475   INFO  Train:   12/40 ( 30%) [   0/1241 (  0%)]  Loss: 0.6053 (0.605)  LR: 2.400e-03  Time cost: 00:01/23:49 [45:09/11:31:07]  Acc_iter 13652       Data time: 0.84(0.84)  Forward time: 0.31(0.31)  Batch time: 1.15(1.15)
2026-09-29 14:10:16,749   INFO  Train:   12/40 ( 30%) [  48/1241 (  4%)]  Loss: 0.6866 (0.636)  LR: 2.409e-03  Time cost: 00:10/04:13 [45:18/2:07:27]  Acc_iter 13700       Data time: 0.00(0.02)  Forward time: 0.18(0.19)  Batch time: 0.18(0.21)
2026-09-29 14:10:26,351   INFO  Train:   12/40 ( 30%) [  98/1241 (  8%)]  Loss: 0.6333 (0.625)  LR: 2.417e-03  Time cost: 00:20/03:51 [45:28/2:01:01]  Acc_iter 13750       Data time: 0.00(0.01)  Forward time: 0.18(0.19)  Batch time: 0.18(0.20)
2026-09-29 14:10:35,912   INFO  Train:   12/40 ( 30%) [ 148/1241 ( 12%)]  Loss: 0.5001 (0.621)  LR: 2.426e-03  Time cost: 00:29/03:37 [45:38/1:58:37]  Acc_iter 13800       Data time: 0.00(0.01)  Forward time: 0.19(0.19)  Batch time: 0.19(0.20)
2026-09-29 14:10:36,014   INFO  
2026-09-29 14:10:45,476   INFO  Train:   12/40 ( 30%) [ 198/1241 ( 16%)]  Loss: 0.5259 (0.608)  LR: 2.435e-03  Time cost: 00:39/03:25 [45:47/1:57:21]  Acc_iter 13850       Data time: 0.00(0.01)  Forward time: 0.19(0.19)  Batch time: 0.19(0.20)
2026-09-29 14:10:55,330   INFO  Train:   12/40 ( 30%) [ 248/1241 ( 20%)]  Loss: 0.6457 (0.605)  LR: 2.443e-03  Time cost: 00:49/03:15 [45:57/1:57:14]  Acc_iter 13900       Data time: 0.00(0.01)  Forward time: 0.19(0.19)  Batch time: 0.19(0.20)
2026-09-29 14:11:05,014   INFO  Train:   12/40 ( 30%) [ 298/1241 ( 24%)]  Loss: 0.5371 (0.603)  LR: 2.452e-03  Time cost: 00:58/03:05 [46:07/1:56:45]  Acc_iter 13950       Data time: 0.00(0.00)  Forward time: 0.18(0.19)  Batch time: 0.18(0.20)
2026-09-29 14:11:05,076   INFO  
2026-09-29 14:11:14,799   INFO  Train:   12/40 ( 30%) [ 348/1241 ( 28%)]  Loss: 0.5940 (0.602)  LR: 2.461e-03  Time cost: 01:08/02:55 [46:16/1:56:33]  Acc_iter 14000       Data time: 0.00(0.00)  Forward time: 0.20(0.19)  Batch time: 0.21(0.20)
2026-09-29 14:11:24,596   INFO  Train:   12/40 ( 30%) [ 398/1241 ( 32%)]  Loss: 0.7155 (0.603)  LR: 2.469e-03  Time cost: 01:18/02:45 [46:26/1:56:22]  Acc_iter 14050       Data time: 0.00(0.00)  Forward time: 0.21(0.19)  Batch time: 0.21(0.20)
2026-09-29 14:11:34,671   INFO  Train:   12/40 ( 30%) [ 448/1241 ( 36%)]  Loss: 0.7585 (0.602)  LR: 2.478e-03  Time cost: 01:28/02:36 [46:36/1:56:33]  Acc_iter 14100       Data time: 0.00(0.00)  Forward time: 0.20(0.19)  Batch time: 0.20(0.20)
2026-09-29 14:11:34,736   INFO  
2026-09-29 14:11:44,646   INFO  Train:   12/40 ( 30%) [ 498/1241 ( 40%)]  Loss: 0.5690 (0.601)  LR: 2.486e-03  Time cost: 01:38/02:26 [46:46/1:56:33]  Acc_iter 14150       Data time: 0.00(0.00)  Forward time: 0.20(0.19)  Batch time: 0.20(0.20)
2026-09-29 14:11:54,537   INFO  Train:   12/40 ( 30%) [ 548/1241 ( 44%)]  Loss: 0.4748 (0.599)  LR: 2.494e-03  Time cost: 01:48/02:16 [46:56/1:56:25]  Acc_iter 14200       Data time: 0.00(0.00)  Forward time: 0.20(0.19)  Batch time: 0.20(0.20)
2026-09-29 14:12:04,138   INFO  Train:   12/40 ( 30%) [ 598/1241 ( 48%)]  Loss: 0.4948 (0.600)  LR: 2.503e-03  Time cost: 01:57/02:06 [47:06/1:56:00]  Acc_iter 14250       Data time: 0.00(0.00)  Forward time: 0.19(0.19)  Batch time: 0.19(0.20)
2026-09-29 14:12:04,228   INFO  
2026-09-29 14:12:13,842   INFO  Train:   12/40 ( 30%) [ 648/1241 ( 52%)]  Loss: 0.5481 (0.597)  LR: 2.511e-03  Time cost: 02:07/01:56 [47:16/1:55:43]  Acc_iter 14300       Data time: 0.00(0.00)  Forward time: 0.20(0.19)  Batch time: 0.20(0.20)
2026-09-29 14:12:23,508   INFO  Train:   12/40 ( 30%) [ 698/1241 ( 56%)]  Loss: 0.6006 (0.595)  LR: 2.519e-03  Time cost: 02:17/01:46 [47:25/1:55:26]  Acc_iter 14350       Data time: 0.00(0.00)  Forward time: 0.20(0.19)  Batch time: 0.21(0.20)
2026-09-29 14:12:33,237   INFO  Train:   12/40 ( 30%) [ 748/1241 ( 60%)]  Loss: 0.5684 (0.593)  LR: 2.527e-03  Time cost: 02:26/01:36 [47:35/1:55:12]  Acc_iter 14400       Data time: 0.00(0.00)  Forward time: 0.19(0.19)  Batch time: 0.20(0.20)
2026-09-29 14:12:33,327   INFO  
2026-09-29 14:12:42,972   INFO  Train:   12/40 ( 30%) [ 798/1241 ( 64%)]  Loss: 0.4980 (0.595)  LR: 2.535e-03  Time cost: 02:36/01:26 [47:45/1:54:59]  Acc_iter 14450       Data time: 0.00(0.00)  Forward time: 0.18(0.19)  Batch time: 0.19(0.20)
2026-09-29 14:12:52,657   INFO  Train:   12/40 ( 30%) [ 848/1241 ( 68%)]  Loss: 0.5749 (0.595)  LR: 2.543e-03  Time cost: 02:46/01:16 [47:54/1:54:44]  Acc_iter 14500       Data time: 0.00(0.00)  Forward time: 0.20(0.19)  Batch time: 0.20(0.20)
2026-09-29 14:13:02,399   INFO  Train:   12/40 ( 30%) [ 898/1241 ( 72%)]  Loss: 0.5758 (0.594)  LR: 2.551e-03  Time cost: 02:56/01:07 [48:04/1:54:32]  Acc_iter 14550       Data time: 0.00(0.00)  Forward time: 0.19(0.19)  Batch time: 0.19(0.20)
2026-09-29 14:13:02,534   INFO  
2026-09-29 14:13:12,332   INFO  Train:   12/40 ( 30%) [ 948/1241 ( 76%)]  Loss: 0.5403 (0.593)  LR: 2.559e-03  Time cost: 03:06/00:57 [48:14/1:54:28]  Acc_iter 14600       Data time: 0.00(0.00)  Forward time: 0.19(0.19)  Batch time: 0.19(0.20)
2026-09-29 14:13:21,967   INFO  Train:   12/40 ( 30%) [ 998/1241 ( 80%)]  Loss: 0.6616 (0.593)  LR: 2.567e-03  Time cost: 03:15/00:47 [48:24/1:54:12]  Acc_iter 14650       Data time: 0.00(0.00)  Forward time: 0.22(0.19)  Batch time: 0.22(0.20)
2026-09-29 14:13:31,636   INFO  Train:   12/40 ( 30%) [1048/1241 ( 84%)]  Loss: 0.6063 (0.594)  LR: 2.575e-03  Time cost: 03:25/00:37 [48:33/1:53:58]  Acc_iter 14700       Data time: 0.00(0.00)  Forward time: 0.18(0.19)  Batch time: 0.19(0.20)
2026-09-29 14:13:31,719   INFO  
2026-09-29 14:13:41,535   INFO  Train:   12/40 ( 30%) [1098/1241 ( 88%)]  Loss: 0.6560 (0.593)  LR: 2.583e-03  Time cost: 03:35/00:28 [48:43/1:53:52]  Acc_iter 14750       Data time: 0.00(0.00)  Forward time: 0.20(0.19)  Batch time: 0.20(0.20)
2026-09-29 14:13:51,207   INFO  Train:   12/40 ( 30%) [1148/1241 ( 93%)]  Loss: 0.6122 (0.592)  LR: 2.590e-03  Time cost: 03:44/00:18 [48:53/1:53:39]  Acc_iter 14800       Data time: 0.00(0.00)  Forward time: 0.18(0.19)  Batch time: 0.18(0.20)
2026-09-29 14:14:00,872   INFO  Train:   12/40 ( 30%) [1198/1241 ( 97%)]  Loss: 0.7528 (0.592)  LR: 2.598e-03  Time cost: 03:54/00:08 [49:03/1:53:25]  Acc_iter 14850       Data time: 0.00(0.00)  Forward time: 0.20(0.19)  Batch time: 0.20(0.20)
2026-09-29 14:14:00,968   INFO  
2026-09-29 14:14:08,939   INFO  Train:   12/40 ( 30%) [1240/1241 (100%)]  Loss: 0.6947 (0.592)  LR: 2.604e-03  Time cost: 04:02/00:00 [49:11/1:53:13]  Acc_iter 14892       Data time: 0.00(0.00)  Forward time: 0.06(0.19)  Batch time: 0.06(0.20)
2026-09-29 14:14:10,005   INFO  Train:   13/40 ( 32%) [   0/1241 (  0%)]  Loss: 0.5702 (0.570)  LR: 2.605e-03  Time cost: 00:00/17:06 [49:12/7:58:54]  Acc_iter 14893       Data time: 0.56(0.56)  Forward time: 0.27(0.27)  Batch time: 0.83(0.83)
2026-09-29 14:14:11,384   INFO  Train:   13/40 ( 32%) [   7/1241 (  1%)]  Loss: 0.7551 (0.575)  LR: 2.606e-03  Time cost: 00:02/05:40 [49:13/2:39:41]  Acc_iter 14900       Data time: 0.00(0.07)  Forward time: 0.20(0.20)  Batch time: 0.20(0.28)
2026-09-29 14:14:21,190   INFO  Train:   13/40 ( 32%) [  57/1241 (  5%)]  Loss: 0.5631 (0.596)  LR: 2.613e-03  Time cost: 00:12/04:05 [49:23/1:59:44]  Acc_iter 14950       Data time: 0.00(0.01)  Forward time: 0.18(0.20)  Batch time: 0.18(0.21)
2026-09-29 14:14:31,010   INFO  Train:   13/40 ( 32%) [ 107/1241 (  9%)]  Loss: 0.5189 (0.588)  LR: 2.621e-03  Time cost: 00:21/03:49 [49:33/1:56:42]  Acc_iter 15000       Data time: 0.00(0.01)  Forward time: 0.18(0.20)  Batch time: 0.19(0.20)
2026-09-29 14:14:31,075   INFO  
2026-09-29 14:14:40,854   INFO  Train:   13/40 ( 32%) [ 157/1241 ( 13%)]  Loss: 0.5503 (0.580)  LR: 2.628e-03  Time cost: 00:31/03:37 [49:43/1:55:34]  Acc_iter 15050       Data time: 0.00(0.01)  Forward time: 0.21(0.19)  Batch time: 0.21(0.20)
2026-09-29 14:14:50,593   INFO  Train:   13/40 ( 32%) [ 207/1241 ( 17%)]  Loss: 0.6203 (0.580)  LR: 2.635e-03  Time cost: 00:41/03:25 [49:52/1:54:37]  Acc_iter 15100       Data time: 0.00(0.00)  Forward time: 0.18(0.19)  Batch time: 0.18(0.20)
2026-09-29 14:15:00,145   INFO  Train:   13/40 ( 32%) [ 257/1241 ( 21%)]  Loss: 0.7057 (0.580)  LR: 2.643e-03  Time cost: 00:50/03:14 [50:02/1:53:33]  Acc_iter 15150       Data time: 0.00(0.00)  Forward time: 0.18(0.19)  Batch time: 0.18(0.20)
2026-09-29 14:15:00,206   INFO  
2026-09-29 14:15:09,636   INFO  Train:   13/40 ( 32%) [ 307/1241 ( 25%)]  Loss: 0.4754 (0.578)  LR: 2.650e-03  Time cost: 01:00/03:03 [50:11/1:52:40]  Acc_iter 15200       Data time: 0.00(0.00)  Forward time: 0.18(0.19)  Batch time: 0.19(0.20)
2026-09-29 14:15:19,202   INFO  Train:   13/40 ( 32%) [ 357/1241 ( 29%)]  Loss: 0.4454 (0.575)  LR: 2.657e-03  Time cost: 01:10/02:52 [50:21/1:52:06]  Acc_iter 15250       Data time: 0.00(0.00)  Forward time: 0.18(0.19)  Batch time: 0.18(0.20)
2026-09-29 14:15:28,703   INFO  Train:   13/40 ( 32%) [ 407/1241 ( 33%)]  Loss: 0.5119 (0.575)  LR: 2.664e-03  Time cost: 01:19/02:42 [50:30/1:51:33]  Acc_iter 15300       Data time: 0.00(0.00)  Forward time: 0.17(0.19)  Batch time: 0.17(0.19)
2026-09-29 14:15:28,771   INFO  
2026-09-29 14:15:38,418   INFO  Train:   13/40 ( 32%) [ 457/1241 ( 37%)]  Loss: 0.7447 (0.572)  LR: 2.671e-03  Time cost: 01:29/02:32 [50:40/1:51:21]  Acc_iter 15350       Data time: 0.00(0.00)  Forward time: 0.19(0.19)  Batch time: 0.19(0.19)
2026-09-29 14:15:47,986   INFO  Train:   13/40 ( 32%) [ 507/1241 ( 41%)]  Loss: 0.6402 (0.572)  LR: 2.678e-03  Time cost: 01:38/02:22 [50:50/1:51:00]  Acc_iter 15400       Data time: 0.00(0.00)  Forward time: 0.21(0.19)  Batch time: 0.22(0.19)
2026-09-29 14:15:57,575   INFO  Train:   13/40 ( 32%) [ 557/1241 ( 45%)]  Loss: 0.5569 (0.574)  LR: 2.685e-03  Time cost: 01:48/02:12 [50:59/1:50:41]  Acc_iter 15450       Data time: 0.00(0.00)  Forward time: 0.19(0.19)  Batch time: 0.19(0.19)
2026-09-29 14:15:57,635   INFO  
2026-09-29 14:16:07,183   INFO  Train:   13/40 ( 32%) [ 607/1241 ( 49%)]  Loss: 0.5459 (0.573)  LR: 2.692e-03  Time cost: 01:58/02:03 [51:09/1:50:26]  Acc_iter 15500       Data time: 0.00(0.00)  Forward time: 0.19(0.19)  Batch time: 0.19(0.19)
2026-09-29 14:16:16,744   INFO  Train:   13/40 ( 32%) [ 657/1241 ( 53%)]  Loss: 0.5618 (0.573)  LR: 2.698e-03  Time cost: 02:07/01:53 [51:18/1:50:09]  Acc_iter 15550       Data time: 0.00(0.00)  Forward time: 0.21(0.19)  Batch time: 0.21(0.19)
2026-09-29 14:16:26,340   INFO  Train:   13/40 ( 32%) [ 707/1241 ( 57%)]  Loss: 0.6852 (0.572)  LR: 2.705e-03  Time cost: 02:17/01:43 [51:28/1:49:54]  Acc_iter 15600       Data time: 0.00(0.00)  Forward time: 0.18(0.19)  Batch time: 0.18(0.19)
2026-09-29 14:16:26,428   INFO  
2026-09-29 14:16:36,479   INFO  Train:   13/40 ( 32%) [ 757/1241 ( 61%)]  Loss: 0.6434 (0.573)  LR: 2.712e-03  Time cost: 02:27/01:34 [51:38/1:50:05]  Acc_iter 15650       Data time: 0.00(0.00)  Forward time: 0.19(0.19)  Batch time: 0.19(0.19)
2026-09-29 14:16:46,026   INFO  Train:   13/40 ( 32%) [ 807/1241 ( 65%)]  Loss: 0.4990 (0.571)  LR: 2.718e-03  Time cost: 02:36/01:24 [51:48/1:49:48]  Acc_iter 15700       Data time: 0.00(0.00)  Forward time: 0.21(0.19)  Batch time: 0.21(0.19)
2026-09-29 14:16:55,894   INFO  Train:   13/40 ( 32%) [ 857/1241 ( 69%)]  Loss: 3.392 (0.574)  LR: 2.725e-03  Time cost: 02:46/01:14 [51:58/1:49:45]  Acc_iter 15750       Data time: 0.00(0.00)  Forward time: 0.21(0.19)  Batch time: 0.21(0.19)
2026-09-29 14:16:55,992   INFO  
2026-09-29 14:17:05,917   INFO  Train:   13/40 ( 32%) [ 907/1241 ( 73%)]  Loss: 0.4646 (0.573)  LR: 2.731e-03  Time cost: 02:56/01:05 [52:08/1:49:47]  Acc_iter 15800       Data time: 0.00(0.00)  Forward time: 0.18(0.19)  Batch time: 0.18(0.19)
2026-09-29 14:17:15,575   INFO  Train:   13/40 ( 32%) [ 957/1241 ( 77%)]  Loss: 0.5565 (0.573)  LR: 2.738e-03  Time cost: 03:06/00:55 [52:17/1:49:34]  Acc_iter 15850       Data time: 0.00(0.00)  Forward time: 0.19(0.19)  Batch time: 0.19(0.19)
2026-09-29 14:17:25,486   INFO  Train:   13/40 ( 32%) [1007/1241 ( 81%)]  Loss: 0.4501 (0.573)  LR: 2.744e-03  Time cost: 03:16/00:45 [52:27/1:49:31]  Acc_iter 15900       Data time: 0.00(0.00)  Forward time: 0.23(0.19)  Batch time: 0.23(0.19)
2026-09-29 14:17:25,575   INFO  
2026-09-29 14:17:35,403   INFO  Train:   13/40 ( 32%) [1057/1241 ( 85%)]  Loss: 0.5292 (0.574)  LR: 2.750e-03  Time cost: 03:26/00:35 [52:37/1:49:27]  Acc_iter 15950       Data time: 0.00(0.00)  Forward time: 0.18(0.19)  Batch time: 0.18(0.19)
2026-09-29 14:17:45,177   INFO  Train:   13/40 ( 32%) [1107/1241 ( 89%)]  Loss: 0.5179 (0.573)  LR: 2.756e-03  Time cost: 03:35/00:26 [52:47/1:49:18]  Acc_iter 16000       Data time: 0.00(0.00)  Forward time: 0.18(0.19)  Batch time: 0.19(0.19)
2026-09-29 14:17:54,937   INFO  Train:   13/40 ( 32%) [1157/1241 ( 93%)]  Loss: 1.082 (0.573)  LR: 2.762e-03  Time cost: 03:45/00:16 [52:57/1:49:08]  Acc_iter 16050       Data time: 0.00(0.00)  Forward time: 0.18(0.19)  Batch time: 0.18(0.19)
2026-09-29 14:17:55,028   INFO  
2026-09-29 14:18:04,949   INFO  Train:   13/40 ( 32%) [1207/1241 ( 97%)]  Loss: 0.4550 (0.573)  LR: 2.768e-03  Time cost: 03:55/00:06 [53:07/1:49:06]  Acc_iter 16100       Data time: 0.00(0.00)  Forward time: 0.20(0.19)  Batch time: 0.20(0.20)
2026-09-29 14:18:11,232   INFO  Train:   13/40 ( 32%) [1240/1241 (100%)]  Loss: 1.120 (0.573)  LR: 2.772e-03  Time cost: 04:02/00:00 [53:13/1:48:55]  Acc_iter 16133       Data time: 0.00(0.00)  Forward time: 0.06(0.19)  Batch time: 0.06(0.20)
2026-09-29 14:18:12,470   INFO  Train:   14/40 ( 35%) [   0/1241 (  0%)]  Loss: 0.7524 (0.752)  LR: 2.772e-03  Time cost: 00:00/18:09 [53:14/8:10:08]  Acc_iter 16134       Data time: 0.59(0.59)  Forward time: 0.28(0.28)  Batch time: 0.88(0.88)
2026-09-29 14:18:15,531   INFO  Train:   14/40 ( 35%) [  16/1241 (  1%)]  Loss: 0.5606 (0.581)  LR: 2.774e-03  Time cost: 00:03/04:43 [53:17/2:09:18]  Acc_iter 16150       Data time: 0.00(0.04)  Forward time: 0.19(0.20)  Batch time: 0.19(0.23)
2026-09-29 14:18:25,111   INFO  Train:   14/40 ( 35%) [  66/1241 (  5%)]  Loss: 0.6099 (0.567)  LR: 2.780e-03  Time cost: 00:13/03:57 [53:27/1:52:27]  Acc_iter 16200       Data time: 0.00(0.01)  Forward time: 0.19(0.19)  Batch time: 0.20(0.20)
2026-09-29 14:18:25,263   INFO  
2026-09-29 14:18:34,847   INFO  Train:   14/40 ( 35%) [ 116/1241 (  9%)]  Loss: 0.5214 (0.572)  LR: 2.786e-03  Time cost: 00:23/03:43 [53:37/1:50:36]  Acc_iter 16250       Data time: 0.00(0.01)  Forward time: 0.20(0.19)  Batch time: 0.21(0.20)
2026-09-29 14:18:44,353   INFO  Train:   14/40 ( 35%) [ 166/1241 ( 13%)]  Loss: 0.5478 (0.581)  LR: 2.792e-03  Time cost: 00:32/03:30 [53:46/1:49:00]  Acc_iter 16300       Data time: 0.00(0.01)  Forward time: 0.18(0.19)  Batch time: 0.18(0.20)
2026-09-29 14:18:54,162   INFO  Train:   14/40 ( 35%) [ 216/1241 ( 17%)]  Loss: 1.031 (0.578)  LR: 2.797e-03  Time cost: 00:42/03:21 [53:56/1:48:50]  Acc_iter 16350       Data time: 0.00(0.01)  Forward time: 0.19(0.19)  Batch time: 0.19(0.20)
2026-09-29 14:18:54,230   INFO  
2026-09-29 14:19:03,894   INFO  Train:   14/40 ( 35%) [ 266/1241 ( 21%)]  Loss: 0.6247 (0.584)  LR: 2.803e-03  Time cost: 00:52/03:10 [54:06/1:48:31]  Acc_iter 16400       Data time: 0.00(0.00)  Forward time: 0.19(0.19)  Batch time: 0.19(0.20)
2026-09-29 14:19:13,445   INFO  Train:   14/40 ( 35%) [ 316/1241 ( 25%)]  Loss: 0.6115 (0.584)  LR: 2.809e-03  Time cost: 01:01/03:00 [54:15/1:47:56]  Acc_iter 16450       Data time: 0.00(0.00)  Forward time: 0.21(0.19)  Batch time: 0.21(0.20)
2026-09-29 14:19:22,927   INFO  Train:   14/40 ( 35%) [ 366/1241 ( 29%)]  Loss: 0.4943 (0.579)  LR: 2.814e-03  Time cost: 01:11/02:50 [54:25/1:47:21]  Acc_iter 16500       Data time: 0.00(0.00)  Forward time: 0.18(0.19)  Batch time: 0.18(0.19)
2026-09-29 14:19:23,011   INFO  
2026-09-29 14:19:32,605   INFO  Train:   14/40 ( 35%) [ 416/1241 ( 34%)]  Loss: 0.5475 (0.576)  LR: 2.819e-03  Time cost: 01:21/02:40 [54:34/1:47:08]  Acc_iter 16550       Data time: 0.00(0.00)  Forward time: 0.19(0.19)  Batch time: 0.19(0.19)
2026-09-29 14:19:42,254   INFO  Train:   14/40 ( 35%) [ 466/1241 ( 38%)]  Loss: 0.5469 (0.573)  LR: 2.825e-03  Time cost: 01:30/02:30 [54:44/1:46:54]  Acc_iter 16600       Data time: 0.00(0.00)  Forward time: 0.19(0.19)  Batch time: 0.19(0.19)
2026-09-29 14:19:51,853   INFO  Train:   14/40 ( 35%) [ 516/1241 ( 42%)]  Loss: 0.5006 (0.571)  LR: 2.830e-03  Time cost: 01:40/02:20 [54:54/1:46:37]  Acc_iter 16650       Data time: 0.00(0.00)  Forward time: 0.21(0.19)  Batch time: 0.21(0.19)
2026-09-29 14:19:51,937   INFO  
2026-09-29 14:20:01,388   INFO  Train:   14/40 ( 35%) [ 566/1241 ( 46%)]  Loss: 0.4911 (0.569)  LR: 2.835e-03  Time cost: 01:49/02:10 [55:03/1:46:18]  Acc_iter 16700       Data time: 0.00(0.00)  Forward time: 0.17(0.19)  Batch time: 0.18(0.19)
2026-09-29 14:20:11,091   INFO  Train:   14/40 ( 35%) [ 616/1241 ( 50%)]  Loss: 0.8083 (0.569)  LR: 2.840e-03  Time cost: 01:59/02:01 [55:13/1:46:10]  Acc_iter 16750       Data time: 0.00(0.00)  Forward time: 0.24(0.19)  Batch time: 0.24(0.19)
2026-09-29 14:20:20,827   INFO  Train:   14/40 ( 35%) [ 666/1241 ( 54%)]  Loss: 0.5119 (0.568)  LR: 2.845e-03  Time cost: 02:09/01:51 [55:23/1:46:03]  Acc_iter 16800       Data time: 0.00(0.00)  Forward time: 0.18(0.19)  Batch time: 0.18(0.19)
2026-09-29 14:20:20,913   INFO  
2026-09-29 14:20:30,565   INFO  Train:   14/40 ( 35%) [ 716/1241 ( 58%)]  Loss: 0.4343 (0.567)  LR: 2.850e-03  Time cost: 02:18/01:41 [55:32/1:45:55]  Acc_iter 16850       Data time: 0.00(0.00)  Forward time: 0.19(0.19)  Batch time: 0.19(0.19)
2026-09-29 14:20:40,302   INFO  Train:   14/40 ( 35%) [ 766/1241 ( 62%)]  Loss: 0.5870 (0.566)  LR: 2.855e-03  Time cost: 02:28/01:32 [55:42/1:45:47]  Acc_iter 16900       Data time: 0.00(0.00)  Forward time: 0.18(0.19)  Batch time: 0.18(0.19)
2026-09-29 14:20:49,906   INFO  Train:   14/40 ( 35%) [ 816/1241 ( 66%)]  Loss: 0.4603 (0.566)  LR: 2.860e-03  Time cost: 02:38/01:22 [55:52/1:45:34]  Acc_iter 16950       Data time: 0.00(0.00)  Forward time: 0.18(0.19)  Batch time: 0.18(0.19)
2026-09-29 14:20:49,988   INFO  
2026-09-29 14:20:59,564   INFO  Train:   14/40 ( 35%) [ 866/1241 ( 70%)]  Loss: 0.6865 (0.566)  LR: 2.864e-03  Time cost: 02:47/01:12 [56:01/1:45:23]  Acc_iter 17000       Data time: 0.00(0.00)  Forward time: 0.19(0.19)  Batch time: 0.19(0.19)
2026-09-29 14:21:09,093   INFO  Train:   14/40 ( 35%) [ 916/1241 ( 74%)]  Loss: 0.6061 (0.565)  LR: 2.869e-03  Time cost: 02:57/01:02 [56:11/1:45:08]  Acc_iter 17050       Data time: 0.00(0.00)  Forward time: 0.19(0.19)  Batch time: 0.19(0.19)
2026-09-29 14:21:18,686   INFO  Train:   14/40 ( 35%) [ 966/1241 ( 78%)]  Loss: 0.6076 (0.567)  LR: 2.874e-03  Time cost: 03:07/00:53 [56:20/1:44:55]  Acc_iter 17100       Data time: 0.00(0.00)  Forward time: 0.19(0.19)  Batch time: 0.19(0.19)
2026-09-29 14:21:18,764   INFO  
2026-09-29 14:21:28,457   INFO  Train:   14/40 ( 35%) [1016/1241 ( 82%)]  Loss: 0.4767 (0.566)  LR: 2.878e-03  Time cost: 03:16/00:43 [56:30/1:44:49]  Acc_iter 17150       Data time: 0.00(0.00)  Forward time: 0.18(0.19)  Batch time: 0.18(0.19)
2026-09-29 14:21:38,065   INFO  Train:   14/40 ( 35%) [1066/1241 ( 86%)]  Loss: 0.7680 (0.566)  LR: 2.882e-03  Time cost: 03:26/00:33 [56:40/1:44:37]  Acc_iter 17200       Data time: 0.00(0.00)  Forward time: 0.19(0.19)  Batch time: 0.19(0.19)
2026-09-29 14:21:47,756   INFO  Train:   14/40 ( 35%) [1116/1241 ( 90%)]  Loss: 0.6147 (0.564)  LR: 2.887e-03  Time cost: 03:36/00:24 [56:49/1:44:28]  Acc_iter 17250       Data time: 0.00(0.00)  Forward time: 0.19(0.19)  Batch time: 0.19(0.19)
2026-09-29 14:21:47,862   INFO  
2026-09-29 14:21:57,629   INFO  Train:   14/40 ( 35%) [1166/1241 ( 94%)]  Loss: 0.5473 (0.564)  LR: 2.891e-03  Time cost: 03:46/00:14 [56:59/1:44:24]  Acc_iter 17300       Data time: 0.00(0.00)  Forward time: 0.20(0.19)  Batch time: 0.20(0.19)
2026-09-29 14:22:07,352   INFO  Train:   14/40 ( 35%) [1216/1241 ( 98%)]  Loss: 0.5563 (0.563)  LR: 2.895e-03  Time cost: 03:55/00:04 [57:09/1:44:15]  Acc_iter 17350       Data time: 0.00(0.00)  Forward time: 0.20(0.19)  Batch time: 0.20(0.19)
2026-09-29 14:22:11,878   INFO  Train:   14/40 ( 35%) [1240/1241 (100%)]  Loss: 0.4873 (0.563)  LR: 2.897e-03  Time cost: 04:00/00:00 [57:14/1:44:07]  Acc_iter 17374       Data time: 0.00(0.00)  Forward time: 0.06(0.19)  Batch time: 0.06(0.19)
2026-09-29 14:22:13,446   INFO  Train:   15/40 ( 38%) [   0/1241 (  0%)]  Loss: 0.6741 (0.674)  LR: 2.897e-03  Time cost: 00:01/24:24 [57:15/10:34:37]  Acc_iter 17375       Data time: 0.92(0.92)  Forward time: 0.26(0.26)  Batch time: 1.18(1.18)
2026-09-29 14:22:18,618   INFO  Train:   15/40 ( 38%) [  25/1241 (  2%)]  Loss: 0.6280 (0.588)  LR: 2.899e-03  Time cost: 00:06/04:57 [57:20/2:11:15]  Acc_iter 17400       Data time: 0.00(0.04)  Forward time: 0.19(0.21)  Batch time: 0.19(0.24)
2026-09-29 14:22:18,798   INFO  
2026-09-29 14:22:28,731   INFO  Train:   15/40 ( 38%) [  75/1241 (  6%)]  Loss: 0.4242 (0.548)  LR: 2.903e-03  Time cost: 00:16/04:12 [57:30/1:56:13]  Acc_iter 17450       Data time: 0.00(0.02)  Forward time: 0.17(0.20)  Batch time: 0.17(0.22)
2026-09-29 14:22:38,516   INFO  Train:   15/40 ( 38%) [ 125/1241 ( 10%)]  Loss: 0.5241 (0.542)  LR: 2.907e-03  Time cost: 00:26/03:52 [57:40/1:51:35]  Acc_iter 17500       Data time: 0.00(0.01)  Forward time: 0.19(0.20)  Batch time: 0.19(0.21)
2026-09-29 14:22:48,072   INFO  Train:   15/40 ( 38%) [ 175/1241 ( 14%)]  Loss: 0.5033 (0.548)  LR: 2.911e-03  Time cost: 00:35/03:36 [57:50/1:48:48]  Acc_iter 17550       Data time: 0.00(0.01)  Forward time: 0.18(0.20)  Batch time: 0.18(0.20)
2026-09-29 14:22:48,162   INFO  
2026-09-29 14:22:57,652   INFO  Train:   15/40 ( 38%) [ 225/1241 ( 18%)]  Loss: 0.6705 (0.549)  LR: 2.915e-03  Time cost: 00:45/03:24 [57:59/1:47:14]  Acc_iter 17600       Data time: 0.00(0.01)  Forward time: 0.19(0.19)  Batch time: 0.19(0.20)
2026-09-29 14:23:07,150   INFO  Train:   15/40 ( 38%) [ 275/1241 ( 22%)]  Loss: 0.6579 (0.549)  LR: 2.919e-03  Time cost: 00:54/03:12 [58:09/1:46:01]  Acc_iter 17650       Data time: 0.00(0.01)  Forward time: 0.18(0.19)  Batch time: 0.18(0.20)
2026-09-29 14:23:16,784   INFO  Train:   15/40 ( 38%) [ 325/1241 ( 26%)]  Loss: 0.4943 (0.549)  LR: 2.922e-03  Time cost: 01:04/03:01 [58:18/1:45:21]  Acc_iter 17700       Data time: 0.00(0.01)  Forward time: 0.20(0.19)  Batch time: 0.20(0.20)
2026-09-29 14:23:16,995   INFO  
2026-09-29 14:23:26,661   INFO  Train:   15/40 ( 38%) [ 375/1241 ( 30%)]  Loss: 0.4190 (0.550)  LR: 2.926e-03  Time cost: 01:14/02:51 [58:28/1:45:09]  Acc_iter 17750       Data time: 0.00(0.01)  Forward time: 0.19(0.19)  Batch time: 0.19(0.20)
2026-09-29 14:23:36,067   INFO  Train:   15/40 ( 38%) [ 425/1241 ( 34%)]  Loss: 0.4982 (0.550)  LR: 2.929e-03  Time cost: 01:23/02:40 [58:38/1:44:23]  Acc_iter 17800       Data time: 0.00(0.01)  Forward time: 0.20(0.19)  Batch time: 0.20(0.20)
2026-09-29 14:23:45,529   INFO  Train:   15/40 ( 38%) [ 475/1241 ( 38%)]  Loss: 0.4861 (0.549)  LR: 2.933e-03  Time cost: 01:33/02:30 [58:47/1:43:48]  Acc_iter 17850       Data time: 0.00(0.00)  Forward time: 0.17(0.19)  Batch time: 0.17(0.20)
2026-09-29 14:23:45,610   INFO  
2026-09-29 14:23:55,157   INFO  Train:   15/40 ( 38%) [ 525/1241 ( 42%)]  Loss: 0.3994 (0.550)  LR: 2.936e-03  Time cost: 01:42/02:20 [58:57/1:43:28]  Acc_iter 17900       Data time: 0.00(0.00)  Forward time: 0.19(0.19)  Batch time: 0.19(0.20)
2026-09-29 14:24:04,627   INFO  Train:   15/40 ( 38%) [ 575/1241 ( 46%)]  Loss: 0.6225 (0.549)  LR: 2.939e-03  Time cost: 01:52/02:09 [59:06/1:43:01]  Acc_iter 17950       Data time: 0.00(0.00)  Forward time: 0.19(0.19)  Batch time: 0.19(0.20)
2026-09-29 14:24:14,382   INFO  Train:   15/40 ( 38%) [ 625/1241 ( 50%)]  Loss: 0.5502 (0.549)  LR: 2.942e-03  Time cost: 02:02/02:00 [59:16/1:42:52]  Acc_iter 18000       Data time: 0.00(0.00)  Forward time: 0.19(0.19)  Batch time: 0.19(0.20)
2026-09-29 14:24:14,469   INFO  
2026-09-29 14:24:24,064   INFO  Train:   15/40 ( 38%) [ 675/1241 ( 54%)]  Loss: 0.6352 (0.549)  LR: 2.945e-03  Time cost: 02:11/01:50 [59:26/1:42:39]  Acc_iter 18050       Data time: 0.00(0.00)  Forward time: 0.19(0.19)  Batch time: 0.19(0.19)
2026-09-29 14:24:33,591   INFO  Train:   15/40 ( 38%) [ 725/1241 ( 58%)]  Loss: 0.6296 (0.551)  LR: 2.948e-03  Time cost: 02:21/01:40 [59:35/1:42:19]  Acc_iter 18100       Data time: 0.00(0.00)  Forward time: 0.20(0.19)  Batch time: 0.20(0.19)
2026-09-29 14:24:43,312   INFO  Train:   15/40 ( 38%) [ 775/1241 ( 62%)]  Loss: 0.5072 (0.553)  LR: 2.951e-03  Time cost: 02:31/01:30 [59:45/1:42:09]  Acc_iter 18150       Data time: 0.00(0.00)  Forward time: 0.19(0.19)  Batch time: 0.19(0.19)
2026-09-29 14:24:43,383   INFO  
2026-09-29 14:24:52,957   INFO  Train:   15/40 ( 38%) [ 825/1241 ( 66%)]  Loss: 0.4262 (0.552)  LR: 2.954e-03  Time cost: 02:40/01:20 [59:55/1:41:56]  Acc_iter 18200       Data time: 0.00(0.00)  Forward time: 0.20(0.19)  Batch time: 0.20(0.19)
2026-09-29 14:25:02,638   INFO  Train:   15/40 ( 38%) [ 875/1241 ( 71%)]  Loss: 0.6093 (0.554)  LR: 2.957e-03  Time cost: 02:50/01:11 [1:00:04/1:41:45]  Acc_iter 18250       Data time: 0.00(0.00)  Forward time: 0.19(0.19)  Batch time: 0.19(0.19)
2026-09-29 14:25:12,180   INFO  Train:   15/40 ( 38%) [ 925/1241 ( 75%)]  Loss: 0.9053 (0.553)  LR: 2.959e-03  Time cost: 02:59/01:01 [1:00:14/1:41:29]  Acc_iter 18300       Data time: 0.00(0.00)  Forward time: 0.19(0.19)  Batch time: 0.19(0.19)
2026-09-29 14:25:12,287   INFO  
2026-09-29 14:25:22,064   INFO  Train:   15/40 ( 38%) [ 975/1241 ( 79%)]  Loss: 0.6633 (0.552)  LR: 2.962e-03  Time cost: 03:09/00:51 [1:00:24/1:41:25]  Acc_iter 18350       Data time: 0.00(0.00)  Forward time: 0.20(0.19)  Batch time: 0.20(0.19)
2026-09-29 14:25:31,827   INFO  Train:   15/40 ( 38%) [1025/1241 ( 83%)]  Loss: 0.4724 (0.552)  LR: 2.964e-03  Time cost: 03:19/00:42 [1:00:34/1:41:16]  Acc_iter 18400       Data time: 0.00(0.00)  Forward time: 0.18(0.19)  Batch time: 0.18(0.19)
2026-09-29 14:25:41,555   INFO  Train:   15/40 ( 38%) [1075/1241 ( 87%)]  Loss: 0.5162 (0.551)  LR: 2.967e-03  Time cost: 03:29/00:32 [1:00:43/1:41:06]  Acc_iter 18450       Data time: 0.00(0.00)  Forward time: 0.19(0.19)  Batch time: 0.20(0.19)
2026-09-29 14:25:41,635   INFO  
2026-09-29 14:25:51,387   INFO  Train:   15/40 ( 38%) [1125/1241 ( 91%)]  Loss: 0.4466 (0.551)  LR: 2.969e-03  Time cost: 03:39/00:22 [1:00:53/1:41:00]  Acc_iter 18500       Data time: 0.00(0.00)  Forward time: 0.20(0.19)  Batch time: 0.20(0.19)
2026-09-29 14:26:01,384   INFO  Train:   15/40 ( 38%) [1175/1241 ( 95%)]  Loss: 0.5001 (0.552)  LR: 2.971e-03  Time cost: 03:49/00:12 [1:01:03/1:40:57]  Acc_iter 18550       Data time: 0.00(0.00)  Forward time: 0.21(0.19)  Batch time: 0.21(0.19)
2026-09-29 14:26:11,226   INFO  Train:   15/40 ( 38%) [1225/1241 ( 99%)]  Loss: 0.5059 (0.552)  LR: 2.973e-03  Time cost: 03:58/00:03 [1:01:13/1:40:50]  Acc_iter 18600       Data time: 0.00(0.00)  Forward time: 0.18(0.19)  Batch time: 0.18(0.19)
2026-09-29 14:26:11,337   INFO  
2026-09-29 14:26:14,061   INFO  Train:   15/40 ( 38%) [1240/1241 (100%)]  Loss: 0.3649 (0.552)  LR: 2.974e-03  Time cost: 04:01/00:00 [1:01:16/1:40:45]  Acc_iter 18615       Data time: 0.00(0.00)  Forward time: 0.06(0.19)  Batch time: 0.06(0.19)
2026-09-29 14:26:15,258   INFO  Train:   16/40 ( 40%) [   0/1241 (  0%)]  Loss: 0.4388 (0.439)  LR: 2.974e-03  Time cost: 00:00/20:02 [1:01:17/8:21:10]  Acc_iter 18616       Data time: 0.68(0.68)  Forward time: 0.29(0.29)  Batch time: 0.97(0.97)
2026-09-29 14:26:21,891   INFO  Train:   16/40 ( 40%) [  34/1241 (  3%)]  Loss: 0.4830 (0.534)  LR: 2.975e-03  Time cost: 00:07/04:22 [1:01:24/1:52:11]  Acc_iter 18650       Data time: 0.00(0.02)  Forward time: 0.20(0.20)  Batch time: 0.20(0.22)
2026-09-29 14:26:31,707   INFO  Train:   16/40 ( 40%) [  84/1241 (  7%)]  Loss: 0.5101 (0.541)  LR: 2.977e-03  Time cost: 00:17/03:57 [1:01:33/1:45:40]  Acc_iter 18700       Data time: 0.00(0.01)  Forward time: 0.21(0.20)  Batch time: 0.21(0.20)
2026-09-29 14:26:41,179   INFO  Train:   16/40 ( 40%) [ 134/1241 ( 11%)]  Loss: 0.4270 (0.536)  LR: 2.979e-03  Time cost: 00:26/03:40 [1:01:43/1:42:33]  Acc_iter 18750       Data time: 0.00(0.01)  Forward time: 0.19(0.19)  Batch time: 0.19(0.20)
2026-09-29 14:26:41,273   INFO  
2026-09-29 14:26:50,994   INFO  Train:   16/40 ( 40%) [ 184/1241 ( 15%)]  Loss: 0.5035 (0.531)  LR: 2.981e-03  Time cost: 00:36/03:29 [1:01:53/1:41:59]  Acc_iter 18800       Data time: 0.00(0.01)  Forward time: 0.21(0.19)  Batch time: 0.21(0.20)
2026-09-29 14:27:00,522   INFO  Train:   16/40 ( 40%) [ 234/1241 ( 19%)]  Loss: 0.7512 (0.533)  LR: 2.983e-03  Time cost: 00:46/03:18 [1:02:02/1:40:57]  Acc_iter 18850       Data time: 0.00(0.01)  Forward time: 0.18(0.19)  Batch time: 0.18(0.20)
2026-09-29 14:27:10,209   INFO  Train:   16/40 ( 40%) [ 284/1241 ( 23%)]  Loss: 0.5951 (0.537)  LR: 2.985e-03  Time cost: 00:55/03:07 [1:02:12/1:40:31]  Acc_iter 18900       Data time: 0.00(0.00)  Forward time: 0.18(0.19)  Batch time: 0.18(0.20)
2026-09-29 14:27:10,308   INFO  
2026-09-29 14:27:19,982   INFO  Train:   16/40 ( 40%) [ 334/1241 ( 27%)]  Loss: 0.4098 (0.540)  LR: 2.986e-03  Time cost: 01:05/02:57 [1:02:22/1:40:18]  Acc_iter 18950       Data time: 0.00(0.00)  Forward time: 0.18(0.19)  Batch time: 0.18(0.20)
2026-09-29 14:27:29,628   INFO  Train:   16/40 ( 40%) [ 384/1241 ( 31%)]  Loss: 0.4514 (0.537)  LR: 2.988e-03  Time cost: 01:15/02:47 [1:02:31/1:39:56]  Acc_iter 19000       Data time: 0.00(0.00)  Forward time: 0.18(0.19)  Batch time: 0.18(0.20)
2026-09-29 14:27:39,146   INFO  Train:   16/40 ( 40%) [ 434/1241 ( 35%)]  Loss: 0.5028 (0.535)  LR: 2.989e-03  Time cost: 01:24/02:37 [1:02:41/1:39:27]  Acc_iter 19050       Data time: 0.00(0.00)  Forward time: 0.18(0.19)  Batch time: 0.18(0.20)
2026-09-29 14:27:39,231   INFO  
2026-09-29 14:27:48,704   INFO  Train:   16/40 ( 40%) [ 484/1241 ( 39%)]  Loss: 0.5479 (0.539)  LR: 2.990e-03  Time cost: 01:34/02:27 [1:02:50/1:39:05]  Acc_iter 19100       Data time: 0.00(0.00)  Forward time: 0.19(0.19)  Batch time: 0.19(0.19)
2026-09-29 14:27:58,443   INFO  Train:   16/40 ( 40%) [ 534/1241 ( 43%)]  Loss: 0.4619 (0.538)  LR: 2.992e-03  Time cost: 01:44/02:17 [1:03:00/1:38:56]  Acc_iter 19150       Data time: 0.00(0.00)  Forward time: 0.20(0.19)  Batch time: 0.20(0.19)
2026-09-29 14:28:08,203   INFO  Train:   16/40 ( 40%) [ 584/1241 ( 47%)]  Loss: 0.4403 (0.539)  LR: 2.993e-03  Time cost: 01:53/02:07 [1:03:10/1:38:47]  Acc_iter 19200       Data time: 0.00(0.00)  Forward time: 0.20(0.19)  Batch time: 0.20(0.19)
2026-09-29 14:28:08,294   INFO  
2026-09-29 14:28:17,980   INFO  Train:   16/40 ( 40%) [ 634/1241 ( 51%)]  Loss: 0.4152 (0.537)  LR: 2.994e-03  Time cost: 02:03/01:58 [1:03:20/1:38:39]  Acc_iter 19250       Data time: 0.00(0.00)  Forward time: 0.18(0.19)  Batch time: 0.19(0.19)
2026-09-29 14:28:27,761   INFO  Train:   16/40 ( 40%) [ 684/1241 ( 55%)]  Loss: 0.5649 (0.536)  LR: 2.995e-03  Time cost: 02:13/01:48 [1:03:29/1:38:31]  Acc_iter 19300       Data time: 0.00(0.00)  Forward time: 0.18(0.19)  Batch time: 0.18(0.19)
2026-09-29 14:28:37,546   INFO  Train:   16/40 ( 40%) [ 734/1241 ( 59%)]  Loss: 0.3551 (0.536)  LR: 2.996e-03  Time cost: 02:23/01:38 [1:03:39/1:38:23]  Acc_iter 19350       Data time: 0.00(0.00)  Forward time: 0.19(0.19)  Batch time: 0.20(0.19)
2026-09-29 14:28:37,623   INFO  
2026-09-29 14:28:47,360   INFO  Train:   16/40 ( 40%) [ 784/1241 ( 63%)]  Loss: 0.4701 (0.536)  LR: 2.996e-03  Time cost: 02:33/01:29 [1:03:49/1:38:16]  Acc_iter 19400       Data time: 0.01(0.00)  Forward time: 0.20(0.19)  Batch time: 0.20(0.19)
2026-09-29 14:28:56,932   INFO  Train:   16/40 ( 40%) [ 834/1241 ( 67%)]  Loss: 0.5330 (0.536)  LR: 2.997e-03  Time cost: 02:42/01:19 [1:03:59/1:38:00]  Acc_iter 19450       Data time: 0.00(0.00)  Forward time: 0.18(0.19)  Batch time: 0.18(0.19)
2026-09-29 14:29:06,667   INFO  Train:   16/40 ( 40%) [ 884/1241 ( 71%)]  Loss: 0.5975 (0.537)  LR: 2.998e-03  Time cost: 02:52/01:09 [1:04:08/1:37:50]  Acc_iter 19500       Data time: 0.00(0.00)  Forward time: 0.19(0.19)  Batch time: 0.19(0.19)
2026-09-29 14:29:06,748   INFO  
2026-09-29 14:29:16,434   INFO  Train:   16/40 ( 40%) [ 934/1241 ( 75%)]  Loss: 0.5405 (0.536)  LR: 2.998e-03  Time cost: 03:02/00:59 [1:04:18/1:37:41]  Acc_iter 19550       Data time: 0.00(0.00)  Forward time: 0.18(0.19)  Batch time: 0.18(0.19)
2026-09-29 14:29:26,027   INFO  Train:   16/40 ( 40%) [ 984/1241 ( 79%)]  Loss: 0.5433 (0.535)  LR: 2.999e-03  Time cost: 03:11/00:50 [1:04:28/1:37:27]  Acc_iter 19600       Data time: 0.00(0.00)  Forward time: 0.20(0.19)  Batch time: 0.20(0.19)
2026-09-29 14:29:35,869   INFO  Train:   16/40 ( 40%) [1034/1241 ( 83%)]  Loss: 0.5082 (0.536)  LR: 2.999e-03  Time cost: 03:21/00:40 [1:04:38/1:37:21]  Acc_iter 19650       Data time: 0.00(0.00)  Forward time: 0.19(0.19)  Batch time: 0.20(0.19)
2026-09-29 14:29:35,965   INFO  
2026-09-29 14:29:45,812   INFO  Train:   16/40 ( 40%) [1084/1241 ( 87%)]  Loss: 0.4992 (0.535)  LR: 3.000e-03  Time cost: 03:31/00:30 [1:04:47/1:37:17]  Acc_iter 19700       Data time: 0.00(0.00)  Forward time: 0.22(0.19)  Batch time: 0.22(0.19)
2026-09-29 14:29:55,617   INFO  Train:   16/40 ( 40%) [1134/1241 ( 91%)]  Loss: 0.4479 (0.535)  LR: 3.000e-03  Time cost: 03:41/00:20 [1:04:57/1:37:08]  Acc_iter 19750       Data time: 0.00(0.00)  Forward time: 0.19(0.19)  Batch time: 0.20(0.20)
2026-09-29 14:30:05,304   INFO  Train:   16/40 ( 40%) [1184/1241 ( 95%)]  Loss: 0.4569 (0.534)  LR: 3.000e-03  Time cost: 03:51/00:11 [1:05:07/1:36:57]  Acc_iter 19800       Data time: 0.00(0.00)  Forward time: 0.19(0.19)  Batch time: 0.19(0.19)
2026-09-29 14:30:05,392   INFO  
2026-09-29 14:30:15,048   INFO  Train:   16/40 ( 40%) [1234/1241 ( 99%)]  Loss: 0.3835 (0.535)  LR: 3.000e-03  Time cost: 04:00/00:01 [1:05:17/1:36:47]  Acc_iter 19850       Data time: 0.00(0.00)  Forward time: 0.18(0.19)  Batch time: 0.18(0.19)
2026-09-29 14:30:16,041   INFO  Train:   16/40 ( 40%) [1240/1241 (100%)]  Loss: 0.2951 (0.535)  LR: 3.000e-03  Time cost: 04:01/00:00 [1:05:18/1:36:42]  Acc_iter 19856       Data time: 0.00(0.00)  Forward time: 0.06(0.19)  Batch time: 0.06(0.19)
2026-09-29 14:30:17,453   INFO  Train:   17/40 ( 42%) [   0/1241 (  0%)]  Loss: 0.6301 (0.630)  LR: 3.000e-03  Time cost: 00:01/21:36 [1:05:19/8:38:28]  Acc_iter 19857       Data time: 0.74(0.74)  Forward time: 0.30(0.30)  Batch time: 1.04(1.04)
2026-09-29 14:30:25,749   INFO  Train:   17/40 ( 42%) [  43/1241 (  3%)]  Loss: 0.6328 (0.592)  LR: 3.000e-03  Time cost: 00:09/04:14 [1:05:27/1:45:13]  Acc_iter 19900       Data time: 0.00(0.02)  Forward time: 0.19(0.19)  Batch time: 0.20(0.21)
2026-09-29 14:30:35,229   INFO  Train:   17/40 ( 42%) [  93/1241 (  7%)]  Loss: 0.4012 (0.554)  LR: 3.000e-03  Time cost: 00:18/03:49 [1:05:37/1:39:04]  Acc_iter 19950       Data time: 0.00(0.01)  Forward time: 0.18(0.19)  Batch time: 0.19(0.20)
2026-09-29 14:30:35,384   INFO  
2026-09-29 14:30:44,886   INFO  Train:   17/40 ( 42%) [ 143/1241 ( 12%)]  Loss: 0.5420 (0.548)  LR: 3.000e-03  Time cost: 00:28/03:37 [1:05:47/1:37:41]  Acc_iter 20000       Data time: 0.00(0.01)  Forward time: 0.19(0.19)  Batch time: 0.19(0.20)
2026-09-29 14:30:54,390   INFO  Train:   17/40 ( 42%) [ 193/1241 ( 16%)]  Loss: 0.7001 (0.541)  LR: 3.000e-03  Time cost: 00:37/03:25 [1:05:56/1:36:33]  Acc_iter 20050       Data time: 0.00(0.01)  Forward time: 0.19(0.19)  Batch time: 0.19(0.20)
2026-09-29 14:31:04,025   INFO  Train:   17/40 ( 42%) [ 243/1241 ( 20%)]  Loss: 0.5002 (0.542)  LR: 3.000e-03  Time cost: 00:47/03:14 [1:06:06/1:36:04]  Acc_iter 20100       Data time: 0.00(0.01)  Forward time: 0.18(0.19)  Batch time: 0.18(0.20)
2026-09-29 14:31:04,109   INFO  
2026-09-29 14:31:13,825   INFO  Train:   17/40 ( 42%) [ 293/1241 ( 24%)]  Loss: 0.3706 (0.537)  LR: 2.999e-03  Time cost: 00:57/03:05 [1:06:15/1:35:59]  Acc_iter 20150       Data time: 0.00(0.01)  Forward time: 0.19(0.19)  Batch time: 0.19(0.20)
2026-09-29 14:31:23,386   INFO  Train:   17/40 ( 42%) [ 343/1241 ( 28%)]  Loss: 0.5797 (0.530)  LR: 2.999e-03  Time cost: 01:06/02:54 [1:06:25/1:35:32]  Acc_iter 20200       Data time: 0.00(0.00)  Forward time: 0.19(0.19)  Batch time: 0.19(0.19)
2026-09-29 14:31:32,977   INFO  Train:   17/40 ( 42%) [ 393/1241 ( 32%)]  Loss: 0.5312 (0.529)  LR: 2.999e-03  Time cost: 01:16/02:44 [1:06:35/1:35:11]  Acc_iter 20250       Data time: 0.00(0.00)  Forward time: 0.20(0.19)  Batch time: 0.20(0.19)
2026-09-29 14:31:33,044   INFO  
2026-09-29 14:31:42,775   INFO  Train:   17/40 ( 42%) [ 443/1241 ( 36%)]  Loss: 0.4743 (0.529)  LR: 2.998e-03  Time cost: 01:26/02:35 [1:06:44/1:35:07]  Acc_iter 20300       Data time: 0.00(0.00)  Forward time: 0.20(0.19)  Batch time: 0.21(0.19)
2026-09-29 14:31:52,697   INFO  Train:   17/40 ( 42%) [ 493/1241 ( 40%)]  Loss: 0.4187 (0.530)  LR: 2.998e-03  Time cost: 01:36/02:25 [1:06:54/1:35:09]  Acc_iter 20350       Data time: 0.00(0.00)  Forward time: 0.19(0.19)  Batch time: 0.19(0.19)
2026-09-29 14:32:02,401   INFO  Train:   17/40 ( 42%) [ 543/1241 ( 44%)]  Loss: 0.5409 (0.529)  LR: 2.998e-03  Time cost: 01:45/02:15 [1:07:04/1:34:57]  Acc_iter 20400       Data time: 0.01(0.00)  Forward time: 0.18(0.19)  Batch time: 0.18(0.19)
2026-09-29 14:32:02,457   INFO  
2026-09-29 14:32:12,049   INFO  Train:   17/40 ( 42%) [ 593/1241 ( 48%)]  Loss: 0.6491 (0.528)  LR: 2.997e-03  Time cost: 01:55/02:06 [1:07:14/1:34:42]  Acc_iter 20450       Data time: 0.00(0.00)  Forward time: 0.20(0.19)  Batch time: 0.20(0.19)
2026-09-29 14:32:21,760   INFO  Train:   17/40 ( 42%) [ 643/1241 ( 52%)]  Loss: 0.4949 (0.530)  LR: 2.997e-03  Time cost: 02:05/01:56 [1:07:23/1:34:32]  Acc_iter 20500       Data time: 0.00(0.00)  Forward time: 0.18(0.19)  Batch time: 0.18(0.19)
2026-09-29 14:32:31,364   INFO  Train:   17/40 ( 42%) [ 693/1241 ( 56%)]  Loss: 0.5679 (0.531)  LR: 2.996e-03  Time cost: 02:14/01:46 [1:07:33/1:34:17]  Acc_iter 20550       Data time: 0.00(0.00)  Forward time: 0.20(0.19)  Batch time: 0.20(0.19)
2026-09-29 14:32:31,429   INFO  
2026-09-29 14:32:41,033   INFO  Train:   17/40 ( 42%) [ 743/1241 ( 60%)]  Loss: 0.5975 (0.530)  LR: 2.995e-03  Time cost: 02:24/01:36 [1:07:43/1:34:05]  Acc_iter 20600       Data time: 0.00(0.00)  Forward time: 0.18(0.19)  Batch time: 0.19(0.19)
2026-09-29 14:32:50,623   INFO  Train:   17/40 ( 42%) [ 793/1241 ( 64%)]  Loss: 0.4242 (0.533)  LR: 2.995e-03  Time cost: 02:34/01:27 [1:07:52/1:33:50]  Acc_iter 20650       Data time: 0.00(0.00)  Forward time: 0.19(0.19)  Batch time: 0.19(0.19)
2026-09-29 14:33:00,263   INFO  Train:   17/40 ( 42%) [ 843/1241 ( 68%)]  Loss: 0.4724 (0.534)  LR: 2.994e-03  Time cost: 02:43/01:17 [1:08:02/1:33:38]  Acc_iter 20700       Data time: 0.00(0.00)  Forward time: 0.19(0.19)  Batch time: 0.19(0.19)
2026-09-29 14:33:00,366   INFO  
2026-09-29 14:33:10,034   INFO  Train:   17/40 ( 42%) [ 893/1241 ( 72%)]  Loss: 0.4439 (0.534)  LR: 2.993e-03  Time cost: 02:53/01:07 [1:08:12/1:33:30]  Acc_iter 20750       Data time: 0.00(0.00)  Forward time: 0.19(0.19)  Batch time: 0.19(0.19)
2026-09-29 14:33:19,758   INFO  Train:   17/40 ( 42%) [ 943/1241 ( 76%)]  Loss: 0.5350 (0.533)  LR: 2.993e-03  Time cost: 03:03/00:57 [1:08:21/1:33:21]  Acc_iter 20800       Data time: 0.00(0.00)  Forward time: 0.19(0.19)  Batch time: 0.19(0.19)
2026-09-29 14:33:29,481   INFO  Train:   17/40 ( 42%) [ 993/1241 ( 80%)]  Loss: 0.5957 (0.531)  LR: 2.992e-03  Time cost: 03:13/00:48 [1:08:31/1:33:12]  Acc_iter 20850       Data time: 0.00(0.00)  Forward time: 0.20(0.19)  Batch time: 0.21(0.19)
2026-09-29 14:33:29,578   INFO  
2026-09-29 14:33:39,465   INFO  Train:   17/40 ( 42%) [1043/1241 ( 84%)]  Loss: 0.5019 (0.532)  LR: 2.991e-03  Time cost: 03:23/00:38 [1:08:41/1:33:10]  Acc_iter 20900       Data time: 0.00(0.00)  Forward time: 0.19(0.19)  Batch time: 0.19(0.19)
2026-09-29 14:33:49,305   INFO  Train:   17/40 ( 42%) [1093/1241 ( 88%)]  Loss: 0.3942 (0.530)  LR: 2.990e-03  Time cost: 03:32/00:28 [1:08:51/1:33:03]  Acc_iter 20950       Data time: 0.00(0.00)  Forward time: 0.18(0.19)  Batch time: 0.18(0.19)
2026-09-29 14:33:59,107   INFO  Train:   17/40 ( 42%) [1143/1241 ( 92%)]  Loss: 0.4396 (0.531)  LR: 2.989e-03  Time cost: 03:42/00:19 [1:09:01/1:32:55]  Acc_iter 21000       Data time: 0.00(0.00)  Forward time: 0.17(0.19)  Batch time: 0.18(0.19)
2026-09-29 14:33:59,203   INFO  
2026-09-29 14:34:09,012   INFO  Train:   17/40 ( 42%) [1193/1241 ( 96%)]  Loss: 0.3884 (0.530)  LR: 2.988e-03  Time cost: 03:52/00:09 [1:09:11/1:32:49]  Acc_iter 21050       Data time: 0.00(0.00)  Forward time: 0.19(0.19)  Batch time: 0.19(0.19)
2026-09-29 14:34:17,905   INFO  Train:   17/40 ( 42%) [1240/1241 (100%)]  Loss: 0.5471 (0.529)  LR: 2.987e-03  Time cost: 04:01/00:00 [1:09:20/1:32:34]  Acc_iter 21097       Data time: 0.00(0.00)  Forward time: 0.06(0.19)  Batch time: 0.06(0.19)
2026-09-29 14:34:19,525   INFO  Train:   18/40 ( 45%) [   0/1241 (  0%)]  Loss: 0.6288 (0.629)  LR: 2.987e-03  Time cost: 00:01/27:09 [1:09:21/10:24:30]  Acc_iter 21098       Data time: 0.92(0.92)  Forward time: 0.40(0.40)  Batch time: 1.31(1.31)
2026-09-29 14:34:19,901   INFO  Train:   18/40 ( 45%) [   2/1241 (  0%)]  Loss: 0.4324 (0.500)  LR: 2.987e-03  Time cost: 00:01/11:37 [1:09:22/4:27:52]  Acc_iter 21100       Data time: 0.00(0.31)  Forward time: 0.18(0.26)  Batch time: 0.18(0.56)
2026-09-29 14:34:29,865   INFO  Train:   18/40 ( 45%) [  52/1241 (  4%)]  Loss: 0.4656 (0.525)  LR: 2.986e-03  Time cost: 00:11/04:21 [1:09:32/1:44:24]  Acc_iter 21150       Data time: 0.00(0.02)  Forward time: 0.18(0.20)  Batch time: 0.19(0.22)
2026-09-29 14:34:29,967   INFO  
2026-09-29 14:34:39,630   INFO  Train:   18/40 ( 45%) [ 102/1241 (  8%)]  Loss: 0.5478 (0.530)  LR: 2.985e-03  Time cost: 00:21/03:56 [1:09:41/1:38:33]  Acc_iter 21200       Data time: 0.00(0.01)  Forward time: 0.19(0.20)  Batch time: 0.19(0.21)
2026-09-29 14:34:49,491   INFO  Train:   18/40 ( 45%) [ 152/1241 ( 12%)]  Loss: 0.4334 (0.520)  LR: 2.984e-03  Time cost: 00:31/03:42 [1:09:51/1:36:44]  Acc_iter 21250       Data time: 0.00(0.01)  Forward time: 0.18(0.20)  Batch time: 0.18(0.20)
2026-09-29 14:34:59,272   INFO  Train:   18/40 ( 45%) [ 202/1241 ( 16%)]  Loss: 0.5182 (0.511)  LR: 2.983e-03  Time cost: 00:41/03:30 [1:10:01/1:35:32]  Acc_iter 21300       Data time: 0.00(0.01)  Forward time: 0.20(0.20)  Batch time: 0.21(0.20)
2026-09-29 14:34:59,390   INFO  
2026-09-29 14:35:09,101   INFO  Train:   18/40 ( 45%) [ 252/1241 ( 20%)]  Loss: 0.6700 (0.512)  LR: 2.981e-03  Time cost: 00:50/03:18 [1:10:11/1:34:50]  Acc_iter 21350       Data time: 0.00(0.01)  Forward time: 0.20(0.19)  Batch time: 0.20(0.20)
2026-09-29 14:35:18,641   INFO  Train:   18/40 ( 45%) [ 302/1241 ( 24%)]  Loss: 0.6145 (0.515)  LR: 2.980e-03  Time cost: 01:00/03:07 [1:10:20/1:33:52]  Acc_iter 21400       Data time: 0.00(0.01)  Forward time: 0.19(0.19)  Batch time: 0.19(0.20)
2026-09-29 14:35:28,301   INFO  Train:   18/40 ( 45%) [ 352/1241 ( 28%)]  Loss: 0.5487 (0.513)  LR: 2.979e-03  Time cost: 01:10/02:56 [1:10:30/1:33:17]  Acc_iter 21450       Data time: 0.00(0.01)  Forward time: 0.19(0.19)  Batch time: 0.19(0.20)
2026-09-29 14:35:28,412   INFO  
2026-09-29 14:35:38,170   INFO  Train:   18/40 ( 45%) [ 402/1241 ( 32%)]  Loss: 0.4124 (0.517)  LR: 2.978e-03  Time cost: 01:19/02:46 [1:10:40/1:33:03]  Acc_iter 21500       Data time: 0.00(0.00)  Forward time: 0.18(0.19)  Batch time: 0.18(0.20)
2026-09-29 14:35:47,762   INFO  Train:   18/40 ( 45%) [ 452/1241 ( 36%)]  Loss: 0.3974 (0.518)  LR: 2.976e-03  Time cost: 01:29/02:35 [1:10:49/1:32:33]  Acc_iter 21550       Data time: 0.00(0.00)  Forward time: 0.19(0.19)  Batch time: 0.20(0.20)
2026-09-29 14:35:57,400   INFO  Train:   18/40 ( 45%) [ 502/1241 ( 40%)]  Loss: 0.5659 (0.518)  LR: 2.975e-03  Time cost: 01:39/02:25 [1:10:59/1:32:09]  Acc_iter 21600       Data time: 0.00(0.00)  Forward time: 0.20(0.19)  Batch time: 0.20(0.20)
2026-09-29 14:35:57,540   INFO  
2026-09-29 14:36:07,220   INFO  Train:   18/40 ( 45%) [ 552/1241 ( 44%)]  Loss: 0.4626 (0.517)  LR: 2.973e-03  Time cost: 01:49/02:15 [1:11:09/1:31:57]  Acc_iter 21650       Data time: 0.00(0.00)  Forward time: 0.19(0.19)  Batch time: 0.19(0.20)
2026-09-29 14:36:16,910   INFO  Train:   18/40 ( 45%) [ 602/1241 ( 49%)]  Loss: 0.3776 (0.515)  LR: 2.972e-03  Time cost: 01:58/02:05 [1:11:19/1:31:40]  Acc_iter 21700       Data time: 0.00(0.00)  Forward time: 0.18(0.19)  Batch time: 0.19(0.20)
2026-09-29 14:36:26,541   INFO  Train:   18/40 ( 45%) [ 652/1241 ( 53%)]  Loss: 0.4617 (0.514)  LR: 2.970e-03  Time cost: 02:08/01:55 [1:11:28/1:31:21]  Acc_iter 21750       Data time: 0.00(0.00)  Forward time: 0.22(0.19)  Batch time: 0.22(0.20)
2026-09-29 14:36:26,632   INFO  
2026-09-29 14:36:36,399   INFO  Train:   18/40 ( 45%) [ 702/1241 ( 57%)]  Loss: 0.4763 (0.513)  LR: 2.969e-03  Time cost: 02:18/01:45 [1:11:38/1:31:12]  Acc_iter 21800       Data time: 0.00(0.00)  Forward time: 0.23(0.19)  Batch time: 0.23(0.20)
2026-09-29 14:36:46,046   INFO  Train:   18/40 ( 45%) [ 752/1241 ( 61%)]  Loss: 0.4288 (0.511)  LR: 2.967e-03  Time cost: 02:27/01:36 [1:11:48/1:30:56]  Acc_iter 21850       Data time: 0.00(0.00)  Forward time: 0.21(0.19)  Batch time: 0.21(0.20)
2026-09-29 14:36:55,970   INFO  Train:   18/40 ( 45%) [ 802/1241 ( 65%)]  Loss: 0.8129 (0.513)  LR: 2.965e-03  Time cost: 02:37/01:26 [1:11:58/1:30:50]  Acc_iter 21900       Data time: 0.00(0.00)  Forward time: 0.20(0.19)  Batch time: 0.20(0.20)
2026-09-29 14:36:56,168   INFO  
2026-09-29 14:37:06,192   INFO  Train:   18/40 ( 45%) [ 852/1241 ( 69%)]  Loss: 0.4255 (0.513)  LR: 2.964e-03  Time cost: 02:47/01:16 [1:12:08/1:30:53]  Acc_iter 21950       Data time: 0.00(0.00)  Forward time: 0.20(0.19)  Batch time: 0.20(0.20)
2026-09-29 14:37:16,018   INFO  Train:   18/40 ( 45%) [ 902/1241 ( 73%)]  Loss: 0.4379 (0.513)  LR: 2.962e-03  Time cost: 02:57/01:06 [1:12:18/1:30:42]  Acc_iter 22000       Data time: 0.00(0.00)  Forward time: 0.19(0.19)  Batch time: 0.19(0.20)
2026-09-29 14:37:25,874   INFO  Train:   18/40 ( 45%) [ 952/1241 ( 77%)]  Loss: 0.4167 (0.513)  LR: 2.960e-03  Time cost: 03:07/00:56 [1:12:28/1:30:33]  Acc_iter 22050       Data time: 0.00(0.00)  Forward time: 0.21(0.19)  Batch time: 0.21(0.20)
2026-09-29 14:37:25,949   INFO  
2026-09-29 14:37:35,780   INFO  Train:   18/40 ( 45%) [1002/1241 ( 81%)]  Loss: 0.3401 (0.514)  LR: 2.958e-03  Time cost: 03:17/00:47 [1:12:37/1:30:24]  Acc_iter 22100       Data time: 0.00(0.00)  Forward time: 0.19(0.19)  Batch time: 0.19(0.20)
2026-09-29 14:37:45,421   INFO  Train:   18/40 ( 45%) [1052/1241 ( 85%)]  Loss: 0.5964 (0.514)  LR: 2.956e-03  Time cost: 03:27/00:37 [1:12:47/1:30:09]  Acc_iter 22150       Data time: 0.00(0.00)  Forward time: 0.19(0.19)  Batch time: 0.20(0.20)
2026-09-29 14:37:55,323   INFO  Train:   18/40 ( 45%) [1102/1241 ( 89%)]  Loss: 0.6866 (0.513)  LR: 2.954e-03  Time cost: 03:37/00:27 [1:12:57/1:30:01]  Acc_iter 22200       Data time: 0.00(0.00)  Forward time: 0.19(0.19)  Batch time: 0.19(0.20)
2026-09-29 14:37:55,417   INFO  
2026-09-29 14:38:05,371   INFO  Train:   18/40 ( 45%) [1152/1241 ( 93%)]  Loss: 0.4253 (0.514)  LR: 2.952e-03  Time cost: 03:47/00:17 [1:13:07/1:29:56]  Acc_iter 22250       Data time: 0.00(0.00)  Forward time: 0.19(0.19)  Batch time: 0.19(0.20)
2026-09-29 14:38:15,144   INFO  Train:   18/40 ( 45%) [1202/1241 ( 97%)]  Loss: 0.5817 (0.515)  LR: 2.950e-03  Time cost: 03:56/00:07 [1:13:17/1:29:44]  Acc_iter 22300       Data time: 0.00(0.00)  Forward time: 0.19(0.19)  Batch time: 0.19(0.20)
2026-09-29 14:38:22,440   INFO  Train:   18/40 ( 45%) [1240/1241 (100%)]  Loss: 0.5664 (0.514)  LR: 2.949e-03  Time cost: 04:04/00:00 [1:13:24/1:29:33]  Acc_iter 22338       Data time: 0.00(0.00)  Forward time: 0.06(0.19)  Batch time: 0.06(0.20)
2026-09-29 14:38:23,794   INFO  Train:   19/40 ( 48%) [   0/1241 (  0%)]  Loss: 0.3611 (0.361)  LR: 2.949e-03  Time cost: 00:01/21:31 [1:13:25/7:53:38]  Acc_iter 22339       Data time: 0.70(0.70)  Forward time: 0.34(0.34)  Batch time: 1.04(1.04)
2026-09-29 14:38:25,910   INFO  Train:   19/40 ( 48%) [  11/1241 (  1%)]  Loss: 0.5788 (0.489)  LR: 2.948e-03  Time cost: 00:03/05:23 [1:13:28/1:59:40]  Acc_iter 22350       Data time: 0.00(0.06)  Forward time: 0.20(0.20)  Batch time: 0.20(0.26)
2026-09-29 14:38:25,961   INFO  
2026-09-29 14:38:35,598   INFO  Train:   19/40 ( 48%) [  61/1241 (  5%)]  Loss: 0.5839 (0.501)  LR: 2.946e-03  Time cost: 00:12/04:04 [1:13:37/1:34:03]  Acc_iter 22400       Data time: 0.00(0.01)  Forward time: 0.17(0.19)  Batch time: 0.18(0.21)
2026-09-29 14:38:45,188   INFO  Train:   19/40 ( 48%) [ 111/1241 (  9%)]  Loss: 0.6644 (0.504)  LR: 2.944e-03  Time cost: 00:22/03:46 [1:13:47/1:30:46]  Acc_iter 22450       Data time: 0.00(0.01)  Forward time: 0.19(0.19)  Batch time: 0.19(0.20)
2026-09-29 14:38:54,842   INFO  Train:   19/40 ( 48%) [ 161/1241 ( 13%)]  Loss: 0.4606 (0.505)  LR: 2.942e-03  Time cost: 00:32/03:33 [1:13:57/1:29:36]  Acc_iter 22500       Data time: 0.00(0.01)  Forward time: 0.18(0.19)  Batch time: 0.19(0.20)
2026-09-29 14:38:54,930   INFO  
2026-09-29 14:39:04,561   INFO  Train:   19/40 ( 48%) [ 211/1241 ( 17%)]  Loss: 0.4418 (0.512)  LR: 2.940e-03  Time cost: 00:41/03:23 [1:14:06/1:29:02]  Acc_iter 22550       Data time: 0.00(0.01)  Forward time: 0.20(0.19)  Batch time: 0.20(0.20)
2026-09-29 14:39:14,241   INFO  Train:   19/40 ( 48%) [ 261/1241 ( 21%)]  Loss: 0.3515 (0.506)  LR: 2.938e-03  Time cost: 00:51/03:12 [1:14:16/1:28:34]  Acc_iter 22600       Data time: 0.00(0.00)  Forward time: 0.18(0.19)  Batch time: 0.18(0.20)
2026-09-29 14:39:24,050   INFO  Train:   19/40 ( 48%) [ 311/1241 ( 25%)]  Loss: 0.5549 (0.506)  LR: 2.935e-03  Time cost: 01:01/03:02 [1:14:26/1:28:22]  Acc_iter 22650       Data time: 0.00(0.00)  Forward time: 0.19(0.19)  Batch time: 0.19(0.20)
2026-09-29 14:39:24,143   INFO  
2026-09-29 14:39:33,781   INFO  Train:   19/40 ( 48%) [ 361/1241 ( 29%)]  Loss: 0.4683 (0.509)  LR: 2.933e-03  Time cost: 01:11/02:52 [1:14:35/1:28:06]  Acc_iter 22700       Data time: 0.00(0.00)  Forward time: 0.19(0.19)  Batch time: 0.19(0.20)
2026-09-29 14:39:43,469   INFO  Train:   19/40 ( 48%) [ 411/1241 ( 33%)]  Loss: 0.4786 (0.513)  LR: 2.931e-03  Time cost: 01:20/02:42 [1:14:45/1:27:48]  Acc_iter 22750       Data time: 0.00(0.00)  Forward time: 0.18(0.19)  Batch time: 0.18(0.20)
2026-09-29 14:39:53,110   INFO  Train:   19/40 ( 48%) [ 461/1241 ( 37%)]  Loss: 0.3720 (0.510)  LR: 2.928e-03  Time cost: 01:30/02:32 [1:14:55/1:27:29]  Acc_iter 22800       Data time: 0.00(0.00)  Forward time: 0.19(0.19)  Batch time: 0.19(0.20)
2026-09-29 14:39:53,191   INFO  
2026-09-29 14:40:02,789   INFO  Train:   19/40 ( 48%) [ 511/1241 ( 41%)]  Loss: 0.5805 (0.507)  LR: 2.926e-03  Time cost: 01:40/02:22 [1:15:04/1:27:14]  Acc_iter 22850       Data time: 0.00(0.00)  Forward time: 0.19(0.19)  Batch time: 0.19(0.20)
2026-09-29 14:40:12,437   INFO  Train:   19/40 ( 48%) [ 561/1241 ( 45%)]  Loss: 0.3942 (0.505)  LR: 2.923e-03  Time cost: 01:49/02:12 [1:15:14/1:26:58]  Acc_iter 22900       Data time: 0.00(0.00)  Forward time: 0.19(0.19)  Batch time: 0.19(0.20)
2026-09-29 14:40:22,053   INFO  Train:   19/40 ( 48%) [ 611/1241 ( 49%)]  Loss: 0.6621 (0.505)  LR: 2.921e-03  Time cost: 01:59/02:02 [1:15:24/1:26:42]  Acc_iter 22950       Data time: 0.00(0.00)  Forward time: 0.20(0.19)  Batch time: 0.20(0.19)
2026-09-29 14:40:22,133   INFO  
2026-09-29 14:40:31,800   INFO  Train:   19/40 ( 48%) [ 661/1241 ( 53%)]  Loss: 0.7029 (0.505)  LR: 2.918e-03  Time cost: 02:09/01:53 [1:15:33/1:26:33]  Acc_iter 23000       Data time: 0.00(0.00)  Forward time: 0.20(0.19)  Batch time: 0.20(0.19)
2026-09-29 14:40:41,423   INFO  Train:   19/40 ( 48%) [ 711/1241 ( 57%)]  Loss: 0.5083 (0.507)  LR: 2.916e-03  Time cost: 02:18/01:43 [1:15:43/1:26:18]  Acc_iter 23050       Data time: 0.00(0.00)  Forward time: 0.20(0.19)  Batch time: 0.20(0.19)
2026-09-29 14:40:51,471   INFO  Train:   19/40 ( 48%) [ 761/1241 ( 61%)]  Loss: 0.5075 (0.506)  LR: 2.913e-03  Time cost: 02:28/01:33 [1:15:53/1:26:19]  Acc_iter 23100       Data time: 0.00(0.00)  Forward time: 0.19(0.19)  Batch time: 0.19(0.20)
2026-09-29 14:40:51,563   INFO  
2026-09-29 14:41:01,505   INFO  Train:   19/40 ( 48%) [ 811/1241 ( 65%)]  Loss: 0.5277 (0.506)  LR: 2.910e-03  Time cost: 02:38/01:24 [1:16:03/1:26:19]  Acc_iter 23150       Data time: 0.00(0.00)  Forward time: 0.19(0.19)  Batch time: 0.19(0.20)
2026-09-29 14:41:11,364   INFO  Train:   19/40 ( 48%) [ 861/1241 ( 69%)]  Loss: 0.4367 (0.506)  LR: 2.908e-03  Time cost: 02:48/01:14 [1:16:13/1:26:11]  Acc_iter 23200       Data time: 0.00(0.00)  Forward time: 0.20(0.19)  Batch time: 0.20(0.20)
2026-09-29 14:41:21,063   INFO  Train:   19/40 ( 48%) [ 911/1241 ( 73%)]  Loss: 0.7363 (0.506)  LR: 2.905e-03  Time cost: 02:58/01:04 [1:16:23/1:25:59]  Acc_iter 23250       Data time: 0.00(0.00)  Forward time: 0.20(0.19)  Batch time: 0.20(0.20)
2026-09-29 14:41:21,119   INFO  
2026-09-29 14:41:30,646   INFO  Train:   19/40 ( 48%) [ 961/1241 ( 77%)]  Loss: 0.6820 (0.506)  LR: 2.902e-03  Time cost: 03:07/00:54 [1:16:32/1:25:44]  Acc_iter 23300       Data time: 0.00(0.00)  Forward time: 0.19(0.19)  Batch time: 0.19(0.20)
2026-09-29 14:41:40,599   INFO  Train:   19/40 ( 48%) [1011/1241 ( 81%)]  Loss: 0.4348 (0.504)  LR: 2.899e-03  Time cost: 03:17/00:44 [1:16:42/1:25:39]  Acc_iter 23350       Data time: 0.00(0.00)  Forward time: 0.19(0.19)  Batch time: 0.19(0.20)
2026-09-29 14:41:50,345   INFO  Train:   19/40 ( 48%) [1061/1241 ( 85%)]  Loss: 0.3929 (0.505)  LR: 2.896e-03  Time cost: 03:27/00:35 [1:16:52/1:25:29]  Acc_iter 23400       Data time: 0.00(0.00)  Forward time: 0.19(0.19)  Batch time: 0.19(0.20)
2026-09-29 14:41:50,431   INFO  
2026-09-29 14:42:00,298   INFO  Train:   19/40 ( 48%) [1111/1241 ( 90%)]  Loss: 0.4186 (0.506)  LR: 2.894e-03  Time cost: 03:37/00:25 [1:17:02/1:25:23]  Acc_iter 23450       Data time: 0.00(0.00)  Forward time: 0.17(0.19)  Batch time: 0.18(0.20)
2026-09-29 14:42:09,902   INFO  Train:   19/40 ( 48%) [1161/1241 ( 94%)]  Loss: 0.6362 (0.507)  LR: 2.891e-03  Time cost: 03:47/00:15 [1:17:12/1:25:10]  Acc_iter 23500       Data time: 0.00(0.00)  Forward time: 0.18(0.19)  Batch time: 0.18(0.20)
2026-09-29 14:42:19,650   INFO  Train:   19/40 ( 48%) [1211/1241 ( 98%)]  Loss: 0.6236 (0.506)  LR: 2.888e-03  Time cost: 03:56/00:05 [1:17:21/1:24:59]  Acc_iter 23550       Data time: 0.00(0.00)  Forward time: 0.18(0.19)  Batch time: 0.18(0.20)
2026-09-29 14:42:19,730   INFO  
2026-09-29 14:42:25,160   INFO  Train:   19/40 ( 48%) [1240/1241 (100%)]  Loss: 0.4982 (0.506)  LR: 2.886e-03  Time cost: 04:02/00:00 [1:17:27/1:24:50]  Acc_iter 23579       Data time: 0.00(0.00)  Forward time: 0.07(0.19)  Batch time: 0.08(0.20)
2026-09-29 14:42:26,653   INFO  Train:   20/40 ( 50%) [   0/1241 (  0%)]  Loss: 0.5936 (0.594)  LR: 2.886e-03  Time cost: 00:00/20:29 [1:17:28/7:10:24]  Acc_iter 23580       Data time: 0.72(0.72)  Forward time: 0.27(0.27)  Batch time: 0.99(0.99)
2026-09-29 14:42:30,565   INFO  Train:   20/40 ( 50%) [  20/1241 (  2%)]  Loss: 0.6518 (0.518)  LR: 2.885e-03  Time cost: 00:04/04:45 [1:17:32/1:41:19]  Acc_iter 23600       Data time: 0.00(0.04)  Forward time: 0.21(0.20)  Batch time: 0.21(0.23)
2026-09-29 14:42:40,208   INFO  Train:   20/40 ( 50%) [  70/1241 (  6%)]  Loss: 0.7503 (0.502)  LR: 2.882e-03  Time cost: 00:14/03:59 [1:17:42/1:28:44]  Acc_iter 23650       Data time: 0.00(0.01)  Forward time: 0.23(0.19)  Batch time: 0.23(0.20)
2026-09-29 14:42:49,753   INFO  Train:   20/40 ( 50%) [ 120/1241 ( 10%)]  Loss: 0.4749 (0.503)  LR: 2.878e-03  Time cost: 00:24/03:43 [1:17:51/1:26:04]  Acc_iter 23700       Data time: 0.00(0.01)  Forward time: 0.19(0.19)  Batch time: 0.19(0.20)
2026-09-29 14:42:49,844   INFO  
2026-09-29 14:42:59,508   INFO  Train:   20/40 ( 50%) [ 170/1241 ( 14%)]  Loss: 0.5295 (0.505)  LR: 2.875e-03  Time cost: 00:33/03:31 [1:18:01/1:25:24]  Acc_iter 23750       Data time: 0.00(0.01)  Forward time: 0.20(0.19)  Batch time: 0.20(0.20)
2026-09-29 14:43:09,127   INFO  Train:   20/40 ( 50%) [ 220/1241 ( 18%)]  Loss: 0.4420 (0.507)  LR: 2.872e-03  Time cost: 00:43/03:20 [1:18:11/1:24:42]  Acc_iter 23800       Data time: 0.00(0.01)  Forward time: 0.18(0.19)  Batch time: 0.18(0.20)
2026-09-29 14:43:18,717   INFO  Train:   20/40 ( 50%) [ 270/1241 ( 22%)]  Loss: 0.5402 (0.503)  LR: 2.869e-03  Time cost: 00:53/03:10 [1:18:20/1:24:09]  Acc_iter 23850       Data time: 0.00(0.00)  Forward time: 0.20(0.19)  Batch time: 0.20(0.20)
2026-09-29 14:43:18,822   INFO  
2026-09-29 14:43:28,367   INFO  Train:   20/40 ( 50%) [ 320/1241 ( 26%)]  Loss: 0.5250 (0.502)  LR: 2.866e-03  Time cost: 01:02/02:59 [1:18:30/1:23:48]  Acc_iter 23900       Data time: 0.00(0.00)  Forward time: 0.18(0.19)  Batch time: 0.18(0.20)
2026-09-29 14:43:37,885   INFO  Train:   20/40 ( 50%) [ 370/1241 ( 30%)]  Loss: 0.4595 (0.501)  LR: 2.862e-03  Time cost: 01:12/02:49 [1:18:40/1:23:21]  Acc_iter 23950       Data time: 0.00(0.00)  Forward time: 0.21(0.19)  Batch time: 0.21(0.19)
2026-09-29 14:43:47,325   INFO  Train:   20/40 ( 50%) [ 420/1241 ( 34%)]  Loss: 0.5091 (0.502)  LR: 2.859e-03  Time cost: 01:21/02:39 [1:18:49/1:22:53]  Acc_iter 24000       Data time: 0.00(0.00)  Forward time: 0.19(0.19)  Batch time: 0.19(0.19)
2026-09-29 14:43:47,383   INFO  
2026-09-29 14:43:57,008   INFO  Train:   20/40 ( 50%) [ 470/1241 ( 38%)]  Loss: 0.4761 (0.502)  LR: 2.856e-03  Time cost: 01:31/02:29 [1:18:59/1:22:43]  Acc_iter 24050       Data time: 0.00(0.00)  Forward time: 0.19(0.19)  Batch time: 0.19(0.19)
2026-09-29 14:44:06,667   INFO  Train:   20/40 ( 50%) [ 520/1241 ( 42%)]  Loss: 0.5698 (0.501)  LR: 2.852e-03  Time cost: 01:41/02:19 [1:19:08/1:22:31]  Acc_iter 24100       Data time: 0.00(0.00)  Forward time: 0.19(0.19)  Batch time: 0.19(0.19)
2026-09-29 14:44:16,470   INFO  Train:   20/40 ( 50%) [ 570/1241 ( 46%)]  Loss: 0.3999 (0.501)  LR: 2.849e-03  Time cost: 01:50/02:10 [1:19:18/1:22:26]  Acc_iter 24150       Data time: 0.00(0.00)  Forward time: 0.22(0.19)  Batch time: 0.22(0.19)
2026-09-29 14:44:16,572   INFO  
2026-09-29 14:44:26,566   INFO  Train:   20/40 ( 50%) [ 620/1241 ( 50%)]  Loss: 0.4742 (0.505)  LR: 2.845e-03  Time cost: 02:00/02:00 [1:19:28/1:22:33]  Acc_iter 24200       Data time: 0.00(0.00)  Forward time: 0.20(0.19)  Batch time: 0.21(0.19)
2026-09-29 14:44:36,103   INFO  Train:   20/40 ( 50%) [ 670/1241 ( 54%)]  Loss: 0.4947 (0.505)  LR: 2.842e-03  Time cost: 02:10/01:51 [1:19:38/1:22:15]  Acc_iter 24250       Data time: 0.00(0.00)  Forward time: 0.20(0.19)  Batch time: 0.20(0.19)
2026-09-29 14:44:46,167   INFO  Train:   20/40 ( 50%) [ 720/1241 ( 58%)]  Loss: 0.5518 (0.504)  LR: 2.838e-03  Time cost: 02:20/01:41 [1:19:48/1:22:18]  Acc_iter 24300       Data time: 0.00(0.00)  Forward time: 0.19(0.19)  Batch time: 0.20(0.19)
2026-09-29 14:44:46,350   INFO  
2026-09-29 14:44:56,078   INFO  Train:   20/40 ( 50%) [ 770/1241 ( 62%)]  Loss: 0.4234 (0.504)  LR: 2.835e-03  Time cost: 02:30/01:31 [1:19:58/1:22:14]  Acc_iter 24350       Data time: 0.00(0.00)  Forward time: 0.19(0.19)  Batch time: 0.19(0.20)
2026-09-29 14:45:05,826   INFO  Train:   20/40 ( 50%) [ 820/1241 ( 66%)]  Loss: 0.4049 (0.504)  LR: 2.831e-03  Time cost: 02:40/01:22 [1:20:08/1:22:04]  Acc_iter 24400       Data time: 0.00(0.00)  Forward time: 0.19(0.19)  Batch time: 0.19(0.20)
2026-09-29 14:45:15,651   INFO  Train:   20/40 ( 50%) [ 870/1241 ( 70%)]  Loss: 0.4722 (0.502)  LR: 2.827e-03  Time cost: 02:49/01:12 [1:20:17/1:21:56]  Acc_iter 24450       Data time: 0.00(0.00)  Forward time: 0.21(0.19)  Batch time: 0.21(0.20)
2026-09-29 14:45:15,754   INFO  
2026-09-29 14:45:25,549   INFO  Train:   20/40 ( 50%) [ 920/1241 ( 74%)]  Loss: 0.4814 (0.501)  LR: 2.824e-03  Time cost: 02:59/01:02 [1:20:27/1:21:50]  Acc_iter 24500       Data time: 0.00(0.00)  Forward time: 0.19(0.19)  Batch time: 0.19(0.20)
2026-09-29 14:45:35,265   INFO  Train:   20/40 ( 50%) [ 970/1241 ( 78%)]  Loss: 0.4505 (0.500)  LR: 2.820e-03  Time cost: 03:09/00:52 [1:20:37/1:21:39]  Acc_iter 24550       Data time: 0.00(0.00)  Forward time: 0.18(0.19)  Batch time: 0.18(0.20)
2026-09-29 14:45:45,140   INFO  Train:   20/40 ( 50%) [1020/1241 ( 82%)]  Loss: 0.4859 (0.501)  LR: 2.816e-03  Time cost: 03:19/00:43 [1:20:47/1:21:32]  Acc_iter 24600       Data time: 0.00(0.00)  Forward time: 0.21(0.19)  Batch time: 0.21(0.20)
2026-09-29 14:45:45,211   INFO  
2026-09-29 14:45:55,149   INFO  Train:   20/40 ( 50%) [1070/1241 ( 86%)]  Loss: 0.3661 (0.502)  LR: 2.812e-03  Time cost: 03:29/00:33 [1:20:57/1:21:28]  Acc_iter 24650       Data time: 0.00(0.00)  Forward time: 0.20(0.19)  Batch time: 0.20(0.20)
2026-09-29 14:46:04,849   INFO  Train:   20/40 ( 50%) [1120/1241 ( 90%)]  Loss: 0.4754 (0.502)  LR: 2.809e-03  Time cost: 03:39/00:23 [1:21:07/1:21:16]  Acc_iter 24700       Data time: 0.00(0.00)  Forward time: 0.19(0.19)  Batch time: 0.19(0.20)
2026-09-29 14:46:14,505   INFO  Train:   20/40 ( 50%) [1170/1241 ( 94%)]  Loss: 0.4609 (0.501)  LR: 2.805e-03  Time cost: 03:48/00:13 [1:21:16/1:21:04]  Acc_iter 24750       Data time: 0.00(0.00)  Forward time: 0.20(0.19)  Batch time: 0.20(0.20)
2026-09-29 14:46:14,645   INFO  
2026-09-29 14:46:24,374   INFO  Train:   20/40 ( 50%) [1220/1241 ( 98%)]  Loss: 0.3874 (0.500)  LR: 2.801e-03  Time cost: 03:58/00:04 [1:21:26/1:20:56]  Acc_iter 24800       Data time: 0.00(0.00)  Forward time: 0.21(0.19)  Batch time: 0.21(0.20)
2026-09-29 14:46:27,923   INFO  Train:   20/40 ( 50%) [1240/1241 (100%)]  Loss: 0.3282 (0.499)  LR: 2.799e-03  Time cost: 04:02/00:00 [1:21:30/1:20:45]  Acc_iter 24820       Data time: 0.00(0.00)  Forward time: 0.05(0.19)  Batch time: 0.06(0.20)
2026-09-29 14:46:29,052   INFO  Train:   21/40 ( 52%) [   0/1241 (  0%)]  Loss: 0.5344 (0.534)  LR: 2.799e-03  Time cost: 00:00/17:51 [1:21:31/5:57:05]  Acc_iter 24821       Data time: 0.55(0.55)  Forward time: 0.32(0.32)  Batch time: 0.86(0.86)
2026-09-29 14:46:34,751   INFO  Train:   21/40 ( 52%) [  29/1241 (  2%)]  Loss: 0.4672 (0.501)  LR: 2.797e-03  Time cost: 00:06/04:25 [1:21:36/1:30:23]  Acc_iter 24850       Data time: 0.00(0.02)  Forward time: 0.21(0.20)  Batch time: 0.21(0.22)
2026-09-29 14:46:44,612   INFO  Train:   21/40 ( 52%) [  79/1241 (  6%)]  Loss: 0.6359 (0.491)  LR: 2.793e-03  Time cost: 00:16/03:58 [1:21:46/1:24:39]  Acc_iter 24900       Data time: 0.00(0.01)  Forward time: 0.19(0.20)  Batch time: 0.19(0.21)
2026-09-29 14:46:44,713   INFO  
2026-09-29 14:46:54,309   INFO  Train:   21/40 ( 52%) [ 129/1241 ( 10%)]  Loss: 0.4366 (0.489)  LR: 2.789e-03  Time cost: 00:26/03:43 [1:21:56/1:22:41]  Acc_iter 24950       Data time: 0.00(0.01)  Forward time: 0.19(0.19)  Batch time: 0.20(0.20)
2026-09-29 14:47:03,743   INFO  Train:   21/40 ( 52%) [ 179/1241 ( 14%)]  Loss: 0.4211 (0.480)  LR: 2.785e-03  Time cost: 00:35/03:29 [1:22:05/1:21:07]  Acc_iter 25000       Data time: 0.00(0.01)  Forward time: 0.19(0.19)  Batch time: 0.19(0.20)
2026-09-29 14:47:13,205   INFO  Train:   21/40 ( 52%) [ 229/1241 ( 18%)]  Loss: 0.4013 (0.481)  LR: 2.781e-03  Time cost: 00:45/03:18 [1:22:15/1:20:13]  Acc_iter 25050       Data time: 0.00(0.00)  Forward time: 0.18(0.19)  Batch time: 0.18(0.20)
2026-09-29 14:47:13,458   INFO  
2026-09-29 14:47:23,330   INFO  Train:   21/40 ( 52%) [ 279/1241 ( 22%)]  Loss: 0.6749 (0.480)  LR: 2.776e-03  Time cost: 00:55/03:09 [1:22:25/1:20:32]  Acc_iter 25100       Data time: 0.00(0.00)  Forward time: 0.21(0.19)  Batch time: 0.21(0.20)
2026-09-29 14:47:32,922   INFO  Train:   21/40 ( 52%) [ 329/1241 ( 27%)]  Loss: 0.3534 (0.475)  LR: 2.772e-03  Time cost: 01:04/02:58 [1:22:35/1:20:04]  Acc_iter 25150       Data time: 0.00(0.00)  Forward time: 0.18(0.19)  Batch time: 0.19(0.20)
2026-09-29 14:47:42,517   INFO  Train:   21/40 ( 52%) [ 379/1241 ( 31%)]  Loss: 0.3685 (0.478)  LR: 2.768e-03  Time cost: 01:14/02:48 [1:22:44/1:19:40]  Acc_iter 25200       Data time: 0.00(0.00)  Forward time: 0.19(0.19)  Batch time: 0.19(0.20)
2026-09-29 14:47:42,666   INFO  
2026-09-29 14:47:52,338   INFO  Train:   21/40 ( 52%) [ 429/1241 ( 35%)]  Loss: 0.4094 (0.477)  LR: 2.764e-03  Time cost: 01:24/02:38 [1:22:54/1:19:33]  Acc_iter 25250       Data time: 0.00(0.00)  Forward time: 0.20(0.19)  Batch time: 0.20(0.20)
2026-09-29 14:48:01,858   INFO  Train:   21/40 ( 52%) [ 479/1241 ( 39%)]  Loss: 0.5434 (0.479)  LR: 2.760e-03  Time cost: 01:33/02:28 [1:23:04/1:19:10]  Acc_iter 25300       Data time: 0.00(0.00)  Forward time: 0.19(0.19)  Batch time: 0.19(0.20)
2026-09-29 14:48:11,441   INFO  Train:   21/40 ( 52%) [ 529/1241 ( 43%)]  Loss: 0.5459 (0.480)  LR: 2.755e-03  Time cost: 01:43/02:18 [1:23:13/1:18:52]  Acc_iter 25350       Data time: 0.00(0.00)  Forward time: 0.17(0.19)  Batch time: 0.18(0.19)
2026-09-29 14:48:11,533   INFO  
2026-09-29 14:48:21,252   INFO  Train:   21/40 ( 52%) [ 579/1241 ( 47%)]  Loss: 0.5419 (0.481)  LR: 2.751e-03  Time cost: 01:53/02:09 [1:23:23/1:18:45]  Acc_iter 25400       Data time: 0.00(0.00)  Forward time: 0.19(0.19)  Batch time: 0.19(0.19)
2026-09-29 14:48:30,923   INFO  Train:   21/40 ( 52%) [ 629/1241 ( 51%)]  Loss: 0.4816 (0.481)  LR: 2.746e-03  Time cost: 02:02/01:59 [1:23:33/1:18:32]  Acc_iter 25450       Data time: 0.00(0.00)  Forward time: 0.22(0.19)  Batch time: 0.22(0.19)
2026-09-29 14:48:40,425   INFO  Train:   21/40 ( 52%) [ 679/1241 ( 55%)]  Loss: 0.5313 (0.481)  LR: 2.742e-03  Time cost: 02:12/01:49 [1:23:42/1:18:14]  Acc_iter 25500       Data time: 0.00(0.00)  Forward time: 0.18(0.19)  Batch time: 0.18(0.19)
2026-09-29 14:48:40,508   INFO  
2026-09-29 14:48:50,109   INFO  Train:   21/40 ( 52%) [ 729/1241 ( 59%)]  Loss: 0.4734 (0.482)  LR: 2.738e-03  Time cost: 02:21/01:39 [1:23:52/1:18:03]  Acc_iter 25550       Data time: 0.00(0.00)  Forward time: 0.19(0.19)  Batch time: 0.20(0.19)
2026-09-29 14:48:59,632   INFO  Train:   21/40 ( 52%) [ 779/1241 ( 63%)]  Loss: 0.3966 (0.482)  LR: 2.733e-03  Time cost: 02:31/01:29 [1:24:01/1:17:47]  Acc_iter 25600       Data time: 0.00(0.00)  Forward time: 0.22(0.19)  Batch time: 0.22(0.19)
2026-09-29 14:49:09,249   INFO  Train:   21/40 ( 52%) [ 829/1241 ( 67%)]  Loss: 0.4372 (0.483)  LR: 2.729e-03  Time cost: 02:41/01:19 [1:24:11/1:17:35]  Acc_iter 25650       Data time: 0.00(0.00)  Forward time: 0.18(0.19)  Batch time: 0.18(0.19)
2026-09-29 14:49:09,319   INFO  
2026-09-29 14:49:19,130   INFO  Train:   21/40 ( 52%) [ 879/1241 ( 71%)]  Loss: 0.4823 (0.483)  LR: 2.724e-03  Time cost: 02:50/01:10 [1:24:21/1:17:30]  Acc_iter 25700       Data time: 0.00(0.00)  Forward time: 0.22(0.19)  Batch time: 0.22(0.19)
2026-09-29 14:49:28,706   INFO  Train:   21/40 ( 52%) [ 929/1241 ( 75%)]  Loss: 0.4738 (0.483)  LR: 2.719e-03  Time cost: 03:00/01:00 [1:24:30/1:17:17]  Acc_iter 25750       Data time: 0.00(0.00)  Forward time: 0.19(0.19)  Batch time: 0.19(0.19)
2026-09-29 14:49:38,409   INFO  Train:   21/40 ( 52%) [ 979/1241 ( 79%)]  Loss: 0.4684 (0.482)  LR: 2.715e-03  Time cost: 03:10/00:50 [1:24:40/1:17:07]  Acc_iter 25800       Data time: 0.00(0.00)  Forward time: 0.20(0.19)  Batch time: 0.20(0.19)
2026-09-29 14:49:38,482   INFO  
2026-09-29 14:49:48,191   INFO  Train:   21/40 ( 52%) [1029/1241 ( 83%)]  Loss: 0.4718 (0.482)  LR: 2.710e-03  Time cost: 03:20/00:41 [1:24:50/1:16:59]  Acc_iter 25850       Data time: 0.00(0.00)  Forward time: 0.19(0.19)  Batch time: 0.19(0.19)
2026-09-29 14:49:58,032   INFO  Train:   21/40 ( 52%) [1079/1241 ( 87%)]  Loss: 0.3646 (0.483)  LR: 2.705e-03  Time cost: 03:29/00:31 [1:25:00/1:16:52]  Acc_iter 25900       Data time: 0.00(0.00)  Forward time: 0.18(0.19)  Batch time: 0.18(0.19)
2026-09-29 14:50:07,810   INFO  Train:   21/40 ( 52%) [1129/1241 ( 91%)]  Loss: 0.3884 (0.482)  LR: 2.701e-03  Time cost: 03:39/00:21 [1:25:09/1:16:44]  Acc_iter 25950       Data time: 0.00(0.00)  Forward time: 0.19(0.19)  Batch time: 0.19(0.19)
2026-09-29 14:50:07,878   INFO  
2026-09-29 14:50:17,634   INFO  Train:   21/40 ( 52%) [1179/1241 ( 95%)]  Loss: 0.4961 (0.484)  LR: 2.696e-03  Time cost: 03:49/00:12 [1:25:19/1:16:36]  Acc_iter 26000       Data time: 0.00(0.00)  Forward time: 0.20(0.19)  Batch time: 0.21(0.19)
2026-09-29 14:50:27,631   INFO  Train:   21/40 ( 52%) [1229/1241 ( 99%)]  Loss: 0.4406 (0.484)  LR: 2.691e-03  Time cost: 03:59/00:02 [1:25:29/1:16:32]  Acc_iter 26050       Data time: 0.00(0.00)  Forward time: 0.19(0.19)  Batch time: 0.19(0.19)
2026-09-29 14:50:29,550   INFO  Train:   21/40 ( 52%) [1240/1241 (100%)]  Loss: 0.4206 (0.484)  LR: 2.690e-03  Time cost: 04:01/00:00 [1:25:31/1:16:26]  Acc_iter 26061       Data time: 0.00(0.00)  Forward time: 0.06(0.19)  Batch time: 0.06(0.19)
2026-09-29 14:50:30,689   INFO  Train:   22/40 ( 55%) [   0/1241 (  0%)]  Loss: 0.6504 (0.650)  LR: 2.690e-03  Time cost: 00:00/17:11 [1:25:32/5:26:35]  Acc_iter 26062       Data time: 0.53(0.53)  Forward time: 0.30(0.30)  Batch time: 0.83(0.83)
2026-09-29 14:50:38,089   INFO  Train:   22/40 ( 55%) [  38/1241 (  3%)]  Loss: 0.4320 (0.479)  LR: 2.686e-03  Time cost: 00:08/04:13 [1:25:40/1:22:48]  Acc_iter 26100       Data time: 0.00(0.02)  Forward time: 0.19(0.20)  Batch time: 0.19(0.21)
2026-09-29 14:50:38,155   INFO  
2026-09-29 14:50:48,035   INFO  Train:   22/40 ( 55%) [  88/1241 (  7%)]  Loss: 0.6656 (0.481)  LR: 2.682e-03  Time cost: 00:18/03:55 [1:25:50/1:19:57]  Acc_iter 26150       Data time: 0.00(0.01)  Forward time: 0.20(0.20)  Batch time: 0.20(0.20)
2026-09-29 14:50:58,067   INFO  Train:   22/40 ( 55%) [ 138/1241 ( 11%)]  Loss: 0.3771 (0.475)  LR: 2.677e-03  Time cost: 00:28/03:43 [1:26:00/1:19:16]  Acc_iter 26200       Data time: 0.00(0.01)  Forward time: 0.18(0.20)  Batch time: 0.18(0.20)
2026-09-29 14:51:07,993   INFO  Train:   22/40 ( 55%) [ 188/1241 ( 15%)]  Loss: 0.3898 (0.482)  LR: 2.672e-03  Time cost: 00:38/03:32 [1:26:10/1:18:39]  Acc_iter 26250       Data time: 0.00(0.01)  Forward time: 0.22(0.20)  Batch time: 0.22(0.20)
2026-09-29 14:51:08,079   INFO  
2026-09-29 14:51:17,929   INFO  Train:   22/40 ( 55%) [ 238/1241 ( 19%)]  Loss: 0.5266 (0.480)  LR: 2.667e-03  Time cost: 00:48/03:21 [1:26:20/1:18:14]  Acc_iter 26300       Data time: 0.00(0.00)  Forward time: 0.19(0.20)  Batch time: 0.19(0.20)
2026-09-29 14:51:27,725   INFO  Train:   22/40 ( 55%) [ 288/1241 ( 23%)]  Loss: 0.5436 (0.483)  LR: 2.662e-03  Time cost: 00:57/03:10 [1:26:29/1:17:43]  Acc_iter 26350       Data time: 0.00(0.00)  Forward time: 0.19(0.20)  Batch time: 0.19(0.20)
2026-09-29 14:51:37,461   INFO  Train:   22/40 ( 55%) [ 338/1241 ( 27%)]  Loss: 0.4184 (0.483)  LR: 2.657e-03  Time cost: 01:07/03:00 [1:26:39/1:17:14]  Acc_iter 26400       Data time: 0.00(0.00)  Forward time: 0.19(0.20)  Batch time: 0.20(0.20)
2026-09-29 14:51:37,563   INFO  
2026-09-29 14:51:47,266   INFO  Train:   22/40 ( 55%) [ 388/1241 ( 31%)]  Loss: 0.4532 (0.485)  LR: 2.652e-03  Time cost: 01:17/02:49 [1:26:49/1:16:54]  Acc_iter 26450       Data time: 0.00(0.00)  Forward time: 0.19(0.20)  Batch time: 0.19(0.20)
2026-09-29 14:51:57,094   INFO  Train:   22/40 ( 55%) [ 438/1241 ( 35%)]  Loss: 0.4730 (0.481)  LR: 2.647e-03  Time cost: 01:27/02:39 [1:26:59/1:16:38]  Acc_iter 26500       Data time: 0.00(0.00)  Forward time: 0.19(0.20)  Batch time: 0.19(0.20)
2026-09-29 14:52:06,646   INFO  Train:   22/40 ( 55%) [ 488/1241 ( 39%)]  Loss: 0.5547 (0.480)  LR: 2.641e-03  Time cost: 01:36/02:29 [1:27:08/1:16:10]  Acc_iter 26550       Data time: 0.00(0.00)  Forward time: 0.20(0.19)  Batch time: 0.20(0.20)
2026-09-29 14:52:06,750   INFO  
2026-09-29 14:52:16,600   INFO  Train:   22/40 ( 55%) [ 538/1241 ( 43%)]  Loss: 0.4395 (0.480)  LR: 2.636e-03  Time cost: 01:46/02:19 [1:27:18/1:16:02]  Acc_iter 26600       Data time: 0.00(0.00)  Forward time: 0.20(0.19)  Batch time: 0.20(0.20)
2026-09-29 14:52:26,446   INFO  Train:   22/40 ( 55%) [ 588/1241 ( 47%)]  Loss: 0.4668 (0.479)  LR: 2.631e-03  Time cost: 01:56/02:09 [1:27:28/1:15:50]  Acc_iter 26650       Data time: 0.00(0.00)  Forward time: 0.22(0.19)  Batch time: 0.22(0.20)
2026-09-29 14:52:36,017   INFO  Train:   22/40 ( 55%) [ 638/1241 ( 51%)]  Loss: 0.4012 (0.479)  LR: 2.626e-03  Time cost: 02:06/01:59 [1:27:38/1:15:29]  Acc_iter 26700       Data time: 0.00(0.00)  Forward time: 0.19(0.19)  Batch time: 0.19(0.20)
2026-09-29 14:52:36,096   INFO  
2026-09-29 14:52:45,954   INFO  Train:   22/40 ( 55%) [ 688/1241 ( 55%)]  Loss: 0.3228 (0.478)  LR: 2.621e-03  Time cost: 02:16/01:49 [1:27:48/1:15:21]  Acc_iter 26750       Data time: 0.00(0.00)  Forward time: 0.21(0.19)  Batch time: 0.21(0.20)
2026-09-29 14:52:55,642   INFO  Train:   22/40 ( 55%) [ 738/1241 ( 59%)]  Loss: 0.3713 (0.476)  LR: 2.615e-03  Time cost: 02:25/01:39 [1:27:57/1:15:05]  Acc_iter 26800       Data time: 0.00(0.00)  Forward time: 0.19(0.19)  Batch time: 0.19(0.20)
2026-09-29 14:53:05,480   INFO  Train:   22/40 ( 55%) [ 788/1241 ( 63%)]  Loss: 0.4312 (0.476)  LR: 2.610e-03  Time cost: 02:35/01:29 [1:28:07/1:14:55]  Acc_iter 26850       Data time: 0.00(0.00)  Forward time: 0.19(0.19)  Batch time: 0.19(0.20)
2026-09-29 14:53:05,724   INFO  
2026-09-29 14:53:15,561   INFO  Train:   22/40 ( 55%) [ 838/1241 ( 68%)]  Loss: 0.4127 (0.475)  LR: 2.605e-03  Time cost: 02:45/01:19 [1:28:17/1:14:51]  Acc_iter 26900       Data time: 0.00(0.00)  Forward time: 0.19(0.19)  Batch time: 0.19(0.20)
2026-09-29 14:53:25,620   INFO  Train:   22/40 ( 55%) [ 888/1241 ( 72%)]  Loss: 0.5314 (0.481)  LR: 2.599e-03  Time cost: 02:55/01:09 [1:28:27/1:14:46]  Acc_iter 26950       Data time: 0.00(0.00)  Forward time: 0.19(0.19)  Batch time: 0.19(0.20)
2026-09-29 14:53:35,031   INFO  Train:   22/40 ( 55%) [ 938/1241 ( 76%)]  Loss: 0.5134 (0.481)  LR: 2.594e-03  Time cost: 03:05/00:59 [1:28:37/1:14:24]  Acc_iter 27000       Data time: 0.00(0.00)  Forward time: 0.18(0.19)  Batch time: 0.18(0.20)
2026-09-29 14:53:35,113   INFO  
2026-09-29 14:53:44,568   INFO  Train:   22/40 ( 55%) [ 988/1241 ( 80%)]  Loss: 0.4590 (0.481)  LR: 2.589e-03  Time cost: 03:14/00:49 [1:28:46/1:14:07]  Acc_iter 27050       Data time: 0.00(0.00)  Forward time: 0.19(0.19)  Batch time: 0.19(0.20)
2026-09-29 14:53:54,206   INFO  Train:   22/40 ( 55%) [1038/1241 ( 84%)]  Loss: 0.5345 (0.481)  LR: 2.583e-03  Time cost: 03:24/00:39 [1:28:56/1:13:53]  Acc_iter 27100       Data time: 0.00(0.00)  Forward time: 0.18(0.19)  Batch time: 0.18(0.20)
2026-09-29 14:54:03,953   INFO  Train:   22/40 ( 55%) [1088/1241 ( 88%)]  Loss: 0.4000 (0.480)  LR: 2.578e-03  Time cost: 03:34/00:30 [1:29:06/1:13:41]  Acc_iter 27150       Data time: 0.00(0.00)  Forward time: 0.20(0.19)  Batch time: 0.20(0.20)
2026-09-29 14:54:04,066   INFO  
2026-09-29 14:54:13,741   INFO  Train:   22/40 ( 55%) [1138/1241 ( 92%)]  Loss: 0.4815 (0.479)  LR: 2.572e-03  Time cost: 03:43/00:20 [1:29:15/1:13:31]  Acc_iter 27200       Data time: 0.00(0.00)  Forward time: 0.18(0.19)  Batch time: 0.18(0.20)
2026-09-29 14:54:23,372   INFO  Train:   22/40 ( 55%) [1188/1241 ( 96%)]  Loss: 0.3328 (0.478)  LR: 2.567e-03  Time cost: 03:53/00:10 [1:29:25/1:13:17]  Acc_iter 27250       Data time: 0.00(0.00)  Forward time: 0.19(0.19)  Batch time: 0.19(0.20)
2026-09-29 14:54:33,300   INFO  Train:   22/40 ( 55%) [1238/1241 (100%)]  Loss: 0.4057 (0.479)  LR: 2.561e-03  Time cost: 04:03/00:00 [1:29:35/1:13:09]  Acc_iter 27300       Data time: 0.00(0.00)  Forward time: 0.18(0.19)  Batch time: 0.18(0.20)
2026-09-29 14:54:33,386   INFO  
2026-09-29 14:54:33,642   INFO  Train:   22/40 ( 55%) [1240/1241 (100%)]  Loss: 0.3359 (0.479)  LR: 2.561e-03  Time cost: 04:03/00:00 [1:29:35/1:13:08]  Acc_iter 27302       Data time: 0.00(0.00)  Forward time: 0.06(0.19)  Batch time: 0.06(0.20)
2026-09-29 14:54:35,074   INFO  Train:   23/40 ( 58%) [   0/1241 (  0%)]  Loss: 0.4026 (0.403)  LR: 2.561e-03  Time cost: 00:01/24:34 [1:29:37/7:22:12]  Acc_iter 27303       Data time: 0.97(0.97)  Forward time: 0.22(0.22)  Batch time: 1.19(1.19)
2026-09-29 14:54:44,139   INFO  Train:   23/40 ( 58%) [  47/1241 (  4%)]  Loss: 0.5454 (0.484)  LR: 2.555e-03  Time cost: 00:10/04:15 [1:29:46/1:19:21]  Acc_iter 27350       Data time: 0.00(0.02)  Forward time: 0.19(0.19)  Batch time: 0.19(0.21)
2026-09-29 14:54:53,720   INFO  Train:   23/40 ( 58%) [  97/1241 (  8%)]  Loss: 0.7395 (0.474)  LR: 2.550e-03  Time cost: 00:19/03:51 [1:29:55/1:15:01]  Acc_iter 27400       Data time: 0.00(0.01)  Forward time: 0.19(0.19)  Batch time: 0.19(0.20)
2026-09-29 14:55:03,266   INFO  Train:   23/40 ( 58%) [ 147/1241 ( 12%)]  Loss: 0.5007 (0.466)  LR: 2.544e-03  Time cost: 00:29/03:37 [1:30:05/1:13:25]  Acc_iter 27450       Data time: 0.00(0.01)  Forward time: 0.19(0.19)  Batch time: 0.19(0.20)
2026-09-29 14:55:03,339   INFO  
2026-09-29 14:55:12,928   INFO  Train:   23/40 ( 58%) [ 197/1241 ( 16%)]  Loss: 0.5012 (0.470)  LR: 2.538e-03  Time cost: 00:39/03:25 [1:30:15/1:12:45]  Acc_iter 27500       Data time: 0.00(0.01)  Forward time: 0.20(0.19)  Batch time: 0.20(0.20)
2026-09-29 14:55:22,481   INFO  Train:   23/40 ( 58%) [ 247/1241 ( 20%)]  Loss: 0.5930 (0.469)  LR: 2.533e-03  Time cost: 00:48/03:14 [1:30:24/1:12:08]  Acc_iter 27550       Data time: 0.00(0.01)  Forward time: 0.19(0.19)  Batch time: 0.19(0.20)
2026-09-29 14:55:31,981   INFO  Train:   23/40 ( 58%) [ 297/1241 ( 24%)]  Loss: 0.4196 (0.471)  LR: 2.527e-03  Time cost: 00:58/03:04 [1:30:34/1:11:36]  Acc_iter 27600       Data time: 0.00(0.01)  Forward time: 0.19(0.19)  Batch time: 0.19(0.19)
2026-09-29 14:55:32,083   INFO  
2026-09-29 14:55:41,766   INFO  Train:   23/40 ( 58%) [ 347/1241 ( 28%)]  Loss: 0.6409 (0.471)  LR: 2.521e-03  Time cost: 01:07/02:54 [1:30:43/1:11:29]  Acc_iter 27650       Data time: 0.00(0.01)  Forward time: 0.19(0.19)  Batch time: 0.19(0.20)
2026-09-29 14:55:51,672   INFO  Train:   23/40 ( 58%) [ 397/1241 ( 32%)]  Loss: 0.5034 (0.469)  LR: 2.515e-03  Time cost: 01:17/02:44 [1:30:53/1:11:28]  Acc_iter 27700       Data time: 0.00(0.00)  Forward time: 0.20(0.19)  Batch time: 0.20(0.20)
2026-09-29 14:56:01,167   INFO  Train:   23/40 ( 58%) [ 447/1241 ( 36%)]  Loss: 0.3403 (0.471)  LR: 2.509e-03  Time cost: 01:27/02:34 [1:31:03/1:11:04]  Acc_iter 27750       Data time: 0.00(0.00)  Forward time: 0.20(0.19)  Batch time: 0.20(0.19)
2026-09-29 14:56:01,252   INFO  
2026-09-29 14:56:10,810   INFO  Train:   23/40 ( 58%) [ 497/1241 ( 40%)]  Loss: 0.4330 (0.471)  LR: 2.504e-03  Time cost: 01:36/02:24 [1:31:12/1:10:50]  Acc_iter 27800       Data time: 0.00(0.00)  Forward time: 0.18(0.19)  Batch time: 0.19(0.19)
2026-09-29 14:56:20,434   INFO  Train:   23/40 ( 58%) [ 547/1241 ( 44%)]  Loss: 0.6293 (0.471)  LR: 2.498e-03  Time cost: 01:46/02:14 [1:31:22/1:10:36]  Acc_iter 27850       Data time: 0.00(0.00)  Forward time: 0.19(0.19)  Batch time: 0.19(0.19)
2026-09-29 14:56:29,878   INFO  Train:   23/40 ( 58%) [ 597/1241 ( 48%)]  Loss: 0.4519 (0.471)  LR: 2.492e-03  Time cost: 01:55/02:04 [1:31:32/1:10:17]  Acc_iter 27900       Data time: 0.00(0.00)  Forward time: 0.17(0.19)  Batch time: 0.17(0.19)
2026-09-29 14:56:29,961   INFO  
2026-09-29 14:56:39,668   INFO  Train:   23/40 ( 58%) [ 647/1241 ( 52%)]  Loss: 0.5595 (0.471)  LR: 2.486e-03  Time cost: 02:05/01:55 [1:31:41/1:10:10]  Acc_iter 27950       Data time: 0.00(0.00)  Forward time: 0.20(0.19)  Batch time: 0.20(0.19)
2026-09-29 14:56:49,218   INFO  Train:   23/40 ( 58%) [ 697/1241 ( 56%)]  Loss: 0.4263 (0.468)  LR: 2.480e-03  Time cost: 02:15/01:45 [1:31:51/1:09:55]  Acc_iter 28000       Data time: 0.00(0.00)  Forward time: 0.19(0.19)  Batch time: 0.19(0.19)
2026-09-29 14:56:58,625   INFO  Train:   23/40 ( 58%) [ 747/1241 ( 60%)]  Loss: 0.3240 (0.467)  LR: 2.474e-03  Time cost: 02:24/01:35 [1:32:00/1:09:37]  Acc_iter 28050       Data time: 0.00(0.00)  Forward time: 0.18(0.19)  Batch time: 0.18(0.19)
2026-09-29 14:56:58,733   INFO  
2026-09-29 14:57:08,301   INFO  Train:   23/40 ( 58%) [ 797/1241 ( 64%)]  Loss: 0.3873 (0.468)  LR: 2.468e-03  Time cost: 02:34/01:25 [1:32:10/1:09:28]  Acc_iter 28100       Data time: 0.00(0.00)  Forward time: 0.18(0.19)  Batch time: 0.18(0.19)
2026-09-29 14:57:17,844   INFO  Train:   23/40 ( 58%) [ 847/1241 ( 68%)]  Loss: 0.3997 (0.466)  LR: 2.462e-03  Time cost: 02:43/01:16 [1:32:20/1:09:15]  Acc_iter 28150       Data time: 0.00(0.00)  Forward time: 0.19(0.19)  Batch time: 0.19(0.19)
2026-09-29 14:57:27,612   INFO  Train:   23/40 ( 58%) [ 897/1241 ( 72%)]  Loss: 0.4698 (0.466)  LR: 2.456e-03  Time cost: 02:53/01:06 [1:32:29/1:09:07]  Acc_iter 28200       Data time: 0.00(0.00)  Forward time: 0.19(0.19)  Batch time: 0.19(0.19)
2026-09-29 14:57:27,692   INFO  
2026-09-29 14:57:37,254   INFO  Train:   23/40 ( 58%) [ 947/1241 ( 76%)]  Loss: 0.3368 (0.465)  LR: 2.450e-03  Time cost: 03:03/00:56 [1:32:39/1:08:57]  Acc_iter 28250       Data time: 0.00(0.00)  Forward time: 0.18(0.19)  Batch time: 0.18(0.19)
2026-09-29 14:57:47,041   INFO  Train:   23/40 ( 58%) [ 997/1241 ( 80%)]  Loss: 0.6651 (0.465)  LR: 2.443e-03  Time cost: 03:13/00:47 [1:32:49/1:08:50]  Acc_iter 28300       Data time: 0.00(0.00)  Forward time: 0.21(0.19)  Batch time: 0.21(0.19)
2026-09-29 14:57:56,665   INFO  Train:   23/40 ( 58%) [1047/1241 ( 84%)]  Loss: 0.4389 (0.465)  LR: 2.437e-03  Time cost: 03:22/00:37 [1:32:58/1:08:39]  Acc_iter 28350       Data time: 0.00(0.00)  Forward time: 0.19(0.19)  Batch time: 0.19(0.19)
2026-09-29 14:57:56,752   INFO  
2026-09-29 14:58:06,479   INFO  Train:   23/40 ( 58%) [1097/1241 ( 88%)]  Loss: 0.4416 (0.468)  LR: 2.431e-03  Time cost: 03:32/00:27 [1:33:08/1:08:32]  Acc_iter 28400       Data time: 0.00(0.00)  Forward time: 0.18(0.19)  Batch time: 0.18(0.19)
2026-09-29 14:58:15,956   INFO  Train:   23/40 ( 58%) [1147/1241 ( 92%)]  Loss: 0.5201 (0.467)  LR: 2.425e-03  Time cost: 03:42/00:18 [1:33:18/1:08:19]  Acc_iter 28450       Data time: 0.00(0.00)  Forward time: 0.19(0.19)  Batch time: 0.19(0.19)
2026-09-29 14:58:25,575   INFO  Train:   23/40 ( 58%) [1197/1241 ( 96%)]  Loss: 0.5832 (0.467)  LR: 2.419e-03  Time cost: 03:51/00:08 [1:33:27/1:08:08]  Acc_iter 28500       Data time: 0.00(0.00)  Forward time: 0.19(0.19)  Batch time: 0.19(0.19)
2026-09-29 14:58:25,632   INFO  
2026-09-29 14:58:33,787   INFO  Train:   23/40 ( 58%) [1240/1241 (100%)]  Loss: 0.9303 (0.466)  LR: 2.413e-03  Time cost: 03:59/00:00 [1:33:35/1:07:58]  Acc_iter 28543       Data time: 0.02(0.00)  Forward time: 0.06(0.19)  Batch time: 0.08(0.19)
2026-09-29 14:58:35,225   INFO  Train:   24/40 ( 60%) [   0/1241 (  0%)]  Loss: 0.2973 (0.297)  LR: 2.413e-03  Time cost: 00:01/22:49 [1:33:37/6:28:09]  Acc_iter 28544       Data time: 0.79(0.79)  Forward time: 0.32(0.32)  Batch time: 1.10(1.10)
2026-09-29 14:58:36,376   INFO  Train:   24/40 ( 60%) [   6/1241 (  0%)]  Loss: 0.4243 (0.417)  LR: 2.412e-03  Time cost: 00:02/06:37 [1:33:38/1:53:15]  Acc_iter 28550       Data time: 0.00(0.11)  Forward time: 0.19(0.21)  Batch time: 0.19(0.32)
2026-09-29 14:58:46,120   INFO  Train:   24/40 ( 60%) [  56/1241 (  5%)]  Loss: 0.4307 (0.464)  LR: 2.406e-03  Time cost: 00:11/04:09 [1:33:48/1:13:49]  Acc_iter 28600       Data time: 0.00(0.02)  Forward time: 0.19(0.19)  Batch time: 0.19(0.21)
2026-09-29 14:58:55,849   INFO  Train:   24/40 ( 60%) [ 106/1241 (  9%)]  Loss: 0.3795 (0.462)  LR: 2.400e-03  Time cost: 00:21/03:50 [1:33:58/1:11:02]  Acc_iter 28650       Data time: 0.00(0.01)  Forward time: 0.20(0.19)  Batch time: 0.20(0.20)
2026-09-29 14:58:55,913   INFO  
2026-09-29 14:59:05,569   INFO  Train:   24/40 ( 60%) [ 156/1241 ( 13%)]  Loss: 0.5535 (0.465)  LR: 2.393e-03  Time cost: 00:31/03:37 [1:34:07/1:09:54]  Acc_iter 28700       Data time: 0.00(0.01)  Forward time: 0.21(0.19)  Batch time: 0.21(0.20)
2026-09-29 14:59:15,445   INFO  Train:   24/40 ( 60%) [ 206/1241 ( 17%)]  Loss: 0.2981 (0.463)  LR: 2.387e-03  Time cost: 00:41/03:26 [1:34:17/1:09:30]  Acc_iter 28750       Data time: 0.00(0.01)  Forward time: 0.19(0.19)  Batch time: 0.19(0.20)
2026-09-29 14:59:25,045   INFO  Train:   24/40 ( 60%) [ 256/1241 ( 21%)]  Loss: 0.4068 (0.458)  LR: 2.381e-03  Time cost: 00:50/03:15 [1:34:27/1:08:49]  Acc_iter 28800       Data time: 0.00(0.01)  Forward time: 0.19(0.19)  Batch time: 0.19(0.20)
2026-09-29 14:59:25,109   INFO  
2026-09-29 14:59:34,776   INFO  Train:   24/40 ( 60%) [ 306/1241 ( 25%)]  Loss: 0.3731 (0.457)  LR: 2.374e-03  Time cost: 01:00/03:04 [1:34:36/1:08:27]  Acc_iter 28850       Data time: 0.00(0.00)  Forward time: 0.20(0.19)  Batch time: 0.20(0.20)
2026-09-29 14:59:44,178   INFO  Train:   24/40 ( 60%) [ 356/1241 ( 29%)]  Loss: 0.5454 (0.458)  LR: 2.368e-03  Time cost: 01:10/02:53 [1:34:46/1:07:50]  Acc_iter 28900       Data time: 0.00(0.00)  Forward time: 0.20(0.19)  Batch time: 0.20(0.20)
2026-09-29 14:59:53,760   INFO  Train:   24/40 ( 60%) [ 406/1241 ( 33%)]  Loss: 0.4653 (0.459)  LR: 2.361e-03  Time cost: 01:19/02:43 [1:34:55/1:07:28]  Acc_iter 28950       Data time: 0.00(0.00)  Forward time: 0.20(0.19)  Batch time: 0.20(0.20)
2026-09-29 14:59:53,841   INFO  
2026-09-29 15:00:03,472   INFO  Train:   24/40 ( 60%) [ 456/1241 ( 37%)]  Loss: 0.3471 (0.456)  LR: 2.355e-03  Time cost: 01:29/02:33 [1:35:05/1:07:15]  Acc_iter 29000       Data time: 0.00(0.00)  Forward time: 0.19(0.19)  Batch time: 0.19(0.20)
2026-09-29 15:00:13,120   INFO  Train:   24/40 ( 60%) [ 506/1241 ( 41%)]  Loss: 0.3706 (0.457)  LR: 2.348e-03  Time cost: 01:38/02:23 [1:35:15/1:07:00]  Acc_iter 29050       Data time: 0.00(0.00)  Forward time: 0.19(0.19)  Batch time: 0.19(0.20)
2026-09-29 15:00:22,827   INFO  Train:   24/40 ( 60%) [ 556/1241 ( 45%)]  Loss: 0.4219 (0.458)  LR: 2.342e-03  Time cost: 01:48/02:13 [1:35:25/1:06:48]  Acc_iter 29100       Data time: 0.00(0.00)  Forward time: 0.18(0.19)  Batch time: 0.18(0.20)
2026-09-29 15:00:22,928   INFO  
2026-09-29 15:00:32,542   INFO  Train:   24/40 ( 60%) [ 606/1241 ( 49%)]  Loss: 0.4021 (0.458)  LR: 2.335e-03  Time cost: 01:58/02:03 [1:35:34/1:06:37]  Acc_iter 29150       Data time: 0.00(0.00)  Forward time: 0.20(0.19)  Batch time: 0.20(0.20)
2026-09-29 15:00:42,304   INFO  Train:   24/40 ( 60%) [ 656/1241 ( 53%)]  Loss: 0.4950 (0.458)  LR: 2.329e-03  Time cost: 02:08/01:54 [1:35:44/1:06:28]  Acc_iter 29200       Data time: 0.00(0.00)  Forward time: 0.19(0.19)  Batch time: 0.19(0.20)
2026-09-29 15:00:52,019   INFO  Train:   24/40 ( 60%) [ 706/1241 ( 57%)]  Loss: 0.4529 (0.456)  LR: 2.322e-03  Time cost: 02:17/01:44 [1:35:54/1:06:17]  Acc_iter 29250       Data time: 0.00(0.00)  Forward time: 0.18(0.19)  Batch time: 0.18(0.20)
2026-09-29 15:00:52,114   INFO  
2026-09-29 15:01:01,817   INFO  Train:   24/40 ( 60%) [ 756/1241 ( 61%)]  Loss: 0.4103 (0.456)  LR: 2.315e-03  Time cost: 02:27/01:34 [1:36:03/1:06:08]  Acc_iter 29300       Data time: 0.00(0.00)  Forward time: 0.18(0.19)  Batch time: 0.18(0.20)
2026-09-29 15:01:11,361   INFO  Train:   24/40 ( 60%) [ 806/1241 ( 65%)]  Loss: 0.6260 (0.457)  LR: 2.309e-03  Time cost: 02:37/01:24 [1:36:13/1:05:53]  Acc_iter 29350       Data time: 0.00(0.00)  Forward time: 0.18(0.19)  Batch time: 0.18(0.19)
2026-09-29 15:01:21,193   INFO  Train:   24/40 ( 60%) [ 856/1241 ( 69%)]  Loss: 0.5300 (0.456)  LR: 2.302e-03  Time cost: 02:47/01:15 [1:36:23/1:05:45]  Acc_iter 29400       Data time: 0.00(0.00)  Forward time: 0.21(0.19)  Batch time: 0.21(0.19)
2026-09-29 15:01:21,281   INFO  
2026-09-29 15:01:31,016   INFO  Train:   24/40 ( 60%) [ 906/1241 ( 73%)]  Loss: 0.4020 (0.456)  LR: 2.295e-03  Time cost: 02:56/01:05 [1:36:33/1:05:37]  Acc_iter 29450       Data time: 0.00(0.00)  Forward time: 0.18(0.19)  Batch time: 0.18(0.20)
2026-09-29 15:01:40,698   INFO  Train:   24/40 ( 60%) [ 956/1241 ( 77%)]  Loss: 0.4914 (0.456)  LR: 2.289e-03  Time cost: 03:06/00:55 [1:36:42/1:05:26]  Acc_iter 29500       Data time: 0.00(0.00)  Forward time: 0.18(0.19)  Batch time: 0.18(0.19)
2026-09-29 15:01:50,309   INFO  Train:   24/40 ( 60%) [1006/1241 ( 81%)]  Loss: 0.2990 (0.456)  LR: 2.282e-03  Time cost: 03:16/00:45 [1:36:52/1:05:14]  Acc_iter 29550       Data time: 0.00(0.00)  Forward time: 0.19(0.19)  Batch time: 0.19(0.19)
2026-09-29 15:01:50,411   INFO  
2026-09-29 15:02:00,139   INFO  Train:   24/40 ( 60%) [1056/1241 ( 85%)]  Loss: 0.4929 (0.456)  LR: 2.275e-03  Time cost: 03:26/00:36 [1:37:02/1:05:06]  Acc_iter 29600       Data time: 0.00(0.00)  Forward time: 0.20(0.19)  Batch time: 0.20(0.19)
2026-09-29 15:02:09,701   INFO  Train:   24/40 ( 60%) [1106/1241 ( 89%)]  Loss: 0.4842 (0.456)  LR: 2.268e-03  Time cost: 03:35/00:26 [1:37:11/1:04:53]  Acc_iter 29650       Data time: 0.00(0.00)  Forward time: 0.19(0.19)  Batch time: 0.19(0.19)
2026-09-29 15:02:19,516   INFO  Train:   24/40 ( 60%) [1156/1241 ( 93%)]  Loss: 0.4884 (0.457)  LR: 2.262e-03  Time cost: 03:45/00:16 [1:37:21/1:04:44]  Acc_iter 29700       Data time: 0.00(0.00)  Forward time: 0.18(0.19)  Batch time: 0.18(0.19)
2026-09-29 15:02:19,615   INFO  
2026-09-29 15:02:29,693   INFO  Train:   24/40 ( 60%) [1206/1241 ( 97%)]  Loss: 0.4009 (0.457)  LR: 2.255e-03  Time cost: 03:55/00:06 [1:37:31/1:04:42]  Acc_iter 29750       Data time: 0.00(0.00)  Forward time: 0.20(0.19)  Batch time: 0.20(0.20)
2026-09-29 15:02:36,314   INFO  Train:   24/40 ( 60%) [1240/1241 (100%)]  Loss: 0.4039 (0.457)  LR: 2.250e-03  Time cost: 04:02/00:00 [1:37:38/1:04:35]  Acc_iter 29784       Data time: 0.00(0.00)  Forward time: 0.06(0.19)  Batch time: 0.06(0.20)
2026-09-29 15:02:37,753   INFO  Train:   25/40 ( 62%) [   0/1241 (  0%)]  Loss: 0.4837 (0.484)  LR: 2.250e-03  Time cost: 00:01/23:36 [1:37:39/6:17:42]  Acc_iter 29785       Data time: 0.83(0.83)  Forward time: 0.31(0.31)  Batch time: 1.14(1.14)
2026-09-29 15:02:40,755   INFO  Train:   25/40 ( 62%) [  15/1241 (  1%)]  Loss: 0.3847 (0.440)  LR: 2.248e-03  Time cost: 00:04/05:17 [1:37:42/1:25:38]  Acc_iter 29800       Data time: 0.00(0.05)  Forward time: 0.20(0.20)  Batch time: 0.20(0.26)
2026-09-29 15:02:50,406   INFO  Train:   25/40 ( 62%) [  65/1241 (  5%)]  Loss: 0.3207 (0.425)  LR: 2.241e-03  Time cost: 00:13/04:05 [1:37:52/1:08:56]  Acc_iter 29850       Data time: 0.00(0.01)  Forward time: 0.20(0.19)  Batch time: 0.20(0.21)
2026-09-29 15:02:50,483   INFO  
2026-09-29 15:03:00,067   INFO  Train:   25/40 ( 62%) [ 115/1241 (  9%)]  Loss: 0.3837 (0.431)  LR: 2.234e-03  Time cost: 00:23/03:47 [1:38:02/1:06:31]  Acc_iter 29900       Data time: 0.00(0.01)  Forward time: 0.20(0.19)  Batch time: 0.21(0.20)
2026-09-29 15:03:09,633   INFO  Train:   25/40 ( 62%) [ 165/1241 ( 13%)]  Loss: 0.4862 (0.440)  LR: 2.227e-03  Time cost: 00:33/03:34 [1:38:11/1:05:17]  Acc_iter 29950       Data time: 0.00(0.01)  Forward time: 0.18(0.19)  Batch time: 0.18(0.20)
2026-09-29 15:03:19,209   INFO  Train:   25/40 ( 62%) [ 215/1241 ( 17%)]  Loss: 0.5101 (0.446)  LR: 2.220e-03  Time cost: 00:42/03:22 [1:38:21/1:04:33]  Acc_iter 30000       Data time: 0.00(0.01)  Forward time: 0.17(0.19)  Batch time: 0.17(0.20)
2026-09-29 15:03:19,301   INFO  
2026-09-29 15:03:28,928   INFO  Train:   25/40 ( 62%) [ 265/1241 ( 21%)]  Loss: 0.5320 (0.448)  LR: 2.213e-03  Time cost: 00:52/03:11 [1:38:31/1:04:13]  Acc_iter 30050       Data time: 0.00(0.01)  Forward time: 0.19(0.19)  Batch time: 0.19(0.20)
2026-09-29 15:03:38,623   INFO  Train:   25/40 ( 62%) [ 315/1241 ( 25%)]  Loss: 0.3499 (0.447)  LR: 2.206e-03  Time cost: 01:02/03:01 [1:38:40/1:03:54]  Acc_iter 30100       Data time: 0.00(0.01)  Forward time: 0.20(0.19)  Batch time: 0.20(0.20)
2026-09-29 15:03:48,260   INFO  Train:   25/40 ( 62%) [ 365/1241 ( 29%)]  Loss: 0.4612 (0.450)  LR: 2.199e-03  Time cost: 01:11/02:51 [1:38:50/1:03:35]  Acc_iter 30150       Data time: 0.00(0.00)  Forward time: 0.20(0.19)  Batch time: 0.20(0.20)
2026-09-29 15:03:48,335   INFO  
2026-09-29 15:03:58,079   INFO  Train:   25/40 ( 62%) [ 415/1241 ( 33%)]  Loss: 0.3373 (0.447)  LR: 2.192e-03  Time cost: 01:21/02:41 [1:39:00/1:03:27]  Acc_iter 30200       Data time: 0.00(0.00)  Forward time: 0.19(0.19)  Batch time: 0.19(0.20)
2026-09-29 15:04:07,781   INFO  Train:   25/40 ( 62%) [ 465/1241 ( 37%)]  Loss: 0.3324 (0.445)  LR: 2.185e-03  Time cost: 01:31/02:31 [1:39:09/1:03:13]  Acc_iter 30250       Data time: 0.00(0.00)  Forward time: 0.18(0.19)  Batch time: 0.19(0.20)
2026-09-29 15:04:17,479   INFO  Train:   25/40 ( 62%) [ 515/1241 ( 41%)]  Loss: 0.5409 (0.446)  LR: 2.178e-03  Time cost: 01:40/02:21 [1:39:19/1:03:00]  Acc_iter 30300       Data time: 0.00(0.00)  Forward time: 0.21(0.19)  Batch time: 0.21(0.20)
2026-09-29 15:04:17,560   INFO  
2026-09-29 15:04:27,278   INFO  Train:   25/40 ( 62%) [ 565/1241 ( 46%)]  Loss: 0.4670 (0.447)  LR: 2.171e-03  Time cost: 01:50/02:12 [1:39:29/1:02:51]  Acc_iter 30350       Data time: 0.00(0.00)  Forward time: 0.18(0.19)  Batch time: 0.19(0.20)
2026-09-29 15:04:36,895   INFO  Train:   25/40 ( 62%) [ 615/1241 ( 50%)]  Loss: 0.4679 (0.447)  LR: 2.164e-03  Time cost: 02:00/02:02 [1:39:39/1:02:37]  Acc_iter 30400       Data time: 0.00(0.00)  Forward time: 0.19(0.19)  Batch time: 0.19(0.20)
2026-09-29 15:04:46,441   INFO  Train:   25/40 ( 62%) [ 665/1241 ( 54%)]  Loss: 0.5344 (0.448)  LR: 2.157e-03  Time cost: 02:09/01:52 [1:39:48/1:02:21]  Acc_iter 30450       Data time: 0.00(0.00)  Forward time: 0.22(0.19)  Batch time: 0.22(0.19)
2026-09-29 15:04:46,541   INFO  
2026-09-29 15:04:56,157   INFO  Train:   25/40 ( 62%) [ 715/1241 ( 58%)]  Loss: 0.4156 (0.447)  LR: 2.150e-03  Time cost: 02:19/01:42 [1:39:58/1:02:10]  Acc_iter 30500       Data time: 0.00(0.00)  Forward time: 0.19(0.19)  Batch time: 0.19(0.19)
2026-09-29 15:05:05,840   INFO  Train:   25/40 ( 62%) [ 765/1241 ( 62%)]  Loss: 0.3740 (0.448)  LR: 2.143e-03  Time cost: 02:29/01:32 [1:40:08/1:01:59]  Acc_iter 30550       Data time: 0.00(0.00)  Forward time: 0.19(0.19)  Batch time: 0.19(0.19)
2026-09-29 15:05:15,524   INFO  Train:   25/40 ( 62%) [ 815/1241 ( 66%)]  Loss: 0.3925 (0.446)  LR: 2.136e-03  Time cost: 02:38/01:22 [1:40:17/1:01:48]  Acc_iter 30600       Data time: 0.00(0.00)  Forward time: 0.20(0.19)  Batch time: 0.20(0.19)
2026-09-29 15:05:15,679   INFO  
2026-09-29 15:05:25,529   INFO  Train:   25/40 ( 62%) [ 865/1241 ( 70%)]  Loss: 0.4966 (0.446)  LR: 2.129e-03  Time cost: 02:48/01:13 [1:40:27/1:01:44]  Acc_iter 30650       Data time: 0.00(0.00)  Forward time: 0.19(0.19)  Batch time: 0.20(0.20)
2026-09-29 15:05:35,352   INFO  Train:   25/40 ( 62%) [ 915/1241 ( 74%)]  Loss: 0.4698 (0.448)  LR: 2.121e-03  Time cost: 02:58/01:03 [1:40:37/1:01:35]  Acc_iter 30700       Data time: 0.00(0.00)  Forward time: 0.20(0.19)  Batch time: 0.20(0.20)
2026-09-29 15:05:45,115   INFO  Train:   25/40 ( 62%) [ 965/1241 ( 78%)]  Loss: 0.4271 (0.446)  LR: 2.114e-03  Time cost: 03:08/00:53 [1:40:47/1:01:26]  Acc_iter 30750       Data time: 0.00(0.00)  Forward time: 0.19(0.19)  Batch time: 0.19(0.20)
2026-09-29 15:05:45,214   INFO  
2026-09-29 15:05:55,097   INFO  Train:   25/40 ( 62%) [1015/1241 ( 82%)]  Loss: 0.5321 (0.446)  LR: 2.107e-03  Time cost: 03:18/00:44 [1:40:57/1:01:20]  Acc_iter 30800       Data time: 0.00(0.00)  Forward time: 0.20(0.19)  Batch time: 0.20(0.20)
2026-09-29 15:06:04,822   INFO  Train:   25/40 ( 62%) [1065/1241 ( 86%)]  Loss: 0.4152 (0.445)  LR: 2.100e-03  Time cost: 03:28/00:34 [1:41:06/1:01:10]  Acc_iter 30850       Data time: 0.00(0.00)  Forward time: 0.21(0.19)  Batch time: 0.21(0.20)
2026-09-29 15:06:14,843   INFO  Train:   25/40 ( 62%) [1115/1241 ( 90%)]  Loss: 0.5184 (0.445)  LR: 2.092e-03  Time cost: 03:38/00:24 [1:41:17/1:01:04]  Acc_iter 30900       Data time: 0.00(0.00)  Forward time: 0.21(0.19)  Batch time: 0.21(0.20)
2026-09-29 15:06:14,959   INFO  
2026-09-29 15:06:25,014   INFO  Train:   25/40 ( 62%) [1165/1241 ( 94%)]  Loss: 0.4219 (0.447)  LR: 2.085e-03  Time cost: 03:48/00:14 [1:41:27/1:01:01]  Acc_iter 30950       Data time: 0.00(0.00)  Forward time: 0.22(0.19)  Batch time: 0.23(0.20)
2026-09-29 15:06:34,761   INFO  Train:   25/40 ( 62%) [1215/1241 ( 98%)]  Loss: 0.2542 (0.448)  LR: 2.078e-03  Time cost: 03:58/00:05 [1:41:36/1:00:50]  Acc_iter 31000       Data time: 0.00(0.00)  Forward time: 0.18(0.19)  Batch time: 0.19(0.20)
2026-09-29 15:06:39,384   INFO  Train:   25/40 ( 62%) [1240/1241 (100%)]  Loss: 0.6127 (0.447)  LR: 2.074e-03  Time cost: 04:02/00:00 [1:41:41/1:00:41]  Acc_iter 31025       Data time: 0.00(0.00)  Forward time: 0.06(0.19)  Batch time: 0.06(0.20)
2026-09-29 15:06:40,888   INFO  Train:   26/40 ( 65%) [   0/1241 (  0%)]  Loss: 0.4443 (0.444)  LR: 2.074e-03  Time cost: 00:01/23:54 [1:41:43/5:58:37]  Acc_iter 31026       Data time: 0.92(0.92)  Forward time: 0.23(0.23)  Batch time: 1.16(1.16)
2026-09-29 15:06:45,646   INFO  Train:   26/40 ( 65%) [  24/1241 (  2%)]  Loss: 0.5032 (0.446)  LR: 2.071e-03  Time cost: 00:05/04:47 [1:41:47/1:13:17]  Acc_iter 31050       Data time: 0.00(0.04)  Forward time: 0.20(0.20)  Batch time: 0.20(0.24)
2026-09-29 15:06:45,743   INFO  
2026-09-29 15:06:55,464   INFO  Train:   26/40 ( 65%) [  74/1241 (  6%)]  Loss: 0.3873 (0.445)  LR: 2.063e-03  Time cost: 00:15/04:04 [1:41:57/1:04:49]  Acc_iter 31100       Data time: 0.00(0.02)  Forward time: 0.19(0.19)  Batch time: 0.19(0.21)
2026-09-29 15:07:05,004   INFO  Train:   26/40 ( 65%) [ 124/1241 ( 10%)]  Loss: 0.4541 (0.448)  LR: 2.056e-03  Time cost: 00:25/03:45 [1:42:07/1:02:18]  Acc_iter 31150       Data time: 0.00(0.01)  Forward time: 0.20(0.19)  Batch time: 0.20(0.20)
2026-09-29 15:07:14,494   INFO  Train:   26/40 ( 65%) [ 174/1241 ( 14%)]  Loss: 0.4429 (0.451)  LR: 2.049e-03  Time cost: 00:34/03:31 [1:42:16/1:01:03]  Acc_iter 31200       Data time: 0.00(0.01)  Forward time: 0.20(0.19)  Batch time: 0.20(0.20)
2026-09-29 15:07:14,574   INFO  
2026-09-29 15:07:24,353   INFO  Train:   26/40 ( 65%) [ 224/1241 ( 18%)]  Loss: 0.3532 (0.444)  LR: 2.041e-03  Time cost: 00:44/03:21 [1:42:26/1:00:47]  Acc_iter 31250       Data time: 0.00(0.01)  Forward time: 0.20(0.19)  Batch time: 0.20(0.20)
2026-09-29 15:07:34,182   INFO  Train:   26/40 ( 65%) [ 274/1241 ( 22%)]  Loss: 0.8199 (0.442)  LR: 2.034e-03  Time cost: 00:54/03:11 [1:42:36/1:00:31]  Acc_iter 31300       Data time: 0.00(0.01)  Forward time: 0.19(0.19)  Batch time: 0.19(0.20)
2026-09-29 15:07:43,854   INFO  Train:   26/40 ( 65%) [ 324/1241 ( 26%)]  Loss: 0.3897 (0.439)  LR: 2.026e-03  Time cost: 01:04/03:00 [1:42:46/1:00:08]  Acc_iter 31350       Data time: 0.00(0.01)  Forward time: 0.20(0.19)  Batch time: 0.20(0.20)
2026-09-29 15:07:43,948   INFO  
2026-09-29 15:07:53,512   INFO  Train:   26/40 ( 65%) [ 374/1241 ( 30%)]  Loss: 0.4747 (0.447)  LR: 2.019e-03  Time cost: 01:13/02:50 [1:42:55/59:48]  Acc_iter 31400       Data time: 0.00(0.01)  Forward time: 0.19(0.19)  Batch time: 0.19(0.20)
2026-09-29 15:08:03,111   INFO  Train:   26/40 ( 65%) [ 424/1241 ( 34%)]  Loss: 0.5314 (0.447)  LR: 2.012e-03  Time cost: 01:23/02:40 [1:43:05/59:28]  Acc_iter 31450       Data time: 0.00(0.00)  Forward time: 0.21(0.19)  Batch time: 0.22(0.20)
2026-09-29 15:08:12,915   INFO  Train:   26/40 ( 65%) [ 474/1241 ( 38%)]  Loss: 0.4426 (0.445)  LR: 2.004e-03  Time cost: 01:33/02:30 [1:43:15/59:18]  Acc_iter 31500       Data time: 0.00(0.00)  Forward time: 0.21(0.19)  Batch time: 0.21(0.20)
2026-09-29 15:08:13,036   INFO  
2026-09-29 15:08:22,845   INFO  Train:   26/40 ( 65%) [ 524/1241 ( 42%)]  Loss: 0.4420 (0.443)  LR: 1.997e-03  Time cost: 01:43/02:20 [1:43:25/59:13]  Acc_iter 31550       Data time: 0.00(0.00)  Forward time: 0.18(0.19)  Batch time: 0.18(0.20)
2026-09-29 15:08:32,576   INFO  Train:   26/40 ( 65%) [ 574/1241 ( 46%)]  Loss: 0.6318 (0.442)  LR: 1.989e-03  Time cost: 01:52/02:10 [1:43:34/59:00]  Acc_iter 31600       Data time: 0.00(0.00)  Forward time: 0.22(0.19)  Batch time: 0.22(0.20)
2026-09-29 15:08:42,217   INFO  Train:   26/40 ( 65%) [ 624/1241 ( 50%)]  Loss: 0.3788 (0.441)  LR: 1.982e-03  Time cost: 02:02/02:00 [1:43:44/58:45]  Acc_iter 31650       Data time: 0.00(0.00)  Forward time: 0.20(0.19)  Batch time: 0.20(0.20)
2026-09-29 15:08:42,286   INFO  
2026-09-29 15:08:52,122   INFO  Train:   26/40 ( 65%) [ 674/1241 ( 54%)]  Loss: 0.4636 (0.440)  LR: 1.974e-03  Time cost: 02:12/01:51 [1:43:54/58:38]  Acc_iter 31700       Data time: 0.00(0.00)  Forward time: 0.19(0.19)  Batch time: 0.19(0.20)
2026-09-29 15:09:02,008   INFO  Train:   26/40 ( 65%) [ 724/1241 ( 58%)]  Loss: 0.4150 (0.439)  LR: 1.967e-03  Time cost: 02:22/01:41 [1:44:04/58:30]  Acc_iter 31750       Data time: 0.00(0.00)  Forward time: 0.20(0.19)  Batch time: 0.20(0.20)
2026-09-29 15:09:11,924   INFO  Train:   26/40 ( 65%) [ 774/1241 ( 62%)]  Loss: 0.4955 (0.438)  LR: 1.959e-03  Time cost: 02:32/01:31 [1:44:14/58:23]  Acc_iter 31800       Data time: 0.00(0.00)  Forward time: 0.19(0.19)  Batch time: 0.19(0.20)
2026-09-29 15:09:12,027   INFO  
2026-09-29 15:09:21,872   INFO  Train:   26/40 ( 65%) [ 824/1241 ( 66%)]  Loss: 0.3711 (0.439)  LR: 1.952e-03  Time cost: 02:42/01:21 [1:44:24/58:16]  Acc_iter 31850       Data time: 0.00(0.00)  Forward time: 0.19(0.19)  Batch time: 0.19(0.20)
2026-09-29 15:09:31,747   INFO  Train:   26/40 ( 65%) [ 874/1241 ( 70%)]  Loss: 0.4919 (0.438)  LR: 1.944e-03  Time cost: 02:52/01:12 [1:44:33/58:07]  Acc_iter 31900       Data time: 0.00(0.00)  Forward time: 0.18(0.19)  Batch time: 0.18(0.20)
2026-09-29 15:09:41,400   INFO  Train:   26/40 ( 65%) [ 924/1241 ( 74%)]  Loss: 0.4136 (0.439)  LR: 1.936e-03  Time cost: 03:01/01:02 [1:44:43/57:54]  Acc_iter 31950       Data time: 0.00(0.00)  Forward time: 0.19(0.19)  Batch time: 0.20(0.20)
2026-09-29 15:09:41,485   INFO  
2026-09-29 15:09:51,152   INFO  Train:   26/40 ( 65%) [ 974/1241 ( 78%)]  Loss: 0.5134 (0.439)  LR: 1.929e-03  Time cost: 03:11/00:52 [1:44:53/57:43]  Acc_iter 32000       Data time: 0.00(0.00)  Forward time: 0.21(0.19)  Batch time: 0.21(0.20)
2026-09-29 15:10:00,910   INFO  Train:   26/40 ( 65%) [1024/1241 ( 83%)]  Loss: 0.5235 (0.440)  LR: 1.921e-03  Time cost: 03:21/00:42 [1:45:03/57:32]  Acc_iter 32050       Data time: 0.00(0.00)  Forward time: 0.21(0.19)  Batch time: 0.21(0.20)
2026-09-29 15:10:10,699   INFO  Train:   26/40 ( 65%) [1074/1241 ( 87%)]  Loss: 0.5674 (0.439)  LR: 1.914e-03  Time cost: 03:30/00:32 [1:45:12/57:22]  Acc_iter 32100       Data time: 0.00(0.00)  Forward time: 0.19(0.19)  Batch time: 0.19(0.20)
2026-09-29 15:10:10,772   INFO  
2026-09-29 15:10:20,499   INFO  Train:   26/40 ( 65%) [1124/1241 ( 91%)]  Loss: 0.3723 (0.438)  LR: 1.906e-03  Time cost: 03:40/00:22 [1:45:22/57:12]  Acc_iter 32150       Data time: 0.00(0.00)  Forward time: 0.18(0.19)  Batch time: 0.19(0.20)
2026-09-29 15:10:30,290   INFO  Train:   26/40 ( 65%) [1174/1241 ( 95%)]  Loss: 0.3113 (0.438)  LR: 1.898e-03  Time cost: 03:50/00:13 [1:45:32/57:02]  Acc_iter 32200       Data time: 0.00(0.00)  Forward time: 0.20(0.19)  Batch time: 0.21(0.20)
2026-09-29 15:10:40,086   INFO  Train:   26/40 ( 65%) [1224/1241 ( 99%)]  Loss: 0.4877 (0.438)  LR: 1.891e-03  Time cost: 04:00/00:03 [1:45:42/56:52]  Acc_iter 32250       Data time: 0.00(0.00)  Forward time: 0.19(0.19)  Batch time: 0.19(0.20)
2026-09-29 15:10:40,170   INFO  
2026-09-29 15:10:43,131   INFO  Train:   26/40 ( 65%) [1240/1241 (100%)]  Loss: 0.5311 (0.438)  LR: 1.888e-03  Time cost: 04:03/00:00 [1:45:45/56:47]  Acc_iter 32266       Data time: 0.00(0.00)  Forward time: 0.05(0.19)  Batch time: 0.05(0.20)
2026-09-29 15:10:44,287   INFO  Train:   27/40 ( 68%) [   0/1241 (  0%)]  Loss: 0.4052 (0.405)  LR: 1.888e-03  Time cost: 00:00/18:25 [1:45:46/4:17:56]  Acc_iter 32267       Data time: 0.54(0.54)  Forward time: 0.35(0.35)  Batch time: 0.89(0.89)
2026-09-29 15:10:50,746   INFO  Train:   27/40 ( 68%) [  33/1241 (  3%)]  Loss: 0.3522 (0.422)  LR: 1.883e-03  Time cost: 00:07/04:21 [1:45:52/1:02:28]  Acc_iter 32300       Data time: 0.00(0.02)  Forward time: 0.22(0.20)  Batch time: 0.22(0.22)
2026-09-29 15:11:00,298   INFO  Train:   27/40 ( 68%) [  83/1241 (  7%)]  Loss: 0.4683 (0.445)  LR: 1.876e-03  Time cost: 00:16/03:53 [1:46:02/57:59]  Acc_iter 32350       Data time: 0.00(0.01)  Forward time: 0.19(0.19)  Batch time: 0.19(0.20)
2026-09-29 15:11:10,078   INFO  Train:   27/40 ( 68%) [ 133/1241 ( 11%)]  Loss: 0.3638 (0.439)  LR: 1.868e-03  Time cost: 00:26/03:40 [1:46:12/57:13]  Acc_iter 32400       Data time: 0.00(0.01)  Forward time: 0.19(0.19)  Batch time: 0.19(0.20)
2026-09-29 15:11:10,154   INFO  
2026-09-29 15:11:19,821   INFO  Train:   27/40 ( 68%) [ 183/1241 ( 15%)]  Loss: 0.5481 (0.440)  LR: 1.860e-03  Time cost: 00:36/03:29 [1:46:21/56:43]  Acc_iter 32450       Data time: 0.00(0.01)  Forward time: 0.18(0.19)  Batch time: 0.18(0.20)
2026-09-29 15:11:29,628   INFO  Train:   27/40 ( 68%) [ 233/1241 ( 19%)]  Loss: 0.3909 (0.432)  LR: 1.853e-03  Time cost: 00:46/03:19 [1:46:31/56:26]  Acc_iter 32500       Data time: 0.00(0.00)  Forward time: 0.19(0.19)  Batch time: 0.19(0.20)
2026-09-29 15:11:39,728   INFO  Train:   27/40 ( 68%) [ 283/1241 ( 23%)]  Loss: 0.5077 (0.427)  LR: 1.845e-03  Time cost: 00:56/03:10 [1:46:41/56:30]  Acc_iter 32550       Data time: 0.00(0.00)  Forward time: 0.21(0.19)  Batch time: 0.22(0.20)
2026-09-29 15:11:39,802   INFO  
2026-09-29 15:11:49,517   INFO  Train:   27/40 ( 68%) [ 333/1241 ( 27%)]  Loss: 0.6767 (0.425)  LR: 1.837e-03  Time cost: 01:06/02:59 [1:46:51/56:13]  Acc_iter 32600       Data time: 0.00(0.00)  Forward time: 0.20(0.19)  Batch time: 0.20(0.20)
2026-09-29 15:11:59,489   INFO  Train:   27/40 ( 68%) [ 383/1241 ( 31%)]  Loss: 2.325 (0.431)  LR: 1.829e-03  Time cost: 01:16/02:50 [1:47:01/56:06]  Acc_iter 32650       Data time: 0.00(0.00)  Forward time: 0.20(0.19)  Batch time: 0.20(0.20)
2026-09-29 15:12:09,329   INFO  Train:   27/40 ( 68%) [ 433/1241 ( 35%)]  Loss: 0.3489 (0.432)  LR: 1.822e-03  Time cost: 01:25/02:39 [1:47:11/55:54]  Acc_iter 32700       Data time: 0.00(0.00)  Forward time: 0.19(0.19)  Batch time: 0.19(0.20)
2026-09-29 15:12:09,408   INFO  
2026-09-29 15:12:19,417   INFO  Train:   27/40 ( 68%) [ 483/1241 ( 39%)]  Loss: 0.5203 (0.430)  LR: 1.814e-03  Time cost: 01:36/02:30 [1:47:21/55:51]  Acc_iter 32750       Data time: 0.00(0.00)  Forward time: 0.18(0.19)  Batch time: 0.19(0.20)
2026-09-29 15:12:29,435   INFO  Train:   27/40 ( 68%) [ 533/1241 ( 43%)]  Loss: 0.3646 (0.432)  LR: 1.806e-03  Time cost: 01:46/02:20 [1:47:31/55:44]  Acc_iter 32800       Data time: 0.00(0.00)  Forward time: 0.24(0.20)  Batch time: 0.25(0.20)
2026-09-29 15:12:39,238   INFO  Train:   27/40 ( 68%) [ 583/1241 ( 47%)]  Loss: 0.3853 (0.431)  LR: 1.798e-03  Time cost: 01:55/02:10 [1:47:41/55:30]  Acc_iter 32850       Data time: 0.00(0.00)  Forward time: 0.20(0.20)  Batch time: 0.20(0.20)
2026-09-29 15:12:39,315   INFO  
2026-09-29 15:12:49,091   INFO  Train:   27/40 ( 68%) [ 633/1241 ( 51%)]  Loss: 0.3062 (0.433)  LR: 1.791e-03  Time cost: 02:05/02:00 [1:47:51/55:19]  Acc_iter 32900       Data time: 0.00(0.00)  Forward time: 0.18(0.19)  Batch time: 0.18(0.20)
2026-09-29 15:12:58,808   INFO  Train:   27/40 ( 68%) [ 683/1241 ( 55%)]  Loss: 0.2719 (0.432)  LR: 1.783e-03  Time cost: 02:15/01:50 [1:48:00/55:04]  Acc_iter 32950       Data time: 0.00(0.00)  Forward time: 0.20(0.19)  Batch time: 0.20(0.20)
2026-09-29 15:13:08,618   INFO  Train:   27/40 ( 68%) [ 733/1241 ( 59%)]  Loss: 0.4051 (0.433)  LR: 1.775e-03  Time cost: 02:25/01:40 [1:48:10/54:52]  Acc_iter 33000       Data time: 0.00(0.00)  Forward time: 0.18(0.19)  Batch time: 0.18(0.20)
2026-09-29 15:13:08,681   INFO  
2026-09-29 15:13:18,329   INFO  Train:   27/40 ( 68%) [ 783/1241 ( 63%)]  Loss: 0.4978 (0.433)  LR: 1.767e-03  Time cost: 02:34/01:30 [1:48:20/54:38]  Acc_iter 33050       Data time: 0.00(0.00)  Forward time: 0.20(0.19)  Batch time: 0.20(0.20)
2026-09-29 15:13:27,806   INFO  Train:   27/40 ( 68%) [ 833/1241 ( 67%)]  Loss: 0.4061 (0.432)  LR: 1.760e-03  Time cost: 02:44/01:20 [1:48:29/54:20]  Acc_iter 33100       Data time: 0.00(0.00)  Forward time: 0.19(0.19)  Batch time: 0.19(0.20)
2026-09-29 15:13:37,570   INFO  Train:   27/40 ( 68%) [ 883/1241 ( 71%)]  Loss: 0.4809 (0.432)  LR: 1.752e-03  Time cost: 02:54/01:10 [1:48:39/54:09]  Acc_iter 33150       Data time: 0.00(0.00)  Forward time: 0.19(0.19)  Batch time: 0.19(0.20)
2026-09-29 15:13:37,631   INFO  
2026-09-29 15:13:47,612   INFO  Train:   27/40 ( 68%) [ 933/1241 ( 75%)]  Loss: 0.3344 (0.433)  LR: 1.744e-03  Time cost: 03:04/01:00 [1:48:49/54:02]  Acc_iter 33200       Data time: 0.00(0.00)  Forward time: 0.19(0.19)  Batch time: 0.20(0.20)
2026-09-29 15:13:57,352   INFO  Train:   27/40 ( 68%) [ 983/1241 ( 79%)]  Loss: 0.4110 (0.433)  LR: 1.736e-03  Time cost: 03:13/00:50 [1:48:59/53:50]  Acc_iter 33250       Data time: 0.00(0.00)  Forward time: 0.20(0.19)  Batch time: 0.20(0.20)
2026-09-29 15:14:06,928   INFO  Train:   27/40 ( 68%) [1033/1241 ( 83%)]  Loss: 0.3846 (0.432)  LR: 1.728e-03  Time cost: 03:23/00:40 [1:49:09/53:36]  Acc_iter 33300       Data time: 0.00(0.00)  Forward time: 0.19(0.19)  Batch time: 0.19(0.20)
2026-09-29 15:14:07,019   INFO  
2026-09-29 15:14:16,757   INFO  Train:   27/40 ( 68%) [1083/1241 ( 87%)]  Loss: 0.4410 (0.432)  LR: 1.721e-03  Time cost: 03:33/00:31 [1:49:18/53:26]  Acc_iter 33350       Data time: 0.00(0.00)  Forward time: 0.18(0.19)  Batch time: 0.18(0.20)
2026-09-29 15:14:26,423   INFO  Train:   27/40 ( 68%) [1133/1241 ( 91%)]  Loss: 0.4074 (0.433)  LR: 1.713e-03  Time cost: 03:43/00:21 [1:49:28/53:14]  Acc_iter 33400       Data time: 0.00(0.00)  Forward time: 0.18(0.19)  Batch time: 0.18(0.20)
2026-09-29 15:14:36,157   INFO  Train:   27/40 ( 68%) [1183/1241 ( 95%)]  Loss: 0.5932 (0.433)  LR: 1.705e-03  Time cost: 03:52/00:11 [1:49:38/53:02]  Acc_iter 33450       Data time: 0.00(0.00)  Forward time: 0.20(0.19)  Batch time: 0.20(0.20)
2026-09-29 15:14:36,242   INFO  
2026-09-29 15:14:45,887   INFO  Train:   27/40 ( 68%) [1233/1241 ( 99%)]  Loss: 0.4854 (0.432)  LR: 1.697e-03  Time cost: 04:02/00:01 [1:49:48/52:51]  Acc_iter 33500       Data time: 0.00(0.00)  Forward time: 0.19(0.19)  Batch time: 0.19(0.20)
2026-09-29 15:14:46,996   INFO  Train:   27/40 ( 68%) [1240/1241 (100%)]  Loss: 1.046 (0.432)  LR: 1.696e-03  Time cost: 04:03/00:00 [1:49:49/52:46]  Acc_iter 33507       Data time: 0.00(0.00)  Forward time: 0.06(0.19)  Batch time: 0.06(0.20)
2026-09-29 15:14:48,280   INFO  Train:   28/40 ( 70%) [   0/1241 (  0%)]  Loss: 0.3924 (0.392)  LR: 1.696e-03  Time cost: 00:00/19:36 [1:49:50/4:15:00]  Acc_iter 33508       Data time: 0.66(0.66)  Forward time: 0.28(0.28)  Batch time: 0.95(0.95)
2026-09-29 15:14:56,538   INFO  Train:   28/40 ( 70%) [  42/1241 (  3%)]  Loss: 0.4454 (0.431)  LR: 1.689e-03  Time cost: 00:09/04:16 [1:49:58/57:25]  Acc_iter 33550       Data time: 0.00(0.02)  Forward time: 0.18(0.20)  Batch time: 0.18(0.21)
2026-09-29 15:15:06,111   INFO  Train:   28/40 ( 70%) [  92/1241 (  7%)]  Loss: 0.2678 (0.416)  LR: 1.681e-03  Time cost: 00:18/03:52 [1:50:08/53:59]  Acc_iter 33600       Data time: 0.00(0.01)  Forward time: 0.20(0.19)  Batch time: 0.20(0.20)
2026-09-29 15:15:06,197   INFO  
2026-09-29 15:15:15,664   INFO  Train:   28/40 ( 70%) [ 142/1241 ( 11%)]  Loss: 0.4595 (0.413)  LR: 1.674e-03  Time cost: 00:28/03:37 [1:50:17/52:48]  Acc_iter 33650       Data time: 0.00(0.01)  Forward time: 0.20(0.19)  Batch time: 0.20(0.20)
2026-09-29 15:15:25,473   INFO  Train:   28/40 ( 70%) [ 192/1241 ( 15%)]  Loss: 0.3872 (0.424)  LR: 1.666e-03  Time cost: 00:38/03:27 [1:50:27/52:30]  Acc_iter 33700       Data time: 0.00(0.01)  Forward time: 0.19(0.19)  Batch time: 0.20(0.20)
2026-09-29 15:15:35,193   INFO  Train:   28/40 ( 70%) [ 242/1241 ( 20%)]  Loss: 0.4181 (0.425)  LR: 1.658e-03  Time cost: 00:47/03:16 [1:50:37/52:09]  Acc_iter 33750       Data time: 0.00(0.01)  Forward time: 0.21(0.19)  Batch time: 0.21(0.20)
2026-09-29 15:15:35,296   INFO  
2026-09-29 15:15:44,939   INFO  Train:   28/40 ( 70%) [ 292/1241 ( 24%)]  Loss: 0.4484 (0.421)  LR: 1.650e-03  Time cost: 00:57/03:06 [1:50:47/51:54]  Acc_iter 33800       Data time: 0.00(0.00)  Forward time: 0.18(0.19)  Batch time: 0.18(0.20)
2026-09-29 15:15:54,564   INFO  Train:   28/40 ( 70%) [ 342/1241 ( 28%)]  Loss: 0.4479 (0.418)  LR: 1.642e-03  Time cost: 01:07/02:56 [1:50:56/51:35]  Acc_iter 33850       Data time: 0.00(0.00)  Forward time: 0.21(0.19)  Batch time: 0.21(0.20)
2026-09-29 15:16:04,206   INFO  Train:   28/40 ( 70%) [ 392/1241 ( 32%)]  Loss: 0.3877 (0.416)  LR: 1.634e-03  Time cost: 01:16/02:46 [1:51:06/51:19]  Acc_iter 33900       Data time: 0.00(0.00)  Forward time: 0.18(0.19)  Batch time: 0.19(0.20)
2026-09-29 15:16:04,287   INFO  
2026-09-29 15:16:13,953   INFO  Train:   28/40 ( 70%) [ 442/1241 ( 36%)]  Loss: 0.5304 (0.418)  LR: 1.626e-03  Time cost: 01:26/02:36 [1:51:16/51:08]  Acc_iter 33950       Data time: 0.00(0.00)  Forward time: 0.18(0.19)  Batch time: 0.18(0.20)
2026-09-29 15:16:23,733   INFO  Train:   28/40 ( 70%) [ 492/1241 ( 40%)]  Loss: 0.4207 (0.420)  LR: 1.618e-03  Time cost: 01:36/02:26 [1:51:25/50:58]  Acc_iter 34000       Data time: 0.00(0.00)  Forward time: 0.21(0.19)  Batch time: 0.21(0.20)
2026-09-29 15:16:33,363   INFO  Train:   28/40 ( 70%) [ 542/1241 ( 44%)]  Loss: 0.3721 (0.421)  LR: 1.611e-03  Time cost: 01:46/02:16 [1:51:35/50:44]  Acc_iter 34050       Data time: 0.00(0.00)  Forward time: 0.21(0.19)  Batch time: 0.21(0.20)
2026-09-29 15:16:33,453   INFO  
2026-09-29 15:16:43,043   INFO  Train:   28/40 ( 70%) [ 592/1241 ( 48%)]  Loss: 0.3142 (0.418)  LR: 1.603e-03  Time cost: 01:55/02:06 [1:51:45/50:32]  Acc_iter 34100       Data time: 0.00(0.00)  Forward time: 0.19(0.19)  Batch time: 0.19(0.20)
2026-09-29 15:16:52,764   INFO  Train:   28/40 ( 70%) [ 642/1241 ( 52%)]  Loss: 0.3676 (0.420)  LR: 1.595e-03  Time cost: 02:05/01:56 [1:51:54/50:21]  Acc_iter 34150       Data time: 0.00(0.00)  Forward time: 0.19(0.19)  Batch time: 0.19(0.20)
2026-09-29 15:17:02,295   INFO  Train:   28/40 ( 70%) [ 692/1241 ( 56%)]  Loss: 0.3283 (0.420)  LR: 1.587e-03  Time cost: 02:14/01:46 [1:52:04/50:07]  Acc_iter 34200       Data time: 0.00(0.00)  Forward time: 0.19(0.19)  Batch time: 0.19(0.19)
2026-09-29 15:17:02,386   INFO  
2026-09-29 15:17:12,107   INFO  Train:   28/40 ( 70%) [ 742/1241 ( 60%)]  Loss: 0.5846 (0.419)  LR: 1.579e-03  Time cost: 02:24/01:37 [1:52:14/49:58]  Acc_iter 34250       Data time: 0.00(0.00)  Forward time: 0.20(0.19)  Batch time: 0.20(0.19)
2026-09-29 15:17:21,628   INFO  Train:   28/40 ( 70%) [ 792/1241 ( 64%)]  Loss: 0.2997 (0.420)  LR: 1.571e-03  Time cost: 02:34/01:27 [1:52:23/49:44]  Acc_iter 34300       Data time: 0.00(0.00)  Forward time: 0.20(0.19)  Batch time: 0.20(0.19)
2026-09-29 15:17:31,140   INFO  Train:   28/40 ( 70%) [ 842/1241 ( 68%)]  Loss: 0.5550 (0.423)  LR: 1.563e-03  Time cost: 02:43/01:17 [1:52:33/49:31]  Acc_iter 34350       Data time: 0.00(0.00)  Forward time: 0.18(0.19)  Batch time: 0.18(0.19)
2026-09-29 15:17:31,208   INFO  
2026-09-29 15:17:40,967   INFO  Train:   28/40 ( 70%) [ 892/1241 ( 72%)]  Loss: 0.4584 (0.423)  LR: 1.555e-03  Time cost: 02:53/01:07 [1:52:43/49:23]  Acc_iter 34400       Data time: 0.00(0.00)  Forward time: 0.20(0.19)  Batch time: 0.20(0.19)
2026-09-29 15:17:50,735   INFO  Train:   28/40 ( 70%) [ 942/1241 ( 76%)]  Loss: 0.4139 (0.423)  LR: 1.547e-03  Time cost: 03:03/00:58 [1:52:52/49:14]  Acc_iter 34450       Data time: 0.00(0.00)  Forward time: 0.19(0.19)  Batch time: 0.19(0.19)
2026-09-29 15:18:00,431   INFO  Train:   28/40 ( 70%) [ 992/1241 ( 80%)]  Loss: 0.4328 (0.423)  LR: 1.539e-03  Time cost: 03:13/00:48 [1:53:02/49:04]  Acc_iter 34500       Data time: 0.00(0.00)  Forward time: 0.20(0.19)  Batch time: 0.21(0.19)
2026-09-29 15:18:00,535   INFO  
2026-09-29 15:18:10,272   INFO  Train:   28/40 ( 70%) [1042/1241 ( 84%)]  Loss: 0.4150 (0.424)  LR: 1.531e-03  Time cost: 03:22/00:38 [1:53:12/48:56]  Acc_iter 34550       Data time: 0.00(0.00)  Forward time: 0.20(0.19)  Batch time: 0.20(0.19)
2026-09-29 15:18:20,016   INFO  Train:   28/40 ( 70%) [1092/1241 ( 88%)]  Loss: 0.4318 (0.424)  LR: 1.524e-03  Time cost: 03:32/00:28 [1:53:22/48:46]  Acc_iter 34600       Data time: 0.00(0.00)  Forward time: 0.20(0.19)  Batch time: 0.20(0.19)
2026-09-29 15:18:29,470   INFO  Train:   28/40 ( 70%) [1142/1241 ( 92%)]  Loss: 0.3875 (0.424)  LR: 1.516e-03  Time cost: 03:42/00:19 [1:53:31/48:33]  Acc_iter 34650       Data time: 0.00(0.00)  Forward time: 0.19(0.19)  Batch time: 0.19(0.19)
2026-09-29 15:18:29,557   INFO  
2026-09-29 15:18:39,321   INFO  Train:   28/40 ( 70%) [1192/1241 ( 96%)]  Loss: 0.4664 (0.422)  LR: 1.508e-03  Time cost: 03:51/00:09 [1:53:41/48:25]  Acc_iter 34700       Data time: 0.00(0.00)  Forward time: 0.21(0.19)  Batch time: 0.21(0.19)
2026-09-29 15:18:48,306   INFO  Train:   28/40 ( 70%) [1240/1241 (100%)]  Loss: 0.5728 (0.422)  LR: 1.500e-03  Time cost: 04:00/00:00 [1:53:50/48:11]  Acc_iter 34748       Data time: 0.00(0.00)  Forward time: 0.06(0.19)  Batch time: 0.06(0.19)
2026-09-29 15:18:49,684   INFO  Train:   29/40 ( 72%) [   0/1241 (  0%)]  Loss: 0.4734 (0.473)  LR: 1.500e-03  Time cost: 00:01/21:09 [1:53:51/4:13:48]  Acc_iter 34749       Data time: 0.70(0.70)  Forward time: 0.32(0.32)  Batch time: 1.02(1.02)
2026-09-29 15:18:49,887   INFO  Train:   29/40 ( 72%) [   1/1241 (  0%)]  Loss: 0.5361 (0.505)  LR: 1.500e-03  Time cost: 00:01/12:39 [1:53:52/2:32:01]  Acc_iter 34750       Data time: 0.00(0.35)  Forward time: 0.20(0.26)  Batch time: 0.20(0.61)
2026-09-29 15:18:59,635   INFO  Train:   29/40 ( 72%) [  51/1241 (  4%)]  Loss: 0.4083 (0.415)  LR: 1.492e-03  Time cost: 00:10/04:11 [1:54:01/52:11]  Acc_iter 34800       Data time: 0.00(0.02)  Forward time: 0.18(0.20)  Batch time: 0.19(0.21)
2026-09-29 15:18:59,688   INFO  
2026-09-29 15:19:09,302   INFO  Train:   29/40 ( 72%) [ 101/1241 (  8%)]  Loss: 0.4167 (0.409)  LR: 1.484e-03  Time cost: 00:20/03:50 [1:54:11/49:53]  Acc_iter 34850       Data time: 0.00(0.01)  Forward time: 0.20(0.19)  Batch time: 0.20(0.20)
2026-09-29 15:19:19,138   INFO  Train:   29/40 ( 72%) [ 151/1241 ( 12%)]  Loss: 0.3420 (0.407)  LR: 1.476e-03  Time cost: 00:30/03:38 [1:54:21/49:15]  Acc_iter 34900       Data time: 0.00(0.01)  Forward time: 0.19(0.19)  Batch time: 0.19(0.20)
2026-09-29 15:19:28,875   INFO  Train:   29/40 ( 72%) [ 201/1241 ( 16%)]  Loss: 0.4450 (0.410)  LR: 1.468e-03  Time cost: 00:40/03:27 [1:54:31/48:44]  Acc_iter 34950       Data time: 0.00(0.01)  Forward time: 0.21(0.19)  Batch time: 0.22(0.20)
2026-09-29 15:19:28,966   INFO  
2026-09-29 15:19:39,016   INFO  Train:   29/40 ( 72%) [ 251/1241 ( 20%)]  Loss: 0.4179 (0.412)  LR: 1.460e-03  Time cost: 00:50/03:17 [1:54:41/48:45]  Acc_iter 35000       Data time: 0.00(0.01)  Forward time: 0.19(0.19)  Batch time: 0.19(0.20)
2026-09-29 15:19:48,772   INFO  Train:   29/40 ( 72%) [ 301/1241 ( 24%)]  Loss: 0.9798 (0.412)  LR: 1.452e-03  Time cost: 01:00/03:07 [1:54:50/48:24]  Acc_iter 35050       Data time: 0.00(0.00)  Forward time: 0.18(0.19)  Batch time: 0.18(0.20)
2026-09-29 15:19:58,351   INFO  Train:   29/40 ( 72%) [ 351/1241 ( 28%)]  Loss: 0.4279 (0.411)  LR: 1.444e-03  Time cost: 01:09/02:56 [1:55:00/47:58]  Acc_iter 35100       Data time: 0.00(0.00)  Forward time: 0.18(0.19)  Batch time: 0.19(0.20)
2026-09-29 15:19:58,445   INFO  
2026-09-29 15:20:08,150   INFO  Train:   29/40 ( 72%) [ 401/1241 ( 32%)]  Loss: 0.3338 (0.414)  LR: 1.437e-03  Time cost: 01:19/02:46 [1:55:10/47:45]  Acc_iter 35150       Data time: 0.00(0.00)  Forward time: 0.20(0.19)  Batch time: 0.20(0.20)
2026-09-29 15:20:17,862   INFO  Train:   29/40 ( 72%) [ 451/1241 ( 36%)]  Loss: 0.2963 (0.415)  LR: 1.429e-03  Time cost: 01:29/02:35 [1:55:20/47:29]  Acc_iter 35200       Data time: 0.00(0.00)  Forward time: 0.20(0.19)  Batch time: 0.20(0.20)
2026-09-29 15:20:27,489   INFO  Train:   29/40 ( 72%) [ 501/1241 ( 40%)]  Loss: 0.5123 (0.415)  LR: 1.421e-03  Time cost: 01:38/02:25 [1:55:29/47:13]  Acc_iter 35250       Data time: 0.00(0.00)  Forward time: 0.19(0.19)  Batch time: 0.19(0.20)
2026-09-29 15:20:27,566   INFO  
2026-09-29 15:20:37,353   INFO  Train:   29/40 ( 72%) [ 551/1241 ( 44%)]  Loss: 0.4675 (0.414)  LR: 1.413e-03  Time cost: 01:48/02:15 [1:55:39/47:03]  Acc_iter 35300       Data time: 0.00(0.00)  Forward time: 0.18(0.19)  Batch time: 0.18(0.20)
2026-09-29 15:20:47,082   INFO  Train:   29/40 ( 72%) [ 601/1241 ( 48%)]  Loss: 0.4257 (0.414)  LR: 1.405e-03  Time cost: 01:58/02:05 [1:55:49/46:51]  Acc_iter 35350       Data time: 0.00(0.00)  Forward time: 0.19(0.19)  Batch time: 0.20(0.20)
2026-09-29 15:20:56,836   INFO  Train:   29/40 ( 72%) [ 651/1241 ( 52%)]  Loss: 0.4999 (0.414)  LR: 1.397e-03  Time cost: 02:08/01:55 [1:55:59/46:39]  Acc_iter 35400       Data time: 0.00(0.00)  Forward time: 0.21(0.19)  Batch time: 0.21(0.20)
2026-09-29 15:20:56,892   INFO  
2026-09-29 15:21:06,816   INFO  Train:   29/40 ( 72%) [ 701/1241 ( 56%)]  Loss: 0.4792 (0.415)  LR: 1.389e-03  Time cost: 02:18/01:46 [1:56:08/46:32]  Acc_iter 35450       Data time: 0.00(0.00)  Forward time: 0.20(0.19)  Batch time: 0.20(0.20)
2026-09-29 15:21:16,620   INFO  Train:   29/40 ( 72%) [ 751/1241 ( 61%)]  Loss: 0.3521 (0.414)  LR: 1.381e-03  Time cost: 02:27/01:36 [1:56:18/46:22]  Acc_iter 35500       Data time: 0.00(0.00)  Forward time: 0.20(0.19)  Batch time: 0.20(0.20)
2026-09-29 15:21:26,383   INFO  Train:   29/40 ( 72%) [ 801/1241 ( 65%)]  Loss: 0.3402 (0.415)  LR: 1.373e-03  Time cost: 02:37/01:26 [1:56:28/46:11]  Acc_iter 35550       Data time: 0.00(0.00)  Forward time: 0.19(0.19)  Batch time: 0.19(0.20)
2026-09-29 15:21:26,467   INFO  
2026-09-29 15:21:36,169   INFO  Train:   29/40 ( 72%) [ 851/1241 ( 69%)]  Loss: 0.4245 (0.414)  LR: 1.366e-03  Time cost: 02:47/01:16 [1:56:38/46:00]  Acc_iter 35600       Data time: 0.00(0.00)  Forward time: 0.19(0.19)  Batch time: 0.19(0.20)
2026-09-29 15:21:46,034   INFO  Train:   29/40 ( 72%) [ 901/1241 ( 73%)]  Loss: 0.3758 (0.414)  LR: 1.358e-03  Time cost: 02:57/01:06 [1:56:48/45:51]  Acc_iter 35650       Data time: 0.00(0.00)  Forward time: 0.19(0.19)  Batch time: 0.19(0.20)
2026-09-29 15:21:55,725   INFO  Train:   29/40 ( 72%) [ 951/1241 ( 77%)]  Loss: 0.3800 (0.416)  LR: 1.350e-03  Time cost: 03:07/00:56 [1:56:57/45:39]  Acc_iter 35700       Data time: 0.00(0.00)  Forward time: 0.19(0.19)  Batch time: 0.19(0.20)
2026-09-29 15:21:55,786   INFO  
2026-09-29 15:22:05,567   INFO  Train:   29/40 ( 72%) [1001/1241 ( 81%)]  Loss: 0.3969 (0.416)  LR: 1.342e-03  Time cost: 03:16/00:47 [1:57:07/45:29]  Acc_iter 35750       Data time: 0.00(0.00)  Forward time: 0.20(0.19)  Batch time: 0.20(0.20)
2026-09-29 15:22:15,290   INFO  Train:   29/40 ( 72%) [1051/1241 ( 85%)]  Loss: 0.3036 (0.416)  LR: 1.334e-03  Time cost: 03:26/00:37 [1:57:17/45:18]  Acc_iter 35800       Data time: 0.00(0.00)  Forward time: 0.21(0.19)  Batch time: 0.21(0.20)
2026-09-29 15:22:25,182   INFO  Train:   29/40 ( 72%) [1101/1241 ( 89%)]  Loss: 0.5109 (0.416)  LR: 1.326e-03  Time cost: 03:36/00:27 [1:57:27/45:09]  Acc_iter 35850       Data time: 0.00(0.00)  Forward time: 0.18(0.19)  Batch time: 0.18(0.20)
2026-09-29 15:22:25,240   INFO  
2026-09-29 15:22:34,856   INFO  Train:   29/40 ( 72%) [1151/1241 ( 93%)]  Loss: 0.5286 (0.414)  LR: 1.318e-03  Time cost: 03:46/00:17 [1:57:37/44:58]  Acc_iter 35900       Data time: 0.00(0.00)  Forward time: 0.18(0.19)  Batch time: 0.18(0.20)
2026-09-29 15:22:44,578   INFO  Train:   29/40 ( 72%) [1201/1241 ( 97%)]  Loss: 0.3262 (0.414)  LR: 1.311e-03  Time cost: 03:55/00:07 [1:57:46/44:47]  Acc_iter 35950       Data time: 0.00(0.00)  Forward time: 0.19(0.19)  Batch time: 0.19(0.20)
2026-09-29 15:22:52,133   INFO  Train:   29/40 ( 72%) [1240/1241 (100%)]  Loss: 0.4502 (0.413)  LR: 1.304e-03  Time cost: 04:03/00:00 [1:57:54/44:38]  Acc_iter 35989       Data time: 0.00(0.00)  Forward time: 0.06(0.19)  Batch time: 0.06(0.20)
2026-09-29 15:22:53,663   INFO  Train:   30/40 ( 75%) [   0/1241 (  0%)]  Loss: 0.3414 (0.341)  LR: 1.304e-03  Time cost: 00:01/24:54 [1:57:55/4:33:59]  Acc_iter 35990       Data time: 0.91(0.91)  Forward time: 0.30(0.30)  Batch time: 1.20(1.20)
2026-09-29 15:22:55,583   INFO  Train:   30/40 ( 75%) [  10/1241 (  1%)]  Loss: 0.4848 (0.396)  LR: 1.303e-03  Time cost: 00:03/05:49 [1:57:57/1:04:34]  Acc_iter 36000       Data time: 0.00(0.08)  Forward time: 0.18(0.20)  Batch time: 0.19(0.28)
2026-09-29 15:22:55,634   INFO  
2026-09-29 15:23:05,326   INFO  Train:   30/40 ( 75%) [  60/1241 (  5%)]  Loss: 0.4377 (0.402)  LR: 1.295e-03  Time cost: 00:12/04:09 [1:58:07/47:46]  Acc_iter 36050       Data time: 0.00(0.02)  Forward time: 0.18(0.19)  Batch time: 0.19(0.21)
2026-09-29 15:23:15,328   INFO  Train:   30/40 ( 75%) [ 110/1241 (  9%)]  Loss: 0.3798 (0.403)  LR: 1.287e-03  Time cost: 00:22/03:53 [1:58:17/46:29]  Acc_iter 36100       Data time: 0.00(0.01)  Forward time: 0.19(0.20)  Batch time: 0.20(0.21)
2026-09-29 15:23:25,061   INFO  Train:   30/40 ( 75%) [ 160/1241 ( 13%)]  Loss: 0.3549 (0.405)  LR: 1.279e-03  Time cost: 00:32/03:38 [1:58:27/45:31]  Acc_iter 36150       Data time: 0.00(0.01)  Forward time: 0.19(0.19)  Batch time: 0.19(0.20)
2026-09-29 15:23:25,170   INFO  
2026-09-29 15:23:35,350   INFO  Train:   30/40 ( 75%) [ 210/1241 ( 17%)]  Loss: 0.4754 (0.412)  LR: 1.271e-03  Time cost: 00:42/03:29 [1:58:37/45:32]  Acc_iter 36200       Data time: 0.00(0.01)  Forward time: 0.19(0.20)  Batch time: 0.19(0.20)
2026-09-29 15:23:44,789   INFO  Train:   30/40 ( 75%) [ 260/1241 ( 21%)]  Loss: 0.2797 (0.410)  LR: 1.264e-03  Time cost: 00:52/03:16 [1:58:46/44:44]  Acc_iter 36250       Data time: 0.00(0.01)  Forward time: 0.19(0.19)  Batch time: 0.19(0.20)
2026-09-29 15:23:54,438   INFO  Train:   30/40 ( 75%) [ 310/1241 ( 25%)]  Loss: 0.4361 (0.407)  LR: 1.256e-03  Time cost: 01:01/03:05 [1:58:56/44:18]  Acc_iter 36300       Data time: 0.00(0.01)  Forward time: 0.19(0.19)  Batch time: 0.20(0.20)
2026-09-29 15:23:54,547   INFO  
2026-09-29 15:24:04,211   INFO  Train:   30/40 ( 75%) [ 360/1241 ( 29%)]  Loss: 0.4266 (0.408)  LR: 1.248e-03  Time cost: 01:11/02:55 [1:59:06/44:01]  Acc_iter 36350       Data time: 0.00(0.01)  Forward time: 0.19(0.19)  Batch time: 0.19(0.20)
2026-09-29 15:24:13,792   INFO  Train:   30/40 ( 75%) [ 410/1241 ( 33%)]  Loss: 0.3674 (0.405)  LR: 1.240e-03  Time cost: 01:21/02:44 [1:59:15/43:40]  Acc_iter 36400       Data time: 0.00(0.00)  Forward time: 0.20(0.19)  Batch time: 0.20(0.20)
2026-09-29 15:24:23,593   INFO  Train:   30/40 ( 75%) [ 460/1241 ( 37%)]  Loss: 0.2781 (0.404)  LR: 1.232e-03  Time cost: 01:31/02:34 [1:59:25/43:27]  Acc_iter 36450       Data time: 0.00(0.00)  Forward time: 0.20(0.19)  Batch time: 0.20(0.20)
2026-09-29 15:24:23,670   INFO  
2026-09-29 15:24:33,490   INFO  Train:   30/40 ( 75%) [ 510/1241 ( 41%)]  Loss: 0.2969 (0.405)  LR: 1.225e-03  Time cost: 01:41/02:24 [1:59:35/43:18]  Acc_iter 36500       Data time: 0.00(0.00)  Forward time: 0.20(0.19)  Batch time: 0.20(0.20)
2026-09-29 15:24:43,310   INFO  Train:   30/40 ( 75%) [ 560/1241 ( 45%)]  Loss: 0.3656 (0.405)  LR: 1.217e-03  Time cost: 01:50/02:14 [1:59:45/43:06]  Acc_iter 36550       Data time: 0.00(0.00)  Forward time: 0.20(0.19)  Batch time: 0.20(0.20)
2026-09-29 15:24:52,835   INFO  Train:   30/40 ( 75%) [ 610/1241 ( 49%)]  Loss: 0.3622 (0.404)  LR: 1.209e-03  Time cost: 02:00/02:04 [1:59:55/42:49]  Acc_iter 36600       Data time: 0.00(0.00)  Forward time: 0.21(0.19)  Batch time: 0.21(0.20)
2026-09-29 15:24:52,899   INFO  
2026-09-29 15:25:02,462   INFO  Train:   30/40 ( 75%) [ 660/1241 ( 53%)]  Loss: 0.3281 (0.404)  LR: 1.201e-03  Time cost: 02:10/01:54 [2:00:04/42:35]  Acc_iter 36650       Data time: 0.00(0.00)  Forward time: 0.19(0.19)  Batch time: 0.19(0.20)
2026-09-29 15:25:12,215   INFO  Train:   30/40 ( 75%) [ 710/1241 ( 57%)]  Loss: 0.3300 (0.403)  LR: 1.194e-03  Time cost: 02:19/01:44 [2:00:14/42:23]  Acc_iter 36700       Data time: 0.00(0.00)  Forward time: 0.20(0.19)  Batch time: 0.20(0.20)
2026-09-29 15:25:22,074   INFO  Train:   30/40 ( 75%) [ 760/1241 ( 61%)]  Loss: 0.2899 (0.403)  LR: 1.186e-03  Time cost: 02:29/01:34 [2:00:24/42:14]  Acc_iter 36750       Data time: 0.00(0.00)  Forward time: 0.19(0.19)  Batch time: 0.19(0.20)
2026-09-29 15:25:22,183   INFO  
2026-09-29 15:25:32,009   INFO  Train:   30/40 ( 75%) [ 810/1241 ( 65%)]  Loss: 0.3990 (0.402)  LR: 1.178e-03  Time cost: 02:39/01:24 [2:00:34/42:06]  Acc_iter 36800       Data time: 0.00(0.00)  Forward time: 0.22(0.19)  Batch time: 0.22(0.20)
2026-09-29 15:25:41,973   INFO  Train:   30/40 ( 75%) [ 860/1241 ( 69%)]  Loss: 0.2900 (0.401)  LR: 1.170e-03  Time cost: 02:49/01:15 [2:00:44/41:58]  Acc_iter 36850       Data time: 0.00(0.00)  Forward time: 0.19(0.19)  Batch time: 0.19(0.20)
2026-09-29 15:25:51,745   INFO  Train:   30/40 ( 75%) [ 910/1241 ( 73%)]  Loss: 0.4203 (0.400)  LR: 1.163e-03  Time cost: 02:59/01:05 [2:00:53/41:47]  Acc_iter 36900       Data time: 0.00(0.00)  Forward time: 0.19(0.19)  Batch time: 0.19(0.20)
2026-09-29 15:25:51,828   INFO  
2026-09-29 15:26:01,703   INFO  Train:   30/40 ( 75%) [ 960/1241 ( 77%)]  Loss: 0.3346 (0.400)  LR: 1.155e-03  Time cost: 03:09/00:55 [2:01:03/41:39]  Acc_iter 36950       Data time: 0.00(0.00)  Forward time: 0.19(0.19)  Batch time: 0.19(0.20)
2026-09-29 15:26:11,535   INFO  Train:   30/40 ( 75%) [1010/1241 ( 81%)]  Loss: 0.3867 (0.401)  LR: 1.147e-03  Time cost: 03:19/00:45 [2:01:13/41:29]  Acc_iter 37000       Data time: 0.00(0.00)  Forward time: 0.19(0.19)  Batch time: 0.19(0.20)
2026-09-29 15:26:21,179   INFO  Train:   30/40 ( 75%) [1060/1241 ( 85%)]  Loss: 0.6073 (0.401)  LR: 1.140e-03  Time cost: 03:28/00:35 [2:01:23/41:16]  Acc_iter 37050       Data time: 0.00(0.00)  Forward time: 0.20(0.19)  Batch time: 0.20(0.20)
2026-09-29 15:26:21,253   INFO  
2026-09-29 15:26:31,241   INFO  Train:   30/40 ( 75%) [1110/1241 ( 89%)]  Loss: 0.3617 (0.401)  LR: 1.132e-03  Time cost: 03:38/00:25 [2:01:33/41:09]  Acc_iter 37100       Data time: 0.00(0.00)  Forward time: 0.21(0.19)  Batch time: 0.22(0.20)
2026-09-29 15:26:41,049   INFO  Train:   30/40 ( 75%) [1160/1241 ( 93%)]  Loss: 0.3089 (0.402)  LR: 1.124e-03  Time cost: 03:48/00:15 [2:01:43/40:59]  Acc_iter 37150       Data time: 0.00(0.00)  Forward time: 0.21(0.19)  Batch time: 0.21(0.20)
2026-09-29 15:26:50,804   INFO  Train:   30/40 ( 75%) [1210/1241 ( 98%)]  Loss: 0.4439 (0.403)  LR: 1.117e-03  Time cost: 03:58/00:06 [2:01:52/40:48]  Acc_iter 37200       Data time: 0.00(0.00)  Forward time: 0.20(0.19)  Batch time: 0.21(0.20)
2026-09-29 15:26:50,870   INFO  
2026-09-29 15:26:56,541   INFO  Train:   30/40 ( 75%) [1240/1241 (100%)]  Loss: 0.3911 (0.403)  LR: 1.112e-03  Time cost: 04:04/00:00 [2:01:58/40:41]  Acc_iter 37230       Data time: 0.00(0.00)  Forward time: 0.06(0.19)  Batch time: 0.06(0.20)
2026-09-29 15:26:57,880   INFO  Train:   31/40 ( 78%) [   0/1241 (  0%)]  Loss: 0.4170 (0.417)  LR: 1.112e-03  Time cost: 00:01/20:44 [2:02:00/3:27:29]  Acc_iter 37231       Data time: 0.70(0.70)  Forward time: 0.30(0.30)  Batch time: 1.00(1.00)
2026-09-29 15:27:01,580   INFO  Train:   31/40 ( 78%) [  19/1241 (  2%)]  Loss: 0.3422 (0.374)  LR: 1.109e-03  Time cost: 00:04/04:47 [2:02:03/48:33]  Acc_iter 37250       Data time: 0.00(0.04)  Forward time: 0.19(0.20)  Batch time: 0.19(0.24)
2026-09-29 15:27:11,435   INFO  Train:   31/40 ( 78%) [  69/1241 (  6%)]  Loss: 0.4749 (0.410)  LR: 1.101e-03  Time cost: 00:14/04:03 [2:02:13/42:46]  Acc_iter 37300       Data time: 0.00(0.01)  Forward time: 0.19(0.20)  Batch time: 0.19(0.21)
2026-09-29 15:27:21,377   INFO  Train:   31/40 ( 78%) [ 119/1241 ( 10%)]  Loss: 0.2470 (0.405)  LR: 1.094e-03  Time cost: 00:24/03:49 [2:02:23/41:49]  Acc_iter 37350       Data time: 0.00(0.01)  Forward time: 0.19(0.20)  Batch time: 0.19(0.20)
2026-09-29 15:27:21,512   INFO  
2026-09-29 15:27:31,408   INFO  Train:   31/40 ( 78%) [ 169/1241 ( 14%)]  Loss: 0.4605 (0.403)  LR: 1.086e-03  Time cost: 00:34/03:37 [2:02:33/41:26]  Acc_iter 37400       Data time: 0.00(0.01)  Forward time: 0.20(0.20)  Batch time: 0.20(0.20)
2026-09-29 15:27:41,271   INFO  Train:   31/40 ( 78%) [ 219/1241 ( 18%)]  Loss: 0.4243 (0.396)  LR: 1.078e-03  Time cost: 00:44/03:26 [2:02:43/41:00]  Acc_iter 37450       Data time: 0.00(0.01)  Forward time: 0.18(0.20)  Batch time: 0.18(0.20)
2026-09-29 15:27:51,063   INFO  Train:   31/40 ( 78%) [ 269/1241 ( 22%)]  Loss: 0.4119 (0.396)  LR: 1.071e-03  Time cost: 00:54/03:15 [2:02:53/40:36]  Acc_iter 37500       Data time: 0.00(0.00)  Forward time: 0.20(0.20)  Batch time: 0.20(0.20)
2026-09-29 15:27:51,132   INFO  
2026-09-29 15:28:00,939   INFO  Train:   31/40 ( 78%) [ 319/1241 ( 26%)]  Loss: 0.3112 (0.397)  LR: 1.063e-03  Time cost: 01:04/03:04 [2:03:03/40:20]  Acc_iter 37550       Data time: 0.00(0.00)  Forward time: 0.17(0.20)  Batch time: 0.18(0.20)
2026-09-29 15:28:10,676   INFO  Train:   31/40 ( 78%) [ 369/1241 ( 30%)]  Loss: 0.3701 (0.396)  LR: 1.056e-03  Time cost: 01:13/02:53 [2:03:12/40:01]  Acc_iter 37600       Data time: 0.00(0.00)  Forward time: 0.19(0.20)  Batch time: 0.19(0.20)
2026-09-29 15:28:20,435   INFO  Train:   31/40 ( 78%) [ 419/1241 ( 34%)]  Loss: 0.3811 (0.395)  LR: 1.048e-03  Time cost: 01:23/02:43 [2:03:22/39:45]  Acc_iter 37650       Data time: 0.00(0.00)  Forward time: 0.22(0.19)  Batch time: 0.23(0.20)
2026-09-29 15:28:20,530   INFO  
2026-09-29 15:28:30,429   INFO  Train:   31/40 ( 78%) [ 469/1241 ( 38%)]  Loss: 0.3257 (0.396)  LR: 1.041e-03  Time cost: 01:33/02:33 [2:03:32/39:36]  Acc_iter 37700       Data time: 0.00(0.00)  Forward time: 0.18(0.20)  Batch time: 0.19(0.20)
2026-09-29 15:28:40,316   INFO  Train:   31/40 ( 78%) [ 519/1241 ( 42%)]  Loss: 0.3786 (0.395)  LR: 1.033e-03  Time cost: 01:43/02:23 [2:03:42/39:25]  Acc_iter 37750       Data time: 0.00(0.00)  Forward time: 0.19(0.20)  Batch time: 0.19(0.20)
2026-09-29 15:28:49,997   INFO  Train:   31/40 ( 78%) [ 569/1241 ( 46%)]  Loss: 0.4530 (0.397)  LR: 1.026e-03  Time cost: 01:53/02:13 [2:03:52/39:09]  Acc_iter 37800       Data time: 0.00(0.00)  Forward time: 0.21(0.19)  Batch time: 0.21(0.20)
2026-09-29 15:28:50,075   INFO  
2026-09-29 15:28:59,889   INFO  Train:   31/40 ( 78%) [ 619/1241 ( 50%)]  Loss: 0.3524 (0.394)  LR: 1.018e-03  Time cost: 02:03/02:03 [2:04:02/38:59]  Acc_iter 37850       Data time: 0.00(0.00)  Forward time: 0.18(0.19)  Batch time: 0.19(0.20)
2026-09-29 15:29:09,701   INFO  Train:   31/40 ( 78%) [ 669/1241 ( 54%)]  Loss: 0.3502 (0.394)  LR: 1.011e-03  Time cost: 02:12/01:53 [2:04:11/38:47]  Acc_iter 37900       Data time: 0.00(0.00)  Forward time: 0.20(0.19)  Batch time: 0.20(0.20)
2026-09-29 15:29:19,435   INFO  Train:   31/40 ( 78%) [ 719/1241 ( 58%)]  Loss: 0.4020 (0.393)  LR: 1.003e-03  Time cost: 02:22/01:43 [2:04:21/38:34]  Acc_iter 37950       Data time: 0.00(0.00)  Forward time: 0.19(0.19)  Batch time: 0.20(0.20)
2026-09-29 15:29:19,525   INFO  
2026-09-29 15:29:29,241   INFO  Train:   31/40 ( 78%) [ 769/1241 ( 62%)]  Loss: 0.7030 (0.393)  LR: 9.957e-04  Time cost: 02:32/01:33 [2:04:31/38:23]  Acc_iter 38000       Data time: 0.00(0.00)  Forward time: 0.19(0.19)  Batch time: 0.20(0.20)
2026-09-29 15:29:39,024   INFO  Train:   31/40 ( 78%) [ 819/1241 ( 66%)]  Loss: 0.3792 (0.392)  LR: 9.882e-04  Time cost: 02:42/01:23 [2:04:41/38:12]  Acc_iter 38050       Data time: 0.00(0.00)  Forward time: 0.20(0.19)  Batch time: 0.20(0.20)
2026-09-29 15:29:48,544   INFO  Train:   31/40 ( 78%) [ 869/1241 ( 70%)]  Loss: 0.3921 (0.392)  LR: 9.808e-04  Time cost: 02:51/01:13 [2:04:50/37:57]  Acc_iter 38100       Data time: 0.00(0.00)  Forward time: 0.19(0.19)  Batch time: 0.19(0.20)
2026-09-29 15:29:48,625   INFO  
2026-09-29 15:29:58,327   INFO  Train:   31/40 ( 78%) [ 919/1241 ( 74%)]  Loss: 0.3569 (0.393)  LR: 9.734e-04  Time cost: 03:01/01:03 [2:05:00/37:46]  Acc_iter 38150       Data time: 0.00(0.00)  Forward time: 0.18(0.19)  Batch time: 0.18(0.20)
2026-09-29 15:30:07,885   INFO  Train:   31/40 ( 78%) [ 969/1241 ( 78%)]  Loss: 0.2935 (0.392)  LR: 9.660e-04  Time cost: 03:11/00:53 [2:05:10/37:32]  Acc_iter 38200       Data time: 0.00(0.00)  Forward time: 0.19(0.19)  Batch time: 0.19(0.20)
2026-09-29 15:30:17,509   INFO  Train:   31/40 ( 78%) [1019/1241 ( 82%)]  Loss: 0.3336 (0.391)  LR: 9.586e-04  Time cost: 03:20/00:43 [2:05:19/37:20]  Acc_iter 38250       Data time: 0.00(0.00)  Forward time: 0.20(0.19)  Batch time: 0.20(0.20)
2026-09-29 15:30:17,603   INFO  
2026-09-29 15:30:27,357   INFO  Train:   31/40 ( 78%) [1069/1241 ( 86%)]  Loss: 0.2895 (0.391)  LR: 9.512e-04  Time cost: 03:30/00:33 [2:05:29/37:10]  Acc_iter 38300       Data time: 0.00(0.00)  Forward time: 0.19(0.19)  Batch time: 0.19(0.20)
2026-09-29 15:30:37,056   INFO  Train:   31/40 ( 78%) [1119/1241 ( 90%)]  Loss: 0.2747 (0.392)  LR: 9.439e-04  Time cost: 03:40/00:23 [2:05:39/36:59]  Acc_iter 38350       Data time: 0.00(0.00)  Forward time: 0.19(0.19)  Batch time: 0.19(0.20)
2026-09-29 15:30:47,019   INFO  Train:   31/40 ( 78%) [1169/1241 ( 94%)]  Loss: 0.3437 (0.392)  LR: 9.365e-04  Time cost: 03:50/00:14 [2:05:49/36:51]  Acc_iter 38400       Data time: 0.00(0.00)  Forward time: 0.19(0.19)  Batch time: 0.19(0.20)
2026-09-29 15:30:47,108   INFO  
2026-09-29 15:30:56,929   INFO  Train:   31/40 ( 78%) [1219/1241 ( 98%)]  Loss: 0.4175 (0.393)  LR: 9.292e-04  Time cost: 04:00/00:04 [2:05:59/36:41]  Acc_iter 38450       Data time: 0.00(0.00)  Forward time: 0.18(0.19)  Batch time: 0.19(0.20)
2026-09-29 15:31:00,828   INFO  Train:   31/40 ( 78%) [1240/1241 (100%)]  Loss: 0.2364 (0.392)  LR: 9.261e-04  Time cost: 04:03/00:00 [2:06:03/36:35]  Acc_iter 38471       Data time: 0.00(0.00)  Forward time: 0.06(0.19)  Batch time: 0.06(0.20)
2026-09-29 15:31:02,044   INFO  Train:   32/40 ( 80%) [   0/1241 (  0%)]  Loss: 0.3644 (0.364)  LR: 9.260e-04  Time cost: 00:00/19:00 [2:06:04/2:51:05]  Acc_iter 38472       Data time: 0.64(0.64)  Forward time: 0.28(0.28)  Batch time: 0.92(0.92)
2026-09-29 15:31:07,460   INFO  Train:   32/40 ( 80%) [  28/1241 (  2%)]  Loss: 0.3392 (0.417)  LR: 9.219e-04  Time cost: 00:06/04:24 [2:06:09/40:33]  Acc_iter 38500       Data time: 0.00(0.02)  Forward time: 0.18(0.19)  Batch time: 0.18(0.22)
2026-09-29 15:31:16,916   INFO  Train:   32/40 ( 80%) [  78/1241 (  6%)]  Loss: 0.4264 (0.390)  LR: 9.146e-04  Time cost: 00:15/03:52 [2:06:19/36:56]  Acc_iter 38550       Data time: 0.00(0.01)  Forward time: 0.19(0.19)  Batch time: 0.19(0.20)
2026-09-29 15:31:16,981   INFO  
2026-09-29 15:31:26,469   INFO  Train:   32/40 ( 80%) [ 128/1241 ( 10%)]  Loss: 0.4648 (0.384)  LR: 9.073e-04  Time cost: 00:25/03:38 [2:06:28/36:09]  Acc_iter 38600       Data time: 0.00(0.01)  Forward time: 0.19(0.19)  Batch time: 0.19(0.20)
2026-09-29 15:31:36,157   INFO  Train:   32/40 ( 80%) [ 178/1241 ( 14%)]  Loss: 0.3855 (0.387)  LR: 9.001e-04  Time cost: 00:35/03:28 [2:06:38/35:51]  Acc_iter 38650       Data time: 0.00(0.01)  Forward time: 0.20(0.19)  Batch time: 0.20(0.20)
2026-09-29 15:31:45,629   INFO  Train:   32/40 ( 80%) [ 228/1241 ( 18%)]  Loss: 0.3708 (0.383)  LR: 8.928e-04  Time cost: 00:44/03:16 [2:06:47/35:26]  Acc_iter 38700       Data time: 0.00(0.00)  Forward time: 0.19(0.19)  Batch time: 0.19(0.19)
2026-09-29 15:31:45,686   INFO  
2026-09-29 15:31:55,305   INFO  Train:   32/40 ( 80%) [ 278/1241 ( 22%)]  Loss: 0.3030 (0.382)  LR: 8.856e-04  Time cost: 00:54/03:07 [2:06:57/35:14]  Acc_iter 38750       Data time: 0.00(0.00)  Forward time: 0.19(0.19)  Batch time: 0.20(0.19)
2026-09-29 15:32:04,987   INFO  Train:   32/40 ( 80%) [ 328/1241 ( 26%)]  Loss: 0.2510 (0.383)  LR: 8.784e-04  Time cost: 01:03/02:57 [2:07:07/35:04]  Acc_iter 38800       Data time: 0.00(0.00)  Forward time: 0.20(0.19)  Batch time: 0.20(0.19)
2026-09-29 15:32:14,916   INFO  Train:   32/40 ( 80%) [ 378/1241 ( 30%)]  Loss: 0.3371 (0.384)  LR: 8.712e-04  Time cost: 01:13/02:48 [2:07:17/35:00]  Acc_iter 38850       Data time: 0.00(0.00)  Forward time: 0.24(0.19)  Batch time: 0.24(0.19)
2026-09-29 15:32:14,986   INFO  
2026-09-29 15:32:24,655   INFO  Train:   32/40 ( 80%) [ 428/1241 ( 34%)]  Loss: 0.2890 (0.383)  LR: 8.640e-04  Time cost: 01:23/02:38 [2:07:26/34:51]  Acc_iter 38900       Data time: 0.00(0.00)  Forward time: 0.19(0.19)  Batch time: 0.19(0.19)
2026-09-29 15:32:34,166   INFO  Train:   32/40 ( 80%) [ 478/1241 ( 39%)]  Loss: 0.5257 (0.384)  LR: 8.569e-04  Time cost: 01:33/02:28 [2:07:36/34:36]  Acc_iter 38950       Data time: 0.00(0.00)  Forward time: 0.19(0.19)  Batch time: 0.19(0.19)
2026-09-29 15:32:43,949   INFO  Train:   32/40 ( 80%) [ 528/1241 ( 43%)]  Loss: 0.2952 (0.382)  LR: 8.497e-04  Time cost: 01:42/02:18 [2:07:46/34:28]  Acc_iter 39000       Data time: 0.00(0.00)  Forward time: 0.19(0.19)  Batch time: 0.19(0.19)
2026-09-29 15:32:44,052   INFO  
2026-09-29 15:32:53,922   INFO  Train:   32/40 ( 80%) [ 578/1241 ( 47%)]  Loss: 0.3693 (0.383)  LR: 8.426e-04  Time cost: 01:52/02:09 [2:07:56/34:23]  Acc_iter 39050       Data time: 0.00(0.00)  Forward time: 0.20(0.19)  Batch time: 0.20(0.19)
2026-09-29 15:33:03,773   INFO  Train:   32/40 ( 80%) [ 628/1241 ( 51%)]  Loss: 0.2380 (0.383)  LR: 8.355e-04  Time cost: 02:02/01:59 [2:08:05/34:15]  Acc_iter 39100       Data time: 0.00(0.00)  Forward time: 0.19(0.19)  Batch time: 0.19(0.19)
2026-09-29 15:33:13,771   INFO  Train:   32/40 ( 80%) [ 678/1241 ( 55%)]  Loss: 0.4765 (0.384)  LR: 8.284e-04  Time cost: 02:12/01:49 [2:08:15/34:09]  Acc_iter 39150       Data time: 0.00(0.00)  Forward time: 0.20(0.19)  Batch time: 0.20(0.20)
2026-09-29 15:33:13,850   INFO  
2026-09-29 15:33:24,301   INFO  Train:   32/40 ( 80%) [ 728/1241 ( 59%)]  Loss: 0.3912 (0.383)  LR: 8.214e-04  Time cost: 02:23/01:40 [2:08:26/34:10]  Acc_iter 39200       Data time: 0.00(0.00)  Forward time: 0.19(0.19)  Batch time: 0.19(0.20)
2026-09-29 15:33:34,205   INFO  Train:   32/40 ( 80%) [ 778/1241 ( 63%)]  Loss: 0.3748 (0.383)  LR: 8.143e-04  Time cost: 02:33/01:30 [2:08:36/34:01]  Acc_iter 39250       Data time: 0.00(0.00)  Forward time: 0.22(0.19)  Batch time: 0.22(0.20)
2026-09-29 15:33:44,152   INFO  Train:   32/40 ( 80%) [ 828/1241 ( 67%)]  Loss: 0.3660 (0.383)  LR: 8.073e-04  Time cost: 02:43/01:21 [2:08:46/33:53]  Acc_iter 39300       Data time: 0.00(0.00)  Forward time: 0.19(0.19)  Batch time: 0.19(0.20)
2026-09-29 15:33:44,231   INFO  
2026-09-29 15:33:54,480   INFO  Train:   32/40 ( 80%) [ 878/1241 ( 71%)]  Loss: 0.3266 (0.383)  LR: 8.003e-04  Time cost: 02:53/01:11 [2:08:56/33:49]  Acc_iter 39350       Data time: 0.00(0.00)  Forward time: 0.20(0.19)  Batch time: 0.20(0.20)
2026-09-29 15:34:04,346   INFO  Train:   32/40 ( 80%) [ 928/1241 ( 75%)]  Loss: 0.3540 (0.382)  LR: 7.933e-04  Time cost: 03:03/01:01 [2:09:06/33:39]  Acc_iter 39400       Data time: 0.00(0.00)  Forward time: 0.20(0.19)  Batch time: 0.20(0.20)
2026-09-29 15:34:14,279   INFO  Train:   32/40 ( 80%) [ 978/1241 ( 79%)]  Loss: 0.3849 (0.382)  LR: 7.863e-04  Time cost: 03:13/00:51 [2:09:16/33:30]  Acc_iter 39450       Data time: 0.00(0.00)  Forward time: 0.21(0.19)  Batch time: 0.21(0.20)
2026-09-29 15:34:14,382   INFO  
2026-09-29 15:34:24,154   INFO  Train:   32/40 ( 80%) [1028/1241 ( 83%)]  Loss: 0.3720 (0.383)  LR: 7.794e-04  Time cost: 03:23/00:42 [2:09:26/33:20]  Acc_iter 39500       Data time: 0.00(0.00)  Forward time: 0.19(0.19)  Batch time: 0.19(0.20)
2026-09-29 15:34:33,971   INFO  Train:   32/40 ( 80%) [1078/1241 ( 87%)]  Loss: 0.3405 (0.384)  LR: 7.725e-04  Time cost: 03:32/00:32 [2:09:36/33:10]  Acc_iter 39550       Data time: 0.00(0.00)  Forward time: 0.19(0.19)  Batch time: 0.19(0.20)
2026-09-29 15:34:43,916   INFO  Train:   32/40 ( 80%) [1128/1241 ( 91%)]  Loss: 0.4436 (0.384)  LR: 7.656e-04  Time cost: 03:42/00:22 [2:09:46/33:01]  Acc_iter 39600       Data time: 0.00(0.00)  Forward time: 0.20(0.19)  Batch time: 0.20(0.20)
2026-09-29 15:34:44,009   INFO  
2026-09-29 15:34:54,006   INFO  Train:   32/40 ( 80%) [1178/1241 ( 95%)]  Loss: 0.4588 (0.387)  LR: 7.587e-04  Time cost: 03:52/00:12 [2:09:56/32:53]  Acc_iter 39650       Data time: 0.00(0.00)  Forward time: 0.19(0.19)  Batch time: 0.19(0.20)
2026-09-29 15:35:03,734   INFO  Train:   32/40 ( 80%) [1228/1241 ( 99%)]  Loss: 0.2712 (0.387)  LR: 7.518e-04  Time cost: 04:02/00:02 [2:10:05/32:42]  Acc_iter 39700       Data time: 0.00(0.00)  Forward time: 0.21(0.19)  Batch time: 0.22(0.20)
2026-09-29 15:35:05,868   INFO  Train:   32/40 ( 80%) [1240/1241 (100%)]  Loss: 0.2525 (0.387)  LR: 7.502e-04  Time cost: 04:04/00:00 [2:10:08/32:38]  Acc_iter 39712       Data time: 0.00(0.00)  Forward time: 0.06(0.19)  Batch time: 0.06(0.20)
2026-09-29 15:35:07,104   INFO  Train:   33/40 ( 82%) [   0/1241 (  0%)]  Loss: 0.2804 (0.280)  LR: 7.500e-04  Time cost: 00:00/17:41 [2:10:09/2:21:28]  Acc_iter 39713       Data time: 0.54(0.54)  Forward time: 0.31(0.31)  Batch time: 0.85(0.85)
2026-09-29 15:35:14,226   INFO  Train:   33/40 ( 82%) [  37/1241 (  3%)]  Loss: 0.3761 (0.360)  LR: 7.450e-04  Time cost: 00:07/04:12 [2:10:16/34:36]  Acc_iter 39750       Data time: 0.00(0.02)  Forward time: 0.20(0.19)  Batch time: 0.20(0.21)
2026-09-29 15:35:14,288   INFO  
2026-09-29 15:35:24,081   INFO  Train:   33/40 ( 82%) [  87/1241 (  7%)]  Loss: 0.4719 (0.399)  LR: 7.381e-04  Time cost: 00:17/03:53 [2:10:26/33:14]  Acc_iter 39800       Data time: 0.00(0.01)  Forward time: 0.18(0.19)  Batch time: 0.19(0.20)
2026-09-29 15:35:33,939   INFO  Train:   33/40 ( 82%) [ 137/1241 ( 11%)]  Loss: 0.3972 (0.393)  LR: 7.313e-04  Time cost: 00:27/03:41 [2:10:36/32:44]  Acc_iter 39850       Data time: 0.00(0.01)  Forward time: 0.20(0.19)  Batch time: 0.20(0.20)
2026-09-29 15:35:43,615   INFO  Train:   33/40 ( 82%) [ 187/1241 ( 15%)]  Loss: 0.3294 (0.389)  LR: 7.245e-04  Time cost: 00:37/03:29 [2:10:45/32:16]  Acc_iter 39900       Data time: 0.00(0.01)  Forward time: 0.20(0.19)  Batch time: 0.20(0.20)
2026-09-29 15:35:43,720   INFO  
2026-09-29 15:35:53,478   INFO  Train:   33/40 ( 82%) [ 237/1241 ( 19%)]  Loss: 0.3855 (0.388)  LR: 7.178e-04  Time cost: 00:47/03:19 [2:10:55/32:03]  Acc_iter 39950       Data time: 0.00(0.00)  Forward time: 0.19(0.19)  Batch time: 0.19(0.20)
2026-09-29 15:36:03,609   INFO  Train:   33/40 ( 82%) [ 287/1241 ( 23%)]  Loss: 0.3184 (0.387)  LR: 7.110e-04  Time cost: 00:57/03:10 [2:11:05/32:00]  Acc_iter 40000       Data time: 0.00(0.00)  Forward time: 0.22(0.19)  Batch time: 0.22(0.20)
2026-09-29 15:36:13,237   INFO  Train:   33/40 ( 82%) [ 337/1241 ( 27%)]  Loss: 0.6095 (0.387)  LR: 7.043e-04  Time cost: 01:06/02:59 [2:11:15/31:40]  Acc_iter 40050       Data time: 0.00(0.00)  Forward time: 0.17(0.19)  Batch time: 0.17(0.20)
2026-09-29 15:36:13,315   INFO  
2026-09-29 15:36:23,202   INFO  Train:   33/40 ( 82%) [ 387/1241 ( 31%)]  Loss: 0.4167 (0.387)  LR: 6.976e-04  Time cost: 01:16/02:49 [2:11:25/31:32]  Acc_iter 40100       Data time: 0.00(0.00)  Forward time: 0.18(0.19)  Batch time: 0.18(0.20)
2026-09-29 15:36:32,857   INFO  Train:   33/40 ( 82%) [ 437/1241 ( 35%)]  Loss: 0.2725 (0.387)  LR: 6.910e-04  Time cost: 01:26/02:38 [2:11:35/31:16]  Acc_iter 40150       Data time: 0.00(0.00)  Forward time: 0.20(0.19)  Batch time: 0.20(0.20)
2026-09-29 15:36:42,636   INFO  Train:   33/40 ( 82%) [ 487/1241 ( 39%)]  Loss: 0.3365 (0.386)  LR: 6.843e-04  Time cost: 01:36/02:28 [2:11:44/31:04]  Acc_iter 40200       Data time: 0.00(0.00)  Forward time: 0.20(0.19)  Batch time: 0.20(0.20)
2026-09-29 15:36:42,721   INFO  
2026-09-29 15:36:52,758   INFO  Train:   33/40 ( 82%) [ 537/1241 ( 43%)]  Loss: 0.3446 (0.387)  LR: 6.777e-04  Time cost: 01:46/02:19 [2:11:54/30:59]  Acc_iter 40250       Data time: 0.00(0.00)  Forward time: 0.20(0.19)  Batch time: 0.20(0.20)
2026-09-29 15:37:02,626   INFO  Train:   33/40 ( 82%) [ 587/1241 ( 47%)]  Loss: 0.3608 (0.385)  LR: 6.711e-04  Time cost: 01:56/02:09 [2:12:04/30:48]  Acc_iter 40300       Data time: 0.00(0.00)  Forward time: 0.19(0.19)  Batch time: 0.19(0.20)
2026-09-29 15:37:12,441   INFO  Train:   33/40 ( 82%) [ 637/1241 ( 51%)]  Loss: 0.4463 (0.384)  LR: 6.645e-04  Time cost: 02:06/01:59 [2:12:14/30:37]  Acc_iter 40350       Data time: 0.00(0.00)  Forward time: 0.20(0.19)  Batch time: 0.20(0.20)
2026-09-29 15:37:12,540   INFO  
2026-09-29 15:37:22,249   INFO  Train:   33/40 ( 82%) [ 687/1241 ( 55%)]  Loss: 0.3403 (0.383)  LR: 6.579e-04  Time cost: 02:16/01:49 [2:12:24/30:26]  Acc_iter 40400       Data time: 0.00(0.00)  Forward time: 0.18(0.19)  Batch time: 0.18(0.20)
2026-09-29 15:37:31,963   INFO  Train:   33/40 ( 82%) [ 737/1241 ( 59%)]  Loss: 0.4589 (0.383)  LR: 6.514e-04  Time cost: 02:25/01:39 [2:12:34/30:14]  Acc_iter 40450       Data time: 0.00(0.00)  Forward time: 0.20(0.19)  Batch time: 0.20(0.20)
2026-09-29 15:37:41,887   INFO  Train:   33/40 ( 82%) [ 787/1241 ( 63%)]  Loss: 0.3672 (0.383)  LR: 6.449e-04  Time cost: 02:35/01:29 [2:12:44/30:05]  Acc_iter 40500       Data time: 0.00(0.00)  Forward time: 0.19(0.19)  Batch time: 0.20(0.20)
2026-09-29 15:37:42,015   INFO  
2026-09-29 15:37:51,899   INFO  Train:   33/40 ( 82%) [ 837/1241 ( 67%)]  Loss: 0.3815 (0.383)  LR: 6.384e-04  Time cost: 02:45/01:19 [2:12:54/29:57]  Acc_iter 40550       Data time: 0.00(0.00)  Forward time: 0.19(0.19)  Batch time: 0.19(0.20)
2026-09-29 15:38:01,614   INFO  Train:   33/40 ( 82%) [ 887/1241 ( 71%)]  Loss: 0.3297 (0.382)  LR: 6.319e-04  Time cost: 02:55/01:09 [2:13:03/29:45]  Acc_iter 40600       Data time: 0.00(0.00)  Forward time: 0.18(0.19)  Batch time: 0.18(0.20)
2026-09-29 15:38:11,645   INFO  Train:   33/40 ( 82%) [ 937/1241 ( 76%)]  Loss: 0.3003 (0.380)  LR: 6.255e-04  Time cost: 03:05/01:00 [2:13:13/29:37]  Acc_iter 40650       Data time: 0.00(0.00)  Forward time: 0.19(0.19)  Batch time: 0.19(0.20)
2026-09-29 15:38:11,757   INFO  
2026-09-29 15:38:21,725   INFO  Train:   33/40 ( 82%) [ 987/1241 ( 80%)]  Loss: 0.6512 (0.380)  LR: 6.191e-04  Time cost: 03:15/00:50 [2:13:23/29:28]  Acc_iter 40700       Data time: 0.00(0.00)  Forward time: 0.21(0.19)  Batch time: 0.21(0.20)
2026-09-29 15:38:31,530   INFO  Train:   33/40 ( 82%) [1037/1241 ( 84%)]  Loss: 0.3149 (0.379)  LR: 6.127e-04  Time cost: 03:25/00:40 [2:13:33/29:18]  Acc_iter 40750       Data time: 0.00(0.00)  Forward time: 0.20(0.19)  Batch time: 0.21(0.20)
2026-09-29 15:38:41,145   INFO  Train:   33/40 ( 82%) [1087/1241 ( 88%)]  Loss: 0.2238 (0.379)  LR: 6.063e-04  Time cost: 03:34/00:30 [2:13:43/29:06]  Acc_iter 40800       Data time: 0.00(0.00)  Forward time: 0.18(0.19)  Batch time: 0.18(0.20)
2026-09-29 15:38:41,205   INFO  
2026-09-29 15:38:50,917   INFO  Train:   33/40 ( 82%) [1137/1241 ( 92%)]  Loss: 0.3209 (0.378)  LR: 6.000e-04  Time cost: 03:44/00:20 [2:13:53/28:55]  Acc_iter 40850       Data time: 0.00(0.00)  Forward time: 0.18(0.19)  Batch time: 0.18(0.20)
2026-09-29 15:39:00,530   INFO  Train:   33/40 ( 82%) [1187/1241 ( 96%)]  Loss: 0.3476 (0.378)  LR: 5.937e-04  Time cost: 03:54/00:10 [2:14:02/28:43]  Acc_iter 40900       Data time: 0.00(0.00)  Forward time: 0.20(0.19)  Batch time: 0.21(0.20)
2026-09-29 15:39:10,280   INFO  Train:   33/40 ( 82%) [1237/1241 (100%)]  Loss: 0.3372 (0.378)  LR: 5.874e-04  Time cost: 04:04/00:00 [2:14:12/28:33]  Acc_iter 40950       Data time: 0.00(0.00)  Forward time: 0.19(0.19)  Batch time: 0.19(0.20)
2026-09-29 15:39:10,344   INFO  
2026-09-29 15:39:10,786   INFO  Train:   33/40 ( 82%) [1240/1241 (100%)]  Loss: 0.2612 (0.378)  LR: 5.870e-04  Time cost: 04:04/00:00 [2:14:12/28:31]  Acc_iter 40953       Data time: 0.00(0.00)  Forward time: 0.06(0.19)  Batch time: 0.06(0.20)
2026-09-29 15:39:11,906   INFO  Train:   34/40 ( 85%) [   0/1241 (  0%)]  Loss: 0.5374 (0.537)  LR: 5.869e-04  Time cost: 00:00/17:57 [2:14:14/2:05:45]  Acc_iter 40954       Data time: 0.55(0.55)  Forward time: 0.32(0.32)  Batch time: 0.87(0.87)
2026-09-29 15:39:20,658   INFO  Train:   34/40 ( 85%) [  46/1241 (  4%)]  Loss: 0.4786 (0.365)  LR: 5.811e-04  Time cost: 00:09/04:04 [2:14:22/29:28]  Acc_iter 41000       Data time: 0.00(0.01)  Forward time: 0.19(0.19)  Batch time: 0.19(0.20)
2026-09-29 15:39:30,371   INFO  Train:   34/40 ( 85%) [  96/1241 (  8%)]  Loss: 0.3461 (0.380)  LR: 5.749e-04  Time cost: 00:19/03:48 [2:14:32/28:32]  Acc_iter 41050       Data time: 0.00(0.01)  Forward time: 0.18(0.19)  Batch time: 0.18(0.20)
2026-09-29 15:39:39,867   INFO  Train:   34/40 ( 85%) [ 146/1241 ( 12%)]  Loss: 0.3218 (0.376)  LR: 5.687e-04  Time cost: 00:28/03:34 [2:14:42/27:55]  Acc_iter 41100       Data time: 0.00(0.01)  Forward time: 0.18(0.19)  Batch time: 0.18(0.20)
2026-09-29 15:39:39,957   INFO  
2026-09-29 15:39:49,601   INFO  Train:   34/40 ( 85%) [ 196/1241 ( 16%)]  Loss: 0.3630 (0.369)  LR: 5.625e-04  Time cost: 00:38/03:24 [2:14:51/27:42]  Acc_iter 41150       Data time: 0.00(0.01)  Forward time: 0.21(0.19)  Batch time: 0.21(0.20)
2026-09-29 15:39:59,126   INFO  Train:   34/40 ( 85%) [ 246/1241 ( 20%)]  Loss: 0.6106 (0.368)  LR: 5.563e-04  Time cost: 00:48/03:13 [2:15:01/27:23]  Acc_iter 41200       Data time: 0.00(0.00)  Forward time: 0.19(0.19)  Batch time: 0.20(0.19)
2026-09-29 15:40:08,841   INFO  Train:   34/40 ( 85%) [ 296/1241 ( 24%)]  Loss: 0.2902 (0.370)  LR: 5.502e-04  Time cost: 00:57/03:03 [2:15:11/27:13]  Acc_iter 41250       Data time: 0.00(0.00)  Forward time: 0.21(0.19)  Batch time: 0.22(0.19)
2026-09-29 15:40:08,935   INFO  
2026-09-29 15:40:18,819   INFO  Train:   34/40 ( 85%) [ 346/1241 ( 28%)]  Loss: 0.3854 (0.377)  LR: 5.441e-04  Time cost: 01:07/02:54 [2:15:20/27:09]  Acc_iter 41300       Data time: 0.00(0.00)  Forward time: 0.19(0.19)  Batch time: 0.19(0.20)
2026-09-29 15:40:28,421   INFO  Train:   34/40 ( 85%) [ 396/1241 ( 32%)]  Loss: 0.3110 (0.377)  LR: 5.380e-04  Time cost: 01:17/02:44 [2:15:30/26:56]  Acc_iter 41350       Data time: 0.00(0.00)  Forward time: 0.19(0.19)  Batch time: 0.19(0.19)
2026-09-29 15:40:37,932   INFO  Train:   34/40 ( 85%) [ 446/1241 ( 36%)]  Loss: 0.3693 (0.379)  LR: 5.319e-04  Time cost: 01:26/02:34 [2:15:40/26:42]  Acc_iter 41400       Data time: 0.00(0.00)  Forward time: 0.19(0.19)  Batch time: 0.19(0.19)
2026-09-29 15:40:38,020   INFO  
2026-09-29 15:40:47,630   INFO  Train:   34/40 ( 85%) [ 496/1241 ( 40%)]  Loss: 0.4988 (0.378)  LR: 5.259e-04  Time cost: 01:36/02:24 [2:15:49/26:31]  Acc_iter 41450       Data time: 0.00(0.00)  Forward time: 0.18(0.19)  Batch time: 0.18(0.19)
2026-09-29 15:40:57,171   INFO  Train:   34/40 ( 85%) [ 546/1241 ( 44%)]  Loss: 0.4023 (0.377)  LR: 5.199e-04  Time cost: 01:46/02:14 [2:15:59/26:19]  Acc_iter 41500       Data time: 0.00(0.00)  Forward time: 0.18(0.19)  Batch time: 0.18(0.19)
2026-09-29 15:41:06,665   INFO  Train:   34/40 ( 85%) [ 596/1241 ( 48%)]  Loss: 0.3168 (0.375)  LR: 5.139e-04  Time cost: 01:55/02:04 [2:16:08/26:07]  Acc_iter 41550       Data time: 0.00(0.00)  Forward time: 0.19(0.19)  Batch time: 0.19(0.19)
2026-09-29 15:41:06,749   INFO  
2026-09-29 15:41:16,424   INFO  Train:   34/40 ( 85%) [ 646/1241 ( 52%)]  Loss: 0.3699 (0.374)  LR: 5.080e-04  Time cost: 02:05/01:55 [2:16:18/25:58]  Acc_iter 41600       Data time: 0.00(0.00)  Forward time: 0.20(0.19)  Batch time: 0.20(0.19)
2026-09-29 15:41:26,172   INFO  Train:   34/40 ( 85%) [ 696/1241 ( 56%)]  Loss: 0.3689 (0.372)  LR: 5.021e-04  Time cost: 02:15/01:45 [2:16:28/25:49]  Acc_iter 41650       Data time: 0.00(0.00)  Forward time: 0.21(0.19)  Batch time: 0.21(0.19)
2026-09-29 15:41:35,753   INFO  Train:   34/40 ( 85%) [ 746/1241 ( 60%)]  Loss: 0.4140 (0.371)  LR: 4.962e-04  Time cost: 02:24/01:35 [2:16:37/25:38]  Acc_iter 41700       Data time: 0.00(0.00)  Forward time: 0.20(0.19)  Batch time: 0.21(0.19)
2026-09-29 15:41:35,830   INFO  
2026-09-29 15:41:45,439   INFO  Train:   34/40 ( 85%) [ 796/1241 ( 64%)]  Loss: 0.3273 (0.370)  LR: 4.903e-04  Time cost: 02:34/01:26 [2:16:47/25:28]  Acc_iter 41750       Data time: 0.00(0.00)  Forward time: 0.19(0.19)  Batch time: 0.19(0.19)
2026-09-29 15:41:54,999   INFO  Train:   34/40 ( 85%) [ 846/1241 ( 68%)]  Loss: 0.4516 (0.371)  LR: 4.845e-04  Time cost: 02:43/01:16 [2:16:57/25:17]  Acc_iter 41800       Data time: 0.00(0.00)  Forward time: 0.19(0.19)  Batch time: 0.19(0.19)
2026-09-29 15:42:04,445   INFO  Train:   34/40 ( 85%) [ 896/1241 ( 72%)]  Loss: 0.3067 (0.371)  LR: 4.787e-04  Time cost: 02:53/01:06 [2:17:06/25:06]  Acc_iter 41850       Data time: 0.00(0.00)  Forward time: 0.17(0.19)  Batch time: 0.18(0.19)
2026-09-29 15:42:04,524   INFO  
2026-09-29 15:42:14,057   INFO  Train:   34/40 ( 85%) [ 946/1241 ( 76%)]  Loss: 0.2973 (0.371)  LR: 4.729e-04  Time cost: 03:03/00:57 [2:17:16/24:56]  Acc_iter 41900       Data time: 0.00(0.00)  Forward time: 0.19(0.19)  Batch time: 0.19(0.19)
2026-09-29 15:42:23,649   INFO  Train:   34/40 ( 85%) [ 996/1241 ( 80%)]  Loss: 0.4420 (0.371)  LR: 4.671e-04  Time cost: 03:12/00:47 [2:17:25/24:45]  Acc_iter 41950       Data time: 0.00(0.00)  Forward time: 0.19(0.19)  Batch time: 0.19(0.19)
2026-09-29 15:42:33,196   INFO  Train:   34/40 ( 85%) [1046/1241 ( 84%)]  Loss: 0.2251 (0.372)  LR: 4.614e-04  Time cost: 03:22/00:37 [2:17:35/24:35]  Acc_iter 42000       Data time: 0.00(0.00)  Forward time: 0.17(0.19)  Batch time: 0.18(0.19)
2026-09-29 15:42:33,267   INFO  
2026-09-29 15:42:43,042   INFO  Train:   34/40 ( 85%) [1096/1241 ( 88%)]  Loss: 0.4343 (0.371)  LR: 4.557e-04  Time cost: 03:32/00:28 [2:17:45/24:27]  Acc_iter 42050       Data time: 0.00(0.00)  Forward time: 0.19(0.19)  Batch time: 0.20(0.19)
2026-09-29 15:42:52,888   INFO  Train:   34/40 ( 85%) [1146/1241 ( 92%)]  Loss: 0.7719 (0.370)  LR: 4.500e-04  Time cost: 03:41/00:18 [2:17:55/24:18]  Acc_iter 42100       Data time: 0.00(0.00)  Forward time: 0.19(0.19)  Batch time: 0.19(0.19)
2026-09-29 15:43:02,784   INFO  Train:   34/40 ( 85%) [1196/1241 ( 96%)]  Loss: 0.3865 (0.370)  LR: 4.444e-04  Time cost: 03:51/00:08 [2:18:04/24:10]  Acc_iter 42150       Data time: 0.00(0.00)  Forward time: 0.20(0.19)  Batch time: 0.21(0.19)
2026-09-29 15:43:02,858   INFO  
2026-09-29 15:43:11,249   INFO  Train:   34/40 ( 85%) [1240/1241 (100%)]  Loss: 0.5218 (0.368)  LR: 4.395e-04  Time cost: 04:00/00:00 [2:18:13/24:01]  Acc_iter 42194       Data time: 0.00(0.00)  Forward time: 0.05(0.19)  Batch time: 0.06(0.19)
2026-09-29 15:43:12,634   INFO  Train:   35/40 ( 88%) [   0/1241 (  0%)]  Loss: 0.3824 (0.382)  LR: 4.394e-04  Time cost: 00:01/21:41 [2:18:14/2:10:07]  Acc_iter 42195       Data time: 0.76(0.76)  Forward time: 0.29(0.29)  Batch time: 1.05(1.05)
2026-09-29 15:43:13,615   INFO  Train:   35/40 ( 88%) [   5/1241 (  0%)]  Loss: 0.2889 (0.350)  LR: 4.388e-04  Time cost: 00:02/06:57 [2:18:15/41:56]  Acc_iter 42200       Data time: 0.00(0.13)  Forward time: 0.20(0.21)  Batch time: 0.20(0.34)
2026-09-29 15:43:23,247   INFO  Train:   35/40 ( 88%) [  55/1241 (  4%)]  Loss: 0.4109 (0.395)  LR: 4.332e-04  Time cost: 00:11/04:06 [2:18:25/25:39]  Acc_iter 42250       Data time: 0.00(0.02)  Forward time: 0.18(0.19)  Batch time: 0.18(0.21)
2026-09-29 15:43:33,165   INFO  Train:   35/40 ( 88%) [ 105/1241 (  8%)]  Loss: 0.3263 (0.382)  LR: 4.277e-04  Time cost: 00:21/03:51 [2:18:35/24:54]  Acc_iter 42300       Data time: 0.00(0.01)  Forward time: 0.20(0.19)  Batch time: 0.20(0.20)
2026-09-29 15:43:33,235   INFO  
2026-09-29 15:43:43,117   INFO  Train:   35/40 ( 88%) [ 155/1241 ( 12%)]  Loss: 0.5736 (0.379)  LR: 4.222e-04  Time cost: 00:31/03:39 [2:18:45/24:33]  Acc_iter 42350       Data time: 0.00(0.01)  Forward time: 0.20(0.19)  Batch time: 0.20(0.20)
2026-09-29 15:43:52,934   INFO  Train:   35/40 ( 88%) [ 205/1241 ( 17%)]  Loss: 0.4051 (0.375)  LR: 4.167e-04  Time cost: 00:41/03:27 [2:18:55/24:13]  Acc_iter 42400       Data time: 0.00(0.01)  Forward time: 0.19(0.19)  Batch time: 0.20(0.20)
2026-09-29 15:44:02,717   INFO  Train:   35/40 ( 88%) [ 255/1241 ( 21%)]  Loss: 0.5012 (0.371)  LR: 4.112e-04  Time cost: 00:51/03:16 [2:19:04/23:56]  Acc_iter 42450       Data time: 0.00(0.01)  Forward time: 0.18(0.19)  Batch time: 0.18(0.20)
2026-09-29 15:44:02,830   INFO  
2026-09-29 15:44:12,645   INFO  Train:   35/40 ( 88%) [ 305/1241 ( 25%)]  Loss: 0.7818 (0.372)  LR: 4.058e-04  Time cost: 01:01/03:06 [2:19:14/23:44]  Acc_iter 42500       Data time: 0.00(0.00)  Forward time: 0.20(0.19)  Batch time: 0.21(0.20)
2026-09-29 15:44:22,491   INFO  Train:   35/40 ( 88%) [ 355/1241 ( 29%)]  Loss: 0.3513 (0.368)  LR: 4.004e-04  Time cost: 01:10/02:56 [2:19:24/23:32]  Acc_iter 42550       Data time: 0.00(0.00)  Forward time: 0.19(0.19)  Batch time: 0.19(0.20)
2026-09-29 15:44:32,144   INFO  Train:   35/40 ( 88%) [ 405/1241 ( 33%)]  Loss: 0.3871 (0.366)  LR: 3.950e-04  Time cost: 01:20/02:45 [2:19:34/23:17]  Acc_iter 42600       Data time: 0.00(0.00)  Forward time: 0.19(0.19)  Batch time: 0.19(0.20)
2026-09-29 15:44:32,248   INFO  
2026-09-29 15:44:41,923   INFO  Train:   35/40 ( 88%) [ 455/1241 ( 37%)]  Loss: 0.5822 (0.366)  LR: 3.897e-04  Time cost: 01:30/02:35 [2:19:44/23:04]  Acc_iter 42650       Data time: 0.00(0.00)  Forward time: 0.20(0.19)  Batch time: 0.20(0.20)
2026-09-29 15:44:51,890   INFO  Train:   35/40 ( 88%) [ 505/1241 ( 41%)]  Loss: 0.3582 (0.367)  LR: 3.844e-04  Time cost: 01:40/02:25 [2:19:54/22:55]  Acc_iter 42700       Data time: 0.00(0.00)  Forward time: 0.20(0.19)  Batch time: 0.20(0.20)
2026-09-29 15:45:01,475   INFO  Train:   35/40 ( 88%) [ 555/1241 ( 45%)]  Loss: 0.2967 (0.368)  LR: 3.791e-04  Time cost: 01:49/02:15 [2:20:03/22:41]  Acc_iter 42750       Data time: 0.00(0.00)  Forward time: 0.19(0.19)  Batch time: 0.19(0.20)
2026-09-29 15:45:01,560   INFO  
2026-09-29 15:45:11,410   INFO  Train:   35/40 ( 88%) [ 605/1241 ( 49%)]  Loss: 0.4255 (0.366)  LR: 3.739e-04  Time cost: 01:59/02:05 [2:20:13/22:32]  Acc_iter 42800       Data time: 0.00(0.00)  Forward time: 0.19(0.19)  Batch time: 0.19(0.20)
2026-09-29 15:45:21,002   INFO  Train:   35/40 ( 88%) [ 655/1241 ( 53%)]  Loss: 0.3844 (0.365)  LR: 3.687e-04  Time cost: 02:09/01:55 [2:20:23/22:19]  Acc_iter 42850       Data time: 0.00(0.00)  Forward time: 0.19(0.19)  Batch time: 0.19(0.20)
2026-09-29 15:45:30,832   INFO  Train:   35/40 ( 88%) [ 705/1241 ( 57%)]  Loss: 0.3449 (0.365)  LR: 3.635e-04  Time cost: 02:19/01:45 [2:20:33/22:09]  Acc_iter 42900       Data time: 0.00(0.00)  Forward time: 0.18(0.19)  Batch time: 0.19(0.20)
2026-09-29 15:45:30,924   INFO  
2026-09-29 15:45:40,774   INFO  Train:   35/40 ( 88%) [ 755/1241 ( 61%)]  Loss: 0.3131 (0.365)  LR: 3.583e-04  Time cost: 02:29/01:35 [2:20:42/22:00]  Acc_iter 42950       Data time: 0.00(0.00)  Forward time: 0.20(0.19)  Batch time: 0.20(0.20)
2026-09-29 15:45:50,529   INFO  Train:   35/40 ( 88%) [ 805/1241 ( 65%)]  Loss: 0.3398 (0.364)  LR: 3.532e-04  Time cost: 02:38/01:25 [2:20:52/21:49]  Acc_iter 43000       Data time: 0.00(0.00)  Forward time: 0.19(0.19)  Batch time: 0.19(0.20)
2026-09-29 15:46:00,578   INFO  Train:   35/40 ( 88%) [ 855/1241 ( 69%)]  Loss: 0.3509 (0.363)  LR: 3.482e-04  Time cost: 02:48/01:16 [2:21:02/21:41]  Acc_iter 43050       Data time: 0.00(0.00)  Forward time: 0.18(0.19)  Batch time: 0.19(0.20)
2026-09-29 15:46:00,657   INFO  
2026-09-29 15:46:10,355   INFO  Train:   35/40 ( 88%) [ 905/1241 ( 73%)]  Loss: 0.5898 (0.364)  LR: 3.431e-04  Time cost: 02:58/01:06 [2:21:12/21:30]  Acc_iter 43100       Data time: 0.00(0.00)  Forward time: 0.19(0.19)  Batch time: 0.19(0.20)
2026-09-29 15:46:20,476   INFO  Train:   35/40 ( 88%) [ 955/1241 ( 77%)]  Loss: 0.3455 (0.364)  LR: 3.381e-04  Time cost: 03:08/00:56 [2:21:22/21:22]  Acc_iter 43150       Data time: 0.00(0.00)  Forward time: 0.21(0.19)  Batch time: 0.21(0.20)
2026-09-29 15:46:30,253   INFO  Train:   35/40 ( 88%) [1005/1241 ( 81%)]  Loss: 0.3477 (0.366)  LR: 3.331e-04  Time cost: 03:18/00:46 [2:21:32/21:11]  Acc_iter 43200       Data time: 0.00(0.00)  Forward time: 0.18(0.19)  Batch time: 0.18(0.20)
2026-09-29 15:46:30,358   INFO  
2026-09-29 15:46:40,432   INFO  Train:   35/40 ( 88%) [1055/1241 ( 85%)]  Loss: 0.3535 (0.365)  LR: 3.281e-04  Time cost: 03:28/00:36 [2:21:42/21:03]  Acc_iter 43250       Data time: 0.00(0.00)  Forward time: 0.19(0.19)  Batch time: 0.19(0.20)
2026-09-29 15:46:50,306   INFO  Train:   35/40 ( 88%) [1105/1241 ( 89%)]  Loss: 0.3955 (0.365)  LR: 3.232e-04  Time cost: 03:38/00:26 [2:21:52/20:53]  Acc_iter 43300       Data time: 0.00(0.00)  Forward time: 0.20(0.19)  Batch time: 0.20(0.20)
2026-09-29 15:46:59,911   INFO  Train:   35/40 ( 88%) [1155/1241 ( 93%)]  Loss: 0.4479 (0.365)  LR: 3.183e-04  Time cost: 03:48/00:16 [2:22:02/20:42]  Acc_iter 43350       Data time: 0.00(0.00)  Forward time: 0.19(0.19)  Batch time: 0.19(0.20)
2026-09-29 15:46:59,986   INFO  
2026-09-29 15:47:09,975   INFO  Train:   35/40 ( 88%) [1205/1241 ( 97%)]  Loss: 0.2671 (0.365)  LR: 3.135e-04  Time cost: 03:58/00:07 [2:22:12/20:33]  Acc_iter 43400       Data time: 0.00(0.00)  Forward time: 0.20(0.19)  Batch time: 0.20(0.20)
2026-09-29 15:47:16,642   INFO  Train:   35/40 ( 88%) [1240/1241 (100%)]  Loss: 0.4410 (0.365)  LR: 3.101e-04  Time cost: 04:05/00:00 [2:22:18/20:25]  Acc_iter 43435       Data time: 0.00(0.00)  Forward time: 0.06(0.19)  Batch time: 0.06(0.20)
2026-09-29 15:47:18,074   INFO  Train:   36/40 ( 90%) [   0/1241 (  0%)]  Loss: 0.3715 (0.372)  LR: 3.100e-04  Time cost: 00:01/21:54 [2:22:20/1:49:33]  Acc_iter 43436       Data time: 0.79(0.79)  Forward time: 0.27(0.27)  Batch time: 1.06(1.06)
2026-09-29 15:47:20,865   INFO  Train:   36/40 ( 90%) [  14/1241 (  1%)]  Loss: 0.4269 (0.357)  LR: 3.086e-04  Time cost: 00:03/05:14 [2:22:23/26:29]  Acc_iter 43450       Data time: 0.00(0.05)  Forward time: 0.19(0.20)  Batch time: 0.19(0.26)
2026-09-29 15:47:30,636   INFO  Train:   36/40 ( 90%) [  64/1241 (  5%)]  Loss: 0.3072 (0.365)  LR: 3.039e-04  Time cost: 00:13/04:06 [2:22:32/21:26]  Acc_iter 43500       Data time: 0.00(0.01)  Forward time: 0.19(0.20)  Batch time: 0.19(0.21)
2026-09-29 15:47:30,732   INFO  
2026-09-29 15:47:40,411   INFO  Train:   36/40 ( 90%) [ 114/1241 (  9%)]  Loss: 0.4386 (0.364)  LR: 2.991e-04  Time cost: 00:23/03:49 [2:22:42/20:39]  Acc_iter 43550       Data time: 0.00(0.01)  Forward time: 0.19(0.19)  Batch time: 0.19(0.20)
2026-09-29 15:47:50,293   INFO  Train:   36/40 ( 90%) [ 164/1241 ( 13%)]  Loss: 0.3891 (0.362)  LR: 2.944e-04  Time cost: 00:33/03:37 [2:22:52/20:18]  Acc_iter 43600       Data time: 0.00(0.01)  Forward time: 0.20(0.19)  Batch time: 0.20(0.20)
2026-09-29 15:48:00,052   INFO  Train:   36/40 ( 90%) [ 214/1241 ( 17%)]  Loss: 0.3710 (0.362)  LR: 2.897e-04  Time cost: 00:43/03:25 [2:23:02/19:59]  Acc_iter 43650       Data time: 0.00(0.01)  Forward time: 0.21(0.19)  Batch time: 0.21(0.20)
2026-09-29 15:48:00,138   INFO  
2026-09-29 15:48:10,269   INFO  Train:   36/40 ( 90%) [ 264/1241 ( 21%)]  Loss: 0.3118 (0.360)  LR: 2.850e-04  Time cost: 00:53/03:16 [2:23:12/19:53]  Acc_iter 43700       Data time: 0.00(0.01)  Forward time: 0.20(0.20)  Batch time: 0.21(0.20)
2026-09-29 15:48:19,989   INFO  Train:   36/40 ( 90%) [ 314/1241 ( 25%)]  Loss: 0.4045 (0.365)  LR: 2.804e-04  Time cost: 01:02/03:05 [2:23:22/19:37]  Acc_iter 43750       Data time: 0.00(0.01)  Forward time: 0.19(0.19)  Batch time: 0.20(0.20)
2026-09-29 15:48:29,802   INFO  Train:   36/40 ( 90%) [ 364/1241 ( 29%)]  Loss: 0.4075 (0.366)  LR: 2.758e-04  Time cost: 01:12/02:54 [2:23:31/19:24]  Acc_iter 43800       Data time: 0.00(0.00)  Forward time: 0.18(0.19)  Batch time: 0.18(0.20)
2026-09-29 15:48:29,902   INFO  
2026-09-29 15:48:39,650   INFO  Train:   36/40 ( 90%) [ 414/1241 ( 33%)]  Loss: 0.2766 (0.365)  LR: 2.713e-04  Time cost: 01:22/02:44 [2:23:41/19:13]  Acc_iter 43850       Data time: 0.00(0.00)  Forward time: 0.19(0.19)  Batch time: 0.19(0.20)
2026-09-29 15:48:49,367   INFO  Train:   36/40 ( 90%) [ 464/1241 ( 37%)]  Loss: 0.4702 (0.362)  LR: 2.667e-04  Time cost: 01:32/02:34 [2:23:51/19:00]  Acc_iter 43900       Data time: 0.00(0.00)  Forward time: 0.20(0.19)  Batch time: 0.20(0.20)
2026-09-29 15:48:58,998   INFO  Train:   36/40 ( 90%) [ 514/1241 ( 41%)]  Loss: 0.7498 (0.362)  LR: 2.623e-04  Time cost: 01:41/02:23 [2:24:01/18:46]  Acc_iter 43950       Data time: 0.00(0.00)  Forward time: 0.19(0.19)  Batch time: 0.19(0.20)
2026-09-29 15:48:59,072   INFO  
2026-09-29 15:49:08,808   INFO  Train:   36/40 ( 90%) [ 564/1241 ( 45%)]  Loss: 0.2268 (0.362)  LR: 2.578e-04  Time cost: 01:51/02:13 [2:24:10/18:36]  Acc_iter 44000       Data time: 0.00(0.00)  Forward time: 0.19(0.19)  Batch time: 0.20(0.20)
2026-09-29 15:49:18,412   INFO  Train:   36/40 ( 90%) [ 614/1241 ( 49%)]  Loss: 0.2916 (0.362)  LR: 2.534e-04  Time cost: 02:01/02:03 [2:24:20/18:23]  Acc_iter 44050       Data time: 0.00(0.00)  Forward time: 0.19(0.19)  Batch time: 0.20(0.20)
2026-09-29 15:49:27,984   INFO  Train:   36/40 ( 90%) [ 664/1241 ( 54%)]  Loss: 2.997 (0.367)  LR: 2.490e-04  Time cost: 02:10/01:53 [2:24:30/18:11]  Acc_iter 44100       Data time: 0.00(0.00)  Forward time: 0.19(0.19)  Batch time: 0.19(0.20)
2026-09-29 15:49:28,061   INFO  
2026-09-29 15:49:37,663   INFO  Train:   36/40 ( 90%) [ 714/1241 ( 58%)]  Loss: 0.3663 (0.366)  LR: 2.447e-04  Time cost: 02:20/01:43 [2:24:39/18:00]  Acc_iter 44150       Data time: 0.00(0.00)  Forward time: 0.19(0.19)  Batch time: 0.19(0.20)
2026-09-29 15:49:47,660   INFO  Train:   36/40 ( 90%) [ 764/1241 ( 62%)]  Loss: 0.3864 (0.365)  LR: 2.404e-04  Time cost: 02:30/01:33 [2:24:49/17:51]  Acc_iter 44200       Data time: 0.00(0.00)  Forward time: 0.21(0.19)  Batch time: 0.21(0.20)
2026-09-29 15:49:57,534   INFO  Train:   36/40 ( 90%) [ 814/1241 ( 66%)]  Loss: 0.3729 (0.363)  LR: 2.361e-04  Time cost: 02:40/01:24 [2:24:59/17:41]  Acc_iter 44250       Data time: 0.00(0.00)  Forward time: 0.19(0.19)  Batch time: 0.19(0.20)
2026-09-29 15:49:57,631   INFO  
2026-09-29 15:50:07,630   INFO  Train:   36/40 ( 90%) [ 864/1241 ( 70%)]  Loss: 0.2752 (0.363)  LR: 2.318e-04  Time cost: 02:50/01:14 [2:25:09/17:33]  Acc_iter 44300       Data time: 0.00(0.00)  Forward time: 0.19(0.19)  Batch time: 0.19(0.20)
2026-09-29 15:50:17,593   INFO  Train:   36/40 ( 90%) [ 914/1241 ( 74%)]  Loss: 0.2827 (0.363)  LR: 2.276e-04  Time cost: 03:00/01:04 [2:25:19/17:24]  Acc_iter 44350       Data time: 0.00(0.00)  Forward time: 0.20(0.19)  Batch time: 0.20(0.20)
2026-09-29 15:50:27,370   INFO  Train:   36/40 ( 90%) [ 964/1241 ( 78%)]  Loss: 0.4440 (0.362)  LR: 2.235e-04  Time cost: 03:10/00:54 [2:25:29/17:13]  Acc_iter 44400       Data time: 0.00(0.00)  Forward time: 0.18(0.19)  Batch time: 0.18(0.20)
2026-09-29 15:50:27,447   INFO  
2026-09-29 15:50:37,351   INFO  Train:   36/40 ( 90%) [1014/1241 ( 82%)]  Loss: 0.3926 (0.362)  LR: 2.193e-04  Time cost: 03:20/00:44 [2:25:39/17:04]  Acc_iter 44450       Data time: 0.00(0.00)  Forward time: 0.18(0.19)  Batch time: 0.18(0.20)
2026-09-29 15:50:47,188   INFO  Train:   36/40 ( 90%) [1064/1241 ( 86%)]  Loss: 0.2572 (0.361)  LR: 2.152e-04  Time cost: 03:30/00:34 [2:25:49/16:54]  Acc_iter 44500       Data time: 0.00(0.00)  Forward time: 0.20(0.19)  Batch time: 0.20(0.20)
2026-09-29 15:50:57,341   INFO  Train:   36/40 ( 90%) [1114/1241 ( 90%)]  Loss: 0.2936 (0.361)  LR: 2.112e-04  Time cost: 03:40/00:25 [2:25:59/16:45]  Acc_iter 44550       Data time: 0.00(0.00)  Forward time: 0.22(0.19)  Batch time: 0.23(0.20)
2026-09-29 15:50:57,415   INFO  
2026-09-29 15:51:07,354   INFO  Train:   36/40 ( 90%) [1164/1241 ( 94%)]  Loss: 0.4253 (0.360)  LR: 2.071e-04  Time cost: 03:50/00:15 [2:26:09/16:36]  Acc_iter 44600       Data time: 0.00(0.00)  Forward time: 0.21(0.19)  Batch time: 0.21(0.20)
2026-09-29 15:51:17,307   INFO  Train:   36/40 ( 90%) [1214/1241 ( 98%)]  Loss: 0.3419 (0.360)  LR: 2.031e-04  Time cost: 04:00/00:05 [2:26:19/16:27]  Acc_iter 44650       Data time: 0.00(0.00)  Forward time: 0.18(0.19)  Batch time: 0.18(0.20)
2026-09-29 15:51:22,273   INFO  Train:   36/40 ( 90%) [1240/1241 (100%)]  Loss: 0.2421 (0.360)  LR: 2.011e-04  Time cost: 04:05/00:00 [2:26:24/16:21]  Acc_iter 44676       Data time: 0.00(0.00)  Forward time: 0.06(0.19)  Batch time: 0.06(0.20)
2026-09-29 15:51:23,814   INFO  Train:   37/40 ( 92%) [   0/1241 (  0%)]  Loss: 0.3714 (0.371)  LR: 2.010e-04  Time cost: 00:01/23:14 [2:26:25/1:32:58]  Acc_iter 44677       Data time: 0.82(0.82)  Forward time: 0.30(0.30)  Batch time: 1.12(1.12)
2026-09-29 15:51:28,757   INFO  Train:   37/40 ( 92%) [  23/1241 (  2%)]  Loss: 0.3764 (0.341)  LR: 1.992e-04  Time cost: 00:06/05:07 [2:26:30/20:49]  Acc_iter 44700       Data time: 0.00(0.04)  Forward time: 0.21(0.22)  Batch time: 0.21(0.25)
2026-09-29 15:51:28,826   INFO  
2026-09-29 15:51:38,982   INFO  Train:   37/40 ( 92%) [  73/1241 (  6%)]  Loss: 0.2746 (0.347)  LR: 1.953e-04  Time cost: 00:16/04:17 [2:26:41/17:56]  Acc_iter 44750       Data time: 0.00(0.01)  Forward time: 0.20(0.21)  Batch time: 0.20(0.22)
2026-09-29 15:51:49,375   INFO  Train:   37/40 ( 92%) [ 123/1241 ( 10%)]  Loss: 0.3885 (0.351)  LR: 1.914e-04  Time cost: 00:26/04:00 [2:26:51/17:21]  Acc_iter 44800       Data time: 0.00(0.01)  Forward time: 0.20(0.21)  Batch time: 0.20(0.22)
2026-09-29 15:51:59,257   INFO  Train:   37/40 ( 92%) [ 173/1241 ( 14%)]  Loss: 0.2743 (0.351)  LR: 1.875e-04  Time cost: 00:36/03:44 [2:27:01/16:46]  Acc_iter 44850       Data time: 0.00(0.01)  Forward time: 0.21(0.20)  Batch time: 0.21(0.21)
2026-09-29 15:51:59,332   INFO  
2026-09-29 15:52:09,216   INFO  Train:   37/40 ( 92%) [ 223/1241 ( 18%)]  Loss: 0.4034 (0.351)  LR: 1.837e-04  Time cost: 00:46/03:31 [2:27:11/16:24]  Acc_iter 44900       Data time: 0.00(0.01)  Forward time: 0.19(0.20)  Batch time: 0.19(0.21)
2026-09-29 15:52:18,945   INFO  Train:   37/40 ( 92%) [ 273/1241 ( 22%)]  Loss: 0.3448 (0.347)  LR: 1.799e-04  Time cost: 00:56/03:18 [2:27:21/16:03]  Acc_iter 44950       Data time: 0.00(0.01)  Forward time: 0.20(0.20)  Batch time: 0.20(0.21)
2026-09-29 15:52:28,769   INFO  Train:   37/40 ( 92%) [ 323/1241 ( 26%)]  Loss: 0.3687 (0.349)  LR: 1.762e-04  Time cost: 01:06/03:07 [2:27:30/15:46]  Acc_iter 45000       Data time: 0.00(0.01)  Forward time: 0.21(0.20)  Batch time: 0.21(0.20)
2026-09-29 15:52:28,867   INFO  
2026-09-29 15:52:38,713   INFO  Train:   37/40 ( 92%) [ 373/1241 ( 30%)]  Loss: 0.4009 (0.347)  LR: 1.725e-04  Time cost: 01:16/02:56 [2:27:40/15:33]  Acc_iter 45050       Data time: 0.00(0.00)  Forward time: 0.19(0.20)  Batch time: 0.19(0.20)
2026-09-29 15:52:48,415   INFO  Train:   37/40 ( 92%) [ 423/1241 ( 34%)]  Loss: 0.3545 (0.349)  LR: 1.688e-04  Time cost: 01:25/02:45 [2:27:50/15:18]  Acc_iter 45100       Data time: 0.00(0.00)  Forward time: 0.21(0.20)  Batch time: 0.21(0.20)
2026-09-29 15:52:58,305   INFO  Train:   37/40 ( 92%) [ 473/1241 ( 38%)]  Loss: 0.3686 (0.348)  LR: 1.652e-04  Time cost: 01:35/02:34 [2:28:00/15:05]  Acc_iter 45150       Data time: 0.00(0.00)  Forward time: 0.19(0.20)  Batch time: 0.19(0.20)
2026-09-29 15:52:58,411   INFO  
2026-09-29 15:53:08,103   INFO  Train:   37/40 ( 92%) [ 523/1241 ( 42%)]  Loss: 0.2532 (0.348)  LR: 1.616e-04  Time cost: 01:45/02:24 [2:28:10/14:53]  Acc_iter 45200       Data time: 0.00(0.00)  Forward time: 0.18(0.20)  Batch time: 0.18(0.20)
2026-09-29 15:53:17,927   INFO  Train:   37/40 ( 92%) [ 573/1241 ( 46%)]  Loss: 0.3770 (0.350)  LR: 1.581e-04  Time cost: 01:55/02:14 [2:28:20/14:41]  Acc_iter 45250       Data time: 0.00(0.00)  Forward time: 0.19(0.20)  Batch time: 0.20(0.20)
2026-09-29 15:53:27,769   INFO  Train:   37/40 ( 92%) [ 623/1241 ( 50%)]  Loss: 0.2787 (0.350)  LR: 1.545e-04  Time cost: 02:05/02:03 [2:28:29/14:30]  Acc_iter 45300       Data time: 0.00(0.00)  Forward time: 0.19(0.20)  Batch time: 0.19(0.20)
2026-09-29 15:53:27,849   INFO  
2026-09-29 15:53:37,727   INFO  Train:   37/40 ( 92%) [ 673/1241 ( 54%)]  Loss: 0.2904 (0.351)  LR: 1.511e-04  Time cost: 02:15/01:53 [2:28:39/14:19]  Acc_iter 45350       Data time: 0.00(0.00)  Forward time: 0.20(0.20)  Batch time: 0.20(0.20)
2026-09-29 15:53:47,692   INFO  Train:   37/40 ( 92%) [ 723/1241 ( 58%)]  Loss: 0.4064 (0.350)  LR: 1.476e-04  Time cost: 02:25/01:43 [2:28:49/14:09]  Acc_iter 45400       Data time: 0.00(0.00)  Forward time: 0.22(0.20)  Batch time: 0.22(0.20)
2026-09-29 15:53:57,567   INFO  Train:   37/40 ( 92%) [ 773/1241 ( 62%)]  Loss: 0.3786 (0.351)  LR: 1.442e-04  Time cost: 02:34/01:33 [2:28:59/13:58]  Acc_iter 45450       Data time: 0.00(0.00)  Forward time: 0.19(0.20)  Batch time: 0.19(0.20)
2026-09-29 15:53:57,651   INFO  
2026-09-29 15:54:07,290   INFO  Train:   37/40 ( 92%) [ 823/1241 ( 66%)]  Loss: 0.2780 (0.350)  LR: 1.409e-04  Time cost: 02:44/01:23 [2:29:09/13:47]  Acc_iter 45500       Data time: 0.00(0.00)  Forward time: 0.21(0.20)  Batch time: 0.21(0.20)
2026-09-29 15:54:16,924   INFO  Train:   37/40 ( 92%) [ 873/1241 ( 70%)]  Loss: 0.2874 (0.350)  LR: 1.375e-04  Time cost: 02:54/01:13 [2:29:19/13:35]  Acc_iter 45550       Data time: 0.00(0.00)  Forward time: 0.18(0.20)  Batch time: 0.18(0.20)
2026-09-29 15:54:26,574   INFO  Train:   37/40 ( 92%) [ 923/1241 ( 74%)]  Loss: 0.2551 (0.350)  LR: 1.342e-04  Time cost: 03:03/01:03 [2:29:28/13:24]  Acc_iter 45600       Data time: 0.00(0.00)  Forward time: 0.19(0.20)  Batch time: 0.19(0.20)
2026-09-29 15:54:26,655   INFO  
2026-09-29 15:54:36,409   INFO  Train:   37/40 ( 92%) [ 973/1241 ( 78%)]  Loss: 0.3289 (0.350)  LR: 1.310e-04  Time cost: 03:13/00:53 [2:29:38/13:13]  Acc_iter 45650       Data time: 0.00(0.00)  Forward time: 0.20(0.20)  Batch time: 0.20(0.20)
2026-09-29 15:54:46,218   INFO  Train:   37/40 ( 92%) [1023/1241 ( 82%)]  Loss: 0.3714 (0.352)  LR: 1.278e-04  Time cost: 03:23/00:43 [2:29:48/13:03]  Acc_iter 45700       Data time: 0.00(0.00)  Forward time: 0.20(0.20)  Batch time: 0.20(0.20)
2026-09-29 15:54:55,967   INFO  Train:   37/40 ( 92%) [1073/1241 ( 86%)]  Loss: 0.3225 (0.352)  LR: 1.246e-04  Time cost: 03:33/00:33 [2:29:58/12:52]  Acc_iter 45750       Data time: 0.00(0.00)  Forward time: 0.19(0.20)  Batch time: 0.19(0.20)
2026-09-29 15:54:56,047   INFO  
2026-09-29 15:55:05,991   INFO  Train:   37/40 ( 92%) [1123/1241 ( 90%)]  Loss: 0.3972 (0.353)  LR: 1.215e-04  Time cost: 03:43/00:23 [2:30:08/12:43]  Acc_iter 45800       Data time: 0.00(0.00)  Forward time: 0.19(0.20)  Batch time: 0.19(0.20)
2026-09-29 15:55:15,748   INFO  Train:   37/40 ( 92%) [1173/1241 ( 95%)]  Loss: 0.3228 (0.353)  LR: 1.184e-04  Time cost: 03:53/00:13 [2:30:17/12:32]  Acc_iter 45850       Data time: 0.00(0.00)  Forward time: 0.19(0.20)  Batch time: 0.19(0.20)
2026-09-29 15:55:25,568   INFO  Train:   37/40 ( 92%) [1223/1241 ( 99%)]  Loss: 0.6671 (0.352)  LR: 1.153e-04  Time cost: 04:02/00:03 [2:30:27/12:22]  Acc_iter 45900       Data time: 0.00(0.00)  Forward time: 0.20(0.20)  Batch time: 0.20(0.20)
2026-09-29 15:55:25,620   INFO  
2026-09-29 15:55:28,720   INFO  Train:   37/40 ( 92%) [1240/1241 (100%)]  Loss: 0.3427 (0.353)  LR: 1.143e-04  Time cost: 04:06/00:00 [2:30:30/12:18]  Acc_iter 45917       Data time: 0.00(0.00)  Forward time: 0.06(0.20)  Batch time: 0.06(0.20)
2026-09-29 15:55:29,739   INFO  Train:   38/40 ( 95%) [   0/1241 (  0%)]  Loss: 0.4313 (0.431)  LR: 1.142e-04  Time cost: 00:00/15:56 [2:30:31/47:48]  Acc_iter 45918       Data time: 0.49(0.49)  Forward time: 0.28(0.28)  Batch time: 0.77(0.77)
2026-09-29 15:55:36,141   INFO  Train:   38/40 ( 95%) [  32/1241 (  3%)]  Loss: 0.3954 (0.367)  LR: 1.123e-04  Time cost: 00:07/04:22 [2:30:38/13:22]  Acc_iter 45950       Data time: 0.00(0.02)  Forward time: 0.21(0.20)  Batch time: 0.21(0.22)
2026-09-29 15:55:45,776   INFO  Train:   38/40 ( 95%) [  82/1241 (  7%)]  Loss: 0.3058 (0.345)  LR: 1.093e-04  Time cost: 00:16/03:54 [2:30:47/12:17]  Acc_iter 46000       Data time: 0.00(0.01)  Forward time: 0.19(0.19)  Batch time: 0.19(0.20)
2026-09-29 15:55:55,485   INFO  Train:   38/40 ( 95%) [ 132/1241 ( 11%)]  Loss: 0.4289 (0.343)  LR: 1.064e-04  Time cost: 00:26/03:41 [2:30:57/11:55]  Acc_iter 46050       Data time: 0.00(0.01)  Forward time: 0.18(0.19)  Batch time: 0.19(0.20)
2026-09-29 15:55:55,555   INFO  
2026-09-29 15:56:05,100   INFO  Train:   38/40 ( 95%) [ 182/1241 ( 15%)]  Loss: 0.3931 (0.345)  LR: 1.034e-04  Time cost: 00:36/03:29 [2:31:07/11:39]  Acc_iter 46100       Data time: 0.00(0.00)  Forward time: 0.19(0.19)  Batch time: 0.19(0.20)
2026-09-29 15:56:14,793   INFO  Train:   38/40 ( 95%) [ 232/1241 ( 19%)]  Loss: 0.3042 (0.344)  LR: 1.006e-04  Time cost: 00:45/03:18 [2:31:16/11:26]  Acc_iter 46150       Data time: 0.00(0.00)  Forward time: 0.20(0.19)  Batch time: 0.20(0.20)
2026-09-29 15:56:24,414   INFO  Train:   38/40 ( 95%) [ 282/1241 ( 23%)]  Loss: 0.3625 (0.345)  LR: 9.775e-05  Time cost: 00:55/03:07 [2:31:26/11:14]  Acc_iter 46200       Data time: 0.00(0.00)  Forward time: 0.20(0.19)  Batch time: 0.20(0.20)
2026-09-29 15:56:24,483   INFO  
2026-09-29 15:56:34,149   INFO  Train:   38/40 ( 95%) [ 332/1241 ( 27%)]  Loss: 0.3955 (0.344)  LR: 9.496e-05  Time cost: 01:05/02:57 [2:31:36/11:03]  Acc_iter 46250       Data time: 0.00(0.00)  Forward time: 0.18(0.19)  Batch time: 0.19(0.20)
2026-09-29 15:56:43,829   INFO  Train:   38/40 ( 95%) [ 382/1241 ( 31%)]  Loss: 0.3218 (0.343)  LR: 9.221e-05  Time cost: 01:14/02:47 [2:31:46/10:53]  Acc_iter 46300       Data time: 0.00(0.00)  Forward time: 0.17(0.19)  Batch time: 0.17(0.20)
2026-09-29 15:56:53,576   INFO  Train:   38/40 ( 95%) [ 432/1241 ( 35%)]  Loss: 0.4206 (0.345)  LR: 8.950e-05  Time cost: 01:24/02:38 [2:31:55/10:43]  Acc_iter 46350       Data time: 0.00(0.00)  Forward time: 0.19(0.19)  Batch time: 0.19(0.20)
2026-09-29 15:56:53,693   INFO  
2026-09-29 15:57:03,537   INFO  Train:   38/40 ( 95%) [ 482/1241 ( 39%)]  Loss: 0.2700 (0.345)  LR: 8.683e-05  Time cost: 01:34/02:28 [2:32:05/10:34]  Acc_iter 46400       Data time: 0.00(0.00)  Forward time: 0.20(0.19)  Batch time: 0.20(0.20)
2026-09-29 15:57:13,266   INFO  Train:   38/40 ( 95%) [ 532/1241 ( 43%)]  Loss: 0.2917 (0.348)  LR: 8.420e-05  Time cost: 01:44/02:18 [2:32:15/10:24]  Acc_iter 46450       Data time: 0.00(0.00)  Forward time: 0.19(0.19)  Batch time: 0.19(0.20)
2026-09-29 15:57:23,074   INFO  Train:   38/40 ( 95%) [ 582/1241 ( 47%)]  Loss: 0.4031 (0.349)  LR: 8.160e-05  Time cost: 01:54/02:08 [2:32:25/10:14]  Acc_iter 46500       Data time: 0.00(0.00)  Forward time: 0.18(0.19)  Batch time: 0.19(0.20)
2026-09-29 15:57:23,150   INFO  
2026-09-29 15:57:33,080   INFO  Train:   38/40 ( 95%) [ 632/1241 ( 51%)]  Loss: 0.3354 (0.354)  LR: 7.905e-05  Time cost: 02:04/01:59 [2:32:35/10:06]  Acc_iter 46550       Data time: 0.00(0.00)  Forward time: 0.19(0.19)  Batch time: 0.19(0.20)
2026-09-29 15:57:42,495   INFO  Train:   38/40 ( 95%) [ 682/1241 ( 55%)]  Loss: 0.2868 (0.353)  LR: 7.654e-05  Time cost: 02:13/01:49 [2:32:44/09:54]  Acc_iter 46600       Data time: 0.00(0.00)  Forward time: 0.19(0.19)  Batch time: 0.19(0.20)
2026-09-29 15:57:51,956   INFO  Train:   38/40 ( 95%) [ 732/1241 ( 59%)]  Loss: 0.3482 (0.352)  LR: 7.406e-05  Time cost: 02:22/01:39 [2:32:54/09:43]  Acc_iter 46650       Data time: 0.00(0.00)  Forward time: 0.19(0.19)  Batch time: 0.19(0.20)
2026-09-29 15:57:52,034   INFO  
2026-09-29 15:58:01,819   INFO  Train:   38/40 ( 95%) [ 782/1241 ( 63%)]  Loss: 0.4986 (0.351)  LR: 7.163e-05  Time cost: 02:32/01:29 [2:33:03/09:34]  Acc_iter 46700       Data time: 0.00(0.00)  Forward time: 0.21(0.19)  Batch time: 0.21(0.20)
2026-09-29 15:58:11,478   INFO  Train:   38/40 ( 95%) [ 832/1241 ( 67%)]  Loss: 0.2430 (0.351)  LR: 6.923e-05  Time cost: 02:42/01:19 [2:33:13/09:24]  Acc_iter 46750       Data time: 0.00(0.00)  Forward time: 0.19(0.19)  Batch time: 0.19(0.20)
2026-09-29 15:58:21,209   INFO  Train:   38/40 ( 95%) [ 882/1241 ( 71%)]  Loss: 0.2887 (0.350)  LR: 6.688e-05  Time cost: 02:52/01:10 [2:33:23/09:14]  Acc_iter 46800       Data time: 0.00(0.00)  Forward time: 0.19(0.19)  Batch time: 0.19(0.20)
2026-09-29 15:58:21,293   INFO  
2026-09-29 15:58:30,974   INFO  Train:   38/40 ( 95%) [ 932/1241 ( 75%)]  Loss: 0.4364 (0.350)  LR: 6.456e-05  Time cost: 03:02/01:00 [2:33:33/09:04]  Acc_iter 46850       Data time: 0.00(0.00)  Forward time: 0.19(0.19)  Batch time: 0.20(0.20)
2026-09-29 15:58:40,736   INFO  Train:   38/40 ( 95%) [ 982/1241 ( 79%)]  Loss: 0.2542 (0.350)  LR: 6.229e-05  Time cost: 03:11/00:50 [2:33:42/08:54]  Acc_iter 46900       Data time: 0.00(0.00)  Forward time: 0.19(0.19)  Batch time: 0.19(0.20)
2026-09-29 15:58:50,336   INFO  Train:   38/40 ( 95%) [1032/1241 ( 83%)]  Loss: 0.2251 (0.350)  LR: 6.005e-05  Time cost: 03:21/00:40 [2:33:52/08:44]  Acc_iter 46950       Data time: 0.00(0.00)  Forward time: 0.18(0.19)  Batch time: 0.18(0.19)
2026-09-29 15:58:50,401   INFO  
2026-09-29 15:59:00,294   INFO  Train:   38/40 ( 95%) [1082/1241 ( 87%)]  Loss: 0.3109 (0.350)  LR: 5.786e-05  Time cost: 03:31/00:31 [2:34:02/08:35]  Acc_iter 47000       Data time: 0.00(0.00)  Forward time: 0.20(0.19)  Batch time: 0.20(0.20)
2026-09-29 15:59:09,992   INFO  Train:   38/40 ( 95%) [1132/1241 ( 91%)]  Loss: 0.2968 (0.349)  LR: 5.570e-05  Time cost: 03:41/00:21 [2:34:12/08:25]  Acc_iter 47050       Data time: 0.00(0.00)  Forward time: 0.18(0.19)  Batch time: 0.19(0.20)
2026-09-29 15:59:19,733   INFO  Train:   38/40 ( 95%) [1182/1241 ( 95%)]  Loss: 0.2784 (0.349)  LR: 5.358e-05  Time cost: 03:50/00:11 [2:34:21/08:15]  Acc_iter 47100       Data time: 0.00(0.00)  Forward time: 0.18(0.19)  Batch time: 0.18(0.20)
2026-09-29 15:59:19,836   INFO  
2026-09-29 15:59:29,364   INFO  Train:   38/40 ( 95%) [1232/1241 ( 99%)]  Loss: 0.4096 (0.349)  LR: 5.151e-05  Time cost: 04:00/00:01 [2:34:31/08:05]  Acc_iter 47150       Data time: 0.00(0.00)  Forward time: 0.18(0.19)  Batch time: 0.18(0.19)
2026-09-29 15:59:30,714   INFO  Train:   38/40 ( 95%) [1240/1241 (100%)]  Loss: 0.2872 (0.349)  LR: 5.118e-05  Time cost: 04:01/00:00 [2:34:32/08:03]  Acc_iter 47158       Data time: 0.00(0.00)  Forward time: 0.06(0.19)  Batch time: 0.06(0.19)
2026-09-29 15:59:32,070   INFO  Train:   39/40 ( 98%) [   0/1241 (  0%)]  Loss: 0.4067 (0.407)  LR: 5.114e-05  Time cost: 00:01/22:08 [2:34:34/44:17]  Acc_iter 47159       Data time: 0.78(0.78)  Forward time: 0.30(0.30)  Batch time: 1.07(1.07)
2026-09-29 15:59:40,185   INFO  Train:   39/40 ( 98%) [  41/1241 (  3%)]  Loss: 0.3030 (0.356)  LR: 4.948e-05  Time cost: 00:09/04:22 [2:34:42/08:53]  Acc_iter 47200       Data time: 0.00(0.02)  Forward time: 0.19(0.20)  Batch time: 0.19(0.22)
2026-09-29 15:59:49,831   INFO  Train:   39/40 ( 98%) [  91/1241 (  7%)]  Loss: 0.3746 (0.351)  LR: 4.748e-05  Time cost: 00:18/03:55 [2:34:52/08:09]  Acc_iter 47250       Data time: 0.00(0.01)  Forward time: 0.20(0.19)  Batch time: 0.20(0.20)
2026-09-29 15:59:49,951   INFO  
2026-09-29 15:59:59,766   INFO  Train:   39/40 ( 98%) [ 141/1241 ( 11%)]  Loss: 0.2996 (0.352)  LR: 4.553e-05  Time cost: 00:28/03:42 [2:35:01/07:54]  Acc_iter 47300       Data time: 0.00(0.01)  Forward time: 0.19(0.19)  Batch time: 0.19(0.20)
2026-09-29 16:00:09,273   INFO  Train:   39/40 ( 98%) [ 191/1241 ( 15%)]  Loss: 0.4528 (0.353)  LR: 4.361e-05  Time cost: 00:38/03:29 [2:35:11/07:36]  Acc_iter 47350       Data time: 0.00(0.01)  Forward time: 0.19(0.19)  Batch time: 0.19(0.20)
2026-09-29 16:00:18,969   INFO  Train:   39/40 ( 98%) [ 241/1241 ( 19%)]  Loss: 0.3341 (0.353)  LR: 4.174e-05  Time cost: 00:47/03:18 [2:35:21/07:24]  Acc_iter 47400       Data time: 0.00(0.01)  Forward time: 0.19(0.19)  Batch time: 0.19(0.20)
2026-09-29 16:00:19,022   INFO  
2026-09-29 16:00:28,701   INFO  Train:   39/40 ( 98%) [ 291/1241 ( 23%)]  Loss: 0.3117 (0.352)  LR: 3.991e-05  Time cost: 00:57/03:07 [2:35:30/07:12]  Acc_iter 47450       Data time: 0.00(0.01)  Forward time: 0.19(0.19)  Batch time: 0.19(0.20)
2026-09-29 16:00:38,388   INFO  Train:   39/40 ( 98%) [ 341/1241 ( 27%)]  Loss: 0.3476 (0.351)  LR: 3.812e-05  Time cost: 01:07/02:57 [2:35:40/07:01]  Acc_iter 47500       Data time: 0.00(0.00)  Forward time: 0.18(0.19)  Batch time: 0.18(0.20)
2026-09-29 16:00:48,110   INFO  Train:   39/40 ( 98%) [ 391/1241 ( 32%)]  Loss: 0.3335 (0.351)  LR: 3.637e-05  Time cost: 01:17/02:47 [2:35:50/06:51]  Acc_iter 47550       Data time: 0.00(0.00)  Forward time: 0.21(0.19)  Batch time: 0.21(0.20)
2026-09-29 16:00:48,162   INFO  
2026-09-29 16:00:57,964   INFO  Train:   39/40 ( 98%) [ 441/1241 ( 36%)]  Loss: 0.3284 (0.349)  LR: 3.466e-05  Time cost: 01:26/02:37 [2:36:00/06:41]  Acc_iter 47600       Data time: 0.00(0.00)  Forward time: 0.20(0.19)  Batch time: 0.20(0.20)
2026-09-29 16:01:07,705   INFO  Train:   39/40 ( 98%) [ 491/1241 ( 40%)]  Loss: 0.3081 (0.350)  LR: 3.299e-05  Time cost: 01:36/02:27 [2:36:09/06:31]  Acc_iter 47650       Data time: 0.00(0.00)  Forward time: 0.21(0.19)  Batch time: 0.21(0.20)
2026-09-29 16:01:17,479   INFO  Train:   39/40 ( 98%) [ 541/1241 ( 44%)]  Loss: 0.2665 (0.350)  LR: 3.136e-05  Time cost: 01:46/02:17 [2:36:19/06:21]  Acc_iter 47700       Data time: 0.00(0.00)  Forward time: 0.19(0.19)  Batch time: 0.19(0.20)
2026-09-29 16:01:17,554   INFO  
2026-09-29 16:01:27,446   INFO  Train:   39/40 ( 98%) [ 591/1241 ( 48%)]  Loss: 0.2400 (0.349)  LR: 2.977e-05  Time cost: 01:56/02:07 [2:36:29/06:11]  Acc_iter 47750       Data time: 0.00(0.00)  Forward time: 0.18(0.19)  Batch time: 0.19(0.20)
2026-09-29 16:01:37,216   INFO  Train:   39/40 ( 98%) [ 641/1241 ( 52%)]  Loss: 0.3512 (0.348)  LR: 2.822e-05  Time cost: 02:06/01:57 [2:36:39/06:01]  Acc_iter 47800       Data time: 0.00(0.00)  Forward time: 0.20(0.19)  Batch time: 0.20(0.20)
2026-09-29 16:01:47,100   INFO  Train:   39/40 ( 98%) [ 691/1241 ( 56%)]  Loss: 0.2983 (0.348)  LR: 2.672e-05  Time cost: 02:16/01:48 [2:36:49/05:52]  Acc_iter 47850       Data time: 0.00(0.00)  Forward time: 0.19(0.19)  Batch time: 0.19(0.20)
2026-09-29 16:01:47,197   INFO  
2026-09-29 16:01:56,990   INFO  Train:   39/40 ( 98%) [ 741/1241 ( 60%)]  Loss: 0.3163 (0.348)  LR: 2.525e-05  Time cost: 02:25/01:38 [2:36:59/05:42]  Acc_iter 47900       Data time: 0.00(0.00)  Forward time: 0.20(0.19)  Batch time: 0.20(0.20)
2026-09-29 16:02:06,841   INFO  Train:   39/40 ( 98%) [ 791/1241 ( 64%)]  Loss: 0.7689 (0.348)  LR: 2.383e-05  Time cost: 02:35/01:28 [2:37:09/05:32]  Acc_iter 47950       Data time: 0.00(0.00)  Forward time: 0.19(0.19)  Batch time: 0.19(0.20)
2026-09-29 16:02:16,551   INFO  Train:   39/40 ( 98%) [ 841/1241 ( 68%)]  Loss: 0.3353 (0.348)  LR: 2.244e-05  Time cost: 02:45/01:18 [2:37:18/05:22]  Acc_iter 48000       Data time: 0.00(0.00)  Forward time: 0.21(0.19)  Batch time: 0.21(0.20)
2026-09-29 16:02:16,636   INFO  
2026-09-29 16:02:26,363   INFO  Train:   39/40 ( 98%) [ 891/1241 ( 72%)]  Loss: 0.2635 (0.348)  LR: 2.110e-05  Time cost: 02:55/01:08 [2:37:28/05:12]  Acc_iter 48050       Data time: 0.00(0.00)  Forward time: 0.18(0.19)  Batch time: 0.19(0.20)
2026-09-29 16:02:35,844   INFO  Train:   39/40 ( 98%) [ 941/1241 ( 76%)]  Loss: 0.3276 (0.348)  LR: 1.980e-05  Time cost: 03:04/00:58 [2:37:38/05:02]  Acc_iter 48100       Data time: 0.00(0.00)  Forward time: 0.19(0.19)  Batch time: 0.19(0.20)
2026-09-29 16:02:45,582   INFO  Train:   39/40 ( 98%) [ 991/1241 ( 80%)]  Loss: 0.2966 (0.348)  LR: 1.854e-05  Time cost: 03:14/00:49 [2:37:47/04:52]  Acc_iter 48150       Data time: 0.00(0.00)  Forward time: 0.19(0.19)  Batch time: 0.19(0.20)
2026-09-29 16:02:45,670   INFO  
2026-09-29 16:02:55,416   INFO  Train:   39/40 ( 98%) [1041/1241 ( 84%)]  Loss: 0.4321 (0.348)  LR: 1.732e-05  Time cost: 03:24/00:39 [2:37:57/04:42]  Acc_iter 48200       Data time: 0.00(0.00)  Forward time: 0.19(0.19)  Batch time: 0.19(0.20)
2026-09-29 16:03:05,072   INFO  Train:   39/40 ( 98%) [1091/1241 ( 88%)]  Loss: 0.2411 (0.348)  LR: 1.615e-05  Time cost: 03:34/00:29 [2:38:07/04:32]  Acc_iter 48250       Data time: 0.00(0.00)  Forward time: 0.22(0.19)  Batch time: 0.22(0.20)
2026-09-29 16:03:14,896   INFO  Train:   39/40 ( 98%) [1141/1241 ( 92%)]  Loss: 0.3895 (0.348)  LR: 1.501e-05  Time cost: 03:43/00:19 [2:38:17/04:22]  Acc_iter 48300       Data time: 0.00(0.00)  Forward time: 0.19(0.19)  Batch time: 0.19(0.20)
2026-09-29 16:03:14,975   INFO  
2026-09-29 16:03:24,988   INFO  Train:   39/40 ( 98%) [1191/1241 ( 96%)]  Loss: 0.3938 (0.349)  LR: 1.392e-05  Time cost: 03:53/00:09 [2:38:27/04:13]  Acc_iter 48350       Data time: 0.00(0.00)  Forward time: 0.18(0.19)  Batch time: 0.18(0.20)
2026-09-29 16:03:34,415   INFO  Train:   39/40 ( 98%) [1240/1241 (100%)]  Loss: 0.4048 (0.349)  LR: 1.288e-05  Time cost: 04:03/00:00 [2:38:36/04:03]  Acc_iter 48399       Data time: 0.00(0.00)  Forward time: 0.06(0.19)  Batch time: 0.06(0.20)
2026-09-29 16:03:35,654   INFO  Train:   40/40 (100%) [   0/1241 (  0%)]  Loss: 0.5872 (0.587)  LR: 1.286e-05  Time cost: 00:00/19:12 [2:38:37/19:12]  Acc_iter 48400       Data time: 0.63(0.63)  Forward time: 0.30(0.30)  Batch time: 0.93(0.93)
2026-09-29 16:03:45,476   INFO  Train:   40/40 (100%) [  50/1241 (  4%)]  Loss: 0.2720 (0.403)  LR: 1.185e-05  Time cost: 00:10/04:11 [2:38:47/04:11]  Acc_iter 48450       Data time: 0.00(0.01)  Forward time: 0.18(0.20)  Batch time: 0.19(0.21)
2026-09-29 16:03:45,572   INFO  
2026-09-29 16:03:55,345   INFO  Train:   40/40 (100%) [ 100/1241 (  8%)]  Loss: 0.3618 (0.379)  LR: 1.088e-05  Time cost: 00:20/03:52 [2:38:57/03:52]  Acc_iter 48500       Data time: 0.00(0.01)  Forward time: 0.21(0.20)  Batch time: 0.21(0.20)
2026-09-29 16:04:05,285   INFO  Train:   40/40 (100%) [ 150/1241 ( 12%)]  Loss: 0.3439 (0.374)  LR: 9.951e-06  Time cost: 00:30/03:40 [2:39:07/03:40]  Acc_iter 48550       Data time: 0.00(0.01)  Forward time: 0.22(0.20)  Batch time: 0.22(0.20)
2026-09-29 16:04:14,994   INFO  Train:   40/40 (100%) [ 200/1241 ( 16%)]  Loss: 0.2628 (0.365)  LR: 9.063e-06  Time cost: 00:40/03:28 [2:39:17/03:28]  Acc_iter 48600       Data time: 0.00(0.01)  Forward time: 0.18(0.19)  Batch time: 0.18(0.20)
2026-09-29 16:04:15,076   INFO  
2026-09-29 16:04:24,766   INFO  Train:   40/40 (100%) [ 250/1241 ( 20%)]  Loss: 0.2266 (0.360)  LR: 8.217e-06  Time cost: 00:50/03:17 [2:39:26/03:17]  Acc_iter 48650       Data time: 0.00(0.01)  Forward time: 0.19(0.19)  Batch time: 0.19(0.20)
2026-09-29 16:04:34,239   INFO  Train:   40/40 (100%) [ 300/1241 ( 24%)]  Loss: 0.2924 (0.357)  LR: 7.413e-06  Time cost: 00:59/03:06 [2:39:36/03:06]  Acc_iter 48700       Data time: 0.00(0.00)  Forward time: 0.19(0.19)  Batch time: 0.19(0.20)
2026-09-29 16:04:43,665   INFO  Train:   40/40 (100%) [ 350/1241 ( 28%)]  Loss: 0.3013 (0.357)  LR: 6.650e-06  Time cost: 01:08/02:55 [2:39:45/02:55]  Acc_iter 48750       Data time: 0.00(0.00)  Forward time: 0.19(0.19)  Batch time: 0.19(0.20)
2026-09-29 16:04:43,745   INFO  
2026-09-29 16:04:53,361   INFO  Train:   40/40 (100%) [ 400/1241 ( 32%)]  Loss: 0.2964 (0.355)  LR: 5.928e-06  Time cost: 01:18/02:44 [2:39:55/02:44]  Acc_iter 48800       Data time: 0.00(0.00)  Forward time: 0.19(0.19)  Batch time: 0.19(0.20)
2026-09-29 16:05:02,686   INFO  Train:   40/40 (100%) [ 450/1241 ( 36%)]  Loss: 0.2745 (0.353)  LR: 5.248e-06  Time cost: 01:27/02:34 [2:40:04/02:34]  Acc_iter 48850       Data time: 0.00(0.00)  Forward time: 0.19(0.19)  Batch time: 0.19(0.20)
2026-09-29 16:05:12,201   INFO  Train:   40/40 (100%) [ 500/1241 ( 40%)]  Loss: 0.2927 (0.351)  LR: 4.609e-06  Time cost: 01:37/02:24 [2:40:14/02:24]  Acc_iter 48900       Data time: 0.00(0.00)  Forward time: 0.21(0.19)  Batch time: 0.21(0.19)
2026-09-29 16:05:12,282   INFO  
2026-09-29 16:05:21,844   INFO  Train:   40/40 (100%) [ 550/1241 ( 44%)]  Loss: 0.3562 (0.350)  LR: 4.012e-06  Time cost: 01:47/02:14 [2:40:24/02:14]  Acc_iter 48950       Data time: 0.00(0.00)  Forward time: 0.20(0.19)  Batch time: 0.21(0.19)
2026-09-29 16:05:31,421   INFO  Train:   40/40 (100%) [ 600/1241 ( 48%)]  Loss: 0.2781 (0.348)  LR: 3.457e-06  Time cost: 01:56/02:04 [2:40:33/02:04]  Acc_iter 49000       Data time: 0.00(0.00)  Forward time: 0.18(0.19)  Batch time: 0.18(0.19)
2026-09-29 16:05:41,089   INFO  Train:   40/40 (100%) [ 650/1241 ( 52%)]  Loss: 0.4146 (0.347)  LR: 2.944e-06  Time cost: 02:06/01:54 [2:40:43/01:54]  Acc_iter 49050       Data time: 0.00(0.00)  Forward time: 0.20(0.19)  Batch time: 0.20(0.19)
2026-09-29 16:05:41,177   INFO  
2026-09-29 16:05:50,897   INFO  Train:   40/40 (100%) [ 700/1241 ( 56%)]  Loss: 0.4725 (0.347)  LR: 2.472e-06  Time cost: 02:16/01:45 [2:40:53/01:45]  Acc_iter 49100       Data time: 0.00(0.00)  Forward time: 0.20(0.19)  Batch time: 0.20(0.19)
2026-09-29 16:06:00,470   INFO  Train:   40/40 (100%) [ 750/1241 ( 60%)]  Loss: 0.3640 (0.347)  LR: 2.041e-06  Time cost: 02:25/01:35 [2:41:02/01:35]  Acc_iter 49150       Data time: 0.00(0.00)  Forward time: 0.20(0.19)  Batch time: 0.20(0.19)
2026-09-29 16:06:10,125   INFO  Train:   40/40 (100%) [ 800/1241 ( 64%)]  Loss: 0.5041 (0.348)  LR: 1.653e-06  Time cost: 02:35/01:25 [2:41:12/01:25]  Acc_iter 49200       Data time: 0.00(0.00)  Forward time: 0.20(0.19)  Batch time: 0.20(0.19)
2026-09-29 16:06:10,196   INFO  
2026-09-29 16:06:19,870   INFO  Train:   40/40 (100%) [ 850/1241 ( 68%)]  Loss: 0.3290 (0.348)  LR: 1.306e-06  Time cost: 02:45/01:15 [2:41:22/01:15]  Acc_iter 49250       Data time: 0.00(0.00)  Forward time: 0.19(0.19)  Batch time: 0.19(0.19)
2026-09-29 16:06:29,795   INFO  Train:   40/40 (100%) [ 900/1241 ( 73%)]  Loss: 0.4246 (0.348)  LR: 1.000e-06  Time cost: 02:55/01:06 [2:41:31/01:06]  Acc_iter 49300       Data time: 0.00(0.00)  Forward time: 0.20(0.19)  Batch time: 0.20(0.19)
2026-09-29 16:06:39,983   INFO  Train:   40/40 (100%) [ 950/1241 ( 77%)]  Loss: 0.4748 (0.348)  LR: 7.365e-07  Time cost: 03:05/00:56 [2:41:42/00:56]  Acc_iter 49350       Data time: 0.00(0.00)  Forward time: 0.20(0.19)  Batch time: 0.20(0.19)
2026-09-29 16:06:40,122   INFO  
2026-09-29 16:06:49,979   INFO  Train:   40/40 (100%) [1000/1241 ( 81%)]  Loss: 0.3148 (0.348)  LR: 5.146e-07  Time cost: 03:15/00:47 [2:41:52/00:47]  Acc_iter 49400       Data time: 0.00(0.00)  Forward time: 0.22(0.19)  Batch time: 0.22(0.20)
2026-09-29 16:07:00,214   INFO  Train:   40/40 (100%) [1050/1241 ( 85%)]  Loss: 0.3377 (0.349)  LR: 3.344e-07  Time cost: 03:25/00:37 [2:42:02/00:37]  Acc_iter 49450       Data time: 0.00(0.00)  Forward time: 0.17(0.19)  Batch time: 0.18(0.20)
2026-09-29 16:07:09,993   INFO  Train:   40/40 (100%) [1100/1241 ( 89%)]  Loss: 0.4578 (0.349)  LR: 1.959e-07  Time cost: 03:35/00:27 [2:42:12/00:27]  Acc_iter 49500       Data time: 0.00(0.00)  Forward time: 0.18(0.19)  Batch time: 0.18(0.20)
2026-09-29 16:07:10,079   INFO  
2026-09-29 16:07:20,012   INFO  Train:   40/40 (100%) [1150/1241 ( 93%)]  Loss: 0.3710 (0.348)  LR: 9.910e-08  Time cost: 03:45/00:17 [2:42:22/00:17]  Acc_iter 49550       Data time: 0.00(0.00)  Forward time: 0.20(0.19)  Batch time: 0.21(0.20)
2026-09-29 16:07:29,728   INFO  Train:   40/40 (100%) [1200/1241 ( 97%)]  Loss: 0.3819 (0.348)  LR: 4.403e-08  Time cost: 03:55/00:08 [2:42:31/00:08]  Acc_iter 49600       Data time: 0.00(0.00)  Forward time: 0.20(0.19)  Batch time: 0.20(0.20)
2026-09-29 16:07:37,223   INFO  Train:   40/40 (100%) [1240/1241 (100%)]  Loss: 0.7545 (0.348)  LR: 3.001e-08  Time cost: 04:02/00:00 [2:42:39/00:00]  Acc_iter 49640       Data time: 0.00(0.00)  Forward time: 0.06(0.19)  Batch time: 0.06(0.20)
2026-09-29 16:07:37,550   INFO  **********************End training once_models/second(ep40)**********************



2026-09-29 16:07:37,550   INFO  **********************Start evaluation once_models/second(ep40)**********************
2026-09-29 16:07:37,564   INFO  Loading ONCE dataset
2026-09-29 16:07:38,527   INFO  Total samples for ONCE dataset: 3321
2026-09-29 16:07:38,574   INFO  ==> Loading parameters from checkpoint /home/vipuser/桌面/OpenPCDet/output/once_models/second/ep40/ckpt/checkpoint_epoch_40.pth to GPU
2026-09-29 16:07:38,621   INFO  ==> Checkpoint trained from version: pcdet+0.6.0+233f849+py0634711
2026-09-29 16:07:38,634   INFO  ==> Done (loaded 163/163)
2026-09-29 16:07:38,638   INFO  *************** EPOCH 40 EVALUATION *****************
2026-09-29 16:08:31,455   INFO  *************** Performance of EPOCH 40 *****************
2026-09-29 16:08:31,456   INFO  Generate label finished(sec_per_example: 0.0159 second).
2026-09-29 16:08:31,456   INFO  recall_roi_0.3: 0.000000
2026-09-29 16:08:31,456   INFO  recall_rcnn_0.3: 0.904834
2026-09-29 16:08:31,456   INFO  recall_roi_0.5: 0.000000
2026-09-29 16:08:31,456   INFO  recall_rcnn_0.5: 0.813365
2026-09-29 16:08:31,456   INFO  recall_roi_0.7: 0.000000
2026-09-29 16:08:31,456   INFO  recall_rcnn_0.7: 0.563204
2026-09-29 16:08:31,464   INFO  Average predicted number of objects(3321 samples): 57.364
2026-09-29 16:09:12,179   INFO  
|AP@50       |overall     |0-30m       |30-50m      |50m-inf     |
|Vehicle     |71.19       |84.20       |63.17       |47.69       |
|Pedestrian  |20.83       |22.57       |18.50       |15.20       |
|Cyclist     |53.96       |65.89       |47.29       |32.02       |
|mAP         |48.66       |57.55       |42.99       |31.64       |

2026-09-29 16:09:12,180   INFO  Result is saved to /home/vipuser/桌面/OpenPCDet/output/once_models/second/ep40/eval/eval_with_train/epoch_40/val
2026-09-29 16:09:12,180   INFO  ****************Evaluation done.*****************
2026-09-29 16:09:12,215   INFO  Epoch 40 has been evaluated
2026-09-29 16:09:42,247   INFO  **********************End evaluation once_models/second(ep40)**********************
